"customer_id","customer_name","email","status_code","status_name","updated_at"
1,"鈴木 美咲","misaki.suzuki@example.com","ST04","退会","2026-06-04 15:11:14.833261"
2,"加藤 大輔","daisuke.kato@example.com","ST02","アクティブ","2026-06-04 15:11:14.833261"
3,"渡辺 美咲","misaki.watanabe@example.com","ST02","アクティブ","2026-06-04 15:11:14.833261"
4,"加藤 健太","kenta.kato@example.com","ST01","新規","2026-06-04 15:11:14.833261"
5,"山田 蓮","ren.yamada@example.com","ST01","新規","2026-06-04 15:11:14.833261"
6,"佐藤 翔","sho.sato@example.com","ST03","非アクティブ","2026-06-04 15:11:14.833261"
7,"渡辺 彩花","ayaka.watanabe@example.com","ST03","非アクティブ","2026-06-04 15:11:14.833261"
8,"山田 結衣","yui.yamada@example.com","ST03","非アクティブ","2026-06-04 15:11:14.833261"
9,"田中 彩花","ayaka.tanaka@example.com","ST02","アクティブ","2026-06-04 15:11:14.833261"
10,"山本 拓海","takumi.yamamoto@example.com","ST01","新規","2026-06-04 15:11:14.833261"
11,"加藤 大輔","daisuke.kato@example.com","ST04","退会","2026-06-04 15:11:14.833261"
12,"吉田 大輔","daisuke.yoshida@example.com","ST01","新規","2026-06-04 15:11:14.833261"
13,"加藤 拓海","takumi.kato@example.com","ST01","新規","2026-06-04 15:11:14.833261"
14,"佐藤 太郎","taro.sato@example.com","ST04","退会","2026-06-04 15:11:14.833261"
15,"伊藤 結衣","yui.ito@example.com","ST02","アクティブ","2026-06-04 15:11:14.833261"
16,"渡辺 拓海","takumi.watanabe@example.com","ST02","アクティブ","2026-06-04 15:11:14.833261"
17,"高橋 陽菜","hina.takahashi@example.com","ST01","新規","2026-06-04 15:11:14.833261"
18,"高橋 蓮","ren.takahashi@example.com","ST02","アクティブ","2026-06-04 15:11:14.833261"
19,"吉田 拓海","takumi.yoshida@example.com","ST03","非アクティブ","2026-06-04 15:11:14.833261"
20,"加藤 太郎","taro.kato@example.com","ST02","アクティブ","2026-06-04 15:11:14.833261"
21,"山田 陽菜","hina.yamada@example.com","ST04","退会","2026-06-04 15:11:14.833261"
22,"小林 悠斗","yuto.kobayashi@example.com","ST03","非アクティブ","2026-06-04 15:11:14.833261"
23,"佐藤 彩花","ayaka.sato@example.com","ST01","新規","2026-06-04 15:11:14.833261"
24,"高橋 健太","kenta.takahashi@example.com","ST01","新規","2026-06-04 15:11:14.833261"
25,"高橋 美咲","misaki.takahashi@example.com","ST01","新規","2026-06-04 15:11:14.833261"
26,"山本 翔","sho.yamamoto@example.com","ST02","アクティブ","2026-06-04 15:11:14.833261"
27,"伊藤 悠斗","yuto.ito@example.com","ST01","新規","2026-06-04 15:11:14.833261"
28,"高橋 太郎","taro.takahashi@example.com","ST03","非アクティブ","2026-06-04 15:11:14.833261"
29,"加藤 美咲","misaki.kato@example.com","ST01","新規","2026-06-04 15:11:14.833261"
30,"加藤 彩花","ayaka.kato@example.com","ST02","アクティブ","2026-06-04 15:11:14.833261"
31,"田中 葵","aoi.tanaka@example.com","ST01","新規","2026-06-04 15:11:14.833261"
32,"鈴木 蓮","ren.suzuki@example.com","ST01","新規","2026-06-04 15:11:14.833261"
33,"高橋 葵","aoi.takahashi@example.com","ST04","退会","2026-06-04 15:11:14.833261"
34,"吉田 翔","sho.yoshida@example.com","ST03","非アクティブ","2026-06-04 15:11:14.833261"
35,"鈴木 結衣","yui.suzuki@example.com","ST03","非アクティブ","2026-06-04 15:11:14.833261"
36,"伊藤 結衣","yui.ito@example.com","ST02","アクティブ","2026-06-04 15:11:14.833261"
37,"吉田 太郎","taro.yoshida@example.com","ST01","新規","2026-06-04 15:11:14.833261"
38,"吉田 彩花","ayaka.yoshida@example.com","ST03","非アクティブ","2026-06-04 15:11:14.833261"
39,"吉田 太郎","taro.yoshida@example.com","ST03","非アクティブ","2026-06-04 15:11:14.833261"
40,"小林 陽菜","hina.kobayashi@example.com","ST01","新規","2026-06-04 15:11:14.833261"
41,"田中 太郎","taro.tanaka@example.com","ST03","非アクティブ","2026-06-04 15:11:14.833261"
42,"伊藤 結衣","yui.ito@example.com","ST04","退会","2026-06-04 15:11:14.833261"
43,"吉田 悠斗","yuto.yoshida@example.com","ST04","退会","2026-06-04 15:11:14.833261"
44,"小林 悠斗","yuto.kobayashi@example.com","ST03","非アクティブ","2026-06-04 15:11:14.833261"
45,"渡辺 大輔","daisuke.watanabe@example.com","ST03","非アクティブ","2026-06-04 15:11:14.833261"
46,"渡辺 結衣","yui.watanabe@example.com","ST02","アクティブ","2026-06-04 15:11:14.833261"
47,"伊藤 大輔","daisuke.ito@example.com","ST01","新規","2026-06-04 15:11:14.833261"
48,"田中 蓮","ren.tanaka@example.com","ST02","アクティブ","2026-06-04 15:11:14.833261"
49,"高橋 太郎","taro.takahashi@example.com","ST03","非アクティブ","2026-06-04 15:11:14.833261"
50,"山本 悠斗","yuto.yamamoto@example.com","ST04","退会","2026-06-04 15:11:14.833261"
51,"山田 美咲","misaki.yamada@example.com","ST01","新規","2026-06-04 15:11:14.833261"
52,"高橋 彩花","ayaka.takahashi@example.com","ST02","アクティブ","2026-06-04 15:11:14.833261"
53,"渡辺 翔","sho.watanabe@example.com","ST01","新規","2026-06-04 15:11:14.833261"
54,"佐藤 美咲","misaki.sato@example.com","ST01","新規","2026-06-04 15:11:14.833261"
55,"中村 結衣","yui.nakamura@example.com","ST03","非アクティブ","2026-06-04 15:11:14.833261"
56,"吉田 美咲","misaki.yoshida@example.com","ST04","退会","2026-06-04 15:11:14.833261"
57,"吉田 葵","aoi.yoshida@example.com","ST01","新規","2026-06-04 15:11:14.833261"
58,"高橋 翔","sho.takahashi@example.com","ST03","非アクティブ","2026-06-04 15:11:14.833261"
59,"佐藤 陽菜","hina.sato@example.com","ST04","退会","2026-06-04 15:11:14.833261"
60,"小林 太郎","taro.kobayashi@example.com","ST01","新規","2026-06-04 15:11:14.833261"
61,"小林 悠斗","yuto.kobayashi@example.com","ST04","退会","2026-06-04 15:11:14.833261"
62,"渡辺 蓮","ren.watanabe@example.com","ST03","非アクティブ","2026-06-04 15:11:14.833261"
63,"加藤 悠斗","yuto.kato@example.com","ST03","非アクティブ","2026-06-04 15:11:14.833261"
64,"田中 拓海","takumi.tanaka@example.com","ST03","非アクティブ","2026-06-04 15:11:14.833261"
65,"渡辺 大輔","daisuke.watanabe@example.com","ST02","アクティブ","2026-06-04 15:11:14.833261"
66,"加藤 悠斗","yuto.kato@example.com","ST03","非アクティブ","2026-06-04 15:11:14.833261"
67,"佐藤 悠斗","yuto.sato@example.com","ST02","アクティブ","2026-06-04 15:11:14.833261"
68,"中村 葵","aoi.nakamura@example.com","ST04","退会","2026-06-04 15:11:14.833261"
69,"高橋 彩花","ayaka.takahashi@example.com","ST01","新規","2026-06-04 15:11:14.833261"
70,"高橋 健太","kenta.takahashi@example.com","ST04","退会","2026-06-04 15:11:14.833261"
71,"佐藤 大輔","daisuke.sato@example.com","ST01","新規","2026-06-04 15:11:14.833261"
72,"山本 陽菜","hina.yamamoto@example.com","ST01","新規","2026-06-04 15:11:14.833261"
73,"佐藤 悠斗","yuto.sato@example.com","ST02","アクティブ","2026-06-04 15:11:14.833261"
74,"中村 彩花","ayaka.nakamura@example.com","ST01","新規","2026-06-04 15:11:14.833261"
75,"山本 健太","kenta.yamamoto@example.com","ST03","非アクティブ","2026-06-04 15:11:14.833261"
76,"佐藤 彩花","ayaka.sato@example.com","ST03","非アクティブ","2026-06-04 15:11:14.833261"
77,"伊藤 葵","aoi.ito@example.com","ST02","アクティブ","2026-06-04 15:11:14.833261"
78,"小林 結衣","yui.kobayashi@example.com","ST01","新規","2026-06-04 15:11:14.833261"
79,"高橋 美咲","misaki.takahashi@example.com","ST02","アクティブ","2026-06-04 15:11:14.833261"
80,"山本 翔","sho.yamamoto@example.com","ST04","退会","2026-06-04 15:11:14.833261"
81,"高橋 拓海","takumi.takahashi@example.com","ST01","新規","2026-06-04 15:11:14.833261"
82,"中村 拓海","takumi.nakamura@example.com","ST03","非アクティブ","2026-06-04 15:11:14.833261"
83,"山本 葵","aoi.yamamoto@example.com","ST04","退会","2026-06-04 15:11:14.833261"
84,"加藤 陽菜","hina.kato@example.com","ST01","新規","2026-06-04 15:11:14.833261"
85,"山本 蓮","ren.yamamoto@example.com","ST01","新規","2026-06-04 15:11:14.833261"
86,"田中 拓海","takumi.tanaka@example.com","ST03","非アクティブ","2026-06-04 15:11:14.833261"
87,"中村 彩花","ayaka.nakamura@example.com","ST02","アクティブ","2026-06-04 15:11:14.833261"
88,"伊藤 陽菜","hina.ito@example.com","ST03","非アクティブ","2026-06-04 15:11:14.833261"
89,"高橋 蓮","ren.takahashi@example.com","ST02","アクティブ","2026-06-04 15:11:14.833261"
90,"小林 葵","aoi.kobayashi@example.com","ST01","新規","2026-06-04 15:11:14.833261"
91,"吉田 蓮","ren.yoshida@example.com","ST01","新規","2026-06-04 15:11:14.833261"
92,"加藤 陽菜","hina.kato@example.com","ST04","退会","2026-06-04 15:11:14.833261"
93,"加藤 彩花","ayaka.kato@example.com","ST04","退会","2026-06-04 15:11:14.833261"
94,"山本 太郎","taro.yamamoto@example.com","ST01","新規","2026-06-04 15:11:14.833261"
95,"高橋 太郎","taro.takahashi@example.com","ST01","新規","2026-06-04 15:11:14.833261"
96,"小林 美咲","misaki.kobayashi@example.com","ST03","非アクティブ","2026-06-04 15:11:14.833261"
97,"高橋 美咲","misaki.takahashi@example.com","ST01","新規","2026-06-04 15:11:14.833261"
98,"山田 陽菜","hina.yamada@example.com","ST04","退会","2026-06-04 15:11:14.833261"
99,"加藤 陽菜","hina.kato@example.com","ST01","新規","2026-06-04 15:11:14.833261"
100,"佐藤 悠斗","yuto.sato@example.com","ST04","退会","2026-06-04 15:11:14.833261"
101,"加藤 蓮","ren.kato@example.com","ST04","退会","2026-06-04 15:11:14.833261"
102,"渡辺 太郎","taro.watanabe@example.com","ST02","アクティブ","2026-06-04 15:11:14.833261"
103,"渡辺 翔","sho.watanabe@example.com","ST01","新規","2026-06-04 15:11:14.833261"
104,"高橋 悠斗","yuto.takahashi@example.com","ST01","新規","2026-06-04 15:11:14.833261"
105,"中村 翔","sho.nakamura@example.com","ST04","退会","2026-06-04 15:11:14.833261"
106,"高橋 葵","aoi.takahashi@example.com","ST02","アクティブ","2026-06-04 15:11:14.833261"
107,"渡辺 彩花","ayaka.watanabe@example.com","ST01","新規","2026-06-04 15:11:14.833261"
108,"高橋 翔","sho.takahashi@example.com","ST02","アクティブ","2026-06-04 15:11:14.833261"
109,"加藤 美咲","misaki.kato@example.com","ST03","非アクティブ","2026-06-04 15:11:14.833261"
110,"山田 結衣","yui.yamada@example.com","ST01","新規","2026-06-04 15:11:14.833261"
111,"山田 翔","sho.yamada@example.com","ST01","新規","2026-06-04 15:11:14.833261"
112,"吉田 陽菜","hina.yoshida@example.com","ST03","非アクティブ","2026-06-04 15:11:14.833261"
113,"伊藤 陽菜","hina.ito@example.com","ST04","退会","2026-06-04 15:11:14.833261"
114,"加藤 健太","kenta.kato@example.com","ST01","新規","2026-06-04 15:11:14.833261"
115,"加藤 陽菜","hina.kato@example.com","ST01","新規","2026-06-04 15:11:14.833261"
116,"加藤 蓮","ren.kato@example.com","ST04","退会","2026-06-04 15:11:14.833261"
117,"鈴木 健太","kenta.suzuki@example.com","ST02","アクティブ","2026-06-04 15:11:14.833261"
118,"渡辺 悠斗","yuto.watanabe@example.com","ST04","退会","2026-06-04 15:11:14.833261"
119,"渡辺 彩花","ayaka.watanabe@example.com","ST03","非アクティブ","2026-06-04 15:11:14.833261"
120,"伊藤 太郎","taro.ito@example.com","ST04","退会","2026-06-04 15:11:14.833261"
121,"渡辺 翔","sho.watanabe@example.com","ST02","アクティブ","2026-06-04 15:11:14.833261"
122,"鈴木 陽菜","hina.suzuki@example.com","ST01","新規","2026-06-04 15:11:14.833261"
123,"田中 葵","aoi.tanaka@example.com","ST04","退会","2026-06-04 15:11:14.833261"
124,"山田 拓海","takumi.yamada@example.com","ST04","退会","2026-06-04 15:11:14.833261"
125,"渡辺 葵","aoi.watanabe@example.com","ST02","アクティブ","2026-06-04 15:11:14.833261"
126,"吉田 太郎","taro.yoshida@example.com","ST04","退会","2026-06-04 15:11:14.833261"
127,"田中 彩花","ayaka.tanaka@example.com","ST03","非アクティブ","2026-06-04 15:11:14.833261"
128,"加藤 大輔","daisuke.kato@example.com","ST04","退会","2026-06-04 15:11:14.833261"
129,"加藤 彩花","ayaka.kato@example.com","ST04","退会","2026-06-04 15:11:14.833261"
130,"渡辺 健太","kenta.watanabe@example.com","ST01","新規","2026-06-04 15:11:14.833261"
131,"吉田 拓海","takumi.yoshida@example.com","ST02","アクティブ","2026-06-04 15:11:14.833261"
132,"佐藤 蓮","ren.sato@example.com","ST04","退会","2026-06-04 15:11:14.833261"
133,"小林 大輔","daisuke.kobayashi@example.com","ST02","アクティブ","2026-06-04 15:11:14.833261"
134,"山本 悠斗","yuto.yamamoto@example.com","ST04","退会","2026-06-04 15:11:14.833261"
135,"山田 太郎","taro.yamada@example.com","ST03","非アクティブ","2026-06-04 15:11:14.833261"
136,"山本 悠斗","yuto.yamamoto@example.com","ST04","退会","2026-06-04 15:11:14.833261"
137,"小林 蓮","ren.kobayashi@example.com","ST04","退会","2026-06-04 15:11:14.833261"
138,"山本 拓海","takumi.yamamoto@example.com","ST04","退会","2026-06-04 15:11:14.833261"
139,"田中 健太","kenta.tanaka@example.com","ST04","退会","2026-06-04 15:11:14.833261"
140,"田中 陽菜","hina.tanaka@example.com","ST04","退会","2026-06-04 15:11:14.833261"
141,"佐藤 太郎","taro.sato@example.com","ST03","非アクティブ","2026-06-04 15:11:14.833261"
142,"加藤 翔","sho.kato@example.com","ST01","新規","2026-06-04 15:11:14.833261"
143,"山本 太郎","taro.yamamoto@example.com","ST03","非アクティブ","2026-06-04 15:11:14.833261"
144,"吉田 美咲","misaki.yoshida@example.com","ST02","アクティブ","2026-06-04 15:11:14.833261"
145,"渡辺 美咲","misaki.watanabe@example.com","ST02","アクティブ","2026-06-04 15:11:14.833261"
146,"田中 彩花","ayaka.tanaka@example.com","ST02","アクティブ","2026-06-04 15:11:14.833261"
147,"田中 彩花","ayaka.tanaka@example.com","ST01","新規","2026-06-04 15:11:14.833261"
148,"小林 彩花","ayaka.kobayashi@example.com","ST03","非アクティブ","2026-06-04 15:11:14.833261"
149,"伊藤 蓮","ren.ito@example.com","ST04","退会","2026-06-04 15:11:14.833261"
150,"中村 拓海","takumi.nakamura@example.com","ST04","退会","2026-06-04 15:11:14.833261"
151,"渡辺 健太","kenta.watanabe@example.com","ST03","非アクティブ","2026-06-04 15:11:14.833261"
152,"鈴木 健太","kenta.suzuki@example.com","ST01","新規","2026-06-04 15:11:14.833261"
153,"伊藤 美咲","misaki.ito@example.com","ST02","アクティブ","2026-06-04 15:11:14.833261"
154,"中村 美咲","misaki.nakamura@example.com","ST04","退会","2026-06-04 15:11:14.833261"
155,"高橋 彩花","ayaka.takahashi@example.com","ST01","新規","2026-06-04 15:11:14.833261"
156,"山本 健太","kenta.yamamoto@example.com","ST01","新規","2026-06-04 15:11:14.833261"
157,"鈴木 大輔","daisuke.suzuki@example.com","ST01","新規","2026-06-04 15:11:14.833261"
158,"加藤 拓海","takumi.kato@example.com","ST04","退会","2026-06-04 15:11:14.833261"
159,"田中 結衣","yui.tanaka@example.com","ST02","アクティブ","2026-06-04 15:11:14.833261"
160,"田中 美咲","misaki.tanaka@example.com","ST01","新規","2026-06-04 15:11:14.833261"
161,"加藤 大輔","daisuke.kato@example.com","ST01","新規","2026-06-04 15:11:14.833261"
162,"小林 大輔","daisuke.kobayashi@example.com","ST01","新規","2026-06-04 15:11:14.833261"
163,"佐藤 拓海","takumi.sato@example.com","ST03","非アクティブ","2026-06-04 15:11:14.833261"
164,"佐藤 陽菜","hina.sato@example.com","ST04","退会","2026-06-04 15:11:14.833261"
165,"渡辺 大輔","daisuke.watanabe@example.com","ST02","アクティブ","2026-06-04 15:11:14.833261"
249,"渡辺 陽菜","hina.watanabe@example.com","ST01","新規","2026-06-04 15:11:14.833261"
166,"鈴木 美咲","misaki.suzuki@example.com","ST03","非アクティブ","2026-06-04 15:11:14.833261"
167,"加藤 拓海","takumi.kato@example.com","ST01","新規","2026-06-04 15:11:14.833261"
168,"中村 太郎","taro.nakamura@example.com","ST01","新規","2026-06-04 15:11:14.833261"
169,"鈴木 拓海","takumi.suzuki@example.com","ST01","新規","2026-06-04 15:11:14.833261"
170,"渡辺 太郎","taro.watanabe@example.com","ST01","新規","2026-06-04 15:11:14.833261"
171,"伊藤 蓮","ren.ito@example.com","ST04","退会","2026-06-04 15:11:14.833261"
172,"山本 蓮","ren.yamamoto@example.com","ST01","新規","2026-06-04 15:11:14.833261"
173,"伊藤 陽菜","hina.ito@example.com","ST03","非アクティブ","2026-06-04 15:11:14.833261"
174,"伊藤 陽菜","hina.ito@example.com","ST01","新規","2026-06-04 15:11:14.833261"
175,"中村 健太","kenta.nakamura@example.com","ST04","退会","2026-06-04 15:11:14.833261"
176,"渡辺 美咲","misaki.watanabe@example.com","ST02","アクティブ","2026-06-04 15:11:14.833261"
177,"渡辺 結衣","yui.watanabe@example.com","ST02","アクティブ","2026-06-04 15:11:14.833261"
178,"鈴木 葵","aoi.suzuki@example.com","ST04","退会","2026-06-04 15:11:14.833261"
179,"山田 翔","sho.yamada@example.com","ST04","退会","2026-06-04 15:11:14.833261"
180,"伊藤 結衣","yui.ito@example.com","ST03","非アクティブ","2026-06-04 15:11:14.833261"
181,"中村 翔","sho.nakamura@example.com","ST04","退会","2026-06-04 15:11:14.833261"
182,"伊藤 拓海","takumi.ito@example.com","ST02","アクティブ","2026-06-04 15:11:14.833261"
183,"佐藤 悠斗","yuto.sato@example.com","ST04","退会","2026-06-04 15:11:14.833261"
184,"小林 結衣","yui.kobayashi@example.com","ST02","アクティブ","2026-06-04 15:11:14.833261"
185,"高橋 悠斗","yuto.takahashi@example.com","ST04","退会","2026-06-04 15:11:14.833261"
186,"中村 美咲","misaki.nakamura@example.com","ST04","退会","2026-06-04 15:11:14.833261"
187,"田中 陽菜","hina.tanaka@example.com","ST04","退会","2026-06-04 15:11:14.833261"
188,"吉田 陽菜","hina.yoshida@example.com","ST02","アクティブ","2026-06-04 15:11:14.833261"
189,"鈴木 結衣","yui.suzuki@example.com","ST03","非アクティブ","2026-06-04 15:11:14.833261"
190,"伊藤 大輔","daisuke.ito@example.com","ST01","新規","2026-06-04 15:11:14.833261"
191,"山田 美咲","misaki.yamada@example.com","ST01","新規","2026-06-04 15:11:14.833261"
192,"高橋 悠斗","yuto.takahashi@example.com","ST01","新規","2026-06-04 15:11:14.833261"
193,"中村 美咲","misaki.nakamura@example.com","ST01","新規","2026-06-04 15:11:14.833261"
194,"田中 美咲","misaki.tanaka@example.com","ST02","アクティブ","2026-06-04 15:11:14.833261"
195,"伊藤 翔","sho.ito@example.com","ST04","退会","2026-06-04 15:11:14.833261"
196,"佐藤 大輔","daisuke.sato@example.com","ST01","新規","2026-06-04 15:11:14.833261"
197,"高橋 結衣","yui.takahashi@example.com","ST04","退会","2026-06-04 15:11:14.833261"
198,"小林 結衣","yui.kobayashi@example.com","ST04","退会","2026-06-04 15:11:14.833261"
199,"中村 太郎","taro.nakamura@example.com","ST04","退会","2026-06-04 15:11:14.833261"
200,"鈴木 結衣","yui.suzuki@example.com","ST01","新規","2026-06-04 15:11:14.833261"
201,"佐藤 蓮","ren.sato@example.com","ST01","新規","2026-06-04 15:11:14.833261"
202,"田中 彩花","ayaka.tanaka@example.com","ST02","アクティブ","2026-06-04 15:11:14.833261"
203,"高橋 彩花","ayaka.takahashi@example.com","ST04","退会","2026-06-04 15:11:14.833261"
204,"田中 拓海","takumi.tanaka@example.com","ST01","新規","2026-06-04 15:11:14.833261"
205,"中村 彩花","ayaka.nakamura@example.com","ST03","非アクティブ","2026-06-04 15:11:14.833261"
206,"吉田 陽菜","hina.yoshida@example.com","ST03","非アクティブ","2026-06-04 15:11:14.833261"
207,"高橋 太郎","taro.takahashi@example.com","ST02","アクティブ","2026-06-04 15:11:14.833261"
208,"鈴木 蓮","ren.suzuki@example.com","ST04","退会","2026-06-04 15:11:14.833261"
209,"田中 太郎","taro.tanaka@example.com","ST01","新規","2026-06-04 15:11:14.833261"
210,"鈴木 美咲","misaki.suzuki@example.com","ST03","非アクティブ","2026-06-04 15:11:14.833261"
211,"小林 美咲","misaki.kobayashi@example.com","ST04","退会","2026-06-04 15:11:14.833261"
212,"山田 彩花","ayaka.yamada@example.com","ST03","非アクティブ","2026-06-04 15:11:14.833261"
213,"山本 葵","aoi.yamamoto@example.com","ST03","非アクティブ","2026-06-04 15:11:14.833261"
214,"中村 太郎","taro.nakamura@example.com","ST04","退会","2026-06-04 15:11:14.833261"
215,"吉田 陽菜","hina.yoshida@example.com","ST04","退会","2026-06-04 15:11:14.833261"
216,"伊藤 健太","kenta.ito@example.com","ST03","非アクティブ","2026-06-04 15:11:14.833261"
217,"中村 結衣","yui.nakamura@example.com","ST04","退会","2026-06-04 15:11:14.833261"
218,"中村 大輔","daisuke.nakamura@example.com","ST02","アクティブ","2026-06-04 15:11:14.833261"
219,"佐藤 美咲","misaki.sato@example.com","ST01","新規","2026-06-04 15:11:14.833261"
220,"佐藤 翔","sho.sato@example.com","ST04","退会","2026-06-04 15:11:14.833261"
221,"佐藤 陽菜","hina.sato@example.com","ST04","退会","2026-06-04 15:11:14.833261"
222,"高橋 葵","aoi.takahashi@example.com","ST03","非アクティブ","2026-06-04 15:11:14.833261"
223,"小林 蓮","ren.kobayashi@example.com","ST03","非アクティブ","2026-06-04 15:11:14.833261"
224,"山田 拓海","takumi.yamada@example.com","ST03","非アクティブ","2026-06-04 15:11:14.833261"
225,"田中 陽菜","hina.tanaka@example.com","ST04","退会","2026-06-04 15:11:14.833261"
226,"吉田 悠斗","yuto.yoshida@example.com","ST04","退会","2026-06-04 15:11:14.833261"
227,"中村 美咲","misaki.nakamura@example.com","ST04","退会","2026-06-04 15:11:14.833261"
228,"中村 拓海","takumi.nakamura@example.com","ST03","非アクティブ","2026-06-04 15:11:14.833261"
229,"高橋 大輔","daisuke.takahashi@example.com","ST04","退会","2026-06-04 15:11:14.833261"
230,"渡辺 拓海","takumi.watanabe@example.com","ST04","退会","2026-06-04 15:11:14.833261"
231,"伊藤 蓮","ren.ito@example.com","ST03","非アクティブ","2026-06-04 15:11:14.833261"
232,"山田 美咲","misaki.yamada@example.com","ST04","退会","2026-06-04 15:11:14.833261"
233,"山本 翔","sho.yamamoto@example.com","ST03","非アクティブ","2026-06-04 15:11:14.833261"
234,"中村 葵","aoi.nakamura@example.com","ST04","退会","2026-06-04 15:11:14.833261"
235,"山田 彩花","ayaka.yamada@example.com","ST01","新規","2026-06-04 15:11:14.833261"
236,"鈴木 太郎","taro.suzuki@example.com","ST04","退会","2026-06-04 15:11:14.833261"
237,"鈴木 大輔","daisuke.suzuki@example.com","ST03","非アクティブ","2026-06-04 15:11:14.833261"
238,"山田 大輔","daisuke.yamada@example.com","ST02","アクティブ","2026-06-04 15:11:14.833261"
239,"鈴木 葵","aoi.suzuki@example.com","ST04","退会","2026-06-04 15:11:14.833261"
240,"吉田 陽菜","hina.yoshida@example.com","ST02","アクティブ","2026-06-04 15:11:14.833261"
241,"佐藤 陽菜","hina.sato@example.com","ST03","非アクティブ","2026-06-04 15:11:14.833261"
242,"山田 太郎","taro.yamada@example.com","ST02","アクティブ","2026-06-04 15:11:14.833261"
243,"加藤 陽菜","hina.kato@example.com","ST01","新規","2026-06-04 15:11:14.833261"
244,"中村 葵","aoi.nakamura@example.com","ST03","非アクティブ","2026-06-04 15:11:14.833261"
245,"吉田 結衣","yui.yoshida@example.com","ST02","アクティブ","2026-06-04 15:11:14.833261"
246,"伊藤 悠斗","yuto.ito@example.com","ST01","新規","2026-06-04 15:11:14.833261"
247,"山本 葵","aoi.yamamoto@example.com","ST03","非アクティブ","2026-06-04 15:11:14.833261"
248,"渡辺 蓮","ren.watanabe@example.com","ST02","アクティブ","2026-06-04 15:11:14.833261"
250,"山田 葵","aoi.yamada@example.com","ST01","新規","2026-06-04 15:11:14.833261"
251,"山本 葵","aoi.yamamoto@example.com","ST01","新規","2026-06-04 15:11:14.833261"
252,"高橋 大輔","daisuke.takahashi@example.com","ST04","退会","2026-06-04 15:11:14.833261"
253,"伊藤 蓮","ren.ito@example.com","ST01","新規","2026-06-04 15:11:14.833261"
254,"田中 太郎","taro.tanaka@example.com","ST04","退会","2026-06-04 15:11:14.833261"
255,"鈴木 健太","kenta.suzuki@example.com","ST03","非アクティブ","2026-06-04 15:11:14.833261"
256,"加藤 悠斗","yuto.kato@example.com","ST04","退会","2026-06-04 15:11:14.833261"
257,"山田 結衣","yui.yamada@example.com","ST03","非アクティブ","2026-06-04 15:11:14.833261"
258,"吉田 陽菜","hina.yoshida@example.com","ST02","アクティブ","2026-06-04 15:11:14.833261"
259,"伊藤 健太","kenta.ito@example.com","ST03","非アクティブ","2026-06-04 15:11:14.833261"
260,"渡辺 彩花","ayaka.watanabe@example.com","ST01","新規","2026-06-04 15:11:14.833261"
261,"山本 悠斗","yuto.yamamoto@example.com","ST01","新規","2026-06-04 15:11:14.833261"
262,"高橋 蓮","ren.takahashi@example.com","ST04","退会","2026-06-04 15:11:14.833261"
263,"鈴木 蓮","ren.suzuki@example.com","ST02","アクティブ","2026-06-04 15:11:14.833261"
264,"佐藤 太郎","taro.sato@example.com","ST04","退会","2026-06-04 15:11:14.833261"
265,"伊藤 大輔","daisuke.ito@example.com","ST01","新規","2026-06-04 15:11:14.833261"
266,"加藤 大輔","daisuke.kato@example.com","ST01","新規","2026-06-04 15:11:14.833261"
267,"中村 悠斗","yuto.nakamura@example.com","ST04","退会","2026-06-04 15:11:14.833261"
268,"鈴木 彩花","ayaka.suzuki@example.com","ST02","アクティブ","2026-06-04 15:11:14.833261"
269,"渡辺 陽菜","hina.watanabe@example.com","ST03","非アクティブ","2026-06-04 15:11:14.833261"
270,"中村 悠斗","yuto.nakamura@example.com","ST03","非アクティブ","2026-06-04 15:11:14.833261"
271,"渡辺 美咲","misaki.watanabe@example.com","ST01","新規","2026-06-04 15:11:14.833261"
272,"鈴木 翔","sho.suzuki@example.com","ST04","退会","2026-06-04 15:11:14.833261"
273,"鈴木 翔","sho.suzuki@example.com","ST04","退会","2026-06-04 15:11:14.833261"
274,"山田 健太","kenta.yamada@example.com","ST01","新規","2026-06-04 15:11:14.833261"
275,"渡辺 蓮","ren.watanabe@example.com","ST03","非アクティブ","2026-06-04 15:11:14.833261"
276,"佐藤 彩花","ayaka.sato@example.com","ST01","新規","2026-06-04 15:11:14.833261"
277,"山本 拓海","takumi.yamamoto@example.com","ST02","アクティブ","2026-06-04 15:11:14.833261"
278,"伊藤 結衣","yui.ito@example.com","ST02","アクティブ","2026-06-04 15:11:14.833261"
279,"伊藤 美咲","misaki.ito@example.com","ST04","退会","2026-06-04 15:11:14.833261"
280,"田中 蓮","ren.tanaka@example.com","ST01","新規","2026-06-04 15:11:14.833261"
281,"田中 蓮","ren.tanaka@example.com","ST04","退会","2026-06-04 15:11:14.833261"
282,"伊藤 大輔","daisuke.ito@example.com","ST04","退会","2026-06-04 15:11:14.833261"
283,"高橋 陽菜","hina.takahashi@example.com","ST02","アクティブ","2026-06-04 15:11:14.833261"
284,"山本 蓮","ren.yamamoto@example.com","ST01","新規","2026-06-04 15:11:14.833261"
285,"佐藤 健太","kenta.sato@example.com","ST03","非アクティブ","2026-06-04 15:11:14.833261"
286,"佐藤 結衣","yui.sato@example.com","ST03","非アクティブ","2026-06-04 15:11:14.833261"
287,"中村 蓮","ren.nakamura@example.com","ST02","アクティブ","2026-06-04 15:11:14.833261"
288,"伊藤 大輔","daisuke.ito@example.com","ST01","新規","2026-06-04 15:11:14.833261"
289,"渡辺 翔","sho.watanabe@example.com","ST04","退会","2026-06-04 15:11:14.833261"
290,"小林 翔","sho.kobayashi@example.com","ST03","非アクティブ","2026-06-04 15:11:14.833261"
291,"佐藤 葵","aoi.sato@example.com","ST02","アクティブ","2026-06-04 15:11:14.833261"
292,"伊藤 結衣","yui.ito@example.com","ST03","非アクティブ","2026-06-04 15:11:14.833261"
293,"山田 大輔","daisuke.yamada@example.com","ST03","非アクティブ","2026-06-04 15:11:14.833261"
294,"山田 拓海","takumi.yamada@example.com","ST02","アクティブ","2026-06-04 15:11:14.833261"
295,"中村 翔","sho.nakamura@example.com","ST01","新規","2026-06-04 15:11:14.833261"
296,"鈴木 結衣","yui.suzuki@example.com","ST03","非アクティブ","2026-06-04 15:11:14.833261"
297,"田中 太郎","taro.tanaka@example.com","ST04","退会","2026-06-04 15:11:14.833261"
298,"佐藤 悠斗","yuto.sato@example.com","ST03","非アクティブ","2026-06-04 15:11:14.833261"
299,"佐藤 翔","sho.sato@example.com","ST02","アクティブ","2026-06-04 15:11:14.833261"
300,"小林 健太","kenta.kobayashi@example.com","ST03","非アクティブ","2026-06-04 15:11:14.833261"
301,"鈴木 蓮","ren.suzuki@example.com","ST02","アクティブ","2026-06-04 15:11:14.833261"
302,"伊藤 健太","kenta.ito@example.com","ST01","新規","2026-06-04 15:11:14.833261"
303,"渡辺 葵","aoi.watanabe@example.com","ST01","新規","2026-06-04 15:11:14.833261"
304,"伊藤 健太","kenta.ito@example.com","ST03","非アクティブ","2026-06-04 15:11:14.833261"
305,"小林 大輔","daisuke.kobayashi@example.com","ST04","退会","2026-06-04 15:11:14.833261"
306,"渡辺 大輔","daisuke.watanabe@example.com","ST02","アクティブ","2026-06-04 15:11:14.833261"
307,"吉田 太郎","taro.yoshida@example.com","ST03","非アクティブ","2026-06-04 15:11:14.833261"
308,"佐藤 翔","sho.sato@example.com","ST04","退会","2026-06-04 15:11:14.833261"
309,"山田 翔","sho.yamada@example.com","ST04","退会","2026-06-04 15:11:14.833261"
310,"伊藤 彩花","ayaka.ito@example.com","ST04","退会","2026-06-04 15:11:14.833261"
311,"伊藤 蓮","ren.ito@example.com","ST01","新規","2026-06-04 15:11:14.833261"
312,"山田 結衣","yui.yamada@example.com","ST01","新規","2026-06-04 15:11:14.833261"
313,"高橋 葵","aoi.takahashi@example.com","ST01","新規","2026-06-04 15:11:14.833261"
314,"吉田 結衣","yui.yoshida@example.com","ST04","退会","2026-06-04 15:11:14.833261"
315,"田中 拓海","takumi.tanaka@example.com","ST04","退会","2026-06-04 15:11:14.833261"
316,"加藤 美咲","misaki.kato@example.com","ST02","アクティブ","2026-06-04 15:11:14.833261"
317,"高橋 翔","sho.takahashi@example.com","ST02","アクティブ","2026-06-04 15:11:14.833261"
318,"中村 彩花","ayaka.nakamura@example.com","ST01","新規","2026-06-04 15:11:14.833261"
319,"伊藤 陽菜","hina.ito@example.com","ST03","非アクティブ","2026-06-04 15:11:14.833261"
320,"吉田 結衣","yui.yoshida@example.com","ST04","退会","2026-06-04 15:11:14.833261"
321,"山本 美咲","misaki.yamamoto@example.com","ST03","非アクティブ","2026-06-04 15:11:14.833261"
322,"中村 健太","kenta.nakamura@example.com","ST03","非アクティブ","2026-06-04 15:11:14.833261"
323,"山本 蓮","ren.yamamoto@example.com","ST03","非アクティブ","2026-06-04 15:11:14.833261"
324,"小林 大輔","daisuke.kobayashi@example.com","ST03","非アクティブ","2026-06-04 15:11:14.833261"
325,"小林 悠斗","yuto.kobayashi@example.com","ST02","アクティブ","2026-06-04 15:11:14.833261"
326,"中村 大輔","daisuke.nakamura@example.com","ST03","非アクティブ","2026-06-04 15:11:14.833261"
327,"加藤 太郎","taro.kato@example.com","ST04","退会","2026-06-04 15:11:14.833261"
328,"高橋 大輔","daisuke.takahashi@example.com","ST02","アクティブ","2026-06-04 15:11:14.833261"
329,"山田 翔","sho.yamada@example.com","ST04","退会","2026-06-04 15:11:14.833261"
330,"伊藤 悠斗","yuto.ito@example.com","ST03","非アクティブ","2026-06-04 15:11:14.833261"
331,"田中 蓮","ren.tanaka@example.com","ST02","アクティブ","2026-06-04 15:11:14.833261"
332,"伊藤 美咲","misaki.ito@example.com","ST02","アクティブ","2026-06-04 15:11:14.833261"
333,"佐藤 拓海","takumi.sato@example.com","ST04","退会","2026-06-04 15:11:14.833261"
334,"中村 太郎","taro.nakamura@example.com","ST03","非アクティブ","2026-06-04 15:11:14.833261"
335,"伊藤 結衣","yui.ito@example.com","ST04","退会","2026-06-04 15:11:14.833261"
336,"佐藤 太郎","taro.sato@example.com","ST03","非アクティブ","2026-06-04 15:11:14.833261"
337,"高橋 葵","aoi.takahashi@example.com","ST02","アクティブ","2026-06-04 15:11:14.833261"
338,"渡辺 大輔","daisuke.watanabe@example.com","ST03","非アクティブ","2026-06-04 15:11:14.833261"
339,"小林 太郎","taro.kobayashi@example.com","ST03","非アクティブ","2026-06-04 15:11:14.833261"
340,"中村 彩花","ayaka.nakamura@example.com","ST01","新規","2026-06-04 15:11:14.833261"
341,"渡辺 翔","sho.watanabe@example.com","ST02","アクティブ","2026-06-04 15:11:14.833261"
342,"山田 彩花","ayaka.yamada@example.com","ST04","退会","2026-06-04 15:11:14.833261"
343,"小林 蓮","ren.kobayashi@example.com","ST02","アクティブ","2026-06-04 15:11:14.833261"
344,"中村 結衣","yui.nakamura@example.com","ST04","退会","2026-06-04 15:11:14.833261"
345,"山本 葵","aoi.yamamoto@example.com","ST02","アクティブ","2026-06-04 15:11:14.833261"
346,"田中 太郎","taro.tanaka@example.com","ST03","非アクティブ","2026-06-04 15:11:14.833261"
347,"佐藤 大輔","daisuke.sato@example.com","ST02","アクティブ","2026-06-04 15:11:14.833261"
348,"伊藤 蓮","ren.ito@example.com","ST04","退会","2026-06-04 15:11:14.833261"
349,"渡辺 太郎","taro.watanabe@example.com","ST01","新規","2026-06-04 15:11:14.833261"
350,"鈴木 葵","aoi.suzuki@example.com","ST02","アクティブ","2026-06-04 15:11:14.833261"
351,"高橋 太郎","taro.takahashi@example.com","ST03","非アクティブ","2026-06-04 15:11:14.833261"
352,"山田 結衣","yui.yamada@example.com","ST02","アクティブ","2026-06-04 15:11:14.833261"
353,"吉田 葵","aoi.yoshida@example.com","ST03","非アクティブ","2026-06-04 15:11:14.833261"
354,"加藤 蓮","ren.kato@example.com","ST01","新規","2026-06-04 15:11:14.833261"
355,"中村 翔","sho.nakamura@example.com","ST01","新規","2026-06-04 15:11:14.833261"
356,"中村 拓海","takumi.nakamura@example.com","ST03","非アクティブ","2026-06-04 15:11:14.833261"
357,"渡辺 葵","aoi.watanabe@example.com","ST03","非アクティブ","2026-06-04 15:11:14.833261"
358,"加藤 健太","kenta.kato@example.com","ST04","退会","2026-06-04 15:11:14.833261"
359,"佐藤 太郎","taro.sato@example.com","ST01","新規","2026-06-04 15:11:14.833261"
360,"山本 健太","kenta.yamamoto@example.com","ST03","非アクティブ","2026-06-04 15:11:14.833261"
361,"鈴木 彩花","ayaka.suzuki@example.com","ST01","新規","2026-06-04 15:11:14.833261"
362,"小林 大輔","daisuke.kobayashi@example.com","ST01","新規","2026-06-04 15:11:14.833261"
363,"山田 陽菜","hina.yamada@example.com","ST01","新規","2026-06-04 15:11:14.833261"
364,"田中 拓海","takumi.tanaka@example.com","ST01","新規","2026-06-04 15:11:14.833261"
365,"加藤 蓮","ren.kato@example.com","ST02","アクティブ","2026-06-04 15:11:14.833261"
366,"中村 葵","aoi.nakamura@example.com","ST02","アクティブ","2026-06-04 15:11:14.833261"
367,"高橋 結衣","yui.takahashi@example.com","ST03","非アクティブ","2026-06-04 15:11:14.833261"
368,"吉田 健太","kenta.yoshida@example.com","ST01","新規","2026-06-04 15:11:14.833261"
369,"中村 太郎","taro.nakamura@example.com","ST04","退会","2026-06-04 15:11:14.833261"
370,"佐藤 葵","aoi.sato@example.com","ST01","新規","2026-06-04 15:11:14.833261"
371,"小林 蓮","ren.kobayashi@example.com","ST03","非アクティブ","2026-06-04 15:11:14.833261"
372,"佐藤 彩花","ayaka.sato@example.com","ST03","非アクティブ","2026-06-04 15:11:14.833261"
373,"中村 彩花","ayaka.nakamura@example.com","ST01","新規","2026-06-04 15:11:14.833261"
374,"渡辺 悠斗","yuto.watanabe@example.com","ST01","新規","2026-06-04 15:11:14.833261"
375,"加藤 拓海","takumi.kato@example.com","ST01","新規","2026-06-04 15:11:14.833261"
376,"佐藤 悠斗","yuto.sato@example.com","ST04","退会","2026-06-04 15:11:14.833261"
377,"加藤 彩花","ayaka.kato@example.com","ST03","非アクティブ","2026-06-04 15:11:14.833261"
378,"佐藤 健太","kenta.sato@example.com","ST03","非アクティブ","2026-06-04 15:11:14.833261"
379,"高橋 翔","sho.takahashi@example.com","ST01","新規","2026-06-04 15:11:14.833261"
380,"加藤 大輔","daisuke.kato@example.com","ST02","アクティブ","2026-06-04 15:11:14.833261"
381,"高橋 太郎","taro.takahashi@example.com","ST03","非アクティブ","2026-06-04 15:11:14.833261"
382,"加藤 結衣","yui.kato@example.com","ST02","アクティブ","2026-06-04 15:11:14.833261"
383,"山本 翔","sho.yamamoto@example.com","ST01","新規","2026-06-04 15:11:14.833261"
384,"渡辺 太郎","taro.watanabe@example.com","ST02","アクティブ","2026-06-04 15:11:14.833261"
385,"伊藤 美咲","misaki.ito@example.com","ST01","新規","2026-06-04 15:11:14.833261"
386,"加藤 美咲","misaki.kato@example.com","ST03","非アクティブ","2026-06-04 15:11:14.833261"
387,"田中 陽菜","hina.tanaka@example.com","ST03","非アクティブ","2026-06-04 15:11:14.833261"
388,"伊藤 健太","kenta.ito@example.com","ST02","アクティブ","2026-06-04 15:11:14.833261"
389,"吉田 悠斗","yuto.yoshida@example.com","ST03","非アクティブ","2026-06-04 15:11:14.833261"
390,"山田 翔","sho.yamada@example.com","ST03","非アクティブ","2026-06-04 15:11:14.833261"
391,"田中 陽菜","hina.tanaka@example.com","ST04","退会","2026-06-04 15:11:14.833261"
392,"佐藤 陽菜","hina.sato@example.com","ST02","アクティブ","2026-06-04 15:11:14.833261"
393,"中村 健太","kenta.nakamura@example.com","ST03","非アクティブ","2026-06-04 15:11:14.833261"
394,"伊藤 拓海","takumi.ito@example.com","ST01","新規","2026-06-04 15:11:14.833261"
395,"鈴木 結衣","yui.suzuki@example.com","ST03","非アクティブ","2026-06-04 15:11:14.833261"
396,"伊藤 翔","sho.ito@example.com","ST02","アクティブ","2026-06-04 15:11:14.833261"
397,"田中 太郎","taro.tanaka@example.com","ST03","非アクティブ","2026-06-04 15:11:14.833261"
398,"山田 拓海","takumi.yamada@example.com","ST02","アクティブ","2026-06-04 15:11:14.833261"
399,"加藤 結衣","yui.kato@example.com","ST02","アクティブ","2026-06-04 15:11:14.833261"
400,"小林 美咲","misaki.kobayashi@example.com","ST01","新規","2026-06-04 15:11:14.833261"
401,"山田 蓮","ren.yamada@example.com","ST03","非アクティブ","2026-06-04 15:11:14.833261"
402,"田中 大輔","daisuke.tanaka@example.com","ST04","退会","2026-06-04 15:11:14.833261"
403,"山田 彩花","ayaka.yamada@example.com","ST01","新規","2026-06-04 15:11:14.833261"
404,"佐藤 悠斗","yuto.sato@example.com","ST03","非アクティブ","2026-06-04 15:11:14.833261"
405,"吉田 拓海","takumi.yoshida@example.com","ST03","非アクティブ","2026-06-04 15:11:14.833261"
406,"鈴木 健太","kenta.suzuki@example.com","ST01","新規","2026-06-04 15:11:14.833261"
407,"佐藤 結衣","yui.sato@example.com","ST04","退会","2026-06-04 15:11:14.833261"
408,"鈴木 葵","aoi.suzuki@example.com","ST04","退会","2026-06-04 15:11:14.833261"
409,"高橋 陽菜","hina.takahashi@example.com","ST03","非アクティブ","2026-06-04 15:11:14.833261"
410,"中村 健太","kenta.nakamura@example.com","ST04","退会","2026-06-04 15:11:14.833261"
411,"佐藤 陽菜","hina.sato@example.com","ST02","アクティブ","2026-06-04 15:11:14.833261"
412,"佐藤 結衣","yui.sato@example.com","ST02","アクティブ","2026-06-04 15:11:14.833261"
413,"伊藤 健太","kenta.ito@example.com","ST03","非アクティブ","2026-06-04 15:11:14.833261"
414,"吉田 結衣","yui.yoshida@example.com","ST04","退会","2026-06-04 15:11:14.833261"
415,"中村 陽菜","hina.nakamura@example.com","ST04","退会","2026-06-04 15:11:14.833261"
416,"伊藤 大輔","daisuke.ito@example.com","ST04","退会","2026-06-04 15:11:14.833261"
417,"佐藤 健太","kenta.sato@example.com","ST02","アクティブ","2026-06-04 15:11:14.833261"
418,"高橋 美咲","misaki.takahashi@example.com","ST02","アクティブ","2026-06-04 15:11:14.833261"
419,"加藤 葵","aoi.kato@example.com","ST04","退会","2026-06-04 15:11:14.833261"
420,"小林 結衣","yui.kobayashi@example.com","ST01","新規","2026-06-04 15:11:14.833261"
421,"田中 悠斗","yuto.tanaka@example.com","ST01","新規","2026-06-04 15:11:14.833261"
422,"小林 結衣","yui.kobayashi@example.com","ST03","非アクティブ","2026-06-04 15:11:14.833261"
423,"中村 彩花","ayaka.nakamura@example.com","ST03","非アクティブ","2026-06-04 15:11:14.833261"
424,"伊藤 陽菜","hina.ito@example.com","ST01","新規","2026-06-04 15:11:14.833261"
425,"吉田 拓海","takumi.yoshida@example.com","ST04","退会","2026-06-04 15:11:14.833261"
426,"小林 美咲","misaki.kobayashi@example.com","ST04","退会","2026-06-04 15:11:14.833261"
427,"伊藤 悠斗","yuto.ito@example.com","ST01","新規","2026-06-04 15:11:14.833261"
428,"加藤 太郎","taro.kato@example.com","ST04","退会","2026-06-04 15:11:14.833261"
429,"高橋 悠斗","yuto.takahashi@example.com","ST01","新規","2026-06-04 15:11:14.833261"
430,"吉田 健太","kenta.yoshida@example.com","ST01","新規","2026-06-04 15:11:14.833261"
431,"佐藤 蓮","ren.sato@example.com","ST04","退会","2026-06-04 15:11:14.833261"
432,"田中 美咲","misaki.tanaka@example.com","ST01","新規","2026-06-04 15:11:14.833261"
433,"山田 陽菜","hina.yamada@example.com","ST04","退会","2026-06-04 15:11:14.833261"
434,"山田 葵","aoi.yamada@example.com","ST02","アクティブ","2026-06-04 15:11:14.833261"
435,"伊藤 結衣","yui.ito@example.com","ST04","退会","2026-06-04 15:11:14.833261"
436,"伊藤 健太","kenta.ito@example.com","ST03","非アクティブ","2026-06-04 15:11:14.833261"
437,"山本 翔","sho.yamamoto@example.com","ST03","非アクティブ","2026-06-04 15:11:14.833261"
438,"鈴木 悠斗","yuto.suzuki@example.com","ST03","非アクティブ","2026-06-04 15:11:14.833261"
439,"山田 悠斗","yuto.yamada@example.com","ST02","アクティブ","2026-06-04 15:11:14.833261"
440,"小林 陽菜","hina.kobayashi@example.com","ST03","非アクティブ","2026-06-04 15:11:14.833261"
441,"山本 健太","kenta.yamamoto@example.com","ST02","アクティブ","2026-06-04 15:11:14.833261"
442,"吉田 蓮","ren.yoshida@example.com","ST04","退会","2026-06-04 15:11:14.833261"
443,"小林 大輔","daisuke.kobayashi@example.com","ST01","新規","2026-06-04 15:11:14.833261"
444,"伊藤 結衣","yui.ito@example.com","ST04","退会","2026-06-04 15:11:14.833261"
445,"鈴木 健太","kenta.suzuki@example.com","ST03","非アクティブ","2026-06-04 15:11:14.833261"
446,"吉田 彩花","ayaka.yoshida@example.com","ST01","新規","2026-06-04 15:11:14.833261"
447,"田中 翔","sho.tanaka@example.com","ST04","退会","2026-06-04 15:11:14.833261"
448,"山本 拓海","takumi.yamamoto@example.com","ST03","非アクティブ","2026-06-04 15:11:14.833261"
449,"小林 蓮","ren.kobayashi@example.com","ST02","アクティブ","2026-06-04 15:11:14.833261"
450,"伊藤 美咲","misaki.ito@example.com","ST04","退会","2026-06-04 15:11:14.833261"
451,"渡辺 結衣","yui.watanabe@example.com","ST04","退会","2026-06-04 15:11:14.833261"
452,"吉田 悠斗","yuto.yoshida@example.com","ST03","非アクティブ","2026-06-04 15:11:14.833261"
453,"加藤 太郎","taro.kato@example.com","ST01","新規","2026-06-04 15:11:14.833261"
454,"山田 健太","kenta.yamada@example.com","ST02","アクティブ","2026-06-04 15:11:14.833261"
455,"小林 太郎","taro.kobayashi@example.com","ST04","退会","2026-06-04 15:11:14.833261"
456,"渡辺 陽菜","hina.watanabe@example.com","ST01","新規","2026-06-04 15:11:14.833261"
457,"伊藤 結衣","yui.ito@example.com","ST01","新規","2026-06-04 15:11:14.833261"
458,"中村 蓮","ren.nakamura@example.com","ST02","アクティブ","2026-06-04 15:11:14.833261"
459,"中村 悠斗","yuto.nakamura@example.com","ST03","非アクティブ","2026-06-04 15:11:14.833261"
460,"吉田 大輔","daisuke.yoshida@example.com","ST04","退会","2026-06-04 15:11:14.833261"
461,"小林 結衣","yui.kobayashi@example.com","ST01","新規","2026-06-04 15:11:14.833261"
462,"佐藤 悠斗","yuto.sato@example.com","ST03","非アクティブ","2026-06-04 15:11:14.833261"
463,"佐藤 蓮","ren.sato@example.com","ST03","非アクティブ","2026-06-04 15:11:14.833261"
464,"渡辺 蓮","ren.watanabe@example.com","ST03","非アクティブ","2026-06-04 15:11:14.833261"
465,"小林 健太","kenta.kobayashi@example.com","ST04","退会","2026-06-04 15:11:14.833261"
466,"佐藤 健太","kenta.sato@example.com","ST03","非アクティブ","2026-06-04 15:11:14.833261"
467,"吉田 結衣","yui.yoshida@example.com","ST03","非アクティブ","2026-06-04 15:11:14.833261"
468,"田中 太郎","taro.tanaka@example.com","ST03","非アクティブ","2026-06-04 15:11:14.833261"
469,"加藤 拓海","takumi.kato@example.com","ST01","新規","2026-06-04 15:11:14.833261"
470,"小林 翔","sho.kobayashi@example.com","ST03","非アクティブ","2026-06-04 15:11:14.833261"
471,"鈴木 彩花","ayaka.suzuki@example.com","ST02","アクティブ","2026-06-04 15:11:14.833261"
472,"伊藤 悠斗","yuto.ito@example.com","ST01","新規","2026-06-04 15:11:14.833261"
473,"山本 大輔","daisuke.yamamoto@example.com","ST04","退会","2026-06-04 15:11:14.833261"
474,"小林 健太","kenta.kobayashi@example.com","ST04","退会","2026-06-04 15:11:14.833261"
475,"佐藤 葵","aoi.sato@example.com","ST02","アクティブ","2026-06-04 15:11:14.833261"
476,"田中 陽菜","hina.tanaka@example.com","ST02","アクティブ","2026-06-04 15:11:14.833261"
477,"鈴木 悠斗","yuto.suzuki@example.com","ST02","アクティブ","2026-06-04 15:11:14.833261"
478,"山本 悠斗","yuto.yamamoto@example.com","ST01","新規","2026-06-04 15:11:14.833261"
479,"中村 葵","aoi.nakamura@example.com","ST04","退会","2026-06-04 15:11:14.833261"
480,"伊藤 陽菜","hina.ito@example.com","ST01","新規","2026-06-04 15:11:14.833261"
481,"伊藤 大輔","daisuke.ito@example.com","ST01","新規","2026-06-04 15:11:14.833261"
482,"中村 翔","sho.nakamura@example.com","ST02","アクティブ","2026-06-04 15:11:14.833261"
483,"渡辺 健太","kenta.watanabe@example.com","ST04","退会","2026-06-04 15:11:14.833261"
484,"山本 太郎","taro.yamamoto@example.com","ST04","退会","2026-06-04 15:11:14.833261"
485,"山田 美咲","misaki.yamada@example.com","ST03","非アクティブ","2026-06-04 15:11:14.833261"
486,"伊藤 美咲","misaki.ito@example.com","ST04","退会","2026-06-04 15:11:14.833261"
487,"鈴木 拓海","takumi.suzuki@example.com","ST01","新規","2026-06-04 15:11:14.833261"
488,"鈴木 陽菜","hina.suzuki@example.com","ST02","アクティブ","2026-06-04 15:11:14.833261"
489,"佐藤 美咲","misaki.sato@example.com","ST04","退会","2026-06-04 15:11:14.833261"
490,"渡辺 悠斗","yuto.watanabe@example.com","ST01","新規","2026-06-04 15:11:14.833261"
491,"吉田 美咲","misaki.yoshida@example.com","ST02","アクティブ","2026-06-04 15:11:14.833261"
492,"小林 悠斗","yuto.kobayashi@example.com","ST01","新規","2026-06-04 15:11:14.833261"
493,"田中 蓮","ren.tanaka@example.com","ST01","新規","2026-06-04 15:11:14.833261"
494,"伊藤 悠斗","yuto.ito@example.com","ST04","退会","2026-06-04 15:11:14.833261"
495,"渡辺 拓海","takumi.watanabe@example.com","ST04","退会","2026-06-04 15:11:14.833261"
496,"加藤 拓海","takumi.kato@example.com","ST01","新規","2026-06-04 15:11:14.833261"
497,"加藤 大輔","daisuke.kato@example.com","ST02","アクティブ","2026-06-04 15:11:14.833261"
498,"鈴木 拓海","takumi.suzuki@example.com","ST04","退会","2026-06-04 15:11:14.833261"
499,"吉田 蓮","ren.yoshida@example.com","ST04","退会","2026-06-04 15:11:14.833261"
500,"山田 健太","kenta.yamada@example.com","ST02","アクティブ","2026-06-04 15:11:14.833261"
501,"佐藤 彩花","ayaka.sato@example.com","ST01","新規","2026-06-04 15:11:14.833261"
502,"佐藤 結衣","yui.sato@example.com","ST01","新規","2026-06-04 15:11:14.833261"
503,"伊藤 陽菜","hina.ito@example.com","ST02","アクティブ","2026-06-04 15:11:14.833261"
504,"加藤 翔","sho.kato@example.com","ST03","非アクティブ","2026-06-04 15:11:14.833261"
505,"高橋 彩花","ayaka.takahashi@example.com","ST02","アクティブ","2026-06-04 15:11:14.833261"
506,"山本 彩花","ayaka.yamamoto@example.com","ST04","退会","2026-06-04 15:11:14.833261"
507,"鈴木 大輔","daisuke.suzuki@example.com","ST03","非アクティブ","2026-06-04 15:11:14.833261"
508,"中村 太郎","taro.nakamura@example.com","ST02","アクティブ","2026-06-04 15:11:14.833261"
509,"伊藤 美咲","misaki.ito@example.com","ST03","非アクティブ","2026-06-04 15:11:14.833261"
510,"加藤 悠斗","yuto.kato@example.com","ST02","アクティブ","2026-06-04 15:11:14.833261"
511,"渡辺 蓮","ren.watanabe@example.com","ST01","新規","2026-06-04 15:11:14.833261"
512,"鈴木 健太","kenta.suzuki@example.com","ST04","退会","2026-06-04 15:11:14.833261"
513,"加藤 陽菜","hina.kato@example.com","ST04","退会","2026-06-04 15:11:14.833261"
514,"伊藤 葵","aoi.ito@example.com","ST01","新規","2026-06-04 15:11:14.833261"
515,"加藤 悠斗","yuto.kato@example.com","ST04","退会","2026-06-04 15:11:14.833261"
516,"中村 葵","aoi.nakamura@example.com","ST04","退会","2026-06-04 15:11:14.833261"
517,"加藤 悠斗","yuto.kato@example.com","ST02","アクティブ","2026-06-04 15:11:14.833261"
518,"小林 太郎","taro.kobayashi@example.com","ST01","新規","2026-06-04 15:11:14.833261"
519,"高橋 美咲","misaki.takahashi@example.com","ST02","アクティブ","2026-06-04 15:11:14.833261"
520,"鈴木 翔","sho.suzuki@example.com","ST01","新規","2026-06-04 15:11:14.833261"
521,"高橋 悠斗","yuto.takahashi@example.com","ST04","退会","2026-06-04 15:11:14.833261"
522,"高橋 彩花","ayaka.takahashi@example.com","ST01","新規","2026-06-04 15:11:14.833261"
523,"加藤 美咲","misaki.kato@example.com","ST04","退会","2026-06-04 15:11:14.833261"
524,"中村 葵","aoi.nakamura@example.com","ST04","退会","2026-06-04 15:11:14.833261"
525,"伊藤 太郎","taro.ito@example.com","ST04","退会","2026-06-04 15:11:14.833261"
526,"渡辺 翔","sho.watanabe@example.com","ST01","新規","2026-06-04 15:11:14.833261"
527,"加藤 大輔","daisuke.kato@example.com","ST01","新規","2026-06-04 15:11:14.833261"
528,"山田 太郎","taro.yamada@example.com","ST03","非アクティブ","2026-06-04 15:11:14.833261"
529,"鈴木 悠斗","yuto.suzuki@example.com","ST01","新規","2026-06-04 15:11:14.833261"
530,"中村 悠斗","yuto.nakamura@example.com","ST02","アクティブ","2026-06-04 15:11:14.833261"
531,"佐藤 葵","aoi.sato@example.com","ST02","アクティブ","2026-06-04 15:11:14.833261"
532,"山本 翔","sho.yamamoto@example.com","ST04","退会","2026-06-04 15:11:14.833261"
533,"小林 陽菜","hina.kobayashi@example.com","ST04","退会","2026-06-04 15:11:14.833261"
534,"伊藤 悠斗","yuto.ito@example.com","ST04","退会","2026-06-04 15:11:14.833261"
535,"佐藤 大輔","daisuke.sato@example.com","ST01","新規","2026-06-04 15:11:14.833261"
536,"加藤 翔","sho.kato@example.com","ST04","退会","2026-06-04 15:11:14.833261"
537,"吉田 彩花","ayaka.yoshida@example.com","ST02","アクティブ","2026-06-04 15:11:14.833261"
538,"中村 蓮","ren.nakamura@example.com","ST04","退会","2026-06-04 15:11:14.833261"
539,"鈴木 葵","aoi.suzuki@example.com","ST02","アクティブ","2026-06-04 15:11:14.833261"
540,"伊藤 蓮","ren.ito@example.com","ST01","新規","2026-06-04 15:11:14.833261"
541,"山本 蓮","ren.yamamoto@example.com","ST02","アクティブ","2026-06-04 15:11:14.833261"
542,"山田 悠斗","yuto.yamada@example.com","ST04","退会","2026-06-04 15:11:14.833261"
543,"田中 健太","kenta.tanaka@example.com","ST01","新規","2026-06-04 15:11:14.833261"
544,"中村 彩花","ayaka.nakamura@example.com","ST03","非アクティブ","2026-06-04 15:11:14.833261"
545,"山田 美咲","misaki.yamada@example.com","ST01","新規","2026-06-04 15:11:14.833261"
546,"高橋 美咲","misaki.takahashi@example.com","ST04","退会","2026-06-04 15:11:14.833261"
547,"小林 結衣","yui.kobayashi@example.com","ST02","アクティブ","2026-06-04 15:11:14.833261"
548,"山本 美咲","misaki.yamamoto@example.com","ST02","アクティブ","2026-06-04 15:11:14.833261"
549,"田中 悠斗","yuto.tanaka@example.com","ST04","退会","2026-06-04 15:11:14.833261"
550,"中村 翔","sho.nakamura@example.com","ST03","非アクティブ","2026-06-04 15:11:14.833261"
551,"田中 彩花","ayaka.tanaka@example.com","ST01","新規","2026-06-04 15:11:14.833261"
552,"加藤 健太","kenta.kato@example.com","ST03","非アクティブ","2026-06-04 15:11:14.833261"
553,"吉田 健太","kenta.yoshida@example.com","ST01","新規","2026-06-04 15:11:14.833261"
554,"吉田 悠斗","yuto.yoshida@example.com","ST03","非アクティブ","2026-06-04 15:11:14.833261"
555,"鈴木 悠斗","yuto.suzuki@example.com","ST04","退会","2026-06-04 15:11:14.833261"
556,"伊藤 悠斗","yuto.ito@example.com","ST02","アクティブ","2026-06-04 15:11:14.833261"
557,"吉田 結衣","yui.yoshida@example.com","ST02","アクティブ","2026-06-04 15:11:14.833261"
558,"鈴木 葵","aoi.suzuki@example.com","ST02","アクティブ","2026-06-04 15:11:14.833261"
559,"佐藤 太郎","taro.sato@example.com","ST01","新規","2026-06-04 15:11:14.833261"
560,"吉田 翔","sho.yoshida@example.com","ST04","退会","2026-06-04 15:11:14.833261"
561,"鈴木 健太","kenta.suzuki@example.com","ST02","アクティブ","2026-06-04 15:11:14.833261"
562,"山田 彩花","ayaka.yamada@example.com","ST04","退会","2026-06-04 15:11:14.833261"
563,"渡辺 蓮","ren.watanabe@example.com","ST04","退会","2026-06-04 15:11:14.833261"
564,"田中 翔","sho.tanaka@example.com","ST03","非アクティブ","2026-06-04 15:11:14.833261"
565,"中村 悠斗","yuto.nakamura@example.com","ST02","アクティブ","2026-06-04 15:11:14.833261"
566,"山本 健太","kenta.yamamoto@example.com","ST03","非アクティブ","2026-06-04 15:11:14.833261"
567,"鈴木 蓮","ren.suzuki@example.com","ST01","新規","2026-06-04 15:11:14.833261"
568,"田中 健太","kenta.tanaka@example.com","ST02","アクティブ","2026-06-04 15:11:14.833261"
569,"加藤 拓海","takumi.kato@example.com","ST03","非アクティブ","2026-06-04 15:11:14.833261"
570,"鈴木 太郎","taro.suzuki@example.com","ST02","アクティブ","2026-06-04 15:11:14.833261"
571,"加藤 悠斗","yuto.kato@example.com","ST01","新規","2026-06-04 15:11:14.833261"
572,"伊藤 蓮","ren.ito@example.com","ST04","退会","2026-06-04 15:11:14.833261"
573,"中村 陽菜","hina.nakamura@example.com","ST03","非アクティブ","2026-06-04 15:11:14.833261"
574,"田中 美咲","misaki.tanaka@example.com","ST03","非アクティブ","2026-06-04 15:11:14.833261"
575,"山本 太郎","taro.yamamoto@example.com","ST03","非アクティブ","2026-06-04 15:11:14.833261"
576,"田中 結衣","yui.tanaka@example.com","ST04","退会","2026-06-04 15:11:14.833261"
577,"佐藤 拓海","takumi.sato@example.com","ST04","退会","2026-06-04 15:11:14.833261"
578,"田中 悠斗","yuto.tanaka@example.com","ST04","退会","2026-06-04 15:11:14.833261"
579,"渡辺 葵","aoi.watanabe@example.com","ST03","非アクティブ","2026-06-04 15:11:14.833261"
580,"田中 大輔","daisuke.tanaka@example.com","ST02","アクティブ","2026-06-04 15:11:14.833261"
581,"高橋 健太","kenta.takahashi@example.com","ST01","新規","2026-06-04 15:11:14.833261"
582,"山田 彩花","ayaka.yamada@example.com","ST02","アクティブ","2026-06-04 15:11:14.833261"
583,"吉田 葵","aoi.yoshida@example.com","ST01","新規","2026-06-04 15:11:14.833261"
584,"高橋 美咲","misaki.takahashi@example.com","ST04","退会","2026-06-04 15:11:14.833261"
585,"伊藤 拓海","takumi.ito@example.com","ST03","非アクティブ","2026-06-04 15:11:14.833261"
586,"鈴木 拓海","takumi.suzuki@example.com","ST02","アクティブ","2026-06-04 15:11:14.833261"
587,"渡辺 陽菜","hina.watanabe@example.com","ST02","アクティブ","2026-06-04 15:11:14.833261"
588,"中村 美咲","misaki.nakamura@example.com","ST02","アクティブ","2026-06-04 15:11:14.833261"
589,"佐藤 結衣","yui.sato@example.com","ST02","アクティブ","2026-06-04 15:11:14.833261"
590,"伊藤 拓海","takumi.ito@example.com","ST01","新規","2026-06-04 15:11:14.833261"
591,"吉田 陽菜","hina.yoshida@example.com","ST03","非アクティブ","2026-06-04 15:11:14.833261"
592,"鈴木 大輔","daisuke.suzuki@example.com","ST01","新規","2026-06-04 15:11:14.833261"
593,"田中 美咲","misaki.tanaka@example.com","ST01","新規","2026-06-04 15:11:14.833261"
594,"佐藤 太郎","taro.sato@example.com","ST02","アクティブ","2026-06-04 15:11:14.833261"
595,"田中 悠斗","yuto.tanaka@example.com","ST01","新規","2026-06-04 15:11:14.833261"
596,"佐藤 結衣","yui.sato@example.com","ST04","退会","2026-06-04 15:11:14.833261"
597,"吉田 結衣","yui.yoshida@example.com","ST01","新規","2026-06-04 15:11:14.833261"
598,"佐藤 翔","sho.sato@example.com","ST02","アクティブ","2026-06-04 15:11:14.833261"
599,"鈴木 拓海","takumi.suzuki@example.com","ST02","アクティブ","2026-06-04 15:11:14.833261"
600,"吉田 悠斗","yuto.yoshida@example.com","ST03","非アクティブ","2026-06-04 15:11:14.833261"
601,"佐藤 悠斗","yuto.sato@example.com","ST02","アクティブ","2026-06-04 15:11:14.833261"
602,"佐藤 大輔","daisuke.sato@example.com","ST02","アクティブ","2026-06-04 15:11:14.833261"
603,"中村 健太","kenta.nakamura@example.com","ST01","新規","2026-06-04 15:11:14.833261"
604,"中村 悠斗","yuto.nakamura@example.com","ST03","非アクティブ","2026-06-04 15:11:14.833261"
605,"伊藤 大輔","daisuke.ito@example.com","ST01","新規","2026-06-04 15:11:14.833261"
606,"中村 陽菜","hina.nakamura@example.com","ST03","非アクティブ","2026-06-04 15:11:14.833261"
607,"田中 美咲","misaki.tanaka@example.com","ST01","新規","2026-06-04 15:11:14.833261"
608,"加藤 蓮","ren.kato@example.com","ST04","退会","2026-06-04 15:11:14.833261"
609,"伊藤 健太","kenta.ito@example.com","ST03","非アクティブ","2026-06-04 15:11:14.833261"
610,"佐藤 悠斗","yuto.sato@example.com","ST03","非アクティブ","2026-06-04 15:11:14.833261"
611,"吉田 葵","aoi.yoshida@example.com","ST03","非アクティブ","2026-06-04 15:11:14.833261"
612,"鈴木 美咲","misaki.suzuki@example.com","ST01","新規","2026-06-04 15:11:14.833261"
613,"加藤 悠斗","yuto.kato@example.com","ST01","新規","2026-06-04 15:11:14.833261"
614,"伊藤 陽菜","hina.ito@example.com","ST02","アクティブ","2026-06-04 15:11:14.833261"
615,"佐藤 翔","sho.sato@example.com","ST04","退会","2026-06-04 15:11:14.833261"
616,"鈴木 陽菜","hina.suzuki@example.com","ST04","退会","2026-06-04 15:11:14.833261"
617,"鈴木 太郎","taro.suzuki@example.com","ST01","新規","2026-06-04 15:11:14.833261"
618,"伊藤 蓮","ren.ito@example.com","ST04","退会","2026-06-04 15:11:14.833261"
619,"田中 健太","kenta.tanaka@example.com","ST02","アクティブ","2026-06-04 15:11:14.833261"
620,"小林 悠斗","yuto.kobayashi@example.com","ST01","新規","2026-06-04 15:11:14.833261"
621,"小林 彩花","ayaka.kobayashi@example.com","ST03","非アクティブ","2026-06-04 15:11:14.833261"
622,"山本 翔","sho.yamamoto@example.com","ST02","アクティブ","2026-06-04 15:11:14.833261"
623,"加藤 大輔","daisuke.kato@example.com","ST04","退会","2026-06-04 15:11:14.833261"
624,"渡辺 悠斗","yuto.watanabe@example.com","ST02","アクティブ","2026-06-04 15:11:14.833261"
625,"吉田 健太","kenta.yoshida@example.com","ST01","新規","2026-06-04 15:11:14.833261"
626,"中村 大輔","daisuke.nakamura@example.com","ST03","非アクティブ","2026-06-04 15:11:14.833261"
627,"小林 拓海","takumi.kobayashi@example.com","ST03","非アクティブ","2026-06-04 15:11:14.833261"
628,"田中 太郎","taro.tanaka@example.com","ST03","非アクティブ","2026-06-04 15:11:14.833261"
629,"加藤 拓海","takumi.kato@example.com","ST04","退会","2026-06-04 15:11:14.833261"
630,"鈴木 大輔","daisuke.suzuki@example.com","ST01","新規","2026-06-04 15:11:14.833261"
631,"渡辺 結衣","yui.watanabe@example.com","ST04","退会","2026-06-04 15:11:14.833261"
632,"渡辺 美咲","misaki.watanabe@example.com","ST02","アクティブ","2026-06-04 15:11:14.833261"
633,"田中 彩花","ayaka.tanaka@example.com","ST01","新規","2026-06-04 15:11:14.833261"
634,"山田 美咲","misaki.yamada@example.com","ST04","退会","2026-06-04 15:11:14.833261"
635,"渡辺 彩花","ayaka.watanabe@example.com","ST02","アクティブ","2026-06-04 15:11:14.833261"
636,"田中 葵","aoi.tanaka@example.com","ST02","アクティブ","2026-06-04 15:11:14.833261"
637,"山本 彩花","ayaka.yamamoto@example.com","ST03","非アクティブ","2026-06-04 15:11:14.833261"
638,"山田 蓮","ren.yamada@example.com","ST01","新規","2026-06-04 15:11:14.833261"
639,"田中 健太","kenta.tanaka@example.com","ST01","新規","2026-06-04 15:11:14.833261"
640,"吉田 陽菜","hina.yoshida@example.com","ST03","非アクティブ","2026-06-04 15:11:14.833261"
641,"高橋 美咲","misaki.takahashi@example.com","ST04","退会","2026-06-04 15:11:14.833261"
642,"伊藤 拓海","takumi.ito@example.com","ST02","アクティブ","2026-06-04 15:11:14.833261"
643,"小林 太郎","taro.kobayashi@example.com","ST04","退会","2026-06-04 15:11:14.833261"
644,"中村 結衣","yui.nakamura@example.com","ST04","退会","2026-06-04 15:11:14.833261"
645,"小林 蓮","ren.kobayashi@example.com","ST02","アクティブ","2026-06-04 15:11:14.833261"
646,"小林 悠斗","yuto.kobayashi@example.com","ST03","非アクティブ","2026-06-04 15:11:14.833261"
647,"伊藤 健太","kenta.ito@example.com","ST01","新規","2026-06-04 15:11:14.833261"
648,"高橋 結衣","yui.takahashi@example.com","ST03","非アクティブ","2026-06-04 15:11:14.833261"
649,"加藤 結衣","yui.kato@example.com","ST01","新規","2026-06-04 15:11:14.833261"
650,"加藤 拓海","takumi.kato@example.com","ST01","新規","2026-06-04 15:11:14.833261"
651,"小林 蓮","ren.kobayashi@example.com","ST04","退会","2026-06-04 15:11:14.833261"
652,"佐藤 健太","kenta.sato@example.com","ST04","退会","2026-06-04 15:11:14.833261"
653,"山本 悠斗","yuto.yamamoto@example.com","ST02","アクティブ","2026-06-04 15:11:14.833261"
654,"田中 美咲","misaki.tanaka@example.com","ST04","退会","2026-06-04 15:11:14.833261"
655,"鈴木 翔","sho.suzuki@example.com","ST02","アクティブ","2026-06-04 15:11:14.833261"
656,"佐藤 結衣","yui.sato@example.com","ST03","非アクティブ","2026-06-04 15:11:14.833261"
657,"吉田 太郎","taro.yoshida@example.com","ST02","アクティブ","2026-06-04 15:11:14.833261"
658,"渡辺 彩花","ayaka.watanabe@example.com","ST01","新規","2026-06-04 15:11:14.833261"
659,"加藤 葵","aoi.kato@example.com","ST03","非アクティブ","2026-06-04 15:11:14.833261"
660,"山田 美咲","misaki.yamada@example.com","ST03","非アクティブ","2026-06-04 15:11:14.833261"
661,"渡辺 陽菜","hina.watanabe@example.com","ST03","非アクティブ","2026-06-04 15:11:14.833261"
662,"小林 健太","kenta.kobayashi@example.com","ST03","非アクティブ","2026-06-04 15:11:14.833261"
663,"小林 葵","aoi.kobayashi@example.com","ST03","非アクティブ","2026-06-04 15:11:14.833261"
664,"鈴木 健太","kenta.suzuki@example.com","ST04","退会","2026-06-04 15:11:14.833261"
665,"渡辺 蓮","ren.watanabe@example.com","ST02","アクティブ","2026-06-04 15:11:14.833261"
666,"山本 葵","aoi.yamamoto@example.com","ST03","非アクティブ","2026-06-04 15:11:14.833261"
667,"高橋 陽菜","hina.takahashi@example.com","ST03","非アクティブ","2026-06-04 15:11:14.833261"
668,"伊藤 悠斗","yuto.ito@example.com","ST04","退会","2026-06-04 15:11:14.833261"
669,"山田 健太","kenta.yamada@example.com","ST03","非アクティブ","2026-06-04 15:11:14.833261"
670,"中村 大輔","daisuke.nakamura@example.com","ST02","アクティブ","2026-06-04 15:11:14.833261"
671,"山田 彩花","ayaka.yamada@example.com","ST01","新規","2026-06-04 15:11:14.833261"
672,"山田 悠斗","yuto.yamada@example.com","ST01","新規","2026-06-04 15:11:14.833261"
673,"高橋 彩花","ayaka.takahashi@example.com","ST01","新規","2026-06-04 15:11:14.833261"
674,"高橋 結衣","yui.takahashi@example.com","ST01","新規","2026-06-04 15:11:14.833261"
675,"田中 大輔","daisuke.tanaka@example.com","ST03","非アクティブ","2026-06-04 15:11:14.833261"
676,"鈴木 翔","sho.suzuki@example.com","ST01","新規","2026-06-04 15:11:14.833261"
677,"加藤 蓮","ren.kato@example.com","ST03","非アクティブ","2026-06-04 15:11:14.833261"
678,"山田 大輔","daisuke.yamada@example.com","ST02","アクティブ","2026-06-04 15:11:14.833261"
679,"山田 翔","sho.yamada@example.com","ST03","非アクティブ","2026-06-04 15:11:14.833261"
680,"中村 拓海","takumi.nakamura@example.com","ST04","退会","2026-06-04 15:11:14.833261"
681,"山本 結衣","yui.yamamoto@example.com","ST01","新規","2026-06-04 15:11:14.833261"
682,"吉田 蓮","ren.yoshida@example.com","ST02","アクティブ","2026-06-04 15:11:14.833261"
683,"山本 彩花","ayaka.yamamoto@example.com","ST04","退会","2026-06-04 15:11:14.833261"
684,"高橋 彩花","ayaka.takahashi@example.com","ST02","アクティブ","2026-06-04 15:11:14.833261"
685,"田中 結衣","yui.tanaka@example.com","ST01","新規","2026-06-04 15:11:14.833261"
686,"小林 悠斗","yuto.kobayashi@example.com","ST02","アクティブ","2026-06-04 15:11:14.833261"
687,"吉田 陽菜","hina.yoshida@example.com","ST02","アクティブ","2026-06-04 15:11:14.833261"
688,"佐藤 健太","kenta.sato@example.com","ST03","非アクティブ","2026-06-04 15:11:14.833261"
689,"渡辺 太郎","taro.watanabe@example.com","ST04","退会","2026-06-04 15:11:14.833261"
690,"高橋 太郎","taro.takahashi@example.com","ST04","退会","2026-06-04 15:11:14.833261"
691,"佐藤 悠斗","yuto.sato@example.com","ST04","退会","2026-06-04 15:11:14.833261"
692,"伊藤 彩花","ayaka.ito@example.com","ST03","非アクティブ","2026-06-04 15:11:14.833261"
693,"佐藤 結衣","yui.sato@example.com","ST04","退会","2026-06-04 15:11:14.833261"
694,"吉田 大輔","daisuke.yoshida@example.com","ST02","アクティブ","2026-06-04 15:11:14.833261"
695,"中村 悠斗","yuto.nakamura@example.com","ST02","アクティブ","2026-06-04 15:11:14.833261"
696,"田中 拓海","takumi.tanaka@example.com","ST04","退会","2026-06-04 15:11:14.833261"
697,"高橋 彩花","ayaka.takahashi@example.com","ST01","新規","2026-06-04 15:11:14.833261"
698,"吉田 翔","sho.yoshida@example.com","ST04","退会","2026-06-04 15:11:14.833261"
699,"吉田 悠斗","yuto.yoshida@example.com","ST02","アクティブ","2026-06-04 15:11:14.833261"
700,"伊藤 太郎","taro.ito@example.com","ST01","新規","2026-06-04 15:11:14.833261"
701,"田中 葵","aoi.tanaka@example.com","ST04","退会","2026-06-04 15:11:14.833261"
702,"加藤 健太","kenta.kato@example.com","ST04","退会","2026-06-04 15:11:14.833261"
703,"渡辺 蓮","ren.watanabe@example.com","ST03","非アクティブ","2026-06-04 15:11:14.833261"
704,"伊藤 悠斗","yuto.ito@example.com","ST01","新規","2026-06-04 15:11:14.833261"
705,"佐藤 結衣","yui.sato@example.com","ST03","非アクティブ","2026-06-04 15:11:14.833261"
706,"加藤 拓海","takumi.kato@example.com","ST04","退会","2026-06-04 15:11:14.833261"
707,"加藤 翔","sho.kato@example.com","ST02","アクティブ","2026-06-04 15:11:14.833261"
708,"鈴木 翔","sho.suzuki@example.com","ST03","非アクティブ","2026-06-04 15:11:14.833261"
709,"田中 葵","aoi.tanaka@example.com","ST02","アクティブ","2026-06-04 15:11:14.833261"
710,"佐藤 健太","kenta.sato@example.com","ST04","退会","2026-06-04 15:11:14.833261"
711,"加藤 葵","aoi.kato@example.com","ST04","退会","2026-06-04 15:11:14.833261"
712,"伊藤 美咲","misaki.ito@example.com","ST03","非アクティブ","2026-06-04 15:11:14.833261"
713,"渡辺 美咲","misaki.watanabe@example.com","ST01","新規","2026-06-04 15:11:14.833261"
714,"吉田 健太","kenta.yoshida@example.com","ST02","アクティブ","2026-06-04 15:11:14.833261"
715,"佐藤 大輔","daisuke.sato@example.com","ST01","新規","2026-06-04 15:11:14.833261"
716,"山本 太郎","taro.yamamoto@example.com","ST01","新規","2026-06-04 15:11:14.833261"
717,"小林 彩花","ayaka.kobayashi@example.com","ST03","非アクティブ","2026-06-04 15:11:14.833261"
718,"高橋 翔","sho.takahashi@example.com","ST02","アクティブ","2026-06-04 15:11:14.833261"
719,"加藤 健太","kenta.kato@example.com","ST03","非アクティブ","2026-06-04 15:11:14.833261"
720,"田中 翔","sho.tanaka@example.com","ST03","非アクティブ","2026-06-04 15:11:14.833261"
721,"吉田 葵","aoi.yoshida@example.com","ST04","退会","2026-06-04 15:11:14.833261"
722,"渡辺 太郎","taro.watanabe@example.com","ST03","非アクティブ","2026-06-04 15:11:14.833261"
723,"渡辺 悠斗","yuto.watanabe@example.com","ST04","退会","2026-06-04 15:11:14.833261"
724,"山田 美咲","misaki.yamada@example.com","ST01","新規","2026-06-04 15:11:14.833261"
725,"高橋 蓮","ren.takahashi@example.com","ST04","退会","2026-06-04 15:11:14.833261"
726,"鈴木 葵","aoi.suzuki@example.com","ST02","アクティブ","2026-06-04 15:11:14.833261"
727,"山田 美咲","misaki.yamada@example.com","ST01","新規","2026-06-04 15:11:14.833261"
728,"伊藤 大輔","daisuke.ito@example.com","ST01","新規","2026-06-04 15:11:14.833261"
729,"小林 健太","kenta.kobayashi@example.com","ST01","新規","2026-06-04 15:11:14.833261"
730,"鈴木 健太","kenta.suzuki@example.com","ST01","新規","2026-06-04 15:11:14.833261"
731,"鈴木 大輔","daisuke.suzuki@example.com","ST03","非アクティブ","2026-06-04 15:11:14.833261"
732,"伊藤 拓海","takumi.ito@example.com","ST04","退会","2026-06-04 15:11:14.833261"
733,"山田 蓮","ren.yamada@example.com","ST01","新規","2026-06-04 15:11:14.833261"
734,"山本 彩花","ayaka.yamamoto@example.com","ST01","新規","2026-06-04 15:11:14.833261"
735,"鈴木 美咲","misaki.suzuki@example.com","ST03","非アクティブ","2026-06-04 15:11:14.833261"
736,"佐藤 陽菜","hina.sato@example.com","ST02","アクティブ","2026-06-04 15:11:14.833261"
737,"吉田 拓海","takumi.yoshida@example.com","ST04","退会","2026-06-04 15:11:14.833261"
738,"小林 悠斗","yuto.kobayashi@example.com","ST04","退会","2026-06-04 15:11:14.833261"
739,"加藤 結衣","yui.kato@example.com","ST03","非アクティブ","2026-06-04 15:11:14.833261"
740,"山本 翔","sho.yamamoto@example.com","ST01","新規","2026-06-04 15:11:14.833261"
741,"中村 結衣","yui.nakamura@example.com","ST03","非アクティブ","2026-06-04 15:11:14.833261"
742,"鈴木 太郎","taro.suzuki@example.com","ST03","非アクティブ","2026-06-04 15:11:14.833261"
743,"加藤 翔","sho.kato@example.com","ST04","退会","2026-06-04 15:11:14.833261"
744,"吉田 拓海","takumi.yoshida@example.com","ST02","アクティブ","2026-06-04 15:11:14.833261"
745,"渡辺 美咲","misaki.watanabe@example.com","ST02","アクティブ","2026-06-04 15:11:14.833261"
746,"高橋 葵","aoi.takahashi@example.com","ST01","新規","2026-06-04 15:11:14.833261"
747,"中村 葵","aoi.nakamura@example.com","ST02","アクティブ","2026-06-04 15:11:14.833261"
748,"加藤 美咲","misaki.kato@example.com","ST02","アクティブ","2026-06-04 15:11:14.833261"
749,"中村 翔","sho.nakamura@example.com","ST03","非アクティブ","2026-06-04 15:11:14.833261"
750,"佐藤 健太","kenta.sato@example.com","ST02","アクティブ","2026-06-04 15:11:14.833261"
751,"渡辺 結衣","yui.watanabe@example.com","ST04","退会","2026-06-04 15:11:14.833261"
752,"吉田 大輔","daisuke.yoshida@example.com","ST03","非アクティブ","2026-06-04 15:11:14.833261"
753,"渡辺 拓海","takumi.watanabe@example.com","ST01","新規","2026-06-04 15:11:14.833261"
754,"小林 拓海","takumi.kobayashi@example.com","ST04","退会","2026-06-04 15:11:14.833261"
755,"山本 美咲","misaki.yamamoto@example.com","ST01","新規","2026-06-04 15:11:14.833261"
756,"小林 蓮","ren.kobayashi@example.com","ST03","非アクティブ","2026-06-04 15:11:14.833261"
757,"山田 陽菜","hina.yamada@example.com","ST02","アクティブ","2026-06-04 15:11:14.833261"
758,"鈴木 蓮","ren.suzuki@example.com","ST01","新規","2026-06-04 15:11:14.833261"
759,"鈴木 健太","kenta.suzuki@example.com","ST01","新規","2026-06-04 15:11:14.833261"
760,"吉田 翔","sho.yoshida@example.com","ST03","非アクティブ","2026-06-04 15:11:14.833261"
761,"田中 健太","kenta.tanaka@example.com","ST02","アクティブ","2026-06-04 15:11:14.833261"
762,"中村 葵","aoi.nakamura@example.com","ST04","退会","2026-06-04 15:11:14.833261"
763,"渡辺 悠斗","yuto.watanabe@example.com","ST03","非アクティブ","2026-06-04 15:11:14.833261"
764,"山本 拓海","takumi.yamamoto@example.com","ST04","退会","2026-06-04 15:11:14.833261"
765,"山本 彩花","ayaka.yamamoto@example.com","ST02","アクティブ","2026-06-04 15:11:14.833261"
766,"高橋 大輔","daisuke.takahashi@example.com","ST04","退会","2026-06-04 15:11:14.833261"
767,"中村 蓮","ren.nakamura@example.com","ST04","退会","2026-06-04 15:11:14.833261"
768,"吉田 悠斗","yuto.yoshida@example.com","ST02","アクティブ","2026-06-04 15:11:14.833261"
769,"佐藤 健太","kenta.sato@example.com","ST04","退会","2026-06-04 15:11:14.833261"
770,"渡辺 結衣","yui.watanabe@example.com","ST01","新規","2026-06-04 15:11:14.833261"
771,"田中 翔","sho.tanaka@example.com","ST03","非アクティブ","2026-06-04 15:11:14.833261"
772,"高橋 健太","kenta.takahashi@example.com","ST01","新規","2026-06-04 15:11:14.833261"
773,"渡辺 美咲","misaki.watanabe@example.com","ST03","非アクティブ","2026-06-04 15:11:14.833261"
774,"山田 美咲","misaki.yamada@example.com","ST01","新規","2026-06-04 15:11:14.833261"
775,"鈴木 悠斗","yuto.suzuki@example.com","ST03","非アクティブ","2026-06-04 15:11:14.833261"
776,"山本 悠斗","yuto.yamamoto@example.com","ST04","退会","2026-06-04 15:11:14.833261"
777,"高橋 拓海","takumi.takahashi@example.com","ST04","退会","2026-06-04 15:11:14.833261"
778,"伊藤 拓海","takumi.ito@example.com","ST04","退会","2026-06-04 15:11:14.833261"
779,"田中 彩花","ayaka.tanaka@example.com","ST04","退会","2026-06-04 15:11:14.833261"
780,"吉田 陽菜","hina.yoshida@example.com","ST03","非アクティブ","2026-06-04 15:11:14.833261"
781,"加藤 蓮","ren.kato@example.com","ST03","非アクティブ","2026-06-04 15:11:14.833261"
782,"鈴木 結衣","yui.suzuki@example.com","ST02","アクティブ","2026-06-04 15:11:14.833261"
783,"佐藤 大輔","daisuke.sato@example.com","ST01","新規","2026-06-04 15:11:14.833261"
784,"山本 彩花","ayaka.yamamoto@example.com","ST01","新規","2026-06-04 15:11:14.833261"
785,"高橋 太郎","taro.takahashi@example.com","ST01","新規","2026-06-04 15:11:14.833261"
786,"高橋 太郎","taro.takahashi@example.com","ST03","非アクティブ","2026-06-04 15:11:14.833261"
787,"佐藤 大輔","daisuke.sato@example.com","ST01","新規","2026-06-04 15:11:14.833261"
788,"加藤 美咲","misaki.kato@example.com","ST02","アクティブ","2026-06-04 15:11:14.833261"
789,"山田 蓮","ren.yamada@example.com","ST04","退会","2026-06-04 15:11:14.833261"
790,"中村 大輔","daisuke.nakamura@example.com","ST04","退会","2026-06-04 15:11:14.833261"
791,"中村 健太","kenta.nakamura@example.com","ST02","アクティブ","2026-06-04 15:11:14.833261"
792,"小林 葵","aoi.kobayashi@example.com","ST04","退会","2026-06-04 15:11:14.833261"
793,"小林 蓮","ren.kobayashi@example.com","ST01","新規","2026-06-04 15:11:14.833261"
794,"田中 大輔","daisuke.tanaka@example.com","ST03","非アクティブ","2026-06-04 15:11:14.833261"
795,"佐藤 葵","aoi.sato@example.com","ST04","退会","2026-06-04 15:11:14.833261"
796,"吉田 拓海","takumi.yoshida@example.com","ST03","非アクティブ","2026-06-04 15:11:14.833261"
797,"高橋 翔","sho.takahashi@example.com","ST04","退会","2026-06-04 15:11:14.833261"
798,"鈴木 健太","kenta.suzuki@example.com","ST04","退会","2026-06-04 15:11:14.833261"
799,"加藤 大輔","daisuke.kato@example.com","ST02","アクティブ","2026-06-04 15:11:14.833261"
800,"田中 大輔","daisuke.tanaka@example.com","ST03","非アクティブ","2026-06-04 15:11:14.833261"
801,"中村 蓮","ren.nakamura@example.com","ST03","非アクティブ","2026-06-04 15:11:14.833261"
802,"山本 陽菜","hina.yamamoto@example.com","ST03","非アクティブ","2026-06-04 15:11:14.833261"
803,"田中 結衣","yui.tanaka@example.com","ST02","アクティブ","2026-06-04 15:11:14.833261"
804,"山本 葵","aoi.yamamoto@example.com","ST02","アクティブ","2026-06-04 15:11:14.833261"
805,"吉田 拓海","takumi.yoshida@example.com","ST01","新規","2026-06-04 15:11:14.833261"
806,"小林 美咲","misaki.kobayashi@example.com","ST04","退会","2026-06-04 15:11:14.833261"
807,"渡辺 彩花","ayaka.watanabe@example.com","ST04","退会","2026-06-04 15:11:14.833261"
808,"吉田 太郎","taro.yoshida@example.com","ST02","アクティブ","2026-06-04 15:11:14.833261"
809,"伊藤 結衣","yui.ito@example.com","ST04","退会","2026-06-04 15:11:14.833261"
810,"渡辺 蓮","ren.watanabe@example.com","ST04","退会","2026-06-04 15:11:14.833261"
811,"加藤 悠斗","yuto.kato@example.com","ST02","アクティブ","2026-06-04 15:11:14.833261"
812,"小林 結衣","yui.kobayashi@example.com","ST02","アクティブ","2026-06-04 15:11:14.833261"
813,"鈴木 拓海","takumi.suzuki@example.com","ST03","非アクティブ","2026-06-04 15:11:14.833261"
814,"高橋 悠斗","yuto.takahashi@example.com","ST04","退会","2026-06-04 15:11:14.833261"
815,"高橋 葵","aoi.takahashi@example.com","ST04","退会","2026-06-04 15:11:14.833261"
816,"渡辺 蓮","ren.watanabe@example.com","ST04","退会","2026-06-04 15:11:14.833261"
817,"佐藤 彩花","ayaka.sato@example.com","ST03","非アクティブ","2026-06-04 15:11:14.833261"
818,"山田 結衣","yui.yamada@example.com","ST03","非アクティブ","2026-06-04 15:11:14.833261"
819,"佐藤 葵","aoi.sato@example.com","ST01","新規","2026-06-04 15:11:14.833261"
820,"吉田 結衣","yui.yoshida@example.com","ST04","退会","2026-06-04 15:11:14.833261"
821,"伊藤 葵","aoi.ito@example.com","ST02","アクティブ","2026-06-04 15:11:14.833261"
822,"鈴木 翔","sho.suzuki@example.com","ST04","退会","2026-06-04 15:11:14.833261"
823,"山本 陽菜","hina.yamamoto@example.com","ST01","新規","2026-06-04 15:11:14.833261"
824,"中村 葵","aoi.nakamura@example.com","ST01","新規","2026-06-04 15:11:14.833261"
825,"渡辺 彩花","ayaka.watanabe@example.com","ST01","新規","2026-06-04 15:11:14.833261"
826,"伊藤 陽菜","hina.ito@example.com","ST04","退会","2026-06-04 15:11:14.833261"
827,"佐藤 太郎","taro.sato@example.com","ST04","退会","2026-06-04 15:11:14.833261"
828,"佐藤 翔","sho.sato@example.com","ST01","新規","2026-06-04 15:11:14.833261"
829,"山本 陽菜","hina.yamamoto@example.com","ST02","アクティブ","2026-06-04 15:11:14.833261"
830,"佐藤 悠斗","yuto.sato@example.com","ST04","退会","2026-06-04 15:11:14.833261"
831,"山本 悠斗","yuto.yamamoto@example.com","ST04","退会","2026-06-04 15:11:14.833261"
832,"加藤 拓海","takumi.kato@example.com","ST01","新規","2026-06-04 15:11:14.833261"
833,"吉田 陽菜","hina.yoshida@example.com","ST01","新規","2026-06-04 15:11:14.833261"
834,"伊藤 蓮","ren.ito@example.com","ST03","非アクティブ","2026-06-04 15:11:14.833261"
835,"吉田 拓海","takumi.yoshida@example.com","ST01","新規","2026-06-04 15:11:14.833261"
836,"鈴木 美咲","misaki.suzuki@example.com","ST03","非アクティブ","2026-06-04 15:11:14.833261"
837,"渡辺 葵","aoi.watanabe@example.com","ST04","退会","2026-06-04 15:11:14.833261"
838,"加藤 葵","aoi.kato@example.com","ST04","退会","2026-06-04 15:11:14.833261"
839,"山本 陽菜","hina.yamamoto@example.com","ST01","新規","2026-06-04 15:11:14.833261"
840,"中村 翔","sho.nakamura@example.com","ST04","退会","2026-06-04 15:11:14.833261"
841,"吉田 陽菜","hina.yoshida@example.com","ST03","非アクティブ","2026-06-04 15:11:14.833261"
842,"高橋 陽菜","hina.takahashi@example.com","ST01","新規","2026-06-04 15:11:14.833261"
843,"加藤 拓海","takumi.kato@example.com","ST03","非アクティブ","2026-06-04 15:11:14.833261"
844,"山本 蓮","ren.yamamoto@example.com","ST04","退会","2026-06-04 15:11:14.833261"
845,"高橋 拓海","takumi.takahashi@example.com","ST03","非アクティブ","2026-06-04 15:11:14.833261"
846,"小林 翔","sho.kobayashi@example.com","ST01","新規","2026-06-04 15:11:14.833261"
847,"渡辺 悠斗","yuto.watanabe@example.com","ST04","退会","2026-06-04 15:11:14.833261"
848,"渡辺 結衣","yui.watanabe@example.com","ST02","アクティブ","2026-06-04 15:11:14.833261"
849,"山田 蓮","ren.yamada@example.com","ST01","新規","2026-06-04 15:11:14.833261"
850,"中村 彩花","ayaka.nakamura@example.com","ST03","非アクティブ","2026-06-04 15:11:14.833261"
851,"小林 結衣","yui.kobayashi@example.com","ST01","新規","2026-06-04 15:11:14.833261"
852,"山本 葵","aoi.yamamoto@example.com","ST02","アクティブ","2026-06-04 15:11:14.833261"
853,"鈴木 悠斗","yuto.suzuki@example.com","ST01","新規","2026-06-04 15:11:14.833261"
854,"佐藤 陽菜","hina.sato@example.com","ST01","新規","2026-06-04 15:11:14.833261"
855,"田中 蓮","ren.tanaka@example.com","ST02","アクティブ","2026-06-04 15:11:14.833261"
856,"山田 蓮","ren.yamada@example.com","ST04","退会","2026-06-04 15:11:14.833261"
857,"田中 拓海","takumi.tanaka@example.com","ST02","アクティブ","2026-06-04 15:11:14.833261"
858,"伊藤 健太","kenta.ito@example.com","ST02","アクティブ","2026-06-04 15:11:14.833261"
859,"佐藤 拓海","takumi.sato@example.com","ST04","退会","2026-06-04 15:11:14.833261"
860,"佐藤 葵","aoi.sato@example.com","ST01","新規","2026-06-04 15:11:14.833261"
861,"渡辺 蓮","ren.watanabe@example.com","ST03","非アクティブ","2026-06-04 15:11:14.833261"
862,"佐藤 彩花","ayaka.sato@example.com","ST01","新規","2026-06-04 15:11:14.833261"
863,"伊藤 拓海","takumi.ito@example.com","ST04","退会","2026-06-04 15:11:14.833261"
864,"田中 健太","kenta.tanaka@example.com","ST03","非アクティブ","2026-06-04 15:11:14.833261"
865,"鈴木 彩花","ayaka.suzuki@example.com","ST02","アクティブ","2026-06-04 15:11:14.833261"
866,"高橋 結衣","yui.takahashi@example.com","ST03","非アクティブ","2026-06-04 15:11:14.833261"
867,"吉田 彩花","ayaka.yoshida@example.com","ST04","退会","2026-06-04 15:11:14.833261"
868,"伊藤 翔","sho.ito@example.com","ST03","非アクティブ","2026-06-04 15:11:14.833261"
869,"山本 太郎","taro.yamamoto@example.com","ST03","非アクティブ","2026-06-04 15:11:14.833261"
870,"伊藤 悠斗","yuto.ito@example.com","ST02","アクティブ","2026-06-04 15:11:14.833261"
871,"高橋 蓮","ren.takahashi@example.com","ST02","アクティブ","2026-06-04 15:11:14.833261"
872,"鈴木 悠斗","yuto.suzuki@example.com","ST04","退会","2026-06-04 15:11:14.833261"
873,"山本 葵","aoi.yamamoto@example.com","ST04","退会","2026-06-04 15:11:14.833261"
874,"山田 健太","kenta.yamada@example.com","ST03","非アクティブ","2026-06-04 15:11:14.833261"
875,"高橋 葵","aoi.takahashi@example.com","ST04","退会","2026-06-04 15:11:14.833261"
876,"中村 太郎","taro.nakamura@example.com","ST02","アクティブ","2026-06-04 15:11:14.833261"
877,"山本 葵","aoi.yamamoto@example.com","ST01","新規","2026-06-04 15:11:14.833261"
878,"佐藤 太郎","taro.sato@example.com","ST02","アクティブ","2026-06-04 15:11:14.833261"
879,"高橋 彩花","ayaka.takahashi@example.com","ST03","非アクティブ","2026-06-04 15:11:14.833261"
880,"佐藤 結衣","yui.sato@example.com","ST04","退会","2026-06-04 15:11:14.833261"
881,"吉田 葵","aoi.yoshida@example.com","ST01","新規","2026-06-04 15:11:14.833261"
882,"高橋 美咲","misaki.takahashi@example.com","ST04","退会","2026-06-04 15:11:14.833261"
883,"中村 結衣","yui.nakamura@example.com","ST02","アクティブ","2026-06-04 15:11:14.833261"
884,"渡辺 葵","aoi.watanabe@example.com","ST03","非アクティブ","2026-06-04 15:11:14.833261"
885,"鈴木 翔","sho.suzuki@example.com","ST03","非アクティブ","2026-06-04 15:11:14.833261"
886,"高橋 彩花","ayaka.takahashi@example.com","ST04","退会","2026-06-04 15:11:14.833261"
887,"田中 太郎","taro.tanaka@example.com","ST03","非アクティブ","2026-06-04 15:11:14.833261"
888,"高橋 翔","sho.takahashi@example.com","ST01","新規","2026-06-04 15:11:14.833261"
889,"渡辺 陽菜","hina.watanabe@example.com","ST04","退会","2026-06-04 15:11:14.833261"
890,"吉田 蓮","ren.yoshida@example.com","ST03","非アクティブ","2026-06-04 15:11:14.833261"
891,"田中 翔","sho.tanaka@example.com","ST02","アクティブ","2026-06-04 15:11:14.833261"
892,"加藤 翔","sho.kato@example.com","ST02","アクティブ","2026-06-04 15:11:14.833261"
893,"加藤 健太","kenta.kato@example.com","ST01","新規","2026-06-04 15:11:14.833261"
894,"佐藤 蓮","ren.sato@example.com","ST04","退会","2026-06-04 15:11:14.833261"
895,"鈴木 美咲","misaki.suzuki@example.com","ST04","退会","2026-06-04 15:11:14.833261"
896,"小林 結衣","yui.kobayashi@example.com","ST01","新規","2026-06-04 15:11:14.833261"
897,"渡辺 蓮","ren.watanabe@example.com","ST03","非アクティブ","2026-06-04 15:11:14.833261"
898,"鈴木 拓海","takumi.suzuki@example.com","ST04","退会","2026-06-04 15:11:14.833261"
899,"渡辺 結衣","yui.watanabe@example.com","ST01","新規","2026-06-04 15:11:14.833261"
900,"中村 太郎","taro.nakamura@example.com","ST04","退会","2026-06-04 15:11:14.833261"
901,"吉田 陽菜","hina.yoshida@example.com","ST03","非アクティブ","2026-06-04 15:11:14.833261"
902,"鈴木 彩花","ayaka.suzuki@example.com","ST03","非アクティブ","2026-06-04 15:11:14.833261"
903,"伊藤 拓海","takumi.ito@example.com","ST02","アクティブ","2026-06-04 15:11:14.833261"
904,"田中 太郎","taro.tanaka@example.com","ST04","退会","2026-06-04 15:11:14.833261"
905,"高橋 蓮","ren.takahashi@example.com","ST04","退会","2026-06-04 15:11:14.833261"
906,"田中 陽菜","hina.tanaka@example.com","ST04","退会","2026-06-04 15:11:14.833261"
907,"小林 拓海","takumi.kobayashi@example.com","ST04","退会","2026-06-04 15:11:14.833261"
908,"伊藤 葵","aoi.ito@example.com","ST02","アクティブ","2026-06-04 15:11:14.833261"
909,"加藤 拓海","takumi.kato@example.com","ST02","アクティブ","2026-06-04 15:11:14.833261"
910,"小林 葵","aoi.kobayashi@example.com","ST02","アクティブ","2026-06-04 15:11:14.833261"
911,"鈴木 大輔","daisuke.suzuki@example.com","ST04","退会","2026-06-04 15:11:14.833261"
912,"中村 太郎","taro.nakamura@example.com","ST02","アクティブ","2026-06-04 15:11:14.833261"
913,"吉田 翔","sho.yoshida@example.com","ST03","非アクティブ","2026-06-04 15:11:14.833261"
914,"小林 大輔","daisuke.kobayashi@example.com","ST02","アクティブ","2026-06-04 15:11:14.833261"
915,"渡辺 彩花","ayaka.watanabe@example.com","ST01","新規","2026-06-04 15:11:14.833261"
916,"加藤 陽菜","hina.kato@example.com","ST04","退会","2026-06-04 15:11:14.833261"
917,"佐藤 健太","kenta.sato@example.com","ST01","新規","2026-06-04 15:11:14.833261"
918,"中村 蓮","ren.nakamura@example.com","ST03","非アクティブ","2026-06-04 15:11:14.833261"
919,"加藤 葵","aoi.kato@example.com","ST04","退会","2026-06-04 15:11:14.833261"
920,"小林 美咲","misaki.kobayashi@example.com","ST01","新規","2026-06-04 15:11:14.833261"
921,"山田 蓮","ren.yamada@example.com","ST01","新規","2026-06-04 15:11:14.833261"
922,"高橋 悠斗","yuto.takahashi@example.com","ST01","新規","2026-06-04 15:11:14.833261"
923,"高橋 太郎","taro.takahashi@example.com","ST02","アクティブ","2026-06-04 15:11:14.833261"
924,"渡辺 彩花","ayaka.watanabe@example.com","ST04","退会","2026-06-04 15:11:14.833261"
925,"吉田 健太","kenta.yoshida@example.com","ST01","新規","2026-06-04 15:11:14.833261"
926,"渡辺 陽菜","hina.watanabe@example.com","ST03","非アクティブ","2026-06-04 15:11:14.833261"
927,"田中 陽菜","hina.tanaka@example.com","ST01","新規","2026-06-04 15:11:14.833261"
928,"鈴木 葵","aoi.suzuki@example.com","ST01","新規","2026-06-04 15:11:14.833261"
929,"山本 葵","aoi.yamamoto@example.com","ST04","退会","2026-06-04 15:11:14.833261"
930,"小林 結衣","yui.kobayashi@example.com","ST04","退会","2026-06-04 15:11:14.833261"
931,"鈴木 陽菜","hina.suzuki@example.com","ST03","非アクティブ","2026-06-04 15:11:14.833261"
932,"山田 蓮","ren.yamada@example.com","ST01","新規","2026-06-04 15:11:14.833261"
933,"山本 悠斗","yuto.yamamoto@example.com","ST03","非アクティブ","2026-06-04 15:11:14.833261"
934,"鈴木 拓海","takumi.suzuki@example.com","ST02","アクティブ","2026-06-04 15:11:14.833261"
935,"鈴木 陽菜","hina.suzuki@example.com","ST03","非アクティブ","2026-06-04 15:11:14.833261"
936,"加藤 太郎","taro.kato@example.com","ST01","新規","2026-06-04 15:11:14.833261"
937,"山本 陽菜","hina.yamamoto@example.com","ST03","非アクティブ","2026-06-04 15:11:14.833261"
938,"吉田 結衣","yui.yoshida@example.com","ST01","新規","2026-06-04 15:11:14.833261"
939,"高橋 彩花","ayaka.takahashi@example.com","ST01","新規","2026-06-04 15:11:14.833261"
940,"山田 葵","aoi.yamada@example.com","ST02","アクティブ","2026-06-04 15:11:14.833261"
941,"田中 悠斗","yuto.tanaka@example.com","ST03","非アクティブ","2026-06-04 15:11:14.833261"
942,"小林 悠斗","yuto.kobayashi@example.com","ST04","退会","2026-06-04 15:11:14.833261"
943,"田中 健太","kenta.tanaka@example.com","ST04","退会","2026-06-04 15:11:14.833261"
944,"高橋 健太","kenta.takahashi@example.com","ST02","アクティブ","2026-06-04 15:11:14.833261"
945,"小林 蓮","ren.kobayashi@example.com","ST02","アクティブ","2026-06-04 15:11:14.833261"
946,"佐藤 翔","sho.sato@example.com","ST02","アクティブ","2026-06-04 15:11:14.833261"
947,"佐藤 葵","aoi.sato@example.com","ST02","アクティブ","2026-06-04 15:11:14.833261"
948,"吉田 悠斗","yuto.yoshida@example.com","ST04","退会","2026-06-04 15:11:14.833261"
949,"佐藤 美咲","misaki.sato@example.com","ST03","非アクティブ","2026-06-04 15:11:14.833261"
950,"渡辺 大輔","daisuke.watanabe@example.com","ST02","アクティブ","2026-06-04 15:11:14.833261"
951,"小林 陽菜","hina.kobayashi@example.com","ST03","非アクティブ","2026-06-04 15:11:14.833261"
952,"高橋 彩花","ayaka.takahashi@example.com","ST01","新規","2026-06-04 15:11:14.833261"
953,"山本 陽菜","hina.yamamoto@example.com","ST03","非アクティブ","2026-06-04 15:11:14.833261"
954,"中村 結衣","yui.nakamura@example.com","ST02","アクティブ","2026-06-04 15:11:14.833261"
955,"田中 悠斗","yuto.tanaka@example.com","ST03","非アクティブ","2026-06-04 15:11:14.833261"
956,"高橋 陽菜","hina.takahashi@example.com","ST03","非アクティブ","2026-06-04 15:11:14.833261"
957,"高橋 健太","kenta.takahashi@example.com","ST04","退会","2026-06-04 15:11:14.833261"
958,"渡辺 悠斗","yuto.watanabe@example.com","ST02","アクティブ","2026-06-04 15:11:14.833261"
959,"伊藤 太郎","taro.ito@example.com","ST04","退会","2026-06-04 15:11:14.833261"
960,"山田 陽菜","hina.yamada@example.com","ST03","非アクティブ","2026-06-04 15:11:14.833261"
961,"伊藤 健太","kenta.ito@example.com","ST02","アクティブ","2026-06-04 15:11:14.833261"
962,"吉田 彩花","ayaka.yoshida@example.com","ST03","非アクティブ","2026-06-04 15:11:14.833261"
963,"鈴木 彩花","ayaka.suzuki@example.com","ST02","アクティブ","2026-06-04 15:11:14.833261"
964,"渡辺 悠斗","yuto.watanabe@example.com","ST01","新規","2026-06-04 15:11:14.833261"
965,"山本 彩花","ayaka.yamamoto@example.com","ST03","非アクティブ","2026-06-04 15:11:14.833261"
966,"鈴木 蓮","ren.suzuki@example.com","ST02","アクティブ","2026-06-04 15:11:14.833261"
967,"鈴木 翔","sho.suzuki@example.com","ST01","新規","2026-06-04 15:11:14.833261"
968,"渡辺 陽菜","hina.watanabe@example.com","ST01","新規","2026-06-04 15:11:14.833261"
969,"山本 健太","kenta.yamamoto@example.com","ST03","非アクティブ","2026-06-04 15:11:14.833261"
970,"高橋 悠斗","yuto.takahashi@example.com","ST04","退会","2026-06-04 15:11:14.833261"
971,"鈴木 葵","aoi.suzuki@example.com","ST02","アクティブ","2026-06-04 15:11:14.833261"
972,"加藤 拓海","takumi.kato@example.com","ST01","新規","2026-06-04 15:11:14.833261"
973,"中村 美咲","misaki.nakamura@example.com","ST04","退会","2026-06-04 15:11:14.833261"
974,"高橋 大輔","daisuke.takahashi@example.com","ST02","アクティブ","2026-06-04 15:11:14.833261"
975,"吉田 翔","sho.yoshida@example.com","ST01","新規","2026-06-04 15:11:14.833261"
976,"小林 結衣","yui.kobayashi@example.com","ST02","アクティブ","2026-06-04 15:11:14.833261"
977,"山田 大輔","daisuke.yamada@example.com","ST02","アクティブ","2026-06-04 15:11:14.833261"
978,"高橋 悠斗","yuto.takahashi@example.com","ST02","アクティブ","2026-06-04 15:11:14.833261"
979,"田中 蓮","ren.tanaka@example.com","ST01","新規","2026-06-04 15:11:14.833261"
980,"中村 拓海","takumi.nakamura@example.com","ST02","アクティブ","2026-06-04 15:11:14.833261"
981,"田中 彩花","ayaka.tanaka@example.com","ST01","新規","2026-06-04 15:11:14.833261"
982,"山田 翔","sho.yamada@example.com","ST03","非アクティブ","2026-06-04 15:11:14.833261"
983,"渡辺 大輔","daisuke.watanabe@example.com","ST02","アクティブ","2026-06-04 15:11:14.833261"
984,"中村 葵","aoi.nakamura@example.com","ST04","退会","2026-06-04 15:11:14.833261"
985,"山田 葵","aoi.yamada@example.com","ST03","非アクティブ","2026-06-04 15:11:14.833261"
986,"田中 結衣","yui.tanaka@example.com","ST03","非アクティブ","2026-06-04 15:11:14.833261"
987,"佐藤 彩花","ayaka.sato@example.com","ST02","アクティブ","2026-06-04 15:11:14.833261"
988,"吉田 結衣","yui.yoshida@example.com","ST03","非アクティブ","2026-06-04 15:11:14.833261"
989,"山田 健太","kenta.yamada@example.com","ST04","退会","2026-06-04 15:11:14.833261"
990,"田中 彩花","ayaka.tanaka@example.com","ST02","アクティブ","2026-06-04 15:11:14.833261"
991,"山田 大輔","daisuke.yamada@example.com","ST04","退会","2026-06-04 15:11:14.833261"
992,"山田 太郎","taro.yamada@example.com","ST03","非アクティブ","2026-06-04 15:11:14.833261"
993,"中村 大輔","daisuke.nakamura@example.com","ST03","非アクティブ","2026-06-04 15:11:14.833261"
994,"鈴木 翔","sho.suzuki@example.com","ST02","アクティブ","2026-06-04 15:11:14.833261"
995,"渡辺 翔","sho.watanabe@example.com","ST04","退会","2026-06-04 15:11:14.833261"
996,"小林 彩花","ayaka.kobayashi@example.com","ST02","アクティブ","2026-06-04 15:11:14.833261"
997,"山田 健太","kenta.yamada@example.com","ST01","新規","2026-06-04 15:11:14.833261"
998,"山田 陽菜","hina.yamada@example.com","ST02","アクティブ","2026-06-04 15:11:14.833261"
999,"鈴木 健太","kenta.suzuki@example.com","ST01","新規","2026-06-04 15:11:14.833261"
1000,"伊藤 拓海","takumi.ito@example.com","ST01","新規","2026-06-04 15:11:14.833261"
1001,"高橋 太郎","taro.takahashi@example.com","ST03","非アクティブ","2026-06-04 15:11:14.833261"
1002,"鈴木 結衣","yui.suzuki@example.com","ST02","アクティブ","2026-06-04 15:11:14.833261"
1003,"鈴木 大輔","daisuke.suzuki@example.com","ST04","退会","2026-06-04 15:11:14.833261"
1004,"田中 彩花","ayaka.tanaka@example.com","ST02","アクティブ","2026-06-04 15:11:14.833261"
1005,"山本 翔","sho.yamamoto@example.com","ST01","新規","2026-06-04 15:11:14.833261"
1006,"中村 翔","sho.nakamura@example.com","ST04","退会","2026-06-04 15:11:14.833261"
1007,"伊藤 大輔","daisuke.ito@example.com","ST03","非アクティブ","2026-06-04 15:11:14.833261"
1008,"加藤 蓮","ren.kato@example.com","ST04","退会","2026-06-04 15:11:14.833261"
1009,"田中 拓海","takumi.tanaka@example.com","ST01","新規","2026-06-04 15:11:14.833261"
1010,"加藤 健太","kenta.kato@example.com","ST01","新規","2026-06-04 15:11:14.833261"
1011,"山本 翔","sho.yamamoto@example.com","ST04","退会","2026-06-04 15:11:14.833261"
1012,"吉田 大輔","daisuke.yoshida@example.com","ST01","新規","2026-06-04 15:11:14.833261"
1013,"加藤 美咲","misaki.kato@example.com","ST01","新規","2026-06-04 15:11:14.833261"
1014,"鈴木 翔","sho.suzuki@example.com","ST02","アクティブ","2026-06-04 15:11:14.833261"
1015,"小林 健太","kenta.kobayashi@example.com","ST04","退会","2026-06-04 15:11:14.833261"
1016,"山田 健太","kenta.yamada@example.com","ST03","非アクティブ","2026-06-04 15:11:14.833261"
1017,"山田 陽菜","hina.yamada@example.com","ST02","アクティブ","2026-06-04 15:11:14.833261"
1018,"加藤 大輔","daisuke.kato@example.com","ST02","アクティブ","2026-06-04 15:11:14.833261"
1019,"加藤 拓海","takumi.kato@example.com","ST04","退会","2026-06-04 15:11:14.833261"
1020,"田中 葵","aoi.tanaka@example.com","ST03","非アクティブ","2026-06-04 15:11:14.833261"
1021,"山田 葵","aoi.yamada@example.com","ST01","新規","2026-06-04 15:11:14.833261"
1022,"中村 葵","aoi.nakamura@example.com","ST02","アクティブ","2026-06-04 15:11:14.833261"
1023,"伊藤 陽菜","hina.ito@example.com","ST03","非アクティブ","2026-06-04 15:11:14.833261"
1024,"鈴木 悠斗","yuto.suzuki@example.com","ST03","非アクティブ","2026-06-04 15:11:14.833261"
1025,"田中 翔","sho.tanaka@example.com","ST01","新規","2026-06-04 15:11:14.833261"
1026,"田中 葵","aoi.tanaka@example.com","ST02","アクティブ","2026-06-04 15:11:14.833261"
1027,"佐藤 葵","aoi.sato@example.com","ST01","新規","2026-06-04 15:11:14.833261"
1028,"渡辺 健太","kenta.watanabe@example.com","ST02","アクティブ","2026-06-04 15:11:14.833261"
1029,"吉田 彩花","ayaka.yoshida@example.com","ST04","退会","2026-06-04 15:11:14.833261"
1030,"田中 葵","aoi.tanaka@example.com","ST03","非アクティブ","2026-06-04 15:11:14.833261"
1031,"山本 拓海","takumi.yamamoto@example.com","ST04","退会","2026-06-04 15:11:14.833261"
1032,"伊藤 蓮","ren.ito@example.com","ST04","退会","2026-06-04 15:11:14.833261"
1033,"吉田 拓海","takumi.yoshida@example.com","ST03","非アクティブ","2026-06-04 15:11:14.833261"
1034,"佐藤 悠斗","yuto.sato@example.com","ST02","アクティブ","2026-06-04 15:11:14.833261"
1035,"小林 太郎","taro.kobayashi@example.com","ST04","退会","2026-06-04 15:11:14.833261"
1036,"高橋 結衣","yui.takahashi@example.com","ST02","アクティブ","2026-06-04 15:11:14.833261"
1037,"小林 悠斗","yuto.kobayashi@example.com","ST02","アクティブ","2026-06-04 15:11:14.833261"
1038,"中村 大輔","daisuke.nakamura@example.com","ST04","退会","2026-06-04 15:11:14.833261"
1039,"田中 美咲","misaki.tanaka@example.com","ST01","新規","2026-06-04 15:11:14.833261"
1040,"吉田 彩花","ayaka.yoshida@example.com","ST03","非アクティブ","2026-06-04 15:11:14.833261"
1041,"高橋 大輔","daisuke.takahashi@example.com","ST03","非アクティブ","2026-06-04 15:11:14.833261"
1042,"伊藤 陽菜","hina.ito@example.com","ST04","退会","2026-06-04 15:11:14.833261"
1043,"伊藤 大輔","daisuke.ito@example.com","ST02","アクティブ","2026-06-04 15:11:14.833261"
1044,"鈴木 葵","aoi.suzuki@example.com","ST03","非アクティブ","2026-06-04 15:11:14.833261"
1045,"伊藤 美咲","misaki.ito@example.com","ST01","新規","2026-06-04 15:11:14.833261"
1046,"山田 彩花","ayaka.yamada@example.com","ST02","アクティブ","2026-06-04 15:11:14.833261"
1047,"吉田 大輔","daisuke.yoshida@example.com","ST01","新規","2026-06-04 15:11:14.833261"
1048,"田中 悠斗","yuto.tanaka@example.com","ST04","退会","2026-06-04 15:11:14.833261"
1049,"高橋 悠斗","yuto.takahashi@example.com","ST03","非アクティブ","2026-06-04 15:11:14.833261"
1050,"山田 蓮","ren.yamada@example.com","ST02","アクティブ","2026-06-04 15:11:14.833261"
1051,"中村 葵","aoi.nakamura@example.com","ST03","非アクティブ","2026-06-04 15:11:14.833261"
1052,"吉田 太郎","taro.yoshida@example.com","ST03","非アクティブ","2026-06-04 15:11:14.833261"
1053,"高橋 葵","aoi.takahashi@example.com","ST02","アクティブ","2026-06-04 15:11:14.833261"
1054,"伊藤 大輔","daisuke.ito@example.com","ST04","退会","2026-06-04 15:11:14.833261"
1055,"山田 悠斗","yuto.yamada@example.com","ST04","退会","2026-06-04 15:11:14.833261"
1056,"中村 大輔","daisuke.nakamura@example.com","ST03","非アクティブ","2026-06-04 15:11:14.833261"
1057,"中村 蓮","ren.nakamura@example.com","ST02","アクティブ","2026-06-04 15:11:14.833261"
1058,"山本 翔","sho.yamamoto@example.com","ST01","新規","2026-06-04 15:11:14.833261"
1059,"伊藤 陽菜","hina.ito@example.com","ST04","退会","2026-06-04 15:11:14.833261"
1060,"山田 葵","aoi.yamada@example.com","ST04","退会","2026-06-04 15:11:14.833261"
1061,"加藤 彩花","ayaka.kato@example.com","ST04","退会","2026-06-04 15:11:14.833261"
1062,"高橋 美咲","misaki.takahashi@example.com","ST04","退会","2026-06-04 15:11:14.833261"
1063,"山田 大輔","daisuke.yamada@example.com","ST03","非アクティブ","2026-06-04 15:11:14.833261"
1064,"山田 翔","sho.yamada@example.com","ST03","非アクティブ","2026-06-04 15:11:14.833261"
1065,"山本 健太","kenta.yamamoto@example.com","ST01","新規","2026-06-04 15:11:14.833261"
1066,"小林 陽菜","hina.kobayashi@example.com","ST03","非アクティブ","2026-06-04 15:11:14.833261"
1067,"小林 太郎","taro.kobayashi@example.com","ST01","新規","2026-06-04 15:11:14.833261"
1068,"鈴木 翔","sho.suzuki@example.com","ST02","アクティブ","2026-06-04 15:11:14.833261"
1069,"渡辺 拓海","takumi.watanabe@example.com","ST02","アクティブ","2026-06-04 15:11:14.833261"
1070,"佐藤 蓮","ren.sato@example.com","ST01","新規","2026-06-04 15:11:14.833261"
1071,"佐藤 大輔","daisuke.sato@example.com","ST04","退会","2026-06-04 15:11:14.833261"
1072,"渡辺 太郎","taro.watanabe@example.com","ST02","アクティブ","2026-06-04 15:11:14.833261"
1073,"渡辺 太郎","taro.watanabe@example.com","ST03","非アクティブ","2026-06-04 15:11:14.833261"
1074,"佐藤 美咲","misaki.sato@example.com","ST02","アクティブ","2026-06-04 15:11:14.833261"
1075,"高橋 悠斗","yuto.takahashi@example.com","ST01","新規","2026-06-04 15:11:14.833261"
1076,"佐藤 健太","kenta.sato@example.com","ST04","退会","2026-06-04 15:11:14.833261"
1077,"伊藤 彩花","ayaka.ito@example.com","ST01","新規","2026-06-04 15:11:14.833261"
1078,"山本 彩花","ayaka.yamamoto@example.com","ST03","非アクティブ","2026-06-04 15:11:14.833261"
1079,"高橋 葵","aoi.takahashi@example.com","ST01","新規","2026-06-04 15:11:14.833261"
1080,"田中 結衣","yui.tanaka@example.com","ST02","アクティブ","2026-06-04 15:11:14.833261"
1081,"田中 太郎","taro.tanaka@example.com","ST02","アクティブ","2026-06-04 15:11:14.833261"
1082,"加藤 陽菜","hina.kato@example.com","ST04","退会","2026-06-04 15:11:14.833261"
1083,"吉田 蓮","ren.yoshida@example.com","ST01","新規","2026-06-04 15:11:14.833261"
1084,"伊藤 大輔","daisuke.ito@example.com","ST04","退会","2026-06-04 15:11:14.833261"
1085,"鈴木 健太","kenta.suzuki@example.com","ST02","アクティブ","2026-06-04 15:11:14.833261"
1086,"鈴木 大輔","daisuke.suzuki@example.com","ST04","退会","2026-06-04 15:11:14.833261"
1087,"中村 美咲","misaki.nakamura@example.com","ST04","退会","2026-06-04 15:11:14.833261"
1088,"中村 翔","sho.nakamura@example.com","ST03","非アクティブ","2026-06-04 15:11:14.833261"
1089,"渡辺 翔","sho.watanabe@example.com","ST01","新規","2026-06-04 15:11:14.833261"
1090,"吉田 拓海","takumi.yoshida@example.com","ST04","退会","2026-06-04 15:11:14.833261"
1091,"中村 太郎","taro.nakamura@example.com","ST02","アクティブ","2026-06-04 15:11:14.833261"
1092,"伊藤 陽菜","hina.ito@example.com","ST03","非アクティブ","2026-06-04 15:11:14.833261"
1093,"山田 葵","aoi.yamada@example.com","ST02","アクティブ","2026-06-04 15:11:14.833261"
1094,"佐藤 葵","aoi.sato@example.com","ST03","非アクティブ","2026-06-04 15:11:14.833261"
1095,"渡辺 大輔","daisuke.watanabe@example.com","ST03","非アクティブ","2026-06-04 15:11:14.833261"
1096,"中村 悠斗","yuto.nakamura@example.com","ST04","退会","2026-06-04 15:11:14.833261"
1097,"鈴木 翔","sho.suzuki@example.com","ST02","アクティブ","2026-06-04 15:11:14.833261"
1098,"吉田 太郎","taro.yoshida@example.com","ST01","新規","2026-06-04 15:11:14.833261"
1099,"山田 拓海","takumi.yamada@example.com","ST03","非アクティブ","2026-06-04 15:11:14.833261"
1100,"田中 結衣","yui.tanaka@example.com","ST01","新規","2026-06-04 15:11:14.833261"
1101,"田中 美咲","misaki.tanaka@example.com","ST01","新規","2026-06-04 15:11:14.833261"
1102,"加藤 彩花","ayaka.kato@example.com","ST01","新規","2026-06-04 15:11:14.833261"
1103,"小林 翔","sho.kobayashi@example.com","ST03","非アクティブ","2026-06-04 15:11:14.833261"
1104,"渡辺 陽菜","hina.watanabe@example.com","ST01","新規","2026-06-04 15:11:14.833261"
1105,"鈴木 翔","sho.suzuki@example.com","ST02","アクティブ","2026-06-04 15:11:14.833261"
1106,"中村 大輔","daisuke.nakamura@example.com","ST04","退会","2026-06-04 15:11:14.833261"
1107,"山田 拓海","takumi.yamada@example.com","ST04","退会","2026-06-04 15:11:14.833261"
1108,"伊藤 拓海","takumi.ito@example.com","ST03","非アクティブ","2026-06-04 15:11:14.833261"
1109,"渡辺 彩花","ayaka.watanabe@example.com","ST02","アクティブ","2026-06-04 15:11:14.833261"
1110,"山田 蓮","ren.yamada@example.com","ST04","退会","2026-06-04 15:11:14.833261"
1111,"佐藤 陽菜","hina.sato@example.com","ST01","新規","2026-06-04 15:11:14.833261"
1112,"渡辺 葵","aoi.watanabe@example.com","ST01","新規","2026-06-04 15:11:14.833261"
1113,"渡辺 彩花","ayaka.watanabe@example.com","ST01","新規","2026-06-04 15:11:14.833261"
1114,"小林 陽菜","hina.kobayashi@example.com","ST01","新規","2026-06-04 15:11:14.833261"
1115,"鈴木 蓮","ren.suzuki@example.com","ST04","退会","2026-06-04 15:11:14.833261"
1116,"山田 太郎","taro.yamada@example.com","ST02","アクティブ","2026-06-04 15:11:14.833261"
1117,"山田 太郎","taro.yamada@example.com","ST03","非アクティブ","2026-06-04 15:11:14.833261"
1118,"渡辺 悠斗","yuto.watanabe@example.com","ST04","退会","2026-06-04 15:11:14.833261"
1119,"渡辺 健太","kenta.watanabe@example.com","ST03","非アクティブ","2026-06-04 15:11:14.833261"
1120,"山本 彩花","ayaka.yamamoto@example.com","ST04","退会","2026-06-04 15:11:14.833261"
1121,"伊藤 悠斗","yuto.ito@example.com","ST04","退会","2026-06-04 15:11:14.833261"
1122,"高橋 大輔","daisuke.takahashi@example.com","ST04","退会","2026-06-04 15:11:14.833261"
1123,"吉田 陽菜","hina.yoshida@example.com","ST02","アクティブ","2026-06-04 15:11:14.833261"
1124,"佐藤 健太","kenta.sato@example.com","ST01","新規","2026-06-04 15:11:14.833261"
1125,"伊藤 葵","aoi.ito@example.com","ST01","新規","2026-06-04 15:11:14.833261"
1126,"中村 蓮","ren.nakamura@example.com","ST03","非アクティブ","2026-06-04 15:11:14.833261"
1127,"鈴木 悠斗","yuto.suzuki@example.com","ST04","退会","2026-06-04 15:11:14.833261"
1128,"鈴木 結衣","yui.suzuki@example.com","ST02","アクティブ","2026-06-04 15:11:14.833261"
1129,"加藤 彩花","ayaka.kato@example.com","ST04","退会","2026-06-04 15:11:14.833261"
1130,"高橋 美咲","misaki.takahashi@example.com","ST03","非アクティブ","2026-06-04 15:11:14.833261"
1131,"加藤 拓海","takumi.kato@example.com","ST02","アクティブ","2026-06-04 15:11:14.833261"
1132,"加藤 結衣","yui.kato@example.com","ST03","非アクティブ","2026-06-04 15:11:14.833261"
1133,"伊藤 拓海","takumi.ito@example.com","ST04","退会","2026-06-04 15:11:14.833261"
1134,"小林 彩花","ayaka.kobayashi@example.com","ST01","新規","2026-06-04 15:11:14.833261"
1135,"鈴木 拓海","takumi.suzuki@example.com","ST01","新規","2026-06-04 15:11:14.833261"
1136,"中村 拓海","takumi.nakamura@example.com","ST01","新規","2026-06-04 15:11:14.833261"
1137,"加藤 結衣","yui.kato@example.com","ST01","新規","2026-06-04 15:11:14.833261"
1138,"田中 葵","aoi.tanaka@example.com","ST04","退会","2026-06-04 15:11:14.833261"
1139,"小林 太郎","taro.kobayashi@example.com","ST02","アクティブ","2026-06-04 15:11:14.833261"
1140,"山田 彩花","ayaka.yamada@example.com","ST01","新規","2026-06-04 15:11:14.833261"
1141,"田中 大輔","daisuke.tanaka@example.com","ST02","アクティブ","2026-06-04 15:11:14.833261"
1142,"田中 健太","kenta.tanaka@example.com","ST04","退会","2026-06-04 15:11:14.833261"
1143,"伊藤 悠斗","yuto.ito@example.com","ST04","退会","2026-06-04 15:11:14.833261"
1144,"高橋 健太","kenta.takahashi@example.com","ST04","退会","2026-06-04 15:11:14.833261"
1145,"吉田 悠斗","yuto.yoshida@example.com","ST04","退会","2026-06-04 15:11:14.833261"
1146,"山本 太郎","taro.yamamoto@example.com","ST04","退会","2026-06-04 15:11:14.833261"
1147,"佐藤 陽菜","hina.sato@example.com","ST04","退会","2026-06-04 15:11:14.833261"
1148,"高橋 拓海","takumi.takahashi@example.com","ST04","退会","2026-06-04 15:11:14.833261"
1149,"渡辺 蓮","ren.watanabe@example.com","ST03","非アクティブ","2026-06-04 15:11:14.833261"
1150,"山田 大輔","daisuke.yamada@example.com","ST03","非アクティブ","2026-06-04 15:11:14.833261"
1151,"高橋 葵","aoi.takahashi@example.com","ST04","退会","2026-06-04 15:11:14.833261"
1152,"伊藤 蓮","ren.ito@example.com","ST01","新規","2026-06-04 15:11:14.833261"
1153,"高橋 悠斗","yuto.takahashi@example.com","ST02","アクティブ","2026-06-04 15:11:14.833261"
1154,"山田 蓮","ren.yamada@example.com","ST01","新規","2026-06-04 15:11:14.833261"
1155,"山本 大輔","daisuke.yamamoto@example.com","ST02","アクティブ","2026-06-04 15:11:14.833261"
1156,"加藤 太郎","taro.kato@example.com","ST03","非アクティブ","2026-06-04 15:11:14.833261"
1157,"佐藤 大輔","daisuke.sato@example.com","ST01","新規","2026-06-04 15:11:14.833261"
1158,"山田 蓮","ren.yamada@example.com","ST03","非アクティブ","2026-06-04 15:11:14.833261"
1159,"伊藤 陽菜","hina.ito@example.com","ST03","非アクティブ","2026-06-04 15:11:14.833261"
1160,"田中 悠斗","yuto.tanaka@example.com","ST03","非アクティブ","2026-06-04 15:11:14.833261"
1161,"渡辺 陽菜","hina.watanabe@example.com","ST02","アクティブ","2026-06-04 15:11:14.833261"
1162,"吉田 太郎","taro.yoshida@example.com","ST01","新規","2026-06-04 15:11:14.833261"
1163,"田中 拓海","takumi.tanaka@example.com","ST02","アクティブ","2026-06-04 15:11:14.833261"
1164,"小林 大輔","daisuke.kobayashi@example.com","ST02","アクティブ","2026-06-04 15:11:14.833261"
1165,"高橋 彩花","ayaka.takahashi@example.com","ST03","非アクティブ","2026-06-04 15:11:14.833261"
1166,"鈴木 健太","kenta.suzuki@example.com","ST02","アクティブ","2026-06-04 15:11:14.833261"
1167,"山本 悠斗","yuto.yamamoto@example.com","ST02","アクティブ","2026-06-04 15:11:14.833261"
1168,"山田 結衣","yui.yamada@example.com","ST02","アクティブ","2026-06-04 15:11:14.833261"
1169,"鈴木 陽菜","hina.suzuki@example.com","ST01","新規","2026-06-04 15:11:14.833261"
1170,"中村 結衣","yui.nakamura@example.com","ST01","新規","2026-06-04 15:11:14.833261"
1171,"山本 大輔","daisuke.yamamoto@example.com","ST01","新規","2026-06-04 15:11:14.833261"
1172,"高橋 結衣","yui.takahashi@example.com","ST01","新規","2026-06-04 15:11:14.833261"
1173,"佐藤 結衣","yui.sato@example.com","ST02","アクティブ","2026-06-04 15:11:14.833261"
1174,"吉田 大輔","daisuke.yoshida@example.com","ST04","退会","2026-06-04 15:11:14.833261"
1175,"田中 翔","sho.tanaka@example.com","ST03","非アクティブ","2026-06-04 15:11:14.833261"
1176,"吉田 彩花","ayaka.yoshida@example.com","ST04","退会","2026-06-04 15:11:14.833261"
1177,"鈴木 大輔","daisuke.suzuki@example.com","ST02","アクティブ","2026-06-04 15:11:14.833261"
1178,"中村 拓海","takumi.nakamura@example.com","ST03","非アクティブ","2026-06-04 15:11:14.833261"
1179,"高橋 陽菜","hina.takahashi@example.com","ST01","新規","2026-06-04 15:11:14.833261"
1180,"山本 結衣","yui.yamamoto@example.com","ST03","非アクティブ","2026-06-04 15:11:14.833261"
1181,"中村 葵","aoi.nakamura@example.com","ST02","アクティブ","2026-06-04 15:11:14.833261"
1182,"田中 蓮","ren.tanaka@example.com","ST02","アクティブ","2026-06-04 15:11:14.833261"
1183,"小林 太郎","taro.kobayashi@example.com","ST03","非アクティブ","2026-06-04 15:11:14.833261"
1184,"高橋 健太","kenta.takahashi@example.com","ST02","アクティブ","2026-06-04 15:11:14.833261"
1185,"佐藤 健太","kenta.sato@example.com","ST01","新規","2026-06-04 15:11:14.833261"
1186,"山田 拓海","takumi.yamada@example.com","ST03","非アクティブ","2026-06-04 15:11:14.833261"
1187,"小林 大輔","daisuke.kobayashi@example.com","ST04","退会","2026-06-04 15:11:14.833261"
1188,"佐藤 美咲","misaki.sato@example.com","ST03","非アクティブ","2026-06-04 15:11:14.833261"
1189,"鈴木 翔","sho.suzuki@example.com","ST02","アクティブ","2026-06-04 15:11:14.833261"
1190,"吉田 翔","sho.yoshida@example.com","ST03","非アクティブ","2026-06-04 15:11:14.833261"
1191,"伊藤 美咲","misaki.ito@example.com","ST02","アクティブ","2026-06-04 15:11:14.833261"
1192,"渡辺 大輔","daisuke.watanabe@example.com","ST02","アクティブ","2026-06-04 15:11:14.833261"
1193,"佐藤 蓮","ren.sato@example.com","ST03","非アクティブ","2026-06-04 15:11:14.833261"
1194,"山田 葵","aoi.yamada@example.com","ST03","非アクティブ","2026-06-04 15:11:14.833261"
1195,"中村 結衣","yui.nakamura@example.com","ST01","新規","2026-06-04 15:11:14.833261"
1196,"吉田 陽菜","hina.yoshida@example.com","ST02","アクティブ","2026-06-04 15:11:14.833261"
1197,"渡辺 葵","aoi.watanabe@example.com","ST03","非アクティブ","2026-06-04 15:11:14.833261"
1198,"中村 蓮","ren.nakamura@example.com","ST04","退会","2026-06-04 15:11:14.833261"
1199,"高橋 悠斗","yuto.takahashi@example.com","ST04","退会","2026-06-04 15:11:14.833261"
1200,"吉田 翔","sho.yoshida@example.com","ST03","非アクティブ","2026-06-04 15:11:14.833261"
1201,"加藤 翔","sho.kato@example.com","ST04","退会","2026-06-04 15:11:14.833261"
1202,"中村 翔","sho.nakamura@example.com","ST03","非アクティブ","2026-06-04 15:11:14.833261"
1203,"加藤 陽菜","hina.kato@example.com","ST01","新規","2026-06-04 15:11:14.833261"
1204,"中村 陽菜","hina.nakamura@example.com","ST03","非アクティブ","2026-06-04 15:11:14.833261"
1205,"中村 蓮","ren.nakamura@example.com","ST03","非アクティブ","2026-06-04 15:11:14.833261"
1206,"小林 美咲","misaki.kobayashi@example.com","ST01","新規","2026-06-04 15:11:14.833261"
1207,"田中 大輔","daisuke.tanaka@example.com","ST02","アクティブ","2026-06-04 15:11:14.833261"
1208,"田中 太郎","taro.tanaka@example.com","ST04","退会","2026-06-04 15:11:14.833261"
1209,"中村 太郎","taro.nakamura@example.com","ST03","非アクティブ","2026-06-04 15:11:14.833261"
1210,"伊藤 美咲","misaki.ito@example.com","ST02","アクティブ","2026-06-04 15:11:14.833261"
1211,"佐藤 大輔","daisuke.sato@example.com","ST01","新規","2026-06-04 15:11:14.833261"
1212,"田中 大輔","daisuke.tanaka@example.com","ST03","非アクティブ","2026-06-04 15:11:14.833261"
1213,"佐藤 蓮","ren.sato@example.com","ST02","アクティブ","2026-06-04 15:11:14.833261"
1214,"吉田 翔","sho.yoshida@example.com","ST02","アクティブ","2026-06-04 15:11:14.833261"
1215,"小林 彩花","ayaka.kobayashi@example.com","ST02","アクティブ","2026-06-04 15:11:14.833261"
1216,"高橋 蓮","ren.takahashi@example.com","ST01","新規","2026-06-04 15:11:14.833261"
1217,"鈴木 葵","aoi.suzuki@example.com","ST03","非アクティブ","2026-06-04 15:11:14.833261"
1218,"鈴木 翔","sho.suzuki@example.com","ST02","アクティブ","2026-06-04 15:11:14.833261"
1219,"小林 翔","sho.kobayashi@example.com","ST03","非アクティブ","2026-06-04 15:11:14.833261"
1220,"山田 拓海","takumi.yamada@example.com","ST03","非アクティブ","2026-06-04 15:11:14.833261"
1221,"渡辺 大輔","daisuke.watanabe@example.com","ST03","非アクティブ","2026-06-04 15:11:14.833261"
1222,"伊藤 大輔","daisuke.ito@example.com","ST01","新規","2026-06-04 15:11:14.833261"
1223,"小林 悠斗","yuto.kobayashi@example.com","ST01","新規","2026-06-04 15:11:14.833261"
1224,"高橋 翔","sho.takahashi@example.com","ST03","非アクティブ","2026-06-04 15:11:14.833261"
1225,"吉田 太郎","taro.yoshida@example.com","ST04","退会","2026-06-04 15:11:14.833261"
1226,"鈴木 健太","kenta.suzuki@example.com","ST03","非アクティブ","2026-06-04 15:11:14.833261"
1227,"加藤 翔","sho.kato@example.com","ST03","非アクティブ","2026-06-04 15:11:14.833261"
1228,"伊藤 翔","sho.ito@example.com","ST02","アクティブ","2026-06-04 15:11:14.833261"
1229,"小林 大輔","daisuke.kobayashi@example.com","ST03","非アクティブ","2026-06-04 15:11:14.833261"
1230,"中村 翔","sho.nakamura@example.com","ST02","アクティブ","2026-06-04 15:11:14.833261"
1231,"吉田 葵","aoi.yoshida@example.com","ST04","退会","2026-06-04 15:11:14.833261"
1232,"伊藤 健太","kenta.ito@example.com","ST01","新規","2026-06-04 15:11:14.833261"
1233,"吉田 翔","sho.yoshida@example.com","ST03","非アクティブ","2026-06-04 15:11:14.833261"
1234,"田中 翔","sho.tanaka@example.com","ST02","アクティブ","2026-06-04 15:11:14.833261"
1235,"渡辺 拓海","takumi.watanabe@example.com","ST03","非アクティブ","2026-06-04 15:11:14.833261"
1236,"佐藤 翔","sho.sato@example.com","ST02","アクティブ","2026-06-04 15:11:14.833261"
1237,"佐藤 結衣","yui.sato@example.com","ST04","退会","2026-06-04 15:11:14.833261"
1238,"渡辺 彩花","ayaka.watanabe@example.com","ST01","新規","2026-06-04 15:11:14.833261"
1239,"鈴木 結衣","yui.suzuki@example.com","ST03","非アクティブ","2026-06-04 15:11:14.833261"
1240,"中村 美咲","misaki.nakamura@example.com","ST02","アクティブ","2026-06-04 15:11:14.833261"
1241,"高橋 健太","kenta.takahashi@example.com","ST01","新規","2026-06-04 15:11:14.833261"
1242,"山本 大輔","daisuke.yamamoto@example.com","ST02","アクティブ","2026-06-04 15:11:14.833261"
1243,"加藤 健太","kenta.kato@example.com","ST01","新規","2026-06-04 15:11:14.833261"
1244,"鈴木 蓮","ren.suzuki@example.com","ST04","退会","2026-06-04 15:11:14.833261"
1245,"渡辺 太郎","taro.watanabe@example.com","ST02","アクティブ","2026-06-04 15:11:14.833261"
1246,"加藤 悠斗","yuto.kato@example.com","ST02","アクティブ","2026-06-04 15:11:14.833261"
1247,"山本 太郎","taro.yamamoto@example.com","ST04","退会","2026-06-04 15:11:14.833261"
1248,"山田 蓮","ren.yamada@example.com","ST04","退会","2026-06-04 15:11:14.833261"
1249,"田中 陽菜","hina.tanaka@example.com","ST04","退会","2026-06-04 15:11:14.833261"
1250,"鈴木 悠斗","yuto.suzuki@example.com","ST02","アクティブ","2026-06-04 15:11:14.833261"
1251,"加藤 蓮","ren.kato@example.com","ST03","非アクティブ","2026-06-04 15:11:14.833261"
1252,"佐藤 葵","aoi.sato@example.com","ST02","アクティブ","2026-06-04 15:11:14.833261"
1253,"佐藤 葵","aoi.sato@example.com","ST04","退会","2026-06-04 15:11:14.833261"
1254,"吉田 美咲","misaki.yoshida@example.com","ST04","退会","2026-06-04 15:11:14.833261"
1255,"山田 拓海","takumi.yamada@example.com","ST01","新規","2026-06-04 15:11:14.833261"
1256,"山本 葵","aoi.yamamoto@example.com","ST03","非アクティブ","2026-06-04 15:11:14.833261"
1257,"高橋 陽菜","hina.takahashi@example.com","ST02","アクティブ","2026-06-04 15:11:14.833261"
1258,"鈴木 彩花","ayaka.suzuki@example.com","ST02","アクティブ","2026-06-04 15:11:14.833261"
1259,"小林 悠斗","yuto.kobayashi@example.com","ST02","アクティブ","2026-06-04 15:11:14.833261"
1260,"吉田 蓮","ren.yoshida@example.com","ST01","新規","2026-06-04 15:11:14.833261"
1261,"中村 健太","kenta.nakamura@example.com","ST01","新規","2026-06-04 15:11:14.833261"
1262,"山田 太郎","taro.yamada@example.com","ST02","アクティブ","2026-06-04 15:11:14.833261"
1263,"高橋 彩花","ayaka.takahashi@example.com","ST02","アクティブ","2026-06-04 15:11:14.833261"
1264,"小林 彩花","ayaka.kobayashi@example.com","ST03","非アクティブ","2026-06-04 15:11:14.833261"
1265,"佐藤 陽菜","hina.sato@example.com","ST04","退会","2026-06-04 15:11:14.833261"
1266,"吉田 悠斗","yuto.yoshida@example.com","ST03","非アクティブ","2026-06-04 15:11:14.833261"
1267,"佐藤 翔","sho.sato@example.com","ST03","非アクティブ","2026-06-04 15:11:14.833261"
1268,"渡辺 彩花","ayaka.watanabe@example.com","ST04","退会","2026-06-04 15:11:14.833261"
1269,"小林 悠斗","yuto.kobayashi@example.com","ST01","新規","2026-06-04 15:11:14.833261"
1270,"山本 結衣","yui.yamamoto@example.com","ST02","アクティブ","2026-06-04 15:11:14.833261"
1271,"渡辺 翔","sho.watanabe@example.com","ST01","新規","2026-06-04 15:11:14.833261"
1272,"山田 彩花","ayaka.yamada@example.com","ST02","アクティブ","2026-06-04 15:11:14.833261"
1273,"鈴木 健太","kenta.suzuki@example.com","ST02","アクティブ","2026-06-04 15:11:14.833261"
1274,"吉田 葵","aoi.yoshida@example.com","ST01","新規","2026-06-04 15:11:14.833261"
1275,"加藤 美咲","misaki.kato@example.com","ST01","新規","2026-06-04 15:11:14.833261"
1276,"山本 大輔","daisuke.yamamoto@example.com","ST04","退会","2026-06-04 15:11:14.833261"
1277,"佐藤 結衣","yui.sato@example.com","ST01","新規","2026-06-04 15:11:14.833261"
1278,"吉田 大輔","daisuke.yoshida@example.com","ST04","退会","2026-06-04 15:11:14.833261"
1279,"佐藤 彩花","ayaka.sato@example.com","ST03","非アクティブ","2026-06-04 15:11:14.833261"
1280,"伊藤 健太","kenta.ito@example.com","ST03","非アクティブ","2026-06-04 15:11:14.833261"
1281,"小林 悠斗","yuto.kobayashi@example.com","ST03","非アクティブ","2026-06-04 15:11:14.833261"
1282,"加藤 太郎","taro.kato@example.com","ST02","アクティブ","2026-06-04 15:11:14.833261"
1283,"加藤 結衣","yui.kato@example.com","ST02","アクティブ","2026-06-04 15:11:14.833261"
1284,"山田 拓海","takumi.yamada@example.com","ST04","退会","2026-06-04 15:11:14.833261"
1285,"小林 陽菜","hina.kobayashi@example.com","ST01","新規","2026-06-04 15:11:14.833261"
1286,"渡辺 太郎","taro.watanabe@example.com","ST04","退会","2026-06-04 15:11:14.833261"
1287,"吉田 美咲","misaki.yoshida@example.com","ST03","非アクティブ","2026-06-04 15:11:14.833261"
1288,"高橋 健太","kenta.takahashi@example.com","ST04","退会","2026-06-04 15:11:14.833261"
1289,"加藤 陽菜","hina.kato@example.com","ST04","退会","2026-06-04 15:11:14.833261"
1290,"加藤 健太","kenta.kato@example.com","ST04","退会","2026-06-04 15:11:14.833261"
1291,"山本 結衣","yui.yamamoto@example.com","ST02","アクティブ","2026-06-04 15:11:14.833261"
1292,"伊藤 彩花","ayaka.ito@example.com","ST02","アクティブ","2026-06-04 15:11:14.833261"
1293,"吉田 蓮","ren.yoshida@example.com","ST02","アクティブ","2026-06-04 15:11:14.833261"
1294,"伊藤 陽菜","hina.ito@example.com","ST01","新規","2026-06-04 15:11:14.833261"
1295,"山本 太郎","taro.yamamoto@example.com","ST04","退会","2026-06-04 15:11:14.833261"
1296,"山本 健太","kenta.yamamoto@example.com","ST02","アクティブ","2026-06-04 15:11:14.833261"
1297,"伊藤 陽菜","hina.ito@example.com","ST04","退会","2026-06-04 15:11:14.833261"
1298,"鈴木 翔","sho.suzuki@example.com","ST03","非アクティブ","2026-06-04 15:11:14.833261"
1299,"佐藤 蓮","ren.sato@example.com","ST01","新規","2026-06-04 15:11:14.833261"
1300,"小林 大輔","daisuke.kobayashi@example.com","ST02","アクティブ","2026-06-04 15:11:14.833261"
1301,"高橋 彩花","ayaka.takahashi@example.com","ST02","アクティブ","2026-06-04 15:11:14.833261"
1302,"中村 拓海","takumi.nakamura@example.com","ST04","退会","2026-06-04 15:11:14.833261"
1303,"小林 拓海","takumi.kobayashi@example.com","ST01","新規","2026-06-04 15:11:14.833261"
1304,"山田 太郎","taro.yamada@example.com","ST01","新規","2026-06-04 15:11:14.833261"
1305,"田中 太郎","taro.tanaka@example.com","ST01","新規","2026-06-04 15:11:14.833261"
1306,"小林 大輔","daisuke.kobayashi@example.com","ST01","新規","2026-06-04 15:11:14.833261"
1307,"鈴木 美咲","misaki.suzuki@example.com","ST04","退会","2026-06-04 15:11:14.833261"
1308,"中村 彩花","ayaka.nakamura@example.com","ST01","新規","2026-06-04 15:11:14.833261"
1309,"高橋 陽菜","hina.takahashi@example.com","ST04","退会","2026-06-04 15:11:14.833261"
1310,"山田 葵","aoi.yamada@example.com","ST01","新規","2026-06-04 15:11:14.833261"
1311,"山本 大輔","daisuke.yamamoto@example.com","ST02","アクティブ","2026-06-04 15:11:14.833261"
1312,"伊藤 結衣","yui.ito@example.com","ST02","アクティブ","2026-06-04 15:11:14.833261"
1313,"吉田 蓮","ren.yoshida@example.com","ST03","非アクティブ","2026-06-04 15:11:14.833261"
1314,"高橋 結衣","yui.takahashi@example.com","ST04","退会","2026-06-04 15:11:14.833261"
1315,"伊藤 彩花","ayaka.ito@example.com","ST04","退会","2026-06-04 15:11:14.833261"
1316,"山本 結衣","yui.yamamoto@example.com","ST01","新規","2026-06-04 15:11:14.833261"
1317,"山本 陽菜","hina.yamamoto@example.com","ST03","非アクティブ","2026-06-04 15:11:14.833261"
1318,"渡辺 大輔","daisuke.watanabe@example.com","ST02","アクティブ","2026-06-04 15:11:14.833261"
1319,"加藤 彩花","ayaka.kato@example.com","ST03","非アクティブ","2026-06-04 15:11:14.833261"
1320,"中村 大輔","daisuke.nakamura@example.com","ST03","非アクティブ","2026-06-04 15:11:14.833261"
1321,"加藤 陽菜","hina.kato@example.com","ST03","非アクティブ","2026-06-04 15:11:14.833261"
1322,"小林 葵","aoi.kobayashi@example.com","ST03","非アクティブ","2026-06-04 15:11:14.833261"
1323,"山本 健太","kenta.yamamoto@example.com","ST02","アクティブ","2026-06-04 15:11:14.833261"
1324,"中村 葵","aoi.nakamura@example.com","ST04","退会","2026-06-04 15:11:14.833261"
1325,"小林 陽菜","hina.kobayashi@example.com","ST03","非アクティブ","2026-06-04 15:11:14.833261"
1326,"高橋 健太","kenta.takahashi@example.com","ST02","アクティブ","2026-06-04 15:11:14.833261"
1327,"佐藤 彩花","ayaka.sato@example.com","ST04","退会","2026-06-04 15:11:14.833261"
1328,"渡辺 悠斗","yuto.watanabe@example.com","ST04","退会","2026-06-04 15:11:14.833261"
1329,"佐藤 太郎","taro.sato@example.com","ST01","新規","2026-06-04 15:11:14.833261"
1330,"高橋 翔","sho.takahashi@example.com","ST02","アクティブ","2026-06-04 15:11:14.833261"
1331,"高橋 美咲","misaki.takahashi@example.com","ST01","新規","2026-06-04 15:11:14.833261"
1332,"吉田 健太","kenta.yoshida@example.com","ST01","新規","2026-06-04 15:11:14.833261"
1333,"中村 健太","kenta.nakamura@example.com","ST04","退会","2026-06-04 15:11:14.833261"
1334,"吉田 太郎","taro.yoshida@example.com","ST04","退会","2026-06-04 15:11:14.833261"
1335,"加藤 彩花","ayaka.kato@example.com","ST02","アクティブ","2026-06-04 15:11:14.833261"
1336,"吉田 健太","kenta.yoshida@example.com","ST04","退会","2026-06-04 15:11:14.833261"
1337,"渡辺 太郎","taro.watanabe@example.com","ST03","非アクティブ","2026-06-04 15:11:14.833261"
1338,"佐藤 陽菜","hina.sato@example.com","ST03","非アクティブ","2026-06-04 15:11:14.833261"
1339,"渡辺 悠斗","yuto.watanabe@example.com","ST03","非アクティブ","2026-06-04 15:11:14.833261"
1340,"中村 蓮","ren.nakamura@example.com","ST01","新規","2026-06-04 15:11:14.833261"
1341,"小林 拓海","takumi.kobayashi@example.com","ST04","退会","2026-06-04 15:11:14.833261"
1342,"山田 悠斗","yuto.yamada@example.com","ST02","アクティブ","2026-06-04 15:11:14.833261"
1343,"小林 健太","kenta.kobayashi@example.com","ST02","アクティブ","2026-06-04 15:11:14.833261"
1344,"伊藤 翔","sho.ito@example.com","ST04","退会","2026-06-04 15:11:14.833261"
1345,"田中 健太","kenta.tanaka@example.com","ST03","非アクティブ","2026-06-04 15:11:14.833261"
1346,"加藤 蓮","ren.kato@example.com","ST03","非アクティブ","2026-06-04 15:11:14.833261"
1347,"小林 結衣","yui.kobayashi@example.com","ST04","退会","2026-06-04 15:11:14.833261"
1348,"吉田 健太","kenta.yoshida@example.com","ST03","非アクティブ","2026-06-04 15:11:14.833261"
1349,"吉田 大輔","daisuke.yoshida@example.com","ST01","新規","2026-06-04 15:11:14.833261"
1350,"鈴木 翔","sho.suzuki@example.com","ST02","アクティブ","2026-06-04 15:11:14.833261"
1351,"鈴木 健太","kenta.suzuki@example.com","ST01","新規","2026-06-04 15:11:14.833261"
1352,"小林 大輔","daisuke.kobayashi@example.com","ST03","非アクティブ","2026-06-04 15:11:14.833261"
1353,"佐藤 太郎","taro.sato@example.com","ST02","アクティブ","2026-06-04 15:11:14.833261"
1354,"佐藤 太郎","taro.sato@example.com","ST04","退会","2026-06-04 15:11:14.833261"
1355,"小林 健太","kenta.kobayashi@example.com","ST02","アクティブ","2026-06-04 15:11:14.833261"
1356,"加藤 彩花","ayaka.kato@example.com","ST03","非アクティブ","2026-06-04 15:11:14.833261"
1357,"佐藤 彩花","ayaka.sato@example.com","ST04","退会","2026-06-04 15:11:14.833261"
1358,"渡辺 葵","aoi.watanabe@example.com","ST04","退会","2026-06-04 15:11:14.833261"
1359,"中村 太郎","taro.nakamura@example.com","ST04","退会","2026-06-04 15:11:14.833261"
1360,"山本 美咲","misaki.yamamoto@example.com","ST02","アクティブ","2026-06-04 15:11:14.833261"
1361,"伊藤 蓮","ren.ito@example.com","ST04","退会","2026-06-04 15:11:14.833261"
1362,"山田 大輔","daisuke.yamada@example.com","ST04","退会","2026-06-04 15:11:14.833261"
1363,"加藤 悠斗","yuto.kato@example.com","ST04","退会","2026-06-04 15:11:14.833261"
1364,"田中 葵","aoi.tanaka@example.com","ST02","アクティブ","2026-06-04 15:11:14.833261"
1365,"高橋 結衣","yui.takahashi@example.com","ST02","アクティブ","2026-06-04 15:11:14.833261"
1366,"吉田 太郎","taro.yoshida@example.com","ST02","アクティブ","2026-06-04 15:11:14.833261"
1367,"中村 大輔","daisuke.nakamura@example.com","ST03","非アクティブ","2026-06-04 15:11:14.833261"
1368,"吉田 翔","sho.yoshida@example.com","ST04","退会","2026-06-04 15:11:14.833261"
1369,"佐藤 大輔","daisuke.sato@example.com","ST04","退会","2026-06-04 15:11:14.833261"
1370,"田中 彩花","ayaka.tanaka@example.com","ST01","新規","2026-06-04 15:11:14.833261"
1371,"渡辺 美咲","misaki.watanabe@example.com","ST02","アクティブ","2026-06-04 15:11:14.833261"
1372,"渡辺 太郎","taro.watanabe@example.com","ST02","アクティブ","2026-06-04 15:11:14.833261"
1373,"渡辺 美咲","misaki.watanabe@example.com","ST04","退会","2026-06-04 15:11:14.833261"
1374,"渡辺 葵","aoi.watanabe@example.com","ST02","アクティブ","2026-06-04 15:11:14.833261"
1375,"山田 翔","sho.yamada@example.com","ST01","新規","2026-06-04 15:11:14.833261"
1376,"加藤 翔","sho.kato@example.com","ST03","非アクティブ","2026-06-04 15:11:14.833261"
1377,"山本 悠斗","yuto.yamamoto@example.com","ST04","退会","2026-06-04 15:11:14.833261"
1378,"山田 太郎","taro.yamada@example.com","ST03","非アクティブ","2026-06-04 15:11:14.833261"
1379,"山本 拓海","takumi.yamamoto@example.com","ST01","新規","2026-06-04 15:11:14.833261"
1380,"山本 太郎","taro.yamamoto@example.com","ST04","退会","2026-06-04 15:11:14.833261"
1381,"渡辺 陽菜","hina.watanabe@example.com","ST03","非アクティブ","2026-06-04 15:11:14.833261"
1382,"渡辺 健太","kenta.watanabe@example.com","ST04","退会","2026-06-04 15:11:14.833261"
1383,"小林 彩花","ayaka.kobayashi@example.com","ST01","新規","2026-06-04 15:11:14.833261"
1384,"山本 葵","aoi.yamamoto@example.com","ST01","新規","2026-06-04 15:11:14.833261"
1385,"高橋 大輔","daisuke.takahashi@example.com","ST01","新規","2026-06-04 15:11:14.833261"
1386,"鈴木 健太","kenta.suzuki@example.com","ST02","アクティブ","2026-06-04 15:11:14.833261"
1387,"鈴木 太郎","taro.suzuki@example.com","ST03","非アクティブ","2026-06-04 15:11:14.833261"
1388,"山田 彩花","ayaka.yamada@example.com","ST01","新規","2026-06-04 15:11:14.833261"
1389,"鈴木 美咲","misaki.suzuki@example.com","ST01","新規","2026-06-04 15:11:14.833261"
1390,"佐藤 太郎","taro.sato@example.com","ST02","アクティブ","2026-06-04 15:11:14.833261"
1391,"加藤 結衣","yui.kato@example.com","ST03","非アクティブ","2026-06-04 15:11:14.833261"
1392,"鈴木 陽菜","hina.suzuki@example.com","ST03","非アクティブ","2026-06-04 15:11:14.833261"
1393,"佐藤 蓮","ren.sato@example.com","ST02","アクティブ","2026-06-04 15:11:14.833261"
1394,"小林 蓮","ren.kobayashi@example.com","ST01","新規","2026-06-04 15:11:14.833261"
1395,"吉田 健太","kenta.yoshida@example.com","ST01","新規","2026-06-04 15:11:14.833261"
1396,"伊藤 健太","kenta.ito@example.com","ST01","新規","2026-06-04 15:11:14.833261"
1397,"吉田 結衣","yui.yoshida@example.com","ST02","アクティブ","2026-06-04 15:11:14.833261"
1398,"田中 陽菜","hina.tanaka@example.com","ST01","新規","2026-06-04 15:11:14.833261"
1399,"吉田 彩花","ayaka.yoshida@example.com","ST03","非アクティブ","2026-06-04 15:11:14.833261"
1400,"中村 大輔","daisuke.nakamura@example.com","ST04","退会","2026-06-04 15:11:14.833261"
1401,"小林 彩花","ayaka.kobayashi@example.com","ST01","新規","2026-06-04 15:11:14.833261"
1402,"田中 結衣","yui.tanaka@example.com","ST04","退会","2026-06-04 15:11:14.833261"
1403,"伊藤 健太","kenta.ito@example.com","ST01","新規","2026-06-04 15:11:14.833261"
1404,"加藤 陽菜","hina.kato@example.com","ST02","アクティブ","2026-06-04 15:11:14.833261"
1405,"佐藤 拓海","takumi.sato@example.com","ST02","アクティブ","2026-06-04 15:11:14.833261"
1406,"鈴木 翔","sho.suzuki@example.com","ST03","非アクティブ","2026-06-04 15:11:14.833261"
1407,"伊藤 彩花","ayaka.ito@example.com","ST01","新規","2026-06-04 15:11:14.833261"
1408,"伊藤 蓮","ren.ito@example.com","ST03","非アクティブ","2026-06-04 15:11:14.833261"
1409,"伊藤 拓海","takumi.ito@example.com","ST01","新規","2026-06-04 15:11:14.833261"
1410,"伊藤 太郎","taro.ito@example.com","ST04","退会","2026-06-04 15:11:14.833261"
1411,"伊藤 陽菜","hina.ito@example.com","ST01","新規","2026-06-04 15:11:14.833261"
1412,"小林 健太","kenta.kobayashi@example.com","ST04","退会","2026-06-04 15:11:14.833261"
1413,"田中 大輔","daisuke.tanaka@example.com","ST02","アクティブ","2026-06-04 15:11:14.833261"
1414,"鈴木 悠斗","yuto.suzuki@example.com","ST04","退会","2026-06-04 15:11:14.833261"
1415,"山田 陽菜","hina.yamada@example.com","ST01","新規","2026-06-04 15:11:14.833261"
1416,"鈴木 拓海","takumi.suzuki@example.com","ST02","アクティブ","2026-06-04 15:11:14.833261"
1417,"高橋 彩花","ayaka.takahashi@example.com","ST04","退会","2026-06-04 15:11:14.833261"
1418,"田中 大輔","daisuke.tanaka@example.com","ST02","アクティブ","2026-06-04 15:11:14.833261"
1419,"田中 彩花","ayaka.tanaka@example.com","ST02","アクティブ","2026-06-04 15:11:14.833261"
1420,"山田 拓海","takumi.yamada@example.com","ST04","退会","2026-06-04 15:11:14.833261"
1421,"伊藤 美咲","misaki.ito@example.com","ST01","新規","2026-06-04 15:11:14.833261"
1422,"伊藤 大輔","daisuke.ito@example.com","ST02","アクティブ","2026-06-04 15:11:14.833261"
1423,"山本 美咲","misaki.yamamoto@example.com","ST01","新規","2026-06-04 15:11:14.833261"
1424,"田中 葵","aoi.tanaka@example.com","ST02","アクティブ","2026-06-04 15:11:14.833261"
1425,"山本 健太","kenta.yamamoto@example.com","ST02","アクティブ","2026-06-04 15:11:14.833261"
1426,"山本 太郎","taro.yamamoto@example.com","ST02","アクティブ","2026-06-04 15:11:14.833261"
1427,"渡辺 陽菜","hina.watanabe@example.com","ST01","新規","2026-06-04 15:11:14.833261"
1428,"鈴木 蓮","ren.suzuki@example.com","ST01","新規","2026-06-04 15:11:14.833261"
1429,"伊藤 太郎","taro.ito@example.com","ST04","退会","2026-06-04 15:11:14.833261"
1430,"吉田 陽菜","hina.yoshida@example.com","ST04","退会","2026-06-04 15:11:14.833261"
1431,"山田 悠斗","yuto.yamada@example.com","ST04","退会","2026-06-04 15:11:14.833261"
1432,"山田 拓海","takumi.yamada@example.com","ST03","非アクティブ","2026-06-04 15:11:14.833261"
1433,"佐藤 大輔","daisuke.sato@example.com","ST01","新規","2026-06-04 15:11:14.833261"
1434,"鈴木 彩花","ayaka.suzuki@example.com","ST04","退会","2026-06-04 15:11:14.833261"
1435,"山田 結衣","yui.yamada@example.com","ST02","アクティブ","2026-06-04 15:11:14.833261"
1436,"渡辺 蓮","ren.watanabe@example.com","ST02","アクティブ","2026-06-04 15:11:14.833261"
1437,"小林 健太","kenta.kobayashi@example.com","ST03","非アクティブ","2026-06-04 15:11:14.833261"
1438,"佐藤 拓海","takumi.sato@example.com","ST02","アクティブ","2026-06-04 15:11:14.833261"
1439,"加藤 拓海","takumi.kato@example.com","ST04","退会","2026-06-04 15:11:14.833261"
1440,"吉田 悠斗","yuto.yoshida@example.com","ST02","アクティブ","2026-06-04 15:11:14.833261"
1441,"高橋 大輔","daisuke.takahashi@example.com","ST02","アクティブ","2026-06-04 15:11:14.833261"
1442,"田中 太郎","taro.tanaka@example.com","ST03","非アクティブ","2026-06-04 15:11:14.833261"
1443,"佐藤 翔","sho.sato@example.com","ST01","新規","2026-06-04 15:11:14.833261"
1444,"吉田 蓮","ren.yoshida@example.com","ST04","退会","2026-06-04 15:11:14.833261"
1445,"高橋 結衣","yui.takahashi@example.com","ST03","非アクティブ","2026-06-04 15:11:14.833261"
1446,"山田 大輔","daisuke.yamada@example.com","ST02","アクティブ","2026-06-04 15:11:14.833261"
1447,"中村 蓮","ren.nakamura@example.com","ST02","アクティブ","2026-06-04 15:11:14.833261"
1448,"渡辺 美咲","misaki.watanabe@example.com","ST03","非アクティブ","2026-06-04 15:11:14.833261"
1449,"加藤 拓海","takumi.kato@example.com","ST03","非アクティブ","2026-06-04 15:11:14.833261"
1450,"加藤 大輔","daisuke.kato@example.com","ST02","アクティブ","2026-06-04 15:11:14.833261"
1451,"吉田 翔","sho.yoshida@example.com","ST04","退会","2026-06-04 15:11:14.833261"
1452,"山田 悠斗","yuto.yamada@example.com","ST04","退会","2026-06-04 15:11:14.833261"
1453,"佐藤 悠斗","yuto.sato@example.com","ST04","退会","2026-06-04 15:11:14.833261"
1454,"加藤 健太","kenta.kato@example.com","ST03","非アクティブ","2026-06-04 15:11:14.833261"
1455,"高橋 葵","aoi.takahashi@example.com","ST03","非アクティブ","2026-06-04 15:11:14.833261"
1456,"吉田 陽菜","hina.yoshida@example.com","ST04","退会","2026-06-04 15:11:14.833261"
1457,"加藤 悠斗","yuto.kato@example.com","ST03","非アクティブ","2026-06-04 15:11:14.833261"
1458,"田中 拓海","takumi.tanaka@example.com","ST02","アクティブ","2026-06-04 15:11:14.833261"
1459,"伊藤 健太","kenta.ito@example.com","ST04","退会","2026-06-04 15:11:14.833261"
1460,"田中 彩花","ayaka.tanaka@example.com","ST01","新規","2026-06-04 15:11:14.833261"
1461,"佐藤 大輔","daisuke.sato@example.com","ST01","新規","2026-06-04 15:11:14.833261"
1462,"加藤 蓮","ren.kato@example.com","ST02","アクティブ","2026-06-04 15:11:14.833261"
1463,"佐藤 太郎","taro.sato@example.com","ST01","新規","2026-06-04 15:11:14.833261"
1464,"伊藤 大輔","daisuke.ito@example.com","ST01","新規","2026-06-04 15:11:14.833261"
1465,"田中 悠斗","yuto.tanaka@example.com","ST04","退会","2026-06-04 15:11:14.833261"
1466,"山本 蓮","ren.yamamoto@example.com","ST02","アクティブ","2026-06-04 15:11:14.833261"
1467,"吉田 陽菜","hina.yoshida@example.com","ST03","非アクティブ","2026-06-04 15:11:14.833261"
1468,"中村 蓮","ren.nakamura@example.com","ST04","退会","2026-06-04 15:11:14.833261"
1469,"山田 彩花","ayaka.yamada@example.com","ST04","退会","2026-06-04 15:11:14.833261"
1470,"山本 翔","sho.yamamoto@example.com","ST03","非アクティブ","2026-06-04 15:11:14.833261"
1471,"伊藤 大輔","daisuke.ito@example.com","ST03","非アクティブ","2026-06-04 15:11:14.833261"
1472,"小林 結衣","yui.kobayashi@example.com","ST01","新規","2026-06-04 15:11:14.833261"
1473,"高橋 健太","kenta.takahashi@example.com","ST03","非アクティブ","2026-06-04 15:11:14.833261"
1474,"中村 翔","sho.nakamura@example.com","ST02","アクティブ","2026-06-04 15:11:14.833261"
1475,"伊藤 蓮","ren.ito@example.com","ST02","アクティブ","2026-06-04 15:11:14.833261"
1476,"鈴木 彩花","ayaka.suzuki@example.com","ST02","アクティブ","2026-06-04 15:11:14.833261"
1477,"佐藤 結衣","yui.sato@example.com","ST02","アクティブ","2026-06-04 15:11:14.833261"
1478,"田中 太郎","taro.tanaka@example.com","ST01","新規","2026-06-04 15:11:14.833261"
1479,"山田 彩花","ayaka.yamada@example.com","ST03","非アクティブ","2026-06-04 15:11:14.833261"
1480,"鈴木 健太","kenta.suzuki@example.com","ST03","非アクティブ","2026-06-04 15:11:14.833261"
1481,"山本 葵","aoi.yamamoto@example.com","ST04","退会","2026-06-04 15:11:14.833261"
1482,"吉田 蓮","ren.yoshida@example.com","ST01","新規","2026-06-04 15:11:14.833261"
1483,"佐藤 悠斗","yuto.sato@example.com","ST01","新規","2026-06-04 15:11:14.833261"
1484,"小林 彩花","ayaka.kobayashi@example.com","ST02","アクティブ","2026-06-04 15:11:14.833261"
1485,"吉田 結衣","yui.yoshida@example.com","ST03","非アクティブ","2026-06-04 15:11:14.833261"
1486,"中村 悠斗","yuto.nakamura@example.com","ST02","アクティブ","2026-06-04 15:11:14.833261"
1487,"佐藤 太郎","taro.sato@example.com","ST03","非アクティブ","2026-06-04 15:11:14.833261"
1488,"高橋 悠斗","yuto.takahashi@example.com","ST03","非アクティブ","2026-06-04 15:11:14.833261"
1489,"加藤 美咲","misaki.kato@example.com","ST01","新規","2026-06-04 15:11:14.833261"
1490,"吉田 大輔","daisuke.yoshida@example.com","ST04","退会","2026-06-04 15:11:14.833261"
1491,"中村 健太","kenta.nakamura@example.com","ST04","退会","2026-06-04 15:11:14.833261"
1492,"渡辺 結衣","yui.watanabe@example.com","ST03","非アクティブ","2026-06-04 15:11:14.833261"
1493,"渡辺 陽菜","hina.watanabe@example.com","ST03","非アクティブ","2026-06-04 15:11:14.833261"
1494,"吉田 蓮","ren.yoshida@example.com","ST02","アクティブ","2026-06-04 15:11:14.833261"
1495,"田中 葵","aoi.tanaka@example.com","ST02","アクティブ","2026-06-04 15:11:14.833261"
1496,"伊藤 結衣","yui.ito@example.com","ST01","新規","2026-06-04 15:11:14.833261"
1497,"渡辺 蓮","ren.watanabe@example.com","ST03","非アクティブ","2026-06-04 15:11:14.833261"
1498,"高橋 彩花","ayaka.takahashi@example.com","ST02","アクティブ","2026-06-04 15:11:14.833261"
1499,"山本 大輔","daisuke.yamamoto@example.com","ST01","新規","2026-06-04 15:11:14.833261"
1500,"渡辺 葵","aoi.watanabe@example.com","ST01","新規","2026-06-04 15:11:14.833261"
1501,"加藤 結衣","yui.kato@example.com","ST01","新規","2026-06-04 15:11:14.833261"
1502,"中村 美咲","misaki.nakamura@example.com","ST01","新規","2026-06-04 15:11:14.833261"
1503,"小林 拓海","takumi.kobayashi@example.com","ST02","アクティブ","2026-06-04 15:11:14.833261"
1504,"田中 蓮","ren.tanaka@example.com","ST04","退会","2026-06-04 15:11:14.833261"
1505,"伊藤 葵","aoi.ito@example.com","ST03","非アクティブ","2026-06-04 15:11:14.833261"
1506,"佐藤 陽菜","hina.sato@example.com","ST03","非アクティブ","2026-06-04 15:11:14.833261"
1507,"渡辺 蓮","ren.watanabe@example.com","ST03","非アクティブ","2026-06-04 15:11:14.833261"
1508,"伊藤 翔","sho.ito@example.com","ST04","退会","2026-06-04 15:11:14.833261"
1509,"中村 蓮","ren.nakamura@example.com","ST03","非アクティブ","2026-06-04 15:11:14.833261"
1510,"小林 蓮","ren.kobayashi@example.com","ST03","非アクティブ","2026-06-04 15:11:14.833261"
1511,"佐藤 結衣","yui.sato@example.com","ST03","非アクティブ","2026-06-04 15:11:14.833261"
1512,"佐藤 悠斗","yuto.sato@example.com","ST03","非アクティブ","2026-06-04 15:11:14.833261"
1513,"中村 蓮","ren.nakamura@example.com","ST04","退会","2026-06-04 15:11:14.833261"
1514,"吉田 陽菜","hina.yoshida@example.com","ST03","非アクティブ","2026-06-04 15:11:14.833261"
1515,"小林 健太","kenta.kobayashi@example.com","ST04","退会","2026-06-04 15:11:14.833261"
1516,"伊藤 悠斗","yuto.ito@example.com","ST04","退会","2026-06-04 15:11:14.833261"
1517,"中村 拓海","takumi.nakamura@example.com","ST04","退会","2026-06-04 15:11:14.833261"
1518,"田中 美咲","misaki.tanaka@example.com","ST02","アクティブ","2026-06-04 15:11:14.833261"
1519,"渡辺 悠斗","yuto.watanabe@example.com","ST04","退会","2026-06-04 15:11:14.833261"
1520,"小林 蓮","ren.kobayashi@example.com","ST04","退会","2026-06-04 15:11:14.833261"
1521,"吉田 美咲","misaki.yoshida@example.com","ST03","非アクティブ","2026-06-04 15:11:14.833261"
1522,"小林 太郎","taro.kobayashi@example.com","ST04","退会","2026-06-04 15:11:14.833261"
1523,"山田 結衣","yui.yamada@example.com","ST01","新規","2026-06-04 15:11:14.833261"
1524,"吉田 拓海","takumi.yoshida@example.com","ST03","非アクティブ","2026-06-04 15:11:14.833261"
1525,"山田 葵","aoi.yamada@example.com","ST02","アクティブ","2026-06-04 15:11:14.833261"
1526,"伊藤 大輔","daisuke.ito@example.com","ST04","退会","2026-06-04 15:11:14.833261"
1527,"高橋 健太","kenta.takahashi@example.com","ST03","非アクティブ","2026-06-04 15:11:14.833261"
1528,"小林 大輔","daisuke.kobayashi@example.com","ST03","非アクティブ","2026-06-04 15:11:14.833261"
1529,"小林 翔","sho.kobayashi@example.com","ST02","アクティブ","2026-06-04 15:11:14.833261"
1530,"佐藤 健太","kenta.sato@example.com","ST04","退会","2026-06-04 15:11:14.833261"
1531,"吉田 健太","kenta.yoshida@example.com","ST04","退会","2026-06-04 15:11:14.833261"
1532,"佐藤 健太","kenta.sato@example.com","ST04","退会","2026-06-04 15:11:14.833261"
1533,"渡辺 陽菜","hina.watanabe@example.com","ST04","退会","2026-06-04 15:11:14.833261"
1534,"田中 結衣","yui.tanaka@example.com","ST01","新規","2026-06-04 15:11:14.833261"
1535,"鈴木 美咲","misaki.suzuki@example.com","ST02","アクティブ","2026-06-04 15:11:14.833261"
1536,"鈴木 葵","aoi.suzuki@example.com","ST01","新規","2026-06-04 15:11:14.833261"
1537,"佐藤 美咲","misaki.sato@example.com","ST02","アクティブ","2026-06-04 15:11:14.833261"
1538,"鈴木 悠斗","yuto.suzuki@example.com","ST04","退会","2026-06-04 15:11:14.833261"
1539,"伊藤 悠斗","yuto.ito@example.com","ST02","アクティブ","2026-06-04 15:11:14.833261"
1540,"伊藤 葵","aoi.ito@example.com","ST01","新規","2026-06-04 15:11:14.833261"
1541,"渡辺 健太","kenta.watanabe@example.com","ST04","退会","2026-06-04 15:11:14.833261"
1542,"伊藤 美咲","misaki.ito@example.com","ST04","退会","2026-06-04 15:11:14.833261"
1543,"吉田 結衣","yui.yoshida@example.com","ST03","非アクティブ","2026-06-04 15:11:14.833261"
1544,"中村 翔","sho.nakamura@example.com","ST04","退会","2026-06-04 15:11:14.833261"
1545,"小林 陽菜","hina.kobayashi@example.com","ST04","退会","2026-06-04 15:11:14.833261"
1546,"伊藤 大輔","daisuke.ito@example.com","ST02","アクティブ","2026-06-04 15:11:14.833261"
1547,"伊藤 陽菜","hina.ito@example.com","ST01","新規","2026-06-04 15:11:14.833261"
1548,"鈴木 陽菜","hina.suzuki@example.com","ST03","非アクティブ","2026-06-04 15:11:14.833261"
1549,"伊藤 健太","kenta.ito@example.com","ST04","退会","2026-06-04 15:11:14.833261"
1550,"田中 大輔","daisuke.tanaka@example.com","ST03","非アクティブ","2026-06-04 15:11:14.833261"
1551,"高橋 健太","kenta.takahashi@example.com","ST03","非アクティブ","2026-06-04 15:11:14.833261"
1552,"高橋 結衣","yui.takahashi@example.com","ST04","退会","2026-06-04 15:11:14.833261"
1553,"加藤 拓海","takumi.kato@example.com","ST04","退会","2026-06-04 15:11:14.833261"
1554,"田中 悠斗","yuto.tanaka@example.com","ST03","非アクティブ","2026-06-04 15:11:14.833261"
1555,"高橋 葵","aoi.takahashi@example.com","ST03","非アクティブ","2026-06-04 15:11:14.833261"
1556,"中村 健太","kenta.nakamura@example.com","ST02","アクティブ","2026-06-04 15:11:14.833261"
1557,"小林 大輔","daisuke.kobayashi@example.com","ST02","アクティブ","2026-06-04 15:11:14.833261"
1558,"加藤 美咲","misaki.kato@example.com","ST02","アクティブ","2026-06-04 15:11:14.833261"
1559,"加藤 葵","aoi.kato@example.com","ST04","退会","2026-06-04 15:11:14.833261"
1560,"加藤 悠斗","yuto.kato@example.com","ST04","退会","2026-06-04 15:11:14.833261"
1561,"伊藤 陽菜","hina.ito@example.com","ST04","退会","2026-06-04 15:11:14.833261"
1562,"伊藤 大輔","daisuke.ito@example.com","ST03","非アクティブ","2026-06-04 15:11:14.833261"
1563,"小林 健太","kenta.kobayashi@example.com","ST02","アクティブ","2026-06-04 15:11:14.833261"
1564,"吉田 美咲","misaki.yoshida@example.com","ST03","非アクティブ","2026-06-04 15:11:14.833261"
1565,"伊藤 大輔","daisuke.ito@example.com","ST04","退会","2026-06-04 15:11:14.833261"
1566,"中村 葵","aoi.nakamura@example.com","ST02","アクティブ","2026-06-04 15:11:14.833261"
1567,"高橋 悠斗","yuto.takahashi@example.com","ST02","アクティブ","2026-06-04 15:11:14.833261"
1568,"加藤 拓海","takumi.kato@example.com","ST04","退会","2026-06-04 15:11:14.833261"
1569,"渡辺 大輔","daisuke.watanabe@example.com","ST01","新規","2026-06-04 15:11:14.833261"
1570,"高橋 翔","sho.takahashi@example.com","ST02","アクティブ","2026-06-04 15:11:14.833261"
1571,"吉田 蓮","ren.yoshida@example.com","ST02","アクティブ","2026-06-04 15:11:14.833261"
1572,"鈴木 翔","sho.suzuki@example.com","ST03","非アクティブ","2026-06-04 15:11:14.833261"
1573,"小林 太郎","taro.kobayashi@example.com","ST04","退会","2026-06-04 15:11:14.833261"
1574,"鈴木 彩花","ayaka.suzuki@example.com","ST03","非アクティブ","2026-06-04 15:11:14.833261"
1575,"伊藤 彩花","ayaka.ito@example.com","ST02","アクティブ","2026-06-04 15:11:14.833261"
1576,"鈴木 葵","aoi.suzuki@example.com","ST02","アクティブ","2026-06-04 15:11:14.833261"
1577,"伊藤 蓮","ren.ito@example.com","ST01","新規","2026-06-04 15:11:14.833261"
1578,"渡辺 太郎","taro.watanabe@example.com","ST03","非アクティブ","2026-06-04 15:11:14.833261"
1579,"吉田 蓮","ren.yoshida@example.com","ST02","アクティブ","2026-06-04 15:11:14.833261"
1580,"田中 陽菜","hina.tanaka@example.com","ST01","新規","2026-06-04 15:11:14.833261"
1581,"伊藤 翔","sho.ito@example.com","ST04","退会","2026-06-04 15:11:14.833261"
1582,"小林 大輔","daisuke.kobayashi@example.com","ST04","退会","2026-06-04 15:11:14.833261"
1583,"吉田 結衣","yui.yoshida@example.com","ST04","退会","2026-06-04 15:11:14.833261"
1584,"中村 健太","kenta.nakamura@example.com","ST03","非アクティブ","2026-06-04 15:11:14.833261"
1585,"小林 葵","aoi.kobayashi@example.com","ST04","退会","2026-06-04 15:11:14.833261"
1586,"加藤 太郎","taro.kato@example.com","ST03","非アクティブ","2026-06-04 15:11:14.833261"
1587,"小林 太郎","taro.kobayashi@example.com","ST02","アクティブ","2026-06-04 15:11:14.833261"
1588,"加藤 蓮","ren.kato@example.com","ST03","非アクティブ","2026-06-04 15:11:14.833261"
1589,"鈴木 蓮","ren.suzuki@example.com","ST02","アクティブ","2026-06-04 15:11:14.833261"
1590,"伊藤 陽菜","hina.ito@example.com","ST03","非アクティブ","2026-06-04 15:11:14.833261"
1591,"佐藤 彩花","ayaka.sato@example.com","ST04","退会","2026-06-04 15:11:14.833261"
1592,"高橋 彩花","ayaka.takahashi@example.com","ST02","アクティブ","2026-06-04 15:11:14.833261"
1593,"高橋 翔","sho.takahashi@example.com","ST01","新規","2026-06-04 15:11:14.833261"
1594,"田中 悠斗","yuto.tanaka@example.com","ST02","アクティブ","2026-06-04 15:11:14.833261"
1595,"山本 蓮","ren.yamamoto@example.com","ST03","非アクティブ","2026-06-04 15:11:14.833261"
1596,"吉田 美咲","misaki.yoshida@example.com","ST02","アクティブ","2026-06-04 15:11:14.833261"
1597,"田中 蓮","ren.tanaka@example.com","ST01","新規","2026-06-04 15:11:14.833261"
1598,"伊藤 美咲","misaki.ito@example.com","ST02","アクティブ","2026-06-04 15:11:14.833261"
1599,"山本 陽菜","hina.yamamoto@example.com","ST01","新規","2026-06-04 15:11:14.833261"
1600,"中村 大輔","daisuke.nakamura@example.com","ST04","退会","2026-06-04 15:11:14.833261"
1601,"加藤 健太","kenta.kato@example.com","ST01","新規","2026-06-04 15:11:14.833261"
1602,"渡辺 葵","aoi.watanabe@example.com","ST01","新規","2026-06-04 15:11:14.833261"
1603,"中村 陽菜","hina.nakamura@example.com","ST03","非アクティブ","2026-06-04 15:11:14.833261"
1604,"伊藤 拓海","takumi.ito@example.com","ST04","退会","2026-06-04 15:11:14.833261"
1605,"吉田 大輔","daisuke.yoshida@example.com","ST01","新規","2026-06-04 15:11:14.833261"
1606,"田中 悠斗","yuto.tanaka@example.com","ST04","退会","2026-06-04 15:11:14.833261"
1607,"佐藤 結衣","yui.sato@example.com","ST04","退会","2026-06-04 15:11:14.833261"
1608,"高橋 翔","sho.takahashi@example.com","ST04","退会","2026-06-04 15:11:14.833261"
1609,"吉田 健太","kenta.yoshida@example.com","ST01","新規","2026-06-04 15:11:14.833261"
1610,"山本 健太","kenta.yamamoto@example.com","ST01","新規","2026-06-04 15:11:14.833261"
1611,"伊藤 翔","sho.ito@example.com","ST01","新規","2026-06-04 15:11:14.833261"
1612,"田中 悠斗","yuto.tanaka@example.com","ST02","アクティブ","2026-06-04 15:11:14.833261"
1613,"高橋 葵","aoi.takahashi@example.com","ST01","新規","2026-06-04 15:11:14.833261"
1614,"吉田 健太","kenta.yoshida@example.com","ST03","非アクティブ","2026-06-04 15:11:14.833261"
1615,"田中 大輔","daisuke.tanaka@example.com","ST03","非アクティブ","2026-06-04 15:11:14.833261"
1616,"小林 蓮","ren.kobayashi@example.com","ST02","アクティブ","2026-06-04 15:11:14.833261"
1617,"小林 美咲","misaki.kobayashi@example.com","ST04","退会","2026-06-04 15:11:14.833261"
1618,"田中 葵","aoi.tanaka@example.com","ST01","新規","2026-06-04 15:11:14.833261"
1619,"渡辺 太郎","taro.watanabe@example.com","ST03","非アクティブ","2026-06-04 15:11:14.833261"
1620,"中村 拓海","takumi.nakamura@example.com","ST04","退会","2026-06-04 15:11:14.833261"
1621,"鈴木 結衣","yui.suzuki@example.com","ST02","アクティブ","2026-06-04 15:11:14.833261"
1622,"田中 陽菜","hina.tanaka@example.com","ST02","アクティブ","2026-06-04 15:11:14.833261"
1623,"佐藤 葵","aoi.sato@example.com","ST03","非アクティブ","2026-06-04 15:11:14.833261"
1624,"山本 悠斗","yuto.yamamoto@example.com","ST01","新規","2026-06-04 15:11:14.833261"
1625,"高橋 拓海","takumi.takahashi@example.com","ST01","新規","2026-06-04 15:11:14.833261"
1626,"吉田 健太","kenta.yoshida@example.com","ST02","アクティブ","2026-06-04 15:11:14.833261"
1627,"佐藤 健太","kenta.sato@example.com","ST01","新規","2026-06-04 15:11:14.833261"
1628,"田中 葵","aoi.tanaka@example.com","ST01","新規","2026-06-04 15:11:14.833261"
1629,"鈴木 蓮","ren.suzuki@example.com","ST02","アクティブ","2026-06-04 15:11:14.833261"
1630,"加藤 陽菜","hina.kato@example.com","ST02","アクティブ","2026-06-04 15:11:14.833261"
1631,"佐藤 大輔","daisuke.sato@example.com","ST01","新規","2026-06-04 15:11:14.833261"
1632,"高橋 健太","kenta.takahashi@example.com","ST03","非アクティブ","2026-06-04 15:11:14.833261"
1633,"山本 拓海","takumi.yamamoto@example.com","ST03","非アクティブ","2026-06-04 15:11:14.833261"
1634,"鈴木 結衣","yui.suzuki@example.com","ST01","新規","2026-06-04 15:11:14.833261"
1635,"吉田 健太","kenta.yoshida@example.com","ST04","退会","2026-06-04 15:11:14.833261"
1636,"中村 彩花","ayaka.nakamura@example.com","ST01","新規","2026-06-04 15:11:14.833261"
1637,"中村 悠斗","yuto.nakamura@example.com","ST04","退会","2026-06-04 15:11:14.833261"
1638,"渡辺 大輔","daisuke.watanabe@example.com","ST02","アクティブ","2026-06-04 15:11:14.833261"
1639,"山本 陽菜","hina.yamamoto@example.com","ST02","アクティブ","2026-06-04 15:11:14.833261"
1640,"加藤 大輔","daisuke.kato@example.com","ST02","アクティブ","2026-06-04 15:11:14.833261"
1641,"伊藤 彩花","ayaka.ito@example.com","ST01","新規","2026-06-04 15:11:14.833261"
1642,"小林 拓海","takumi.kobayashi@example.com","ST04","退会","2026-06-04 15:11:14.833261"
1643,"田中 健太","kenta.tanaka@example.com","ST01","新規","2026-06-04 15:11:14.833261"
1644,"中村 葵","aoi.nakamura@example.com","ST01","新規","2026-06-04 15:11:14.833261"
1645,"高橋 拓海","takumi.takahashi@example.com","ST01","新規","2026-06-04 15:11:14.833261"
1646,"中村 健太","kenta.nakamura@example.com","ST02","アクティブ","2026-06-04 15:11:14.833261"
1647,"高橋 拓海","takumi.takahashi@example.com","ST02","アクティブ","2026-06-04 15:11:14.833261"
1648,"小林 拓海","takumi.kobayashi@example.com","ST03","非アクティブ","2026-06-04 15:11:14.833261"
1649,"田中 翔","sho.tanaka@example.com","ST03","非アクティブ","2026-06-04 15:11:14.833261"
1650,"吉田 彩花","ayaka.yoshida@example.com","ST04","退会","2026-06-04 15:11:14.833261"
1651,"伊藤 結衣","yui.ito@example.com","ST04","退会","2026-06-04 15:11:14.833261"
1652,"伊藤 美咲","misaki.ito@example.com","ST03","非アクティブ","2026-06-04 15:11:14.833261"
1653,"吉田 蓮","ren.yoshida@example.com","ST02","アクティブ","2026-06-04 15:11:14.833261"
1654,"吉田 彩花","ayaka.yoshida@example.com","ST03","非アクティブ","2026-06-04 15:11:14.833261"
1655,"伊藤 彩花","ayaka.ito@example.com","ST03","非アクティブ","2026-06-04 15:11:14.833261"
1656,"吉田 葵","aoi.yoshida@example.com","ST02","アクティブ","2026-06-04 15:11:14.833261"
1657,"渡辺 太郎","taro.watanabe@example.com","ST03","非アクティブ","2026-06-04 15:11:14.833261"
1658,"渡辺 拓海","takumi.watanabe@example.com","ST04","退会","2026-06-04 15:11:14.833261"
1659,"鈴木 彩花","ayaka.suzuki@example.com","ST02","アクティブ","2026-06-04 15:11:14.833261"
1660,"山本 健太","kenta.yamamoto@example.com","ST04","退会","2026-06-04 15:11:14.833261"
1661,"山田 太郎","taro.yamada@example.com","ST03","非アクティブ","2026-06-04 15:11:14.833261"
1662,"加藤 大輔","daisuke.kato@example.com","ST01","新規","2026-06-04 15:11:14.833261"
1663,"中村 陽菜","hina.nakamura@example.com","ST03","非アクティブ","2026-06-04 15:11:14.833261"
1664,"山田 彩花","ayaka.yamada@example.com","ST01","新規","2026-06-04 15:11:14.833261"
1665,"吉田 陽菜","hina.yoshida@example.com","ST02","アクティブ","2026-06-04 15:11:14.833261"
1666,"吉田 大輔","daisuke.yoshida@example.com","ST04","退会","2026-06-04 15:11:14.833261"
1667,"加藤 美咲","misaki.kato@example.com","ST03","非アクティブ","2026-06-04 15:11:14.833261"
1668,"佐藤 拓海","takumi.sato@example.com","ST01","新規","2026-06-04 15:11:14.833261"
1669,"加藤 太郎","taro.kato@example.com","ST04","退会","2026-06-04 15:11:14.833261"
1670,"渡辺 翔","sho.watanabe@example.com","ST04","退会","2026-06-04 15:11:14.833261"
1671,"中村 健太","kenta.nakamura@example.com","ST04","退会","2026-06-04 15:11:14.833261"
1672,"吉田 健太","kenta.yoshida@example.com","ST02","アクティブ","2026-06-04 15:11:14.833261"
1673,"佐藤 太郎","taro.sato@example.com","ST02","アクティブ","2026-06-04 15:11:14.833261"
1674,"高橋 太郎","taro.takahashi@example.com","ST01","新規","2026-06-04 15:11:14.833261"
1675,"伊藤 太郎","taro.ito@example.com","ST02","アクティブ","2026-06-04 15:11:14.833261"
1676,"中村 葵","aoi.nakamura@example.com","ST01","新規","2026-06-04 15:11:14.833261"
1677,"吉田 翔","sho.yoshida@example.com","ST01","新規","2026-06-04 15:11:14.833261"
1678,"中村 拓海","takumi.nakamura@example.com","ST04","退会","2026-06-04 15:11:14.833261"
1679,"田中 健太","kenta.tanaka@example.com","ST02","アクティブ","2026-06-04 15:11:14.833261"
1680,"山本 大輔","daisuke.yamamoto@example.com","ST03","非アクティブ","2026-06-04 15:11:14.833261"
1681,"加藤 大輔","daisuke.kato@example.com","ST01","新規","2026-06-04 15:11:14.833261"
1682,"田中 陽菜","hina.tanaka@example.com","ST04","退会","2026-06-04 15:11:14.833261"
1683,"鈴木 蓮","ren.suzuki@example.com","ST03","非アクティブ","2026-06-04 15:11:14.833261"
1684,"中村 翔","sho.nakamura@example.com","ST01","新規","2026-06-04 15:11:14.833261"
1685,"山田 美咲","misaki.yamada@example.com","ST03","非アクティブ","2026-06-04 15:11:14.833261"
1686,"鈴木 大輔","daisuke.suzuki@example.com","ST04","退会","2026-06-04 15:11:14.833261"
1687,"渡辺 美咲","misaki.watanabe@example.com","ST03","非アクティブ","2026-06-04 15:11:14.833261"
1688,"小林 葵","aoi.kobayashi@example.com","ST03","非アクティブ","2026-06-04 15:11:14.833261"
1689,"加藤 結衣","yui.kato@example.com","ST02","アクティブ","2026-06-04 15:11:14.833261"
1690,"伊藤 太郎","taro.ito@example.com","ST03","非アクティブ","2026-06-04 15:11:14.833261"
1691,"吉田 蓮","ren.yoshida@example.com","ST01","新規","2026-06-04 15:11:14.833261"
1692,"渡辺 美咲","misaki.watanabe@example.com","ST02","アクティブ","2026-06-04 15:11:14.833261"
1693,"加藤 大輔","daisuke.kato@example.com","ST02","アクティブ","2026-06-04 15:11:14.833261"
1694,"佐藤 美咲","misaki.sato@example.com","ST04","退会","2026-06-04 15:11:14.833261"
1695,"山田 葵","aoi.yamada@example.com","ST04","退会","2026-06-04 15:11:14.833261"
1696,"加藤 彩花","ayaka.kato@example.com","ST03","非アクティブ","2026-06-04 15:11:14.833261"
1697,"山田 悠斗","yuto.yamada@example.com","ST02","アクティブ","2026-06-04 15:11:14.833261"
1698,"小林 健太","kenta.kobayashi@example.com","ST02","アクティブ","2026-06-04 15:11:14.833261"
1699,"吉田 健太","kenta.yoshida@example.com","ST04","退会","2026-06-04 15:11:14.833261"
1700,"高橋 美咲","misaki.takahashi@example.com","ST03","非アクティブ","2026-06-04 15:11:14.833261"
1701,"伊藤 結衣","yui.ito@example.com","ST03","非アクティブ","2026-06-04 15:11:14.833261"
1702,"伊藤 拓海","takumi.ito@example.com","ST03","非アクティブ","2026-06-04 15:11:14.833261"
1703,"佐藤 陽菜","hina.sato@example.com","ST01","新規","2026-06-04 15:11:14.833261"
1704,"山田 悠斗","yuto.yamada@example.com","ST02","アクティブ","2026-06-04 15:11:14.833261"
1705,"田中 大輔","daisuke.tanaka@example.com","ST01","新規","2026-06-04 15:11:14.833261"
1706,"山本 健太","kenta.yamamoto@example.com","ST02","アクティブ","2026-06-04 15:11:14.833261"
1707,"田中 結衣","yui.tanaka@example.com","ST03","非アクティブ","2026-06-04 15:11:14.833261"
1708,"加藤 悠斗","yuto.kato@example.com","ST01","新規","2026-06-04 15:11:14.833261"
1709,"小林 葵","aoi.kobayashi@example.com","ST03","非アクティブ","2026-06-04 15:11:14.833261"
1710,"高橋 陽菜","hina.takahashi@example.com","ST04","退会","2026-06-04 15:11:14.833261"
1711,"鈴木 蓮","ren.suzuki@example.com","ST02","アクティブ","2026-06-04 15:11:14.833261"
1712,"佐藤 美咲","misaki.sato@example.com","ST02","アクティブ","2026-06-04 15:11:14.833261"
1713,"加藤 健太","kenta.kato@example.com","ST01","新規","2026-06-04 15:11:14.833261"
1714,"高橋 結衣","yui.takahashi@example.com","ST01","新規","2026-06-04 15:11:14.833261"
1715,"田中 結衣","yui.tanaka@example.com","ST03","非アクティブ","2026-06-04 15:11:14.833261"
1716,"中村 健太","kenta.nakamura@example.com","ST01","新規","2026-06-04 15:11:14.833261"
1717,"山本 大輔","daisuke.yamamoto@example.com","ST03","非アクティブ","2026-06-04 15:11:14.833261"
1718,"吉田 美咲","misaki.yoshida@example.com","ST03","非アクティブ","2026-06-04 15:11:14.833261"
1719,"中村 彩花","ayaka.nakamura@example.com","ST02","アクティブ","2026-06-04 15:11:14.833261"
1720,"吉田 美咲","misaki.yoshida@example.com","ST03","非アクティブ","2026-06-04 15:11:14.833261"
1721,"山本 美咲","misaki.yamamoto@example.com","ST03","非アクティブ","2026-06-04 15:11:14.833261"
1722,"高橋 美咲","misaki.takahashi@example.com","ST04","退会","2026-06-04 15:11:14.833261"
1723,"伊藤 悠斗","yuto.ito@example.com","ST01","新規","2026-06-04 15:11:14.833261"
1724,"伊藤 結衣","yui.ito@example.com","ST03","非アクティブ","2026-06-04 15:11:14.833261"
1725,"加藤 太郎","taro.kato@example.com","ST01","新規","2026-06-04 15:11:14.833261"
1726,"鈴木 健太","kenta.suzuki@example.com","ST01","新規","2026-06-04 15:11:14.833261"
1727,"渡辺 健太","kenta.watanabe@example.com","ST01","新規","2026-06-04 15:11:14.833261"
1728,"吉田 彩花","ayaka.yoshida@example.com","ST01","新規","2026-06-04 15:11:14.833261"
1729,"吉田 翔","sho.yoshida@example.com","ST02","アクティブ","2026-06-04 15:11:14.833261"
1730,"佐藤 結衣","yui.sato@example.com","ST03","非アクティブ","2026-06-04 15:11:14.833261"
1731,"渡辺 結衣","yui.watanabe@example.com","ST02","アクティブ","2026-06-04 15:11:14.833261"
1732,"田中 葵","aoi.tanaka@example.com","ST02","アクティブ","2026-06-04 15:11:14.833261"
1733,"高橋 彩花","ayaka.takahashi@example.com","ST04","退会","2026-06-04 15:11:14.833261"
1734,"加藤 太郎","taro.kato@example.com","ST01","新規","2026-06-04 15:11:14.833261"
1735,"吉田 葵","aoi.yoshida@example.com","ST01","新規","2026-06-04 15:11:14.833261"
1736,"高橋 陽菜","hina.takahashi@example.com","ST03","非アクティブ","2026-06-04 15:11:14.833261"
1737,"中村 葵","aoi.nakamura@example.com","ST04","退会","2026-06-04 15:11:14.833261"
1738,"加藤 太郎","taro.kato@example.com","ST01","新規","2026-06-04 15:11:14.833261"
1739,"吉田 彩花","ayaka.yoshida@example.com","ST01","新規","2026-06-04 15:11:14.833261"
1740,"中村 結衣","yui.nakamura@example.com","ST03","非アクティブ","2026-06-04 15:11:14.833261"
1741,"佐藤 陽菜","hina.sato@example.com","ST04","退会","2026-06-04 15:11:14.833261"
1742,"鈴木 健太","kenta.suzuki@example.com","ST03","非アクティブ","2026-06-04 15:11:14.833261"
1743,"中村 結衣","yui.nakamura@example.com","ST03","非アクティブ","2026-06-04 15:11:14.833261"
1744,"山本 結衣","yui.yamamoto@example.com","ST03","非アクティブ","2026-06-04 15:11:14.833261"
1745,"高橋 美咲","misaki.takahashi@example.com","ST02","アクティブ","2026-06-04 15:11:14.833261"
1746,"中村 翔","sho.nakamura@example.com","ST01","新規","2026-06-04 15:11:14.833261"
1747,"吉田 太郎","taro.yoshida@example.com","ST02","アクティブ","2026-06-04 15:11:14.833261"
1748,"山本 大輔","daisuke.yamamoto@example.com","ST02","アクティブ","2026-06-04 15:11:14.833261"
1749,"鈴木 拓海","takumi.suzuki@example.com","ST02","アクティブ","2026-06-04 15:11:14.833261"
1750,"田中 太郎","taro.tanaka@example.com","ST04","退会","2026-06-04 15:11:14.833261"
1751,"伊藤 陽菜","hina.ito@example.com","ST04","退会","2026-06-04 15:11:14.833261"
1752,"吉田 結衣","yui.yoshida@example.com","ST03","非アクティブ","2026-06-04 15:11:14.833261"
1753,"鈴木 大輔","daisuke.suzuki@example.com","ST03","非アクティブ","2026-06-04 15:11:14.833261"
1754,"田中 葵","aoi.tanaka@example.com","ST04","退会","2026-06-04 15:11:14.833261"
1755,"佐藤 陽菜","hina.sato@example.com","ST02","アクティブ","2026-06-04 15:11:14.833261"
1756,"佐藤 蓮","ren.sato@example.com","ST03","非アクティブ","2026-06-04 15:11:14.833261"
1757,"伊藤 美咲","misaki.ito@example.com","ST04","退会","2026-06-04 15:11:14.833261"
1758,"鈴木 拓海","takumi.suzuki@example.com","ST03","非アクティブ","2026-06-04 15:11:14.833261"
1759,"田中 陽菜","hina.tanaka@example.com","ST02","アクティブ","2026-06-04 15:11:14.833261"
1760,"小林 健太","kenta.kobayashi@example.com","ST02","アクティブ","2026-06-04 15:11:14.833261"
1761,"渡辺 太郎","taro.watanabe@example.com","ST03","非アクティブ","2026-06-04 15:11:14.833261"
1762,"高橋 翔","sho.takahashi@example.com","ST04","退会","2026-06-04 15:11:14.833261"
1763,"加藤 健太","kenta.kato@example.com","ST01","新規","2026-06-04 15:11:14.833261"
1764,"小林 健太","kenta.kobayashi@example.com","ST04","退会","2026-06-04 15:11:14.833261"
1765,"吉田 陽菜","hina.yoshida@example.com","ST02","アクティブ","2026-06-04 15:11:14.833261"
1766,"加藤 太郎","taro.kato@example.com","ST04","退会","2026-06-04 15:11:14.833261"
1767,"中村 陽菜","hina.nakamura@example.com","ST03","非アクティブ","2026-06-04 15:11:14.833261"
1768,"小林 彩花","ayaka.kobayashi@example.com","ST03","非アクティブ","2026-06-04 15:11:14.833261"
1769,"高橋 大輔","daisuke.takahashi@example.com","ST04","退会","2026-06-04 15:11:14.833261"
1770,"山田 葵","aoi.yamada@example.com","ST02","アクティブ","2026-06-04 15:11:14.833261"
1771,"山田 陽菜","hina.yamada@example.com","ST04","退会","2026-06-04 15:11:14.833261"
1772,"伊藤 葵","aoi.ito@example.com","ST03","非アクティブ","2026-06-04 15:11:14.833261"
1773,"高橋 太郎","taro.takahashi@example.com","ST01","新規","2026-06-04 15:11:14.833261"
1774,"吉田 悠斗","yuto.yoshida@example.com","ST01","新規","2026-06-04 15:11:14.833261"
1775,"中村 拓海","takumi.nakamura@example.com","ST04","退会","2026-06-04 15:11:14.833261"
1776,"伊藤 葵","aoi.ito@example.com","ST01","新規","2026-06-04 15:11:14.833261"
1777,"山田 陽菜","hina.yamada@example.com","ST04","退会","2026-06-04 15:11:14.833261"
1778,"田中 葵","aoi.tanaka@example.com","ST01","新規","2026-06-04 15:11:14.833261"
1779,"加藤 翔","sho.kato@example.com","ST03","非アクティブ","2026-06-04 15:11:14.833261"
1780,"中村 大輔","daisuke.nakamura@example.com","ST03","非アクティブ","2026-06-04 15:11:14.833261"
1781,"佐藤 悠斗","yuto.sato@example.com","ST03","非アクティブ","2026-06-04 15:11:14.833261"
1782,"吉田 結衣","yui.yoshida@example.com","ST04","退会","2026-06-04 15:11:14.833261"
1783,"小林 大輔","daisuke.kobayashi@example.com","ST02","アクティブ","2026-06-04 15:11:14.833261"
1784,"山田 太郎","taro.yamada@example.com","ST03","非アクティブ","2026-06-04 15:11:14.833261"
1785,"渡辺 悠斗","yuto.watanabe@example.com","ST02","アクティブ","2026-06-04 15:11:14.833261"
1786,"田中 悠斗","yuto.tanaka@example.com","ST01","新規","2026-06-04 15:11:14.833261"
1787,"山本 健太","kenta.yamamoto@example.com","ST03","非アクティブ","2026-06-04 15:11:14.833261"
1788,"中村 葵","aoi.nakamura@example.com","ST02","アクティブ","2026-06-04 15:11:14.833261"
1789,"佐藤 悠斗","yuto.sato@example.com","ST02","アクティブ","2026-06-04 15:11:14.833261"
1790,"山本 美咲","misaki.yamamoto@example.com","ST04","退会","2026-06-04 15:11:14.833261"
1791,"高橋 陽菜","hina.takahashi@example.com","ST04","退会","2026-06-04 15:11:14.833261"
1792,"田中 彩花","ayaka.tanaka@example.com","ST01","新規","2026-06-04 15:11:14.833261"
1793,"加藤 蓮","ren.kato@example.com","ST02","アクティブ","2026-06-04 15:11:14.833261"
1794,"伊藤 太郎","taro.ito@example.com","ST01","新規","2026-06-04 15:11:14.833261"
1795,"田中 翔","sho.tanaka@example.com","ST02","アクティブ","2026-06-04 15:11:14.833261"
1796,"佐藤 翔","sho.sato@example.com","ST03","非アクティブ","2026-06-04 15:11:14.833261"
1797,"小林 健太","kenta.kobayashi@example.com","ST03","非アクティブ","2026-06-04 15:11:14.833261"
1798,"佐藤 美咲","misaki.sato@example.com","ST02","アクティブ","2026-06-04 15:11:14.833261"
1799,"吉田 美咲","misaki.yoshida@example.com","ST03","非アクティブ","2026-06-04 15:11:14.833261"
1800,"小林 翔","sho.kobayashi@example.com","ST03","非アクティブ","2026-06-04 15:11:14.833261"
1801,"加藤 悠斗","yuto.kato@example.com","ST04","退会","2026-06-04 15:11:14.833261"
1802,"渡辺 健太","kenta.watanabe@example.com","ST03","非アクティブ","2026-06-04 15:11:14.833261"
1803,"高橋 太郎","taro.takahashi@example.com","ST01","新規","2026-06-04 15:11:14.833261"
1804,"山本 翔","sho.yamamoto@example.com","ST01","新規","2026-06-04 15:11:14.833261"
1805,"吉田 翔","sho.yoshida@example.com","ST03","非アクティブ","2026-06-04 15:11:14.833261"
1806,"伊藤 健太","kenta.ito@example.com","ST02","アクティブ","2026-06-04 15:11:14.833261"
1807,"吉田 葵","aoi.yoshida@example.com","ST04","退会","2026-06-04 15:11:14.833261"
1808,"中村 健太","kenta.nakamura@example.com","ST02","アクティブ","2026-06-04 15:11:14.833261"
1809,"山本 美咲","misaki.yamamoto@example.com","ST02","アクティブ","2026-06-04 15:11:14.833261"
1810,"吉田 大輔","daisuke.yoshida@example.com","ST04","退会","2026-06-04 15:11:14.833261"
1811,"佐藤 健太","kenta.sato@example.com","ST03","非アクティブ","2026-06-04 15:11:14.833261"
1812,"鈴木 太郎","taro.suzuki@example.com","ST04","退会","2026-06-04 15:11:14.833261"
1813,"高橋 彩花","ayaka.takahashi@example.com","ST04","退会","2026-06-04 15:11:14.833261"
1814,"渡辺 蓮","ren.watanabe@example.com","ST04","退会","2026-06-04 15:11:14.833261"
1815,"田中 美咲","misaki.tanaka@example.com","ST03","非アクティブ","2026-06-04 15:11:14.833261"
1816,"佐藤 健太","kenta.sato@example.com","ST01","新規","2026-06-04 15:11:14.833261"
1817,"吉田 悠斗","yuto.yoshida@example.com","ST04","退会","2026-06-04 15:11:14.833261"
1818,"中村 美咲","misaki.nakamura@example.com","ST03","非アクティブ","2026-06-04 15:11:14.833261"
1819,"加藤 結衣","yui.kato@example.com","ST01","新規","2026-06-04 15:11:14.833261"
1820,"渡辺 太郎","taro.watanabe@example.com","ST03","非アクティブ","2026-06-04 15:11:14.833261"
1821,"吉田 翔","sho.yoshida@example.com","ST04","退会","2026-06-04 15:11:14.833261"
1822,"田中 翔","sho.tanaka@example.com","ST02","アクティブ","2026-06-04 15:11:14.833261"
1823,"渡辺 蓮","ren.watanabe@example.com","ST02","アクティブ","2026-06-04 15:11:14.833261"
1824,"渡辺 翔","sho.watanabe@example.com","ST04","退会","2026-06-04 15:11:14.833261"
1825,"渡辺 蓮","ren.watanabe@example.com","ST02","アクティブ","2026-06-04 15:11:14.833261"
1826,"伊藤 健太","kenta.ito@example.com","ST01","新規","2026-06-04 15:11:14.833261"
1827,"渡辺 結衣","yui.watanabe@example.com","ST03","非アクティブ","2026-06-04 15:11:14.833261"
1828,"田中 翔","sho.tanaka@example.com","ST01","新規","2026-06-04 15:11:14.833261"
1829,"小林 大輔","daisuke.kobayashi@example.com","ST02","アクティブ","2026-06-04 15:11:14.833261"
1830,"伊藤 彩花","ayaka.ito@example.com","ST03","非アクティブ","2026-06-04 15:11:14.833261"
1831,"佐藤 葵","aoi.sato@example.com","ST03","非アクティブ","2026-06-04 15:11:14.833261"
1832,"吉田 太郎","taro.yoshida@example.com","ST04","退会","2026-06-04 15:11:14.833261"
1833,"田中 大輔","daisuke.tanaka@example.com","ST01","新規","2026-06-04 15:11:14.833261"
1834,"加藤 太郎","taro.kato@example.com","ST04","退会","2026-06-04 15:11:14.833261"
1835,"田中 健太","kenta.tanaka@example.com","ST01","新規","2026-06-04 15:11:14.833261"
1836,"高橋 蓮","ren.takahashi@example.com","ST02","アクティブ","2026-06-04 15:11:14.833261"
1837,"加藤 結衣","yui.kato@example.com","ST04","退会","2026-06-04 15:11:14.833261"
1838,"中村 健太","kenta.nakamura@example.com","ST03","非アクティブ","2026-06-04 15:11:14.833261"
1839,"鈴木 美咲","misaki.suzuki@example.com","ST03","非アクティブ","2026-06-04 15:11:14.833261"
1840,"田中 彩花","ayaka.tanaka@example.com","ST01","新規","2026-06-04 15:11:14.833261"
1841,"加藤 拓海","takumi.kato@example.com","ST03","非アクティブ","2026-06-04 15:11:14.833261"
1842,"吉田 健太","kenta.yoshida@example.com","ST02","アクティブ","2026-06-04 15:11:14.833261"
1843,"山田 葵","aoi.yamada@example.com","ST01","新規","2026-06-04 15:11:14.833261"
1844,"田中 大輔","daisuke.tanaka@example.com","ST02","アクティブ","2026-06-04 15:11:14.833261"
1845,"伊藤 太郎","taro.ito@example.com","ST04","退会","2026-06-04 15:11:14.833261"
1846,"佐藤 結衣","yui.sato@example.com","ST04","退会","2026-06-04 15:11:14.833261"
1847,"中村 結衣","yui.nakamura@example.com","ST01","新規","2026-06-04 15:11:14.833261"
1848,"中村 結衣","yui.nakamura@example.com","ST03","非アクティブ","2026-06-04 15:11:14.833261"
1849,"加藤 大輔","daisuke.kato@example.com","ST04","退会","2026-06-04 15:11:14.833261"
1850,"加藤 悠斗","yuto.kato@example.com","ST01","新規","2026-06-04 15:11:14.833261"
1851,"中村 美咲","misaki.nakamura@example.com","ST04","退会","2026-06-04 15:11:14.833261"
1852,"吉田 葵","aoi.yoshida@example.com","ST01","新規","2026-06-04 15:11:14.833261"
1853,"吉田 陽菜","hina.yoshida@example.com","ST01","新規","2026-06-04 15:11:14.833261"
1854,"山本 大輔","daisuke.yamamoto@example.com","ST02","アクティブ","2026-06-04 15:11:14.833261"
1855,"中村 翔","sho.nakamura@example.com","ST04","退会","2026-06-04 15:11:14.833261"
1856,"伊藤 健太","kenta.ito@example.com","ST04","退会","2026-06-04 15:11:14.833261"
1857,"山田 太郎","taro.yamada@example.com","ST03","非アクティブ","2026-06-04 15:11:14.833261"
1858,"加藤 悠斗","yuto.kato@example.com","ST03","非アクティブ","2026-06-04 15:11:14.833261"
1859,"渡辺 美咲","misaki.watanabe@example.com","ST02","アクティブ","2026-06-04 15:11:14.833261"
1860,"小林 葵","aoi.kobayashi@example.com","ST04","退会","2026-06-04 15:11:14.833261"
1861,"佐藤 美咲","misaki.sato@example.com","ST03","非アクティブ","2026-06-04 15:11:14.833261"
1862,"山本 拓海","takumi.yamamoto@example.com","ST03","非アクティブ","2026-06-04 15:11:14.833261"
1863,"加藤 大輔","daisuke.kato@example.com","ST03","非アクティブ","2026-06-04 15:11:14.833261"
1864,"中村 蓮","ren.nakamura@example.com","ST03","非アクティブ","2026-06-04 15:11:14.833261"
1865,"高橋 健太","kenta.takahashi@example.com","ST03","非アクティブ","2026-06-04 15:11:14.833261"
1866,"山田 結衣","yui.yamada@example.com","ST03","非アクティブ","2026-06-04 15:11:14.833261"
1867,"伊藤 拓海","takumi.ito@example.com","ST03","非アクティブ","2026-06-04 15:11:14.833261"
1868,"佐藤 結衣","yui.sato@example.com","ST01","新規","2026-06-04 15:11:14.833261"
1869,"山田 彩花","ayaka.yamada@example.com","ST03","非アクティブ","2026-06-04 15:11:14.833261"
1870,"田中 蓮","ren.tanaka@example.com","ST03","非アクティブ","2026-06-04 15:11:14.833261"
1871,"中村 蓮","ren.nakamura@example.com","ST04","退会","2026-06-04 15:11:14.833261"
1872,"渡辺 大輔","daisuke.watanabe@example.com","ST02","アクティブ","2026-06-04 15:11:14.833261"
1873,"吉田 彩花","ayaka.yoshida@example.com","ST02","アクティブ","2026-06-04 15:11:14.833261"
1874,"伊藤 健太","kenta.ito@example.com","ST01","新規","2026-06-04 15:11:14.833261"
1875,"山本 葵","aoi.yamamoto@example.com","ST04","退会","2026-06-04 15:11:14.833261"
1876,"佐藤 葵","aoi.sato@example.com","ST04","退会","2026-06-04 15:11:14.833261"
1877,"山本 健太","kenta.yamamoto@example.com","ST01","新規","2026-06-04 15:11:14.833261"
1878,"佐藤 彩花","ayaka.sato@example.com","ST02","アクティブ","2026-06-04 15:11:14.833261"
1879,"山田 翔","sho.yamada@example.com","ST03","非アクティブ","2026-06-04 15:11:14.833261"
1880,"鈴木 健太","kenta.suzuki@example.com","ST04","退会","2026-06-04 15:11:14.833261"
1881,"山田 結衣","yui.yamada@example.com","ST03","非アクティブ","2026-06-04 15:11:14.833261"
1882,"吉田 大輔","daisuke.yoshida@example.com","ST03","非アクティブ","2026-06-04 15:11:14.833261"
1883,"佐藤 蓮","ren.sato@example.com","ST02","アクティブ","2026-06-04 15:11:14.833261"
1884,"山本 陽菜","hina.yamamoto@example.com","ST02","アクティブ","2026-06-04 15:11:14.833261"
1885,"加藤 美咲","misaki.kato@example.com","ST04","退会","2026-06-04 15:11:14.833261"
1886,"田中 拓海","takumi.tanaka@example.com","ST02","アクティブ","2026-06-04 15:11:14.833261"
1887,"渡辺 大輔","daisuke.watanabe@example.com","ST01","新規","2026-06-04 15:11:14.833261"
1888,"渡辺 健太","kenta.watanabe@example.com","ST04","退会","2026-06-04 15:11:14.833261"
1889,"小林 大輔","daisuke.kobayashi@example.com","ST01","新規","2026-06-04 15:11:14.833261"
1890,"渡辺 蓮","ren.watanabe@example.com","ST01","新規","2026-06-04 15:11:14.833261"
1891,"小林 葵","aoi.kobayashi@example.com","ST04","退会","2026-06-04 15:11:14.833261"
1892,"山田 大輔","daisuke.yamada@example.com","ST03","非アクティブ","2026-06-04 15:11:14.833261"
1893,"伊藤 結衣","yui.ito@example.com","ST03","非アクティブ","2026-06-04 15:11:14.833261"
1894,"高橋 悠斗","yuto.takahashi@example.com","ST01","新規","2026-06-04 15:11:14.833261"
1895,"山田 彩花","ayaka.yamada@example.com","ST02","アクティブ","2026-06-04 15:11:14.833261"
1896,"渡辺 太郎","taro.watanabe@example.com","ST02","アクティブ","2026-06-04 15:11:14.833261"
1897,"中村 蓮","ren.nakamura@example.com","ST02","アクティブ","2026-06-04 15:11:14.833261"
1898,"加藤 太郎","taro.kato@example.com","ST04","退会","2026-06-04 15:11:14.833261"
1899,"田中 拓海","takumi.tanaka@example.com","ST02","アクティブ","2026-06-04 15:11:14.833261"
1900,"渡辺 拓海","takumi.watanabe@example.com","ST04","退会","2026-06-04 15:11:14.833261"
1901,"吉田 翔","sho.yoshida@example.com","ST03","非アクティブ","2026-06-04 15:11:14.833261"
1902,"佐藤 結衣","yui.sato@example.com","ST03","非アクティブ","2026-06-04 15:11:14.833261"
1903,"山田 陽菜","hina.yamada@example.com","ST01","新規","2026-06-04 15:11:14.833261"
1904,"伊藤 翔","sho.ito@example.com","ST02","アクティブ","2026-06-04 15:11:14.833261"
1905,"伊藤 葵","aoi.ito@example.com","ST04","退会","2026-06-04 15:11:14.833261"
1906,"小林 葵","aoi.kobayashi@example.com","ST01","新規","2026-06-04 15:11:14.833261"
1907,"伊藤 拓海","takumi.ito@example.com","ST02","アクティブ","2026-06-04 15:11:14.833261"
1908,"田中 結衣","yui.tanaka@example.com","ST03","非アクティブ","2026-06-04 15:11:14.833261"
1909,"伊藤 蓮","ren.ito@example.com","ST02","アクティブ","2026-06-04 15:11:14.833261"
1910,"田中 結衣","yui.tanaka@example.com","ST03","非アクティブ","2026-06-04 15:11:14.833261"
1911,"伊藤 大輔","daisuke.ito@example.com","ST04","退会","2026-06-04 15:11:14.833261"
1912,"中村 美咲","misaki.nakamura@example.com","ST03","非アクティブ","2026-06-04 15:11:14.833261"
1913,"加藤 大輔","daisuke.kato@example.com","ST03","非アクティブ","2026-06-04 15:11:14.833261"
1914,"伊藤 悠斗","yuto.ito@example.com","ST01","新規","2026-06-04 15:11:14.833261"
1915,"田中 葵","aoi.tanaka@example.com","ST02","アクティブ","2026-06-04 15:11:14.833261"
1916,"鈴木 太郎","taro.suzuki@example.com","ST01","新規","2026-06-04 15:11:14.833261"
1917,"鈴木 健太","kenta.suzuki@example.com","ST04","退会","2026-06-04 15:11:14.833261"
1918,"高橋 拓海","takumi.takahashi@example.com","ST03","非アクティブ","2026-06-04 15:11:14.833261"
1919,"高橋 結衣","yui.takahashi@example.com","ST02","アクティブ","2026-06-04 15:11:14.833261"
1920,"山本 健太","kenta.yamamoto@example.com","ST04","退会","2026-06-04 15:11:14.833261"
1921,"佐藤 葵","aoi.sato@example.com","ST03","非アクティブ","2026-06-04 15:11:14.833261"
1922,"山田 翔","sho.yamada@example.com","ST04","退会","2026-06-04 15:11:14.833261"
1923,"中村 太郎","taro.nakamura@example.com","ST03","非アクティブ","2026-06-04 15:11:14.833261"
1924,"鈴木 悠斗","yuto.suzuki@example.com","ST02","アクティブ","2026-06-04 15:11:14.833261"
1925,"渡辺 翔","sho.watanabe@example.com","ST03","非アクティブ","2026-06-04 15:11:14.833261"
1926,"渡辺 陽菜","hina.watanabe@example.com","ST02","アクティブ","2026-06-04 15:11:14.833261"
1927,"鈴木 拓海","takumi.suzuki@example.com","ST02","アクティブ","2026-06-04 15:11:14.833261"
1928,"山本 結衣","yui.yamamoto@example.com","ST01","新規","2026-06-04 15:11:14.833261"
1929,"山田 美咲","misaki.yamada@example.com","ST04","退会","2026-06-04 15:11:14.833261"
1930,"山田 健太","kenta.yamada@example.com","ST04","退会","2026-06-04 15:11:14.833261"
1931,"山田 大輔","daisuke.yamada@example.com","ST02","アクティブ","2026-06-04 15:11:14.833261"
1932,"山田 彩花","ayaka.yamada@example.com","ST01","新規","2026-06-04 15:11:14.833261"
1933,"渡辺 陽菜","hina.watanabe@example.com","ST03","非アクティブ","2026-06-04 15:11:14.833261"
1934,"山田 翔","sho.yamada@example.com","ST03","非アクティブ","2026-06-04 15:11:14.833261"
1935,"田中 葵","aoi.tanaka@example.com","ST04","退会","2026-06-04 15:11:14.833261"
1936,"小林 悠斗","yuto.kobayashi@example.com","ST01","新規","2026-06-04 15:11:14.833261"
1937,"加藤 陽菜","hina.kato@example.com","ST03","非アクティブ","2026-06-04 15:11:14.833261"
1938,"吉田 悠斗","yuto.yoshida@example.com","ST01","新規","2026-06-04 15:11:14.833261"
1939,"吉田 葵","aoi.yoshida@example.com","ST04","退会","2026-06-04 15:11:14.833261"
1940,"中村 蓮","ren.nakamura@example.com","ST02","アクティブ","2026-06-04 15:11:14.833261"
1941,"加藤 翔","sho.kato@example.com","ST02","アクティブ","2026-06-04 15:11:14.833261"
1942,"吉田 拓海","takumi.yoshida@example.com","ST03","非アクティブ","2026-06-04 15:11:14.833261"
1943,"山田 結衣","yui.yamada@example.com","ST04","退会","2026-06-04 15:11:14.833261"
1944,"小林 健太","kenta.kobayashi@example.com","ST04","退会","2026-06-04 15:11:14.833261"
1945,"田中 悠斗","yuto.tanaka@example.com","ST02","アクティブ","2026-06-04 15:11:14.833261"
1946,"山本 蓮","ren.yamamoto@example.com","ST04","退会","2026-06-04 15:11:14.833261"
1947,"加藤 太郎","taro.kato@example.com","ST03","非アクティブ","2026-06-04 15:11:14.833261"
1948,"渡辺 陽菜","hina.watanabe@example.com","ST03","非アクティブ","2026-06-04 15:11:14.833261"
1949,"鈴木 美咲","misaki.suzuki@example.com","ST04","退会","2026-06-04 15:11:14.833261"
1950,"山田 葵","aoi.yamada@example.com","ST03","非アクティブ","2026-06-04 15:11:14.833261"
1951,"鈴木 美咲","misaki.suzuki@example.com","ST01","新規","2026-06-04 15:11:14.833261"
1952,"田中 葵","aoi.tanaka@example.com","ST03","非アクティブ","2026-06-04 15:11:14.833261"
1953,"田中 大輔","daisuke.tanaka@example.com","ST03","非アクティブ","2026-06-04 15:11:14.833261"
1954,"渡辺 美咲","misaki.watanabe@example.com","ST02","アクティブ","2026-06-04 15:11:14.833261"
1955,"田中 太郎","taro.tanaka@example.com","ST04","退会","2026-06-04 15:11:14.833261"
1956,"高橋 美咲","misaki.takahashi@example.com","ST01","新規","2026-06-04 15:11:14.833261"
1957,"佐藤 葵","aoi.sato@example.com","ST02","アクティブ","2026-06-04 15:11:14.833261"
1958,"加藤 蓮","ren.kato@example.com","ST03","非アクティブ","2026-06-04 15:11:14.833261"
1959,"加藤 悠斗","yuto.kato@example.com","ST01","新規","2026-06-04 15:11:14.833261"
1960,"高橋 悠斗","yuto.takahashi@example.com","ST02","アクティブ","2026-06-04 15:11:14.833261"
1961,"吉田 陽菜","hina.yoshida@example.com","ST03","非アクティブ","2026-06-04 15:11:14.833261"
1962,"高橋 悠斗","yuto.takahashi@example.com","ST01","新規","2026-06-04 15:11:14.833261"
1963,"小林 葵","aoi.kobayashi@example.com","ST03","非アクティブ","2026-06-04 15:11:14.833261"
1964,"中村 陽菜","hina.nakamura@example.com","ST03","非アクティブ","2026-06-04 15:11:14.833261"
1965,"中村 陽菜","hina.nakamura@example.com","ST04","退会","2026-06-04 15:11:14.833261"
1966,"吉田 美咲","misaki.yoshida@example.com","ST02","アクティブ","2026-06-04 15:11:14.833261"
1967,"佐藤 健太","kenta.sato@example.com","ST03","非アクティブ","2026-06-04 15:11:14.833261"
1968,"伊藤 拓海","takumi.ito@example.com","ST04","退会","2026-06-04 15:11:14.833261"
1969,"佐藤 健太","kenta.sato@example.com","ST01","新規","2026-06-04 15:11:14.833261"
1970,"鈴木 拓海","takumi.suzuki@example.com","ST02","アクティブ","2026-06-04 15:11:14.833261"
1971,"高橋 結衣","yui.takahashi@example.com","ST02","アクティブ","2026-06-04 15:11:14.833261"
1972,"渡辺 拓海","takumi.watanabe@example.com","ST02","アクティブ","2026-06-04 15:11:14.833261"
1973,"高橋 美咲","misaki.takahashi@example.com","ST01","新規","2026-06-04 15:11:14.833261"
1974,"高橋 美咲","misaki.takahashi@example.com","ST01","新規","2026-06-04 15:11:14.833261"
1975,"伊藤 悠斗","yuto.ito@example.com","ST01","新規","2026-06-04 15:11:14.833261"
1976,"渡辺 翔","sho.watanabe@example.com","ST03","非アクティブ","2026-06-04 15:11:14.833261"
1977,"小林 健太","kenta.kobayashi@example.com","ST03","非アクティブ","2026-06-04 15:11:14.833261"
1978,"山本 健太","kenta.yamamoto@example.com","ST03","非アクティブ","2026-06-04 15:11:14.833261"
1979,"鈴木 陽菜","hina.suzuki@example.com","ST02","アクティブ","2026-06-04 15:11:14.833261"
1980,"田中 美咲","misaki.tanaka@example.com","ST04","退会","2026-06-04 15:11:14.833261"
1981,"山田 結衣","yui.yamada@example.com","ST02","アクティブ","2026-06-04 15:11:14.833261"
1982,"佐藤 葵","aoi.sato@example.com","ST01","新規","2026-06-04 15:11:14.833261"
1983,"中村 美咲","misaki.nakamura@example.com","ST01","新規","2026-06-04 15:11:14.833261"
1984,"山田 悠斗","yuto.yamada@example.com","ST04","退会","2026-06-04 15:11:14.833261"
1985,"田中 蓮","ren.tanaka@example.com","ST04","退会","2026-06-04 15:11:14.833261"
1986,"高橋 拓海","takumi.takahashi@example.com","ST01","新規","2026-06-04 15:11:14.833261"
1987,"伊藤 蓮","ren.ito@example.com","ST04","退会","2026-06-04 15:11:14.833261"
1988,"高橋 大輔","daisuke.takahashi@example.com","ST01","新規","2026-06-04 15:11:14.833261"
1989,"小林 葵","aoi.kobayashi@example.com","ST01","新規","2026-06-04 15:11:14.833261"
1990,"吉田 健太","kenta.yoshida@example.com","ST04","退会","2026-06-04 15:11:14.833261"
1991,"加藤 葵","aoi.kato@example.com","ST02","アクティブ","2026-06-04 15:11:14.833261"
1992,"加藤 大輔","daisuke.kato@example.com","ST02","アクティブ","2026-06-04 15:11:14.833261"
1993,"田中 健太","kenta.tanaka@example.com","ST01","新規","2026-06-04 15:11:14.833261"
1994,"高橋 拓海","takumi.takahashi@example.com","ST02","アクティブ","2026-06-04 15:11:14.833261"
1995,"小林 大輔","daisuke.kobayashi@example.com","ST01","新規","2026-06-04 15:11:14.833261"
1996,"中村 大輔","daisuke.nakamura@example.com","ST02","アクティブ","2026-06-04 15:11:14.833261"
1997,"高橋 彩花","ayaka.takahashi@example.com","ST03","非アクティブ","2026-06-04 15:11:14.833261"
1998,"渡辺 彩花","ayaka.watanabe@example.com","ST01","新規","2026-06-04 15:11:14.833261"
1999,"吉田 美咲","misaki.yoshida@example.com","ST01","新規","2026-06-04 15:11:14.833261"
2000,"佐藤 翔","sho.sato@example.com","ST01","新規","2026-06-04 15:11:14.833261"
2001,"中村 美咲","misaki.nakamura@example.com","ST01","新規","2026-06-04 15:11:14.833261"
2002,"中村 太郎","taro.nakamura@example.com","ST02","アクティブ","2026-06-04 15:11:14.833261"
2003,"田中 翔","sho.tanaka@example.com","ST01","新規","2026-06-04 15:11:14.833261"
2004,"田中 拓海","takumi.tanaka@example.com","ST01","新規","2026-06-04 15:11:14.833261"
2005,"山田 彩花","ayaka.yamada@example.com","ST03","非アクティブ","2026-06-04 15:11:14.833261"
2006,"吉田 葵","aoi.yoshida@example.com","ST04","退会","2026-06-04 15:11:14.833261"
2007,"中村 陽菜","hina.nakamura@example.com","ST01","新規","2026-06-04 15:11:14.833261"
2008,"加藤 結衣","yui.kato@example.com","ST03","非アクティブ","2026-06-04 15:11:14.833261"
2009,"中村 大輔","daisuke.nakamura@example.com","ST04","退会","2026-06-04 15:11:14.833261"
2010,"佐藤 拓海","takumi.sato@example.com","ST04","退会","2026-06-04 15:11:14.833261"
2011,"田中 健太","kenta.tanaka@example.com","ST04","退会","2026-06-04 15:11:14.833261"
2012,"鈴木 健太","kenta.suzuki@example.com","ST03","非アクティブ","2026-06-04 15:11:14.833261"
2013,"渡辺 美咲","misaki.watanabe@example.com","ST04","退会","2026-06-04 15:11:14.833261"
2014,"中村 太郎","taro.nakamura@example.com","ST01","新規","2026-06-04 15:11:14.833261"
2015,"高橋 陽菜","hina.takahashi@example.com","ST01","新規","2026-06-04 15:11:14.833261"
2016,"鈴木 彩花","ayaka.suzuki@example.com","ST03","非アクティブ","2026-06-04 15:11:14.833261"
2017,"山本 太郎","taro.yamamoto@example.com","ST03","非アクティブ","2026-06-04 15:11:14.833261"
2018,"中村 大輔","daisuke.nakamura@example.com","ST01","新規","2026-06-04 15:11:14.833261"
2019,"中村 美咲","misaki.nakamura@example.com","ST04","退会","2026-06-04 15:11:14.833261"
2020,"佐藤 大輔","daisuke.sato@example.com","ST01","新規","2026-06-04 15:11:14.833261"
2021,"加藤 大輔","daisuke.kato@example.com","ST01","新規","2026-06-04 15:11:14.833261"
2022,"小林 彩花","ayaka.kobayashi@example.com","ST03","非アクティブ","2026-06-04 15:11:14.833261"
2023,"渡辺 彩花","ayaka.watanabe@example.com","ST04","退会","2026-06-04 15:11:14.833261"
2024,"高橋 大輔","daisuke.takahashi@example.com","ST02","アクティブ","2026-06-04 15:11:14.833261"
2025,"伊藤 蓮","ren.ito@example.com","ST04","退会","2026-06-04 15:11:14.833261"
2026,"山田 葵","aoi.yamada@example.com","ST01","新規","2026-06-04 15:11:14.833261"
2027,"高橋 美咲","misaki.takahashi@example.com","ST04","退会","2026-06-04 15:11:14.833261"
2028,"中村 大輔","daisuke.nakamura@example.com","ST01","新規","2026-06-04 15:11:14.833261"
2029,"吉田 彩花","ayaka.yoshida@example.com","ST04","退会","2026-06-04 15:11:14.833261"
2030,"山本 太郎","taro.yamamoto@example.com","ST01","新規","2026-06-04 15:11:14.833261"
2031,"田中 健太","kenta.tanaka@example.com","ST02","アクティブ","2026-06-04 15:11:14.833261"
2032,"田中 蓮","ren.tanaka@example.com","ST02","アクティブ","2026-06-04 15:11:14.833261"
2033,"山田 彩花","ayaka.yamada@example.com","ST04","退会","2026-06-04 15:11:14.833261"
2034,"鈴木 蓮","ren.suzuki@example.com","ST01","新規","2026-06-04 15:11:14.833261"
2035,"佐藤 悠斗","yuto.sato@example.com","ST03","非アクティブ","2026-06-04 15:11:14.833261"
2036,"中村 葵","aoi.nakamura@example.com","ST02","アクティブ","2026-06-04 15:11:14.833261"
2037,"小林 彩花","ayaka.kobayashi@example.com","ST03","非アクティブ","2026-06-04 15:11:14.833261"
2038,"小林 葵","aoi.kobayashi@example.com","ST01","新規","2026-06-04 15:11:14.833261"
2039,"鈴木 美咲","misaki.suzuki@example.com","ST02","アクティブ","2026-06-04 15:11:14.833261"
2040,"山本 健太","kenta.yamamoto@example.com","ST03","非アクティブ","2026-06-04 15:11:14.833261"
2041,"田中 葵","aoi.tanaka@example.com","ST03","非アクティブ","2026-06-04 15:11:14.833261"
2042,"伊藤 葵","aoi.ito@example.com","ST02","アクティブ","2026-06-04 15:11:14.833261"
2043,"吉田 太郎","taro.yoshida@example.com","ST04","退会","2026-06-04 15:11:14.833261"
2044,"山本 太郎","taro.yamamoto@example.com","ST01","新規","2026-06-04 15:11:14.833261"
2045,"山田 太郎","taro.yamada@example.com","ST01","新規","2026-06-04 15:11:14.833261"
2046,"山本 葵","aoi.yamamoto@example.com","ST03","非アクティブ","2026-06-04 15:11:14.833261"
2047,"田中 美咲","misaki.tanaka@example.com","ST02","アクティブ","2026-06-04 15:11:14.833261"
2048,"中村 陽菜","hina.nakamura@example.com","ST03","非アクティブ","2026-06-04 15:11:14.833261"
2049,"伊藤 結衣","yui.ito@example.com","ST02","アクティブ","2026-06-04 15:11:14.833261"
2050,"佐藤 美咲","misaki.sato@example.com","ST04","退会","2026-06-04 15:11:14.833261"
2051,"高橋 蓮","ren.takahashi@example.com","ST02","アクティブ","2026-06-04 15:11:14.833261"
2052,"山田 美咲","misaki.yamada@example.com","ST02","アクティブ","2026-06-04 15:11:14.833261"
2053,"山本 葵","aoi.yamamoto@example.com","ST01","新規","2026-06-04 15:11:14.833261"
2054,"渡辺 大輔","daisuke.watanabe@example.com","ST04","退会","2026-06-04 15:11:14.833261"
2055,"吉田 葵","aoi.yoshida@example.com","ST02","アクティブ","2026-06-04 15:11:14.833261"
2056,"渡辺 陽菜","hina.watanabe@example.com","ST01","新規","2026-06-04 15:11:14.833261"
2057,"山本 陽菜","hina.yamamoto@example.com","ST04","退会","2026-06-04 15:11:14.833261"
2058,"鈴木 大輔","daisuke.suzuki@example.com","ST02","アクティブ","2026-06-04 15:11:14.833261"
2059,"山田 大輔","daisuke.yamada@example.com","ST02","アクティブ","2026-06-04 15:11:14.833261"
2060,"吉田 陽菜","hina.yoshida@example.com","ST04","退会","2026-06-04 15:11:14.833261"
2061,"渡辺 蓮","ren.watanabe@example.com","ST02","アクティブ","2026-06-04 15:11:14.833261"
2062,"高橋 陽菜","hina.takahashi@example.com","ST02","アクティブ","2026-06-04 15:11:14.833261"
2063,"中村 健太","kenta.nakamura@example.com","ST03","非アクティブ","2026-06-04 15:11:14.833261"
2064,"渡辺 大輔","daisuke.watanabe@example.com","ST01","新規","2026-06-04 15:11:14.833261"
2065,"小林 美咲","misaki.kobayashi@example.com","ST03","非アクティブ","2026-06-04 15:11:14.833261"
2066,"中村 葵","aoi.nakamura@example.com","ST04","退会","2026-06-04 15:11:14.833261"
2067,"吉田 拓海","takumi.yoshida@example.com","ST02","アクティブ","2026-06-04 15:11:14.833261"
2068,"田中 健太","kenta.tanaka@example.com","ST01","新規","2026-06-04 15:11:14.833261"
2069,"吉田 拓海","takumi.yoshida@example.com","ST01","新規","2026-06-04 15:11:14.833261"
2070,"鈴木 美咲","misaki.suzuki@example.com","ST04","退会","2026-06-04 15:11:14.833261"
2071,"佐藤 健太","kenta.sato@example.com","ST01","新規","2026-06-04 15:11:14.833261"
2072,"鈴木 陽菜","hina.suzuki@example.com","ST03","非アクティブ","2026-06-04 15:11:14.833261"
2073,"山本 彩花","ayaka.yamamoto@example.com","ST03","非アクティブ","2026-06-04 15:11:14.833261"
2074,"佐藤 大輔","daisuke.sato@example.com","ST02","アクティブ","2026-06-04 15:11:14.833261"
2075,"佐藤 翔","sho.sato@example.com","ST01","新規","2026-06-04 15:11:14.833261"
2076,"高橋 美咲","misaki.takahashi@example.com","ST03","非アクティブ","2026-06-04 15:11:14.833261"
2077,"田中 蓮","ren.tanaka@example.com","ST03","非アクティブ","2026-06-04 15:11:14.833261"
2078,"山田 翔","sho.yamada@example.com","ST03","非アクティブ","2026-06-04 15:11:14.833261"
2079,"高橋 美咲","misaki.takahashi@example.com","ST01","新規","2026-06-04 15:11:14.833261"
2080,"佐藤 蓮","ren.sato@example.com","ST01","新規","2026-06-04 15:11:14.833261"
2081,"渡辺 葵","aoi.watanabe@example.com","ST01","新規","2026-06-04 15:11:14.833261"
2082,"山田 大輔","daisuke.yamada@example.com","ST01","新規","2026-06-04 15:11:14.833261"
2083,"田中 拓海","takumi.tanaka@example.com","ST04","退会","2026-06-04 15:11:14.833261"
2084,"渡辺 美咲","misaki.watanabe@example.com","ST01","新規","2026-06-04 15:11:14.833261"
2085,"小林 悠斗","yuto.kobayashi@example.com","ST01","新規","2026-06-04 15:11:14.833261"
2086,"小林 悠斗","yuto.kobayashi@example.com","ST01","新規","2026-06-04 15:11:14.833261"
2087,"佐藤 結衣","yui.sato@example.com","ST03","非アクティブ","2026-06-04 15:11:14.833261"
2088,"高橋 美咲","misaki.takahashi@example.com","ST03","非アクティブ","2026-06-04 15:11:14.833261"
2089,"小林 蓮","ren.kobayashi@example.com","ST03","非アクティブ","2026-06-04 15:11:14.833261"
2090,"吉田 陽菜","hina.yoshida@example.com","ST04","退会","2026-06-04 15:11:14.833261"
2091,"渡辺 蓮","ren.watanabe@example.com","ST03","非アクティブ","2026-06-04 15:11:14.833261"
2092,"佐藤 翔","sho.sato@example.com","ST03","非アクティブ","2026-06-04 15:11:14.833261"
2093,"高橋 彩花","ayaka.takahashi@example.com","ST03","非アクティブ","2026-06-04 15:11:14.833261"
2094,"田中 彩花","ayaka.tanaka@example.com","ST02","アクティブ","2026-06-04 15:11:14.833261"
2095,"佐藤 陽菜","hina.sato@example.com","ST03","非アクティブ","2026-06-04 15:11:14.833261"
2096,"山本 美咲","misaki.yamamoto@example.com","ST03","非アクティブ","2026-06-04 15:11:14.833261"
2097,"吉田 悠斗","yuto.yoshida@example.com","ST03","非アクティブ","2026-06-04 15:11:14.833261"
2098,"田中 陽菜","hina.tanaka@example.com","ST04","退会","2026-06-04 15:11:14.833261"
2099,"山本 悠斗","yuto.yamamoto@example.com","ST03","非アクティブ","2026-06-04 15:11:14.833261"
2100,"中村 太郎","taro.nakamura@example.com","ST02","アクティブ","2026-06-04 15:11:14.833261"
2101,"伊藤 太郎","taro.ito@example.com","ST02","アクティブ","2026-06-04 15:11:14.833261"
2102,"佐藤 蓮","ren.sato@example.com","ST02","アクティブ","2026-06-04 15:11:14.833261"
2103,"鈴木 悠斗","yuto.suzuki@example.com","ST04","退会","2026-06-04 15:11:14.833261"
2104,"山田 陽菜","hina.yamada@example.com","ST03","非アクティブ","2026-06-04 15:11:14.833261"
2105,"高橋 陽菜","hina.takahashi@example.com","ST03","非アクティブ","2026-06-04 15:11:14.833261"
2106,"佐藤 健太","kenta.sato@example.com","ST01","新規","2026-06-04 15:11:14.833261"
2107,"山本 悠斗","yuto.yamamoto@example.com","ST03","非アクティブ","2026-06-04 15:11:14.833261"
2108,"田中 健太","kenta.tanaka@example.com","ST03","非アクティブ","2026-06-04 15:11:14.833261"
2109,"中村 美咲","misaki.nakamura@example.com","ST04","退会","2026-06-04 15:11:14.833261"
2110,"佐藤 結衣","yui.sato@example.com","ST04","退会","2026-06-04 15:11:14.833261"
2111,"山本 健太","kenta.yamamoto@example.com","ST01","新規","2026-06-04 15:11:14.833261"
2112,"加藤 彩花","ayaka.kato@example.com","ST02","アクティブ","2026-06-04 15:11:14.833261"
2113,"鈴木 健太","kenta.suzuki@example.com","ST03","非アクティブ","2026-06-04 15:11:14.833261"
2114,"伊藤 陽菜","hina.ito@example.com","ST02","アクティブ","2026-06-04 15:11:14.833261"
2115,"伊藤 美咲","misaki.ito@example.com","ST01","新規","2026-06-04 15:11:14.833261"
2116,"山田 健太","kenta.yamada@example.com","ST03","非アクティブ","2026-06-04 15:11:14.833261"
2117,"吉田 拓海","takumi.yoshida@example.com","ST02","アクティブ","2026-06-04 15:11:14.833261"
2118,"渡辺 翔","sho.watanabe@example.com","ST01","新規","2026-06-04 15:11:14.833261"
2119,"田中 結衣","yui.tanaka@example.com","ST03","非アクティブ","2026-06-04 15:11:14.833261"
2120,"田中 翔","sho.tanaka@example.com","ST04","退会","2026-06-04 15:11:14.833261"
2121,"田中 大輔","daisuke.tanaka@example.com","ST02","アクティブ","2026-06-04 15:11:14.833261"
2122,"加藤 悠斗","yuto.kato@example.com","ST03","非アクティブ","2026-06-04 15:11:14.833261"
2123,"中村 翔","sho.nakamura@example.com","ST04","退会","2026-06-04 15:11:14.833261"
2124,"鈴木 葵","aoi.suzuki@example.com","ST04","退会","2026-06-04 15:11:14.833261"
2125,"佐藤 翔","sho.sato@example.com","ST04","退会","2026-06-04 15:11:14.833261"
2126,"小林 蓮","ren.kobayashi@example.com","ST02","アクティブ","2026-06-04 15:11:14.833261"
2127,"加藤 蓮","ren.kato@example.com","ST04","退会","2026-06-04 15:11:14.833261"
2128,"山田 拓海","takumi.yamada@example.com","ST01","新規","2026-06-04 15:11:14.833261"
2129,"吉田 葵","aoi.yoshida@example.com","ST01","新規","2026-06-04 15:11:14.833261"
2130,"伊藤 美咲","misaki.ito@example.com","ST02","アクティブ","2026-06-04 15:11:14.833261"
2131,"山田 太郎","taro.yamada@example.com","ST01","新規","2026-06-04 15:11:14.833261"
2132,"山本 健太","kenta.yamamoto@example.com","ST03","非アクティブ","2026-06-04 15:11:14.833261"
2133,"中村 翔","sho.nakamura@example.com","ST02","アクティブ","2026-06-04 15:11:14.833261"
2134,"山本 結衣","yui.yamamoto@example.com","ST03","非アクティブ","2026-06-04 15:11:14.833261"
2135,"加藤 陽菜","hina.kato@example.com","ST03","非アクティブ","2026-06-04 15:11:14.833261"
2136,"田中 結衣","yui.tanaka@example.com","ST03","非アクティブ","2026-06-04 15:11:14.833261"
2137,"山田 太郎","taro.yamada@example.com","ST04","退会","2026-06-04 15:11:14.833261"
2138,"加藤 健太","kenta.kato@example.com","ST01","新規","2026-06-04 15:11:14.833261"
2139,"加藤 蓮","ren.kato@example.com","ST03","非アクティブ","2026-06-04 15:11:14.833261"
2140,"加藤 悠斗","yuto.kato@example.com","ST02","アクティブ","2026-06-04 15:11:14.833261"
2141,"山本 葵","aoi.yamamoto@example.com","ST04","退会","2026-06-04 15:11:14.833261"
2142,"中村 健太","kenta.nakamura@example.com","ST04","退会","2026-06-04 15:11:14.833261"
2143,"鈴木 結衣","yui.suzuki@example.com","ST01","新規","2026-06-04 15:11:14.833261"
2144,"佐藤 彩花","ayaka.sato@example.com","ST03","非アクティブ","2026-06-04 15:11:14.833261"
2145,"吉田 健太","kenta.yoshida@example.com","ST02","アクティブ","2026-06-04 15:11:14.833261"
2146,"小林 拓海","takumi.kobayashi@example.com","ST01","新規","2026-06-04 15:11:14.833261"
2147,"小林 結衣","yui.kobayashi@example.com","ST01","新規","2026-06-04 15:11:14.833261"
2148,"高橋 彩花","ayaka.takahashi@example.com","ST04","退会","2026-06-04 15:11:14.833261"
2149,"田中 美咲","misaki.tanaka@example.com","ST01","新規","2026-06-04 15:11:14.833261"
2150,"山田 健太","kenta.yamada@example.com","ST01","新規","2026-06-04 15:11:14.833261"
2151,"山田 太郎","taro.yamada@example.com","ST01","新規","2026-06-04 15:11:14.833261"
2152,"田中 太郎","taro.tanaka@example.com","ST02","アクティブ","2026-06-04 15:11:14.833261"
2153,"伊藤 蓮","ren.ito@example.com","ST04","退会","2026-06-04 15:11:14.833261"
2154,"山田 健太","kenta.yamada@example.com","ST04","退会","2026-06-04 15:11:14.833261"
2155,"田中 彩花","ayaka.tanaka@example.com","ST01","新規","2026-06-04 15:11:14.833261"
2156,"高橋 拓海","takumi.takahashi@example.com","ST04","退会","2026-06-04 15:11:14.833261"
2157,"渡辺 彩花","ayaka.watanabe@example.com","ST01","新規","2026-06-04 15:11:14.833261"
2158,"高橋 葵","aoi.takahashi@example.com","ST01","新規","2026-06-04 15:11:14.833261"
2159,"佐藤 陽菜","hina.sato@example.com","ST03","非アクティブ","2026-06-04 15:11:14.833261"
2160,"高橋 美咲","misaki.takahashi@example.com","ST01","新規","2026-06-04 15:11:14.833261"
2161,"山本 陽菜","hina.yamamoto@example.com","ST01","新規","2026-06-04 15:11:14.833261"
2162,"渡辺 太郎","taro.watanabe@example.com","ST03","非アクティブ","2026-06-04 15:11:14.833261"
2163,"吉田 健太","kenta.yoshida@example.com","ST03","非アクティブ","2026-06-04 15:11:14.833261"
2164,"鈴木 陽菜","hina.suzuki@example.com","ST04","退会","2026-06-04 15:11:14.833261"
2165,"鈴木 翔","sho.suzuki@example.com","ST03","非アクティブ","2026-06-04 15:11:14.833261"
2166,"山田 拓海","takumi.yamada@example.com","ST02","アクティブ","2026-06-04 15:11:14.833261"
2167,"渡辺 彩花","ayaka.watanabe@example.com","ST03","非アクティブ","2026-06-04 15:11:14.833261"
2168,"山田 葵","aoi.yamada@example.com","ST01","新規","2026-06-04 15:11:14.833261"
2169,"田中 健太","kenta.tanaka@example.com","ST03","非アクティブ","2026-06-04 15:11:14.833261"
2170,"吉田 蓮","ren.yoshida@example.com","ST04","退会","2026-06-04 15:11:14.833261"
2171,"吉田 美咲","misaki.yoshida@example.com","ST03","非アクティブ","2026-06-04 15:11:14.833261"
2172,"山田 葵","aoi.yamada@example.com","ST04","退会","2026-06-04 15:11:14.833261"
2173,"吉田 蓮","ren.yoshida@example.com","ST01","新規","2026-06-04 15:11:14.833261"
2174,"田中 結衣","yui.tanaka@example.com","ST03","非アクティブ","2026-06-04 15:11:14.833261"
2175,"渡辺 太郎","taro.watanabe@example.com","ST03","非アクティブ","2026-06-04 15:11:14.833261"
2176,"加藤 拓海","takumi.kato@example.com","ST04","退会","2026-06-04 15:11:14.833261"
2177,"佐藤 結衣","yui.sato@example.com","ST02","アクティブ","2026-06-04 15:11:14.833261"
2178,"高橋 太郎","taro.takahashi@example.com","ST03","非アクティブ","2026-06-04 15:11:14.833261"
2179,"吉田 太郎","taro.yoshida@example.com","ST02","アクティブ","2026-06-04 15:11:14.833261"
2180,"山田 拓海","takumi.yamada@example.com","ST03","非アクティブ","2026-06-04 15:11:14.833261"
2181,"小林 蓮","ren.kobayashi@example.com","ST01","新規","2026-06-04 15:11:14.833261"
2182,"鈴木 葵","aoi.suzuki@example.com","ST02","アクティブ","2026-06-04 15:11:14.833261"
2183,"吉田 大輔","daisuke.yoshida@example.com","ST04","退会","2026-06-04 15:11:14.833261"
2184,"鈴木 健太","kenta.suzuki@example.com","ST03","非アクティブ","2026-06-04 15:11:14.833261"
2185,"田中 拓海","takumi.tanaka@example.com","ST03","非アクティブ","2026-06-04 15:11:14.833261"
2186,"加藤 結衣","yui.kato@example.com","ST04","退会","2026-06-04 15:11:14.833261"
2187,"中村 翔","sho.nakamura@example.com","ST04","退会","2026-06-04 15:11:14.833261"
2188,"渡辺 大輔","daisuke.watanabe@example.com","ST01","新規","2026-06-04 15:11:14.833261"
2189,"渡辺 葵","aoi.watanabe@example.com","ST02","アクティブ","2026-06-04 15:11:14.833261"
2190,"小林 大輔","daisuke.kobayashi@example.com","ST04","退会","2026-06-04 15:11:14.833261"
2191,"吉田 健太","kenta.yoshida@example.com","ST04","退会","2026-06-04 15:11:14.833261"
2192,"加藤 美咲","misaki.kato@example.com","ST03","非アクティブ","2026-06-04 15:11:14.833261"
2193,"伊藤 悠斗","yuto.ito@example.com","ST01","新規","2026-06-04 15:11:14.833261"
2194,"田中 葵","aoi.tanaka@example.com","ST01","新規","2026-06-04 15:11:14.833261"
2195,"佐藤 翔","sho.sato@example.com","ST02","アクティブ","2026-06-04 15:11:14.833261"
2196,"田中 結衣","yui.tanaka@example.com","ST03","非アクティブ","2026-06-04 15:11:14.833261"
2197,"小林 太郎","taro.kobayashi@example.com","ST04","退会","2026-06-04 15:11:14.833261"
2198,"山田 健太","kenta.yamada@example.com","ST03","非アクティブ","2026-06-04 15:11:14.833261"
2199,"田中 彩花","ayaka.tanaka@example.com","ST01","新規","2026-06-04 15:11:14.833261"
2200,"山田 蓮","ren.yamada@example.com","ST01","新規","2026-06-04 15:11:14.833261"
2201,"山田 健太","kenta.yamada@example.com","ST01","新規","2026-06-04 15:11:14.833261"
2202,"伊藤 陽菜","hina.ito@example.com","ST03","非アクティブ","2026-06-04 15:11:14.833261"
2203,"吉田 拓海","takumi.yoshida@example.com","ST02","アクティブ","2026-06-04 15:11:14.833261"
2204,"中村 蓮","ren.nakamura@example.com","ST01","新規","2026-06-04 15:11:14.833261"
2205,"渡辺 蓮","ren.watanabe@example.com","ST02","アクティブ","2026-06-04 15:11:14.833261"
2206,"渡辺 結衣","yui.watanabe@example.com","ST01","新規","2026-06-04 15:11:14.833261"
2207,"渡辺 悠斗","yuto.watanabe@example.com","ST04","退会","2026-06-04 15:11:14.833261"
2208,"佐藤 太郎","taro.sato@example.com","ST01","新規","2026-06-04 15:11:14.833261"
2209,"高橋 大輔","daisuke.takahashi@example.com","ST04","退会","2026-06-04 15:11:14.833261"
2210,"小林 太郎","taro.kobayashi@example.com","ST03","非アクティブ","2026-06-04 15:11:14.833261"
2211,"伊藤 翔","sho.ito@example.com","ST02","アクティブ","2026-06-04 15:11:14.833261"
2212,"高橋 翔","sho.takahashi@example.com","ST04","退会","2026-06-04 15:11:14.833261"
2213,"中村 彩花","ayaka.nakamura@example.com","ST01","新規","2026-06-04 15:11:14.833261"
2214,"佐藤 拓海","takumi.sato@example.com","ST01","新規","2026-06-04 15:11:14.833261"
2215,"山本 悠斗","yuto.yamamoto@example.com","ST03","非アクティブ","2026-06-04 15:11:14.833261"
2216,"加藤 拓海","takumi.kato@example.com","ST03","非アクティブ","2026-06-04 15:11:14.833261"
2217,"山本 結衣","yui.yamamoto@example.com","ST02","アクティブ","2026-06-04 15:11:14.833261"
2218,"吉田 悠斗","yuto.yoshida@example.com","ST01","新規","2026-06-04 15:11:14.833261"
2219,"高橋 拓海","takumi.takahashi@example.com","ST03","非アクティブ","2026-06-04 15:11:14.833261"
2220,"高橋 美咲","misaki.takahashi@example.com","ST03","非アクティブ","2026-06-04 15:11:14.833261"
2221,"中村 悠斗","yuto.nakamura@example.com","ST04","退会","2026-06-04 15:11:14.833261"
2222,"渡辺 翔","sho.watanabe@example.com","ST04","退会","2026-06-04 15:11:14.833261"
2223,"加藤 太郎","taro.kato@example.com","ST02","アクティブ","2026-06-04 15:11:14.833261"
2224,"佐藤 陽菜","hina.sato@example.com","ST03","非アクティブ","2026-06-04 15:11:14.833261"
2225,"吉田 結衣","yui.yoshida@example.com","ST02","アクティブ","2026-06-04 15:11:14.833261"
2226,"山本 美咲","misaki.yamamoto@example.com","ST03","非アクティブ","2026-06-04 15:11:14.833261"
2227,"高橋 彩花","ayaka.takahashi@example.com","ST01","新規","2026-06-04 15:11:14.833261"
2228,"鈴木 蓮","ren.suzuki@example.com","ST02","アクティブ","2026-06-04 15:11:14.833261"
2229,"小林 大輔","daisuke.kobayashi@example.com","ST02","アクティブ","2026-06-04 15:11:14.833261"
2230,"山田 太郎","taro.yamada@example.com","ST03","非アクティブ","2026-06-04 15:11:14.833261"
2231,"加藤 拓海","takumi.kato@example.com","ST04","退会","2026-06-04 15:11:14.833261"
2232,"渡辺 大輔","daisuke.watanabe@example.com","ST03","非アクティブ","2026-06-04 15:11:14.833261"
2233,"山本 美咲","misaki.yamamoto@example.com","ST02","アクティブ","2026-06-04 15:11:14.833261"
2234,"渡辺 結衣","yui.watanabe@example.com","ST03","非アクティブ","2026-06-04 15:11:14.833261"
2235,"山田 大輔","daisuke.yamada@example.com","ST04","退会","2026-06-04 15:11:14.833261"
2236,"中村 彩花","ayaka.nakamura@example.com","ST02","アクティブ","2026-06-04 15:11:14.833261"
2237,"小林 美咲","misaki.kobayashi@example.com","ST01","新規","2026-06-04 15:11:14.833261"
2238,"田中 陽菜","hina.tanaka@example.com","ST02","アクティブ","2026-06-04 15:11:14.833261"
2239,"渡辺 大輔","daisuke.watanabe@example.com","ST02","アクティブ","2026-06-04 15:11:14.833261"
2240,"小林 拓海","takumi.kobayashi@example.com","ST03","非アクティブ","2026-06-04 15:11:14.833261"
2241,"小林 悠斗","yuto.kobayashi@example.com","ST01","新規","2026-06-04 15:11:14.833261"
2242,"小林 拓海","takumi.kobayashi@example.com","ST04","退会","2026-06-04 15:11:14.833261"
2243,"小林 葵","aoi.kobayashi@example.com","ST01","新規","2026-06-04 15:11:14.833261"
2244,"山本 大輔","daisuke.yamamoto@example.com","ST03","非アクティブ","2026-06-04 15:11:14.833261"
2245,"渡辺 悠斗","yuto.watanabe@example.com","ST03","非アクティブ","2026-06-04 15:11:14.833261"
2246,"吉田 蓮","ren.yoshida@example.com","ST04","退会","2026-06-04 15:11:14.833261"
2247,"中村 健太","kenta.nakamura@example.com","ST01","新規","2026-06-04 15:11:14.833261"
2248,"田中 美咲","misaki.tanaka@example.com","ST04","退会","2026-06-04 15:11:14.833261"
2249,"山本 彩花","ayaka.yamamoto@example.com","ST01","新規","2026-06-04 15:11:14.833261"
2250,"小林 翔","sho.kobayashi@example.com","ST03","非アクティブ","2026-06-04 15:11:14.833261"
2251,"小林 彩花","ayaka.kobayashi@example.com","ST04","退会","2026-06-04 15:11:14.833261"
2252,"山本 拓海","takumi.yamamoto@example.com","ST04","退会","2026-06-04 15:11:14.833261"
2253,"加藤 悠斗","yuto.kato@example.com","ST03","非アクティブ","2026-06-04 15:11:14.833261"
2254,"佐藤 結衣","yui.sato@example.com","ST01","新規","2026-06-04 15:11:14.833261"
2255,"吉田 太郎","taro.yoshida@example.com","ST04","退会","2026-06-04 15:11:14.833261"
2256,"渡辺 拓海","takumi.watanabe@example.com","ST01","新規","2026-06-04 15:11:14.833261"
2257,"吉田 翔","sho.yoshida@example.com","ST02","アクティブ","2026-06-04 15:11:14.833261"
2258,"加藤 陽菜","hina.kato@example.com","ST03","非アクティブ","2026-06-04 15:11:14.833261"
2259,"加藤 結衣","yui.kato@example.com","ST04","退会","2026-06-04 15:11:14.833261"
2260,"高橋 葵","aoi.takahashi@example.com","ST01","新規","2026-06-04 15:11:14.833261"
2261,"山田 悠斗","yuto.yamada@example.com","ST02","アクティブ","2026-06-04 15:11:14.833261"
2262,"山田 彩花","ayaka.yamada@example.com","ST01","新規","2026-06-04 15:11:14.833261"
2263,"中村 太郎","taro.nakamura@example.com","ST03","非アクティブ","2026-06-04 15:11:14.833261"
2264,"鈴木 蓮","ren.suzuki@example.com","ST01","新規","2026-06-04 15:11:14.833261"
2265,"小林 彩花","ayaka.kobayashi@example.com","ST03","非アクティブ","2026-06-04 15:11:14.833261"
2266,"山田 陽菜","hina.yamada@example.com","ST01","新規","2026-06-04 15:11:14.833261"
2267,"中村 健太","kenta.nakamura@example.com","ST03","非アクティブ","2026-06-04 15:11:14.833261"
2268,"伊藤 悠斗","yuto.ito@example.com","ST01","新規","2026-06-04 15:11:14.833261"
2269,"中村 健太","kenta.nakamura@example.com","ST03","非アクティブ","2026-06-04 15:11:14.833261"
2270,"小林 葵","aoi.kobayashi@example.com","ST01","新規","2026-06-04 15:11:14.833261"
2271,"鈴木 陽菜","hina.suzuki@example.com","ST02","アクティブ","2026-06-04 15:11:14.833261"
2272,"小林 大輔","daisuke.kobayashi@example.com","ST01","新規","2026-06-04 15:11:14.833261"
2273,"伊藤 陽菜","hina.ito@example.com","ST04","退会","2026-06-04 15:11:14.833261"
2274,"加藤 健太","kenta.kato@example.com","ST04","退会","2026-06-04 15:11:14.833261"
2275,"伊藤 結衣","yui.ito@example.com","ST01","新規","2026-06-04 15:11:14.833261"
2276,"鈴木 悠斗","yuto.suzuki@example.com","ST01","新規","2026-06-04 15:11:14.833261"
2277,"山田 拓海","takumi.yamada@example.com","ST02","アクティブ","2026-06-04 15:11:14.833261"
2278,"吉田 翔","sho.yoshida@example.com","ST04","退会","2026-06-04 15:11:14.833261"
2279,"小林 悠斗","yuto.kobayashi@example.com","ST02","アクティブ","2026-06-04 15:11:14.833261"
2280,"加藤 大輔","daisuke.kato@example.com","ST03","非アクティブ","2026-06-04 15:11:14.833261"
2281,"渡辺 健太","kenta.watanabe@example.com","ST04","退会","2026-06-04 15:11:14.833261"
2282,"伊藤 太郎","taro.ito@example.com","ST04","退会","2026-06-04 15:11:14.833261"
2283,"山田 太郎","taro.yamada@example.com","ST03","非アクティブ","2026-06-04 15:11:14.833261"
2284,"山本 大輔","daisuke.yamamoto@example.com","ST02","アクティブ","2026-06-04 15:11:14.833261"
2285,"佐藤 美咲","misaki.sato@example.com","ST01","新規","2026-06-04 15:11:14.833261"
2286,"山田 蓮","ren.yamada@example.com","ST01","新規","2026-06-04 15:11:14.833261"
2287,"山田 大輔","daisuke.yamada@example.com","ST04","退会","2026-06-04 15:11:14.833261"
2288,"山本 美咲","misaki.yamamoto@example.com","ST01","新規","2026-06-04 15:11:14.833261"
2289,"鈴木 太郎","taro.suzuki@example.com","ST01","新規","2026-06-04 15:11:14.833261"
2290,"山田 彩花","ayaka.yamada@example.com","ST04","退会","2026-06-04 15:11:14.833261"
2291,"田中 翔","sho.tanaka@example.com","ST04","退会","2026-06-04 15:11:14.833261"
2292,"渡辺 彩花","ayaka.watanabe@example.com","ST04","退会","2026-06-04 15:11:14.833261"
2293,"佐藤 翔","sho.sato@example.com","ST02","アクティブ","2026-06-04 15:11:14.833261"
2294,"鈴木 健太","kenta.suzuki@example.com","ST02","アクティブ","2026-06-04 15:11:14.833261"
2295,"鈴木 彩花","ayaka.suzuki@example.com","ST03","非アクティブ","2026-06-04 15:11:14.833261"
2296,"山本 翔","sho.yamamoto@example.com","ST04","退会","2026-06-04 15:11:14.833261"
2297,"鈴木 拓海","takumi.suzuki@example.com","ST01","新規","2026-06-04 15:11:14.833261"
2298,"小林 彩花","ayaka.kobayashi@example.com","ST01","新規","2026-06-04 15:11:14.833261"
2299,"小林 彩花","ayaka.kobayashi@example.com","ST02","アクティブ","2026-06-04 15:11:14.833261"
2300,"渡辺 拓海","takumi.watanabe@example.com","ST02","アクティブ","2026-06-04 15:11:14.833261"
2301,"田中 太郎","taro.tanaka@example.com","ST01","新規","2026-06-04 15:11:14.833261"
2302,"鈴木 太郎","taro.suzuki@example.com","ST03","非アクティブ","2026-06-04 15:11:14.833261"
2303,"吉田 結衣","yui.yoshida@example.com","ST04","退会","2026-06-04 15:11:14.833261"
2304,"鈴木 太郎","taro.suzuki@example.com","ST01","新規","2026-06-04 15:11:14.833261"
2305,"加藤 大輔","daisuke.kato@example.com","ST04","退会","2026-06-04 15:11:14.833261"
2306,"中村 陽菜","hina.nakamura@example.com","ST04","退会","2026-06-04 15:11:14.833261"
2307,"高橋 拓海","takumi.takahashi@example.com","ST01","新規","2026-06-04 15:11:14.833261"
2308,"高橋 悠斗","yuto.takahashi@example.com","ST01","新規","2026-06-04 15:11:14.833261"
2309,"加藤 結衣","yui.kato@example.com","ST04","退会","2026-06-04 15:11:14.833261"
2310,"高橋 太郎","taro.takahashi@example.com","ST03","非アクティブ","2026-06-04 15:11:14.833261"
2311,"加藤 悠斗","yuto.kato@example.com","ST01","新規","2026-06-04 15:11:14.833261"
2312,"小林 健太","kenta.kobayashi@example.com","ST03","非アクティブ","2026-06-04 15:11:14.833261"
2313,"鈴木 拓海","takumi.suzuki@example.com","ST03","非アクティブ","2026-06-04 15:11:14.833261"
2314,"山田 健太","kenta.yamada@example.com","ST01","新規","2026-06-04 15:11:14.833261"
2315,"渡辺 太郎","taro.watanabe@example.com","ST01","新規","2026-06-04 15:11:14.833261"
2316,"渡辺 彩花","ayaka.watanabe@example.com","ST01","新規","2026-06-04 15:11:14.833261"
2317,"田中 蓮","ren.tanaka@example.com","ST01","新規","2026-06-04 15:11:14.833261"
2318,"吉田 太郎","taro.yoshida@example.com","ST03","非アクティブ","2026-06-04 15:11:14.833261"
2319,"鈴木 大輔","daisuke.suzuki@example.com","ST02","アクティブ","2026-06-04 15:11:14.833261"
2320,"山本 彩花","ayaka.yamamoto@example.com","ST02","アクティブ","2026-06-04 15:11:14.833261"
2321,"田中 彩花","ayaka.tanaka@example.com","ST03","非アクティブ","2026-06-04 15:11:14.833261"
2322,"田中 拓海","takumi.tanaka@example.com","ST03","非アクティブ","2026-06-04 15:11:14.833261"
2323,"山田 悠斗","yuto.yamada@example.com","ST04","退会","2026-06-04 15:11:14.833261"
2324,"山本 美咲","misaki.yamamoto@example.com","ST02","アクティブ","2026-06-04 15:11:14.833261"
2325,"小林 太郎","taro.kobayashi@example.com","ST02","アクティブ","2026-06-04 15:11:14.833261"
2326,"鈴木 結衣","yui.suzuki@example.com","ST02","アクティブ","2026-06-04 15:11:14.833261"
2327,"渡辺 拓海","takumi.watanabe@example.com","ST03","非アクティブ","2026-06-04 15:11:14.833261"
2328,"小林 美咲","misaki.kobayashi@example.com","ST01","新規","2026-06-04 15:11:14.833261"
2329,"渡辺 太郎","taro.watanabe@example.com","ST01","新規","2026-06-04 15:11:14.833261"
2330,"山田 美咲","misaki.yamada@example.com","ST04","退会","2026-06-04 15:11:14.833261"
2331,"中村 大輔","daisuke.nakamura@example.com","ST01","新規","2026-06-04 15:11:14.833261"
2332,"田中 結衣","yui.tanaka@example.com","ST01","新規","2026-06-04 15:11:14.833261"
2333,"中村 葵","aoi.nakamura@example.com","ST01","新規","2026-06-04 15:11:14.833261"
2334,"山本 悠斗","yuto.yamamoto@example.com","ST02","アクティブ","2026-06-04 15:11:14.833261"
2335,"中村 美咲","misaki.nakamura@example.com","ST03","非アクティブ","2026-06-04 15:11:14.833261"
2336,"加藤 結衣","yui.kato@example.com","ST04","退会","2026-06-04 15:11:14.833261"
2337,"山田 悠斗","yuto.yamada@example.com","ST02","アクティブ","2026-06-04 15:11:14.833261"
2338,"加藤 悠斗","yuto.kato@example.com","ST04","退会","2026-06-04 15:11:14.833261"
2339,"鈴木 彩花","ayaka.suzuki@example.com","ST01","新規","2026-06-04 15:11:14.833261"
2340,"田中 結衣","yui.tanaka@example.com","ST01","新規","2026-06-04 15:11:14.833261"
2341,"佐藤 美咲","misaki.sato@example.com","ST04","退会","2026-06-04 15:11:14.833261"
2342,"山本 健太","kenta.yamamoto@example.com","ST02","アクティブ","2026-06-04 15:11:14.833261"
2343,"高橋 彩花","ayaka.takahashi@example.com","ST01","新規","2026-06-04 15:11:14.833261"
2344,"山田 拓海","takumi.yamada@example.com","ST03","非アクティブ","2026-06-04 15:11:14.833261"
2345,"田中 健太","kenta.tanaka@example.com","ST03","非アクティブ","2026-06-04 15:11:14.833261"
2346,"高橋 蓮","ren.takahashi@example.com","ST03","非アクティブ","2026-06-04 15:11:14.833261"
2347,"山本 拓海","takumi.yamamoto@example.com","ST04","退会","2026-06-04 15:11:14.833261"
2348,"中村 彩花","ayaka.nakamura@example.com","ST04","退会","2026-06-04 15:11:14.833261"
2349,"渡辺 大輔","daisuke.watanabe@example.com","ST04","退会","2026-06-04 15:11:14.833261"
2350,"佐藤 健太","kenta.sato@example.com","ST04","退会","2026-06-04 15:11:14.833261"
2351,"小林 健太","kenta.kobayashi@example.com","ST01","新規","2026-06-04 15:11:14.833261"
2352,"山本 翔","sho.yamamoto@example.com","ST04","退会","2026-06-04 15:11:14.833261"
2353,"加藤 蓮","ren.kato@example.com","ST02","アクティブ","2026-06-04 15:11:14.833261"
2354,"高橋 翔","sho.takahashi@example.com","ST04","退会","2026-06-04 15:11:14.833261"
2355,"田中 彩花","ayaka.tanaka@example.com","ST01","新規","2026-06-04 15:11:14.833261"
2356,"伊藤 彩花","ayaka.ito@example.com","ST03","非アクティブ","2026-06-04 15:11:14.833261"
2357,"田中 拓海","takumi.tanaka@example.com","ST04","退会","2026-06-04 15:11:14.833261"
2358,"山田 拓海","takumi.yamada@example.com","ST01","新規","2026-06-04 15:11:14.833261"
2359,"渡辺 悠斗","yuto.watanabe@example.com","ST02","アクティブ","2026-06-04 15:11:14.833261"
2360,"山本 悠斗","yuto.yamamoto@example.com","ST03","非アクティブ","2026-06-04 15:11:14.833261"
2361,"伊藤 結衣","yui.ito@example.com","ST02","アクティブ","2026-06-04 15:11:14.833261"
2362,"高橋 健太","kenta.takahashi@example.com","ST04","退会","2026-06-04 15:11:14.833261"
2363,"高橋 陽菜","hina.takahashi@example.com","ST01","新規","2026-06-04 15:11:14.833261"
2364,"鈴木 葵","aoi.suzuki@example.com","ST03","非アクティブ","2026-06-04 15:11:14.833261"
2365,"吉田 太郎","taro.yoshida@example.com","ST03","非アクティブ","2026-06-04 15:11:14.833261"
2366,"田中 大輔","daisuke.tanaka@example.com","ST03","非アクティブ","2026-06-04 15:11:14.833261"
2367,"山本 彩花","ayaka.yamamoto@example.com","ST03","非アクティブ","2026-06-04 15:11:14.833261"
2368,"佐藤 葵","aoi.sato@example.com","ST03","非アクティブ","2026-06-04 15:11:14.833261"
2369,"鈴木 彩花","ayaka.suzuki@example.com","ST02","アクティブ","2026-06-04 15:11:14.833261"
2370,"鈴木 拓海","takumi.suzuki@example.com","ST03","非アクティブ","2026-06-04 15:11:14.833261"
2371,"田中 悠斗","yuto.tanaka@example.com","ST01","新規","2026-06-04 15:11:14.833261"
2372,"山田 健太","kenta.yamada@example.com","ST04","退会","2026-06-04 15:11:14.833261"
2373,"山本 結衣","yui.yamamoto@example.com","ST01","新規","2026-06-04 15:11:14.833261"
2374,"小林 健太","kenta.kobayashi@example.com","ST03","非アクティブ","2026-06-04 15:11:14.833261"
2375,"伊藤 悠斗","yuto.ito@example.com","ST01","新規","2026-06-04 15:11:14.833261"
2376,"高橋 葵","aoi.takahashi@example.com","ST02","アクティブ","2026-06-04 15:11:14.833261"
2377,"山本 彩花","ayaka.yamamoto@example.com","ST01","新規","2026-06-04 15:11:14.833261"
2378,"中村 葵","aoi.nakamura@example.com","ST02","アクティブ","2026-06-04 15:11:14.833261"
2379,"佐藤 翔","sho.sato@example.com","ST02","アクティブ","2026-06-04 15:11:14.833261"
2380,"中村 葵","aoi.nakamura@example.com","ST04","退会","2026-06-04 15:11:14.833261"
2381,"山田 拓海","takumi.yamada@example.com","ST04","退会","2026-06-04 15:11:14.833261"
2382,"鈴木 蓮","ren.suzuki@example.com","ST02","アクティブ","2026-06-04 15:11:14.833261"
2383,"小林 彩花","ayaka.kobayashi@example.com","ST02","アクティブ","2026-06-04 15:11:14.833261"
2384,"伊藤 陽菜","hina.ito@example.com","ST01","新規","2026-06-04 15:11:14.833261"
2385,"吉田 悠斗","yuto.yoshida@example.com","ST01","新規","2026-06-04 15:11:14.833261"
2386,"加藤 翔","sho.kato@example.com","ST02","アクティブ","2026-06-04 15:11:14.833261"
2387,"山田 陽菜","hina.yamada@example.com","ST01","新規","2026-06-04 15:11:14.833261"
2388,"中村 拓海","takumi.nakamura@example.com","ST04","退会","2026-06-04 15:11:14.833261"
2389,"吉田 太郎","taro.yoshida@example.com","ST03","非アクティブ","2026-06-04 15:11:14.833261"
2390,"吉田 拓海","takumi.yoshida@example.com","ST01","新規","2026-06-04 15:11:14.833261"
2391,"中村 悠斗","yuto.nakamura@example.com","ST03","非アクティブ","2026-06-04 15:11:14.833261"
2392,"加藤 大輔","daisuke.kato@example.com","ST02","アクティブ","2026-06-04 15:11:14.833261"
2393,"中村 太郎","taro.nakamura@example.com","ST04","退会","2026-06-04 15:11:14.833261"
2394,"山本 太郎","taro.yamamoto@example.com","ST01","新規","2026-06-04 15:11:14.833261"
2395,"渡辺 悠斗","yuto.watanabe@example.com","ST02","アクティブ","2026-06-04 15:11:14.833261"
2396,"渡辺 結衣","yui.watanabe@example.com","ST01","新規","2026-06-04 15:11:14.833261"
2397,"鈴木 悠斗","yuto.suzuki@example.com","ST02","アクティブ","2026-06-04 15:11:14.833261"
2398,"山本 翔","sho.yamamoto@example.com","ST02","アクティブ","2026-06-04 15:11:14.833261"
2399,"山田 結衣","yui.yamada@example.com","ST02","アクティブ","2026-06-04 15:11:14.833261"
2400,"渡辺 彩花","ayaka.watanabe@example.com","ST02","アクティブ","2026-06-04 15:11:14.833261"
2401,"山本 葵","aoi.yamamoto@example.com","ST03","非アクティブ","2026-06-04 15:11:14.833261"
2402,"鈴木 美咲","misaki.suzuki@example.com","ST02","アクティブ","2026-06-04 15:11:14.833261"
2403,"伊藤 陽菜","hina.ito@example.com","ST02","アクティブ","2026-06-04 15:11:14.833261"
2404,"田中 悠斗","yuto.tanaka@example.com","ST03","非アクティブ","2026-06-04 15:11:14.833261"
2405,"小林 悠斗","yuto.kobayashi@example.com","ST03","非アクティブ","2026-06-04 15:11:14.833261"
2406,"小林 大輔","daisuke.kobayashi@example.com","ST03","非アクティブ","2026-06-04 15:11:14.833261"
2407,"中村 大輔","daisuke.nakamura@example.com","ST02","アクティブ","2026-06-04 15:11:14.833261"
2408,"鈴木 陽菜","hina.suzuki@example.com","ST01","新規","2026-06-04 15:11:14.833261"
2409,"吉田 陽菜","hina.yoshida@example.com","ST01","新規","2026-06-04 15:11:14.833261"
2410,"伊藤 悠斗","yuto.ito@example.com","ST02","アクティブ","2026-06-04 15:11:14.833261"
2411,"山本 大輔","daisuke.yamamoto@example.com","ST02","アクティブ","2026-06-04 15:11:14.833261"
2412,"高橋 悠斗","yuto.takahashi@example.com","ST01","新規","2026-06-04 15:11:14.833261"
2413,"鈴木 陽菜","hina.suzuki@example.com","ST02","アクティブ","2026-06-04 15:11:14.833261"
2414,"加藤 太郎","taro.kato@example.com","ST02","アクティブ","2026-06-04 15:11:14.833261"
2415,"高橋 健太","kenta.takahashi@example.com","ST01","新規","2026-06-04 15:11:14.833261"
2416,"田中 葵","aoi.tanaka@example.com","ST01","新規","2026-06-04 15:11:14.833261"
2417,"吉田 健太","kenta.yoshida@example.com","ST01","新規","2026-06-04 15:11:14.833261"
2418,"伊藤 大輔","daisuke.ito@example.com","ST02","アクティブ","2026-06-04 15:11:14.833261"
2419,"田中 太郎","taro.tanaka@example.com","ST04","退会","2026-06-04 15:11:14.833261"
2420,"加藤 陽菜","hina.kato@example.com","ST04","退会","2026-06-04 15:11:14.833261"
2421,"渡辺 葵","aoi.watanabe@example.com","ST01","新規","2026-06-04 15:11:14.833261"
2422,"伊藤 翔","sho.ito@example.com","ST01","新規","2026-06-04 15:11:14.833261"
2423,"小林 蓮","ren.kobayashi@example.com","ST01","新規","2026-06-04 15:11:14.833261"
2424,"伊藤 蓮","ren.ito@example.com","ST01","新規","2026-06-04 15:11:14.833261"
2425,"山田 悠斗","yuto.yamada@example.com","ST03","非アクティブ","2026-06-04 15:11:14.833261"
2426,"小林 美咲","misaki.kobayashi@example.com","ST03","非アクティブ","2026-06-04 15:11:14.833261"
2427,"田中 健太","kenta.tanaka@example.com","ST04","退会","2026-06-04 15:11:14.833261"
2428,"渡辺 悠斗","yuto.watanabe@example.com","ST03","非アクティブ","2026-06-04 15:11:14.833261"
2429,"山田 拓海","takumi.yamada@example.com","ST02","アクティブ","2026-06-04 15:11:14.833261"
2430,"中村 彩花","ayaka.nakamura@example.com","ST04","退会","2026-06-04 15:11:14.833261"
2431,"佐藤 彩花","ayaka.sato@example.com","ST03","非アクティブ","2026-06-04 15:11:14.833261"
2432,"加藤 陽菜","hina.kato@example.com","ST03","非アクティブ","2026-06-04 15:11:14.833261"
2433,"田中 彩花","ayaka.tanaka@example.com","ST03","非アクティブ","2026-06-04 15:11:14.833261"
2434,"佐藤 健太","kenta.sato@example.com","ST01","新規","2026-06-04 15:11:14.833261"
2435,"山田 葵","aoi.yamada@example.com","ST01","新規","2026-06-04 15:11:14.833261"
2436,"佐藤 健太","kenta.sato@example.com","ST03","非アクティブ","2026-06-04 15:11:14.833261"
2437,"山本 彩花","ayaka.yamamoto@example.com","ST04","退会","2026-06-04 15:11:14.833261"
2438,"田中 翔","sho.tanaka@example.com","ST02","アクティブ","2026-06-04 15:11:14.833261"
2439,"山田 葵","aoi.yamada@example.com","ST03","非アクティブ","2026-06-04 15:11:14.833261"
2440,"鈴木 健太","kenta.suzuki@example.com","ST02","アクティブ","2026-06-04 15:11:14.833261"
2441,"佐藤 彩花","ayaka.sato@example.com","ST03","非アクティブ","2026-06-04 15:11:14.833261"
2442,"渡辺 陽菜","hina.watanabe@example.com","ST01","新規","2026-06-04 15:11:14.833261"
2443,"山本 美咲","misaki.yamamoto@example.com","ST02","アクティブ","2026-06-04 15:11:14.833261"
2444,"佐藤 結衣","yui.sato@example.com","ST02","アクティブ","2026-06-04 15:11:14.833261"
2445,"小林 美咲","misaki.kobayashi@example.com","ST04","退会","2026-06-04 15:11:14.833261"
2446,"中村 拓海","takumi.nakamura@example.com","ST03","非アクティブ","2026-06-04 15:11:14.833261"
2447,"山本 大輔","daisuke.yamamoto@example.com","ST03","非アクティブ","2026-06-04 15:11:14.833261"
2448,"伊藤 大輔","daisuke.ito@example.com","ST04","退会","2026-06-04 15:11:14.833261"
2449,"田中 蓮","ren.tanaka@example.com","ST03","非アクティブ","2026-06-04 15:11:14.833261"
2450,"加藤 陽菜","hina.kato@example.com","ST03","非アクティブ","2026-06-04 15:11:14.833261"
2451,"鈴木 葵","aoi.suzuki@example.com","ST02","アクティブ","2026-06-04 15:11:14.833261"
2452,"田中 悠斗","yuto.tanaka@example.com","ST04","退会","2026-06-04 15:11:14.833261"
2453,"吉田 蓮","ren.yoshida@example.com","ST02","アクティブ","2026-06-04 15:11:14.833261"
2454,"中村 太郎","taro.nakamura@example.com","ST04","退会","2026-06-04 15:11:14.833261"
2455,"吉田 健太","kenta.yoshida@example.com","ST01","新規","2026-06-04 15:11:14.833261"
2456,"中村 悠斗","yuto.nakamura@example.com","ST02","アクティブ","2026-06-04 15:11:14.833261"
2457,"佐藤 結衣","yui.sato@example.com","ST02","アクティブ","2026-06-04 15:11:14.833261"
2458,"山田 蓮","ren.yamada@example.com","ST03","非アクティブ","2026-06-04 15:11:14.833261"
2459,"小林 結衣","yui.kobayashi@example.com","ST01","新規","2026-06-04 15:11:14.833261"
2460,"佐藤 葵","aoi.sato@example.com","ST02","アクティブ","2026-06-04 15:11:14.833261"
2461,"山本 大輔","daisuke.yamamoto@example.com","ST03","非アクティブ","2026-06-04 15:11:14.833261"
2462,"山本 大輔","daisuke.yamamoto@example.com","ST03","非アクティブ","2026-06-04 15:11:14.833261"
2463,"伊藤 葵","aoi.ito@example.com","ST04","退会","2026-06-04 15:11:14.833261"
2464,"加藤 葵","aoi.kato@example.com","ST03","非アクティブ","2026-06-04 15:11:14.833261"
2465,"高橋 陽菜","hina.takahashi@example.com","ST01","新規","2026-06-04 15:11:14.833261"
2466,"渡辺 陽菜","hina.watanabe@example.com","ST01","新規","2026-06-04 15:11:14.833261"
2467,"小林 彩花","ayaka.kobayashi@example.com","ST03","非アクティブ","2026-06-04 15:11:14.833261"
2468,"伊藤 拓海","takumi.ito@example.com","ST03","非アクティブ","2026-06-04 15:11:14.833261"
2469,"加藤 拓海","takumi.kato@example.com","ST02","アクティブ","2026-06-04 15:11:14.833261"
2470,"吉田 健太","kenta.yoshida@example.com","ST03","非アクティブ","2026-06-04 15:11:14.833261"
2471,"加藤 美咲","misaki.kato@example.com","ST01","新規","2026-06-04 15:11:14.833261"
2472,"小林 陽菜","hina.kobayashi@example.com","ST02","アクティブ","2026-06-04 15:11:14.833261"
2473,"佐藤 葵","aoi.sato@example.com","ST02","アクティブ","2026-06-04 15:11:14.833261"
2474,"田中 葵","aoi.tanaka@example.com","ST02","アクティブ","2026-06-04 15:11:14.833261"
2475,"山田 結衣","yui.yamada@example.com","ST04","退会","2026-06-04 15:11:14.833261"
2476,"渡辺 美咲","misaki.watanabe@example.com","ST04","退会","2026-06-04 15:11:14.833261"
2477,"吉田 彩花","ayaka.yoshida@example.com","ST03","非アクティブ","2026-06-04 15:11:14.833261"
2478,"加藤 陽菜","hina.kato@example.com","ST01","新規","2026-06-04 15:11:14.833261"
2479,"佐藤 健太","kenta.sato@example.com","ST01","新規","2026-06-04 15:11:14.833261"
2480,"中村 大輔","daisuke.nakamura@example.com","ST01","新規","2026-06-04 15:11:14.833261"
2481,"伊藤 蓮","ren.ito@example.com","ST02","アクティブ","2026-06-04 15:11:14.833261"
2482,"高橋 太郎","taro.takahashi@example.com","ST02","アクティブ","2026-06-04 15:11:14.833261"
2483,"吉田 葵","aoi.yoshida@example.com","ST04","退会","2026-06-04 15:11:14.833261"
2484,"鈴木 悠斗","yuto.suzuki@example.com","ST03","非アクティブ","2026-06-04 15:11:14.833261"
2485,"吉田 結衣","yui.yoshida@example.com","ST01","新規","2026-06-04 15:11:14.833261"
2486,"渡辺 陽菜","hina.watanabe@example.com","ST04","退会","2026-06-04 15:11:14.833261"
2487,"田中 健太","kenta.tanaka@example.com","ST02","アクティブ","2026-06-04 15:11:14.833261"
2488,"小林 拓海","takumi.kobayashi@example.com","ST03","非アクティブ","2026-06-04 15:11:14.833261"
2489,"渡辺 美咲","misaki.watanabe@example.com","ST04","退会","2026-06-04 15:11:14.833261"
2490,"高橋 拓海","takumi.takahashi@example.com","ST02","アクティブ","2026-06-04 15:11:14.833261"
2491,"山本 葵","aoi.yamamoto@example.com","ST03","非アクティブ","2026-06-04 15:11:14.833261"
2492,"小林 翔","sho.kobayashi@example.com","ST02","アクティブ","2026-06-04 15:11:14.833261"
2493,"田中 美咲","misaki.tanaka@example.com","ST04","退会","2026-06-04 15:11:14.833261"
2494,"加藤 彩花","ayaka.kato@example.com","ST01","新規","2026-06-04 15:11:14.833261"
2495,"鈴木 健太","kenta.suzuki@example.com","ST04","退会","2026-06-04 15:11:14.833261"
2496,"加藤 悠斗","yuto.kato@example.com","ST04","退会","2026-06-04 15:11:14.833261"
2497,"中村 美咲","misaki.nakamura@example.com","ST01","新規","2026-06-04 15:11:14.833261"
2498,"中村 太郎","taro.nakamura@example.com","ST03","非アクティブ","2026-06-04 15:11:14.833261"
2499,"山田 悠斗","yuto.yamada@example.com","ST04","退会","2026-06-04 15:11:14.833261"
2500,"山田 葵","aoi.yamada@example.com","ST01","新規","2026-06-04 15:11:14.833261"
2501,"田中 拓海","takumi.tanaka@example.com","ST04","退会","2026-06-04 15:11:14.833261"
2502,"小林 彩花","ayaka.kobayashi@example.com","ST01","新規","2026-06-04 15:11:14.833261"
2503,"渡辺 陽菜","hina.watanabe@example.com","ST02","アクティブ","2026-06-04 15:11:14.833261"
2504,"小林 拓海","takumi.kobayashi@example.com","ST02","アクティブ","2026-06-04 15:11:14.833261"
2505,"山田 結衣","yui.yamada@example.com","ST01","新規","2026-06-04 15:11:14.833261"
2506,"山本 悠斗","yuto.yamamoto@example.com","ST02","アクティブ","2026-06-04 15:11:14.833261"
2507,"加藤 拓海","takumi.kato@example.com","ST01","新規","2026-06-04 15:11:14.833261"
2508,"伊藤 蓮","ren.ito@example.com","ST01","新規","2026-06-04 15:11:14.833261"
2509,"鈴木 結衣","yui.suzuki@example.com","ST03","非アクティブ","2026-06-04 15:11:14.833261"
2510,"小林 結衣","yui.kobayashi@example.com","ST02","アクティブ","2026-06-04 15:11:14.833261"
2511,"鈴木 結衣","yui.suzuki@example.com","ST02","アクティブ","2026-06-04 15:11:14.833261"
2512,"伊藤 大輔","daisuke.ito@example.com","ST02","アクティブ","2026-06-04 15:11:14.833261"
2513,"高橋 太郎","taro.takahashi@example.com","ST01","新規","2026-06-04 15:11:14.833261"
2514,"山本 大輔","daisuke.yamamoto@example.com","ST02","アクティブ","2026-06-04 15:11:14.833261"
2515,"中村 悠斗","yuto.nakamura@example.com","ST01","新規","2026-06-04 15:11:14.833261"
2516,"伊藤 健太","kenta.ito@example.com","ST01","新規","2026-06-04 15:11:14.833261"
2517,"小林 結衣","yui.kobayashi@example.com","ST04","退会","2026-06-04 15:11:14.833261"
2518,"小林 拓海","takumi.kobayashi@example.com","ST01","新規","2026-06-04 15:11:14.833261"
2519,"小林 悠斗","yuto.kobayashi@example.com","ST01","新規","2026-06-04 15:11:14.833261"
2520,"鈴木 蓮","ren.suzuki@example.com","ST04","退会","2026-06-04 15:11:14.833261"
2521,"吉田 蓮","ren.yoshida@example.com","ST03","非アクティブ","2026-06-04 15:11:14.833261"
2522,"伊藤 彩花","ayaka.ito@example.com","ST02","アクティブ","2026-06-04 15:11:14.833261"
2523,"鈴木 結衣","yui.suzuki@example.com","ST02","アクティブ","2026-06-04 15:11:14.833261"
2524,"鈴木 陽菜","hina.suzuki@example.com","ST04","退会","2026-06-04 15:11:14.833261"
2525,"高橋 結衣","yui.takahashi@example.com","ST04","退会","2026-06-04 15:11:14.833261"
2526,"渡辺 陽菜","hina.watanabe@example.com","ST03","非アクティブ","2026-06-04 15:11:14.833261"
2527,"小林 蓮","ren.kobayashi@example.com","ST03","非アクティブ","2026-06-04 15:11:14.833261"
2528,"山田 美咲","misaki.yamada@example.com","ST01","新規","2026-06-04 15:11:14.833261"
2529,"高橋 蓮","ren.takahashi@example.com","ST02","アクティブ","2026-06-04 15:11:14.833261"
2530,"加藤 大輔","daisuke.kato@example.com","ST02","アクティブ","2026-06-04 15:11:14.833261"
2531,"山田 健太","kenta.yamada@example.com","ST02","アクティブ","2026-06-04 15:11:14.833261"
2532,"中村 陽菜","hina.nakamura@example.com","ST04","退会","2026-06-04 15:11:14.833261"
2533,"渡辺 美咲","misaki.watanabe@example.com","ST01","新規","2026-06-04 15:11:14.833261"
2534,"高橋 太郎","taro.takahashi@example.com","ST03","非アクティブ","2026-06-04 15:11:14.833261"
2535,"高橋 拓海","takumi.takahashi@example.com","ST04","退会","2026-06-04 15:11:14.833261"
2536,"鈴木 翔","sho.suzuki@example.com","ST02","アクティブ","2026-06-04 15:11:14.833261"
2537,"佐藤 陽菜","hina.sato@example.com","ST03","非アクティブ","2026-06-04 15:11:14.833261"
2538,"吉田 彩花","ayaka.yoshida@example.com","ST03","非アクティブ","2026-06-04 15:11:14.833261"
2539,"山本 太郎","taro.yamamoto@example.com","ST01","新規","2026-06-04 15:11:14.833261"
2540,"山田 太郎","taro.yamada@example.com","ST04","退会","2026-06-04 15:11:14.833261"
2541,"山田 健太","kenta.yamada@example.com","ST02","アクティブ","2026-06-04 15:11:14.833261"
2542,"吉田 結衣","yui.yoshida@example.com","ST02","アクティブ","2026-06-04 15:11:14.833261"
2543,"鈴木 結衣","yui.suzuki@example.com","ST04","退会","2026-06-04 15:11:14.833261"
2544,"中村 翔","sho.nakamura@example.com","ST02","アクティブ","2026-06-04 15:11:14.833261"
2545,"吉田 悠斗","yuto.yoshida@example.com","ST04","退会","2026-06-04 15:11:14.833261"
2546,"高橋 拓海","takumi.takahashi@example.com","ST02","アクティブ","2026-06-04 15:11:14.833261"
2547,"伊藤 葵","aoi.ito@example.com","ST04","退会","2026-06-04 15:11:14.833261"
2548,"渡辺 美咲","misaki.watanabe@example.com","ST02","アクティブ","2026-06-04 15:11:14.833261"
2549,"渡辺 陽菜","hina.watanabe@example.com","ST04","退会","2026-06-04 15:11:14.833261"
2550,"中村 結衣","yui.nakamura@example.com","ST03","非アクティブ","2026-06-04 15:11:14.833261"
2551,"加藤 葵","aoi.kato@example.com","ST04","退会","2026-06-04 15:11:14.833261"
2552,"伊藤 陽菜","hina.ito@example.com","ST02","アクティブ","2026-06-04 15:11:14.833261"
2553,"加藤 太郎","taro.kato@example.com","ST03","非アクティブ","2026-06-04 15:11:14.833261"
2554,"吉田 太郎","taro.yoshida@example.com","ST01","新規","2026-06-04 15:11:14.833261"
2555,"渡辺 陽菜","hina.watanabe@example.com","ST01","新規","2026-06-04 15:11:14.833261"
2556,"中村 彩花","ayaka.nakamura@example.com","ST04","退会","2026-06-04 15:11:14.833261"
2557,"伊藤 蓮","ren.ito@example.com","ST01","新規","2026-06-04 15:11:14.833261"
2558,"小林 翔","sho.kobayashi@example.com","ST03","非アクティブ","2026-06-04 15:11:14.833261"
2559,"佐藤 結衣","yui.sato@example.com","ST03","非アクティブ","2026-06-04 15:11:14.833261"
2560,"鈴木 翔","sho.suzuki@example.com","ST02","アクティブ","2026-06-04 15:11:14.833261"
2561,"加藤 拓海","takumi.kato@example.com","ST01","新規","2026-06-04 15:11:14.833261"
2562,"吉田 葵","aoi.yoshida@example.com","ST02","アクティブ","2026-06-04 15:11:14.833261"
2563,"高橋 悠斗","yuto.takahashi@example.com","ST04","退会","2026-06-04 15:11:14.833261"
2564,"鈴木 彩花","ayaka.suzuki@example.com","ST03","非アクティブ","2026-06-04 15:11:14.833261"
2565,"田中 陽菜","hina.tanaka@example.com","ST02","アクティブ","2026-06-04 15:11:14.833261"
2566,"山田 結衣","yui.yamada@example.com","ST04","退会","2026-06-04 15:11:14.833261"
2567,"佐藤 美咲","misaki.sato@example.com","ST02","アクティブ","2026-06-04 15:11:14.833261"
2568,"田中 美咲","misaki.tanaka@example.com","ST02","アクティブ","2026-06-04 15:11:14.833261"
2569,"加藤 彩花","ayaka.kato@example.com","ST01","新規","2026-06-04 15:11:14.833261"
2570,"加藤 健太","kenta.kato@example.com","ST03","非アクティブ","2026-06-04 15:11:14.833261"
2571,"渡辺 陽菜","hina.watanabe@example.com","ST04","退会","2026-06-04 15:11:14.833261"
2572,"渡辺 拓海","takumi.watanabe@example.com","ST02","アクティブ","2026-06-04 15:11:14.833261"
2573,"小林 悠斗","yuto.kobayashi@example.com","ST03","非アクティブ","2026-06-04 15:11:14.833261"
2574,"山田 翔","sho.yamada@example.com","ST02","アクティブ","2026-06-04 15:11:14.833261"
2575,"加藤 彩花","ayaka.kato@example.com","ST04","退会","2026-06-04 15:11:14.833261"
2576,"加藤 美咲","misaki.kato@example.com","ST01","新規","2026-06-04 15:11:14.833261"
2577,"鈴木 健太","kenta.suzuki@example.com","ST03","非アクティブ","2026-06-04 15:11:14.833261"
2578,"高橋 健太","kenta.takahashi@example.com","ST02","アクティブ","2026-06-04 15:11:14.833261"
2579,"佐藤 結衣","yui.sato@example.com","ST01","新規","2026-06-04 15:11:14.833261"
2580,"佐藤 結衣","yui.sato@example.com","ST02","アクティブ","2026-06-04 15:11:14.833261"
2581,"山田 大輔","daisuke.yamada@example.com","ST01","新規","2026-06-04 15:11:14.833261"
2582,"鈴木 拓海","takumi.suzuki@example.com","ST01","新規","2026-06-04 15:11:14.833261"
2583,"山本 悠斗","yuto.yamamoto@example.com","ST04","退会","2026-06-04 15:11:14.833261"
2584,"吉田 彩花","ayaka.yoshida@example.com","ST03","非アクティブ","2026-06-04 15:11:14.833261"
2585,"小林 彩花","ayaka.kobayashi@example.com","ST01","新規","2026-06-04 15:11:14.833261"
2586,"加藤 健太","kenta.kato@example.com","ST04","退会","2026-06-04 15:11:14.833261"
2587,"中村 彩花","ayaka.nakamura@example.com","ST01","新規","2026-06-04 15:11:14.833261"
2588,"佐藤 翔","sho.sato@example.com","ST04","退会","2026-06-04 15:11:14.833261"
2589,"鈴木 彩花","ayaka.suzuki@example.com","ST03","非アクティブ","2026-06-04 15:11:14.833261"
2590,"加藤 陽菜","hina.kato@example.com","ST01","新規","2026-06-04 15:11:14.833261"
2591,"鈴木 悠斗","yuto.suzuki@example.com","ST03","非アクティブ","2026-06-04 15:11:14.833261"
2592,"田中 陽菜","hina.tanaka@example.com","ST01","新規","2026-06-04 15:11:14.833261"
2593,"加藤 蓮","ren.kato@example.com","ST03","非アクティブ","2026-06-04 15:11:14.833261"
2594,"山本 美咲","misaki.yamamoto@example.com","ST01","新規","2026-06-04 15:11:14.833261"
2595,"渡辺 蓮","ren.watanabe@example.com","ST03","非アクティブ","2026-06-04 15:11:14.833261"
2596,"高橋 拓海","takumi.takahashi@example.com","ST03","非アクティブ","2026-06-04 15:11:14.833261"
2597,"鈴木 悠斗","yuto.suzuki@example.com","ST03","非アクティブ","2026-06-04 15:11:14.833261"
2598,"中村 彩花","ayaka.nakamura@example.com","ST02","アクティブ","2026-06-04 15:11:14.833261"
2599,"小林 結衣","yui.kobayashi@example.com","ST01","新規","2026-06-04 15:11:14.833261"
2600,"加藤 翔","sho.kato@example.com","ST02","アクティブ","2026-06-04 15:11:14.833261"
2601,"山田 陽菜","hina.yamada@example.com","ST01","新規","2026-06-04 15:11:14.833261"
2602,"渡辺 太郎","taro.watanabe@example.com","ST01","新規","2026-06-04 15:11:14.833261"
2603,"伊藤 結衣","yui.ito@example.com","ST04","退会","2026-06-04 15:11:14.833261"
2604,"山本 拓海","takumi.yamamoto@example.com","ST03","非アクティブ","2026-06-04 15:11:14.833261"
2605,"山本 悠斗","yuto.yamamoto@example.com","ST04","退会","2026-06-04 15:11:14.833261"
2606,"小林 拓海","takumi.kobayashi@example.com","ST04","退会","2026-06-04 15:11:14.833261"
2607,"伊藤 拓海","takumi.ito@example.com","ST02","アクティブ","2026-06-04 15:11:14.833261"
2608,"吉田 翔","sho.yoshida@example.com","ST02","アクティブ","2026-06-04 15:11:14.833261"
2609,"田中 太郎","taro.tanaka@example.com","ST03","非アクティブ","2026-06-04 15:11:14.833261"
2610,"吉田 陽菜","hina.yoshida@example.com","ST04","退会","2026-06-04 15:11:14.833261"
2611,"渡辺 蓮","ren.watanabe@example.com","ST04","退会","2026-06-04 15:11:14.833261"
2612,"鈴木 陽菜","hina.suzuki@example.com","ST01","新規","2026-06-04 15:11:14.833261"
2613,"伊藤 悠斗","yuto.ito@example.com","ST01","新規","2026-06-04 15:11:14.833261"
2614,"中村 拓海","takumi.nakamura@example.com","ST03","非アクティブ","2026-06-04 15:11:14.833261"
2615,"加藤 彩花","ayaka.kato@example.com","ST02","アクティブ","2026-06-04 15:11:14.833261"
2616,"加藤 彩花","ayaka.kato@example.com","ST03","非アクティブ","2026-06-04 15:11:14.833261"
2617,"小林 陽菜","hina.kobayashi@example.com","ST03","非アクティブ","2026-06-04 15:11:14.833261"
2618,"吉田 美咲","misaki.yoshida@example.com","ST04","退会","2026-06-04 15:11:14.833261"
2619,"山本 蓮","ren.yamamoto@example.com","ST03","非アクティブ","2026-06-04 15:11:14.833261"
2620,"鈴木 美咲","misaki.suzuki@example.com","ST01","新規","2026-06-04 15:11:14.833261"
2621,"山本 拓海","takumi.yamamoto@example.com","ST04","退会","2026-06-04 15:11:14.833261"
2622,"加藤 結衣","yui.kato@example.com","ST01","新規","2026-06-04 15:11:14.833261"
2623,"佐藤 葵","aoi.sato@example.com","ST01","新規","2026-06-04 15:11:14.833261"
2624,"渡辺 蓮","ren.watanabe@example.com","ST01","新規","2026-06-04 15:11:14.833261"
2625,"渡辺 結衣","yui.watanabe@example.com","ST01","新規","2026-06-04 15:11:14.833261"
2626,"吉田 太郎","taro.yoshida@example.com","ST02","アクティブ","2026-06-04 15:11:14.833261"
2627,"加藤 翔","sho.kato@example.com","ST04","退会","2026-06-04 15:11:14.833261"
2628,"小林 大輔","daisuke.kobayashi@example.com","ST01","新規","2026-06-04 15:11:14.833261"
2629,"小林 拓海","takumi.kobayashi@example.com","ST01","新規","2026-06-04 15:11:14.833261"
2630,"山本 結衣","yui.yamamoto@example.com","ST01","新規","2026-06-04 15:11:14.833261"
2631,"鈴木 拓海","takumi.suzuki@example.com","ST01","新規","2026-06-04 15:11:14.833261"
2632,"山田 彩花","ayaka.yamada@example.com","ST02","アクティブ","2026-06-04 15:11:14.833261"
2633,"小林 結衣","yui.kobayashi@example.com","ST04","退会","2026-06-04 15:11:14.833261"
2634,"中村 悠斗","yuto.nakamura@example.com","ST03","非アクティブ","2026-06-04 15:11:14.833261"
2635,"山田 美咲","misaki.yamada@example.com","ST03","非アクティブ","2026-06-04 15:11:14.833261"
2636,"加藤 太郎","taro.kato@example.com","ST03","非アクティブ","2026-06-04 15:11:14.833261"
2637,"渡辺 翔","sho.watanabe@example.com","ST01","新規","2026-06-04 15:11:14.833261"
2638,"伊藤 結衣","yui.ito@example.com","ST04","退会","2026-06-04 15:11:14.833261"
2639,"佐藤 彩花","ayaka.sato@example.com","ST04","退会","2026-06-04 15:11:14.833261"
2640,"高橋 悠斗","yuto.takahashi@example.com","ST03","非アクティブ","2026-06-04 15:11:14.833261"
2641,"田中 結衣","yui.tanaka@example.com","ST04","退会","2026-06-04 15:11:14.833261"
2642,"山本 翔","sho.yamamoto@example.com","ST02","アクティブ","2026-06-04 15:11:14.833261"
2643,"渡辺 太郎","taro.watanabe@example.com","ST01","新規","2026-06-04 15:11:14.833261"
2644,"吉田 蓮","ren.yoshida@example.com","ST02","アクティブ","2026-06-04 15:11:14.833261"
2645,"山田 結衣","yui.yamada@example.com","ST01","新規","2026-06-04 15:11:14.833261"
2646,"田中 陽菜","hina.tanaka@example.com","ST03","非アクティブ","2026-06-04 15:11:14.833261"
2647,"高橋 悠斗","yuto.takahashi@example.com","ST03","非アクティブ","2026-06-04 15:11:14.833261"
2648,"伊藤 太郎","taro.ito@example.com","ST01","新規","2026-06-04 15:11:14.833261"
2649,"山田 結衣","yui.yamada@example.com","ST01","新規","2026-06-04 15:11:14.833261"
2650,"加藤 太郎","taro.kato@example.com","ST01","新規","2026-06-04 15:11:14.833261"
2651,"加藤 彩花","ayaka.kato@example.com","ST04","退会","2026-06-04 15:11:14.833261"
2652,"鈴木 葵","aoi.suzuki@example.com","ST01","新規","2026-06-04 15:11:14.833261"
2653,"佐藤 葵","aoi.sato@example.com","ST02","アクティブ","2026-06-04 15:11:14.833261"
2654,"山本 蓮","ren.yamamoto@example.com","ST04","退会","2026-06-04 15:11:14.833261"
2655,"吉田 彩花","ayaka.yoshida@example.com","ST01","新規","2026-06-04 15:11:14.833261"
2656,"田中 蓮","ren.tanaka@example.com","ST04","退会","2026-06-04 15:11:14.833261"
2657,"山本 悠斗","yuto.yamamoto@example.com","ST04","退会","2026-06-04 15:11:14.833261"
2658,"加藤 健太","kenta.kato@example.com","ST04","退会","2026-06-04 15:11:14.833261"
2659,"山本 拓海","takumi.yamamoto@example.com","ST04","退会","2026-06-04 15:11:14.833261"
2660,"山本 陽菜","hina.yamamoto@example.com","ST04","退会","2026-06-04 15:11:14.833261"
2661,"加藤 美咲","misaki.kato@example.com","ST01","新規","2026-06-04 15:11:14.833261"
2662,"小林 蓮","ren.kobayashi@example.com","ST03","非アクティブ","2026-06-04 15:11:14.833261"
2663,"山田 陽菜","hina.yamada@example.com","ST01","新規","2026-06-04 15:11:14.833261"
2664,"伊藤 美咲","misaki.ito@example.com","ST02","アクティブ","2026-06-04 15:11:14.833261"
2665,"小林 大輔","daisuke.kobayashi@example.com","ST01","新規","2026-06-04 15:11:14.833261"
2666,"佐藤 彩花","ayaka.sato@example.com","ST03","非アクティブ","2026-06-04 15:11:14.833261"
2667,"山本 悠斗","yuto.yamamoto@example.com","ST01","新規","2026-06-04 15:11:14.833261"
2668,"小林 大輔","daisuke.kobayashi@example.com","ST03","非アクティブ","2026-06-04 15:11:14.833261"
2669,"山本 翔","sho.yamamoto@example.com","ST04","退会","2026-06-04 15:11:14.833261"
2670,"中村 蓮","ren.nakamura@example.com","ST04","退会","2026-06-04 15:11:14.833261"
2671,"渡辺 葵","aoi.watanabe@example.com","ST01","新規","2026-06-04 15:11:14.833261"
2672,"中村 健太","kenta.nakamura@example.com","ST02","アクティブ","2026-06-04 15:11:14.833261"
2673,"加藤 太郎","taro.kato@example.com","ST02","アクティブ","2026-06-04 15:11:14.833261"
2674,"小林 悠斗","yuto.kobayashi@example.com","ST01","新規","2026-06-04 15:11:14.833261"
2675,"山田 蓮","ren.yamada@example.com","ST02","アクティブ","2026-06-04 15:11:14.833261"
2676,"高橋 蓮","ren.takahashi@example.com","ST02","アクティブ","2026-06-04 15:11:14.833261"
2677,"佐藤 大輔","daisuke.sato@example.com","ST02","アクティブ","2026-06-04 15:11:14.833261"
2678,"高橋 蓮","ren.takahashi@example.com","ST04","退会","2026-06-04 15:11:14.833261"
2679,"山田 悠斗","yuto.yamada@example.com","ST02","アクティブ","2026-06-04 15:11:14.833261"
2680,"鈴木 悠斗","yuto.suzuki@example.com","ST03","非アクティブ","2026-06-04 15:11:14.833261"
2681,"小林 彩花","ayaka.kobayashi@example.com","ST03","非アクティブ","2026-06-04 15:11:14.833261"
2682,"小林 悠斗","yuto.kobayashi@example.com","ST04","退会","2026-06-04 15:11:14.833261"
2683,"渡辺 大輔","daisuke.watanabe@example.com","ST03","非アクティブ","2026-06-04 15:11:14.833261"
2684,"加藤 結衣","yui.kato@example.com","ST04","退会","2026-06-04 15:11:14.833261"
2685,"高橋 悠斗","yuto.takahashi@example.com","ST02","アクティブ","2026-06-04 15:11:14.833261"
2686,"鈴木 大輔","daisuke.suzuki@example.com","ST02","アクティブ","2026-06-04 15:11:14.833261"
2687,"中村 結衣","yui.nakamura@example.com","ST02","アクティブ","2026-06-04 15:11:14.833261"
2688,"中村 結衣","yui.nakamura@example.com","ST03","非アクティブ","2026-06-04 15:11:14.833261"
2689,"渡辺 悠斗","yuto.watanabe@example.com","ST01","新規","2026-06-04 15:11:14.833261"
2690,"加藤 太郎","taro.kato@example.com","ST03","非アクティブ","2026-06-04 15:11:14.833261"
2691,"中村 悠斗","yuto.nakamura@example.com","ST03","非アクティブ","2026-06-04 15:11:14.833261"
2692,"高橋 蓮","ren.takahashi@example.com","ST01","新規","2026-06-04 15:11:14.833261"
2693,"田中 結衣","yui.tanaka@example.com","ST01","新規","2026-06-04 15:11:14.833261"
2694,"吉田 結衣","yui.yoshida@example.com","ST03","非アクティブ","2026-06-04 15:11:14.833261"
2695,"伊藤 彩花","ayaka.ito@example.com","ST04","退会","2026-06-04 15:11:14.833261"
2696,"小林 結衣","yui.kobayashi@example.com","ST01","新規","2026-06-04 15:11:14.833261"
2697,"中村 太郎","taro.nakamura@example.com","ST03","非アクティブ","2026-06-04 15:11:14.833261"
2698,"山田 拓海","takumi.yamada@example.com","ST02","アクティブ","2026-06-04 15:11:14.833261"
2699,"田中 悠斗","yuto.tanaka@example.com","ST02","アクティブ","2026-06-04 15:11:14.833261"
2700,"田中 蓮","ren.tanaka@example.com","ST01","新規","2026-06-04 15:11:14.833261"
2701,"伊藤 葵","aoi.ito@example.com","ST02","アクティブ","2026-06-04 15:11:14.833261"
2702,"吉田 彩花","ayaka.yoshida@example.com","ST03","非アクティブ","2026-06-04 15:11:14.833261"
2703,"鈴木 美咲","misaki.suzuki@example.com","ST03","非アクティブ","2026-06-04 15:11:14.833261"
2704,"中村 蓮","ren.nakamura@example.com","ST04","退会","2026-06-04 15:11:14.833261"
2705,"小林 拓海","takumi.kobayashi@example.com","ST01","新規","2026-06-04 15:11:14.833261"
2706,"小林 拓海","takumi.kobayashi@example.com","ST04","退会","2026-06-04 15:11:14.833261"
2707,"山田 結衣","yui.yamada@example.com","ST04","退会","2026-06-04 15:11:14.833261"
2708,"山田 結衣","yui.yamada@example.com","ST04","退会","2026-06-04 15:11:14.833261"
2709,"山田 彩花","ayaka.yamada@example.com","ST03","非アクティブ","2026-06-04 15:11:14.833261"
2710,"田中 美咲","misaki.tanaka@example.com","ST04","退会","2026-06-04 15:11:14.833261"
2711,"渡辺 太郎","taro.watanabe@example.com","ST02","アクティブ","2026-06-04 15:11:14.833261"
2712,"加藤 蓮","ren.kato@example.com","ST02","アクティブ","2026-06-04 15:11:14.833261"
2713,"田中 太郎","taro.tanaka@example.com","ST04","退会","2026-06-04 15:11:14.833261"
2714,"鈴木 結衣","yui.suzuki@example.com","ST04","退会","2026-06-04 15:11:14.833261"
2715,"中村 太郎","taro.nakamura@example.com","ST03","非アクティブ","2026-06-04 15:11:14.833261"
2716,"小林 葵","aoi.kobayashi@example.com","ST01","新規","2026-06-04 15:11:14.833261"
2717,"渡辺 翔","sho.watanabe@example.com","ST01","新規","2026-06-04 15:11:14.833261"
2718,"伊藤 葵","aoi.ito@example.com","ST03","非アクティブ","2026-06-04 15:11:14.833261"
2719,"小林 彩花","ayaka.kobayashi@example.com","ST01","新規","2026-06-04 15:11:14.833261"
2720,"山本 結衣","yui.yamamoto@example.com","ST04","退会","2026-06-04 15:11:14.833261"
2721,"渡辺 太郎","taro.watanabe@example.com","ST03","非アクティブ","2026-06-04 15:11:14.833261"
2722,"加藤 太郎","taro.kato@example.com","ST03","非アクティブ","2026-06-04 15:11:14.833261"
2723,"鈴木 悠斗","yuto.suzuki@example.com","ST02","アクティブ","2026-06-04 15:11:14.833261"
2724,"佐藤 蓮","ren.sato@example.com","ST01","新規","2026-06-04 15:11:14.833261"
2725,"鈴木 彩花","ayaka.suzuki@example.com","ST03","非アクティブ","2026-06-04 15:11:14.833261"
2726,"山田 彩花","ayaka.yamada@example.com","ST02","アクティブ","2026-06-04 15:11:14.833261"
2727,"田中 結衣","yui.tanaka@example.com","ST04","退会","2026-06-04 15:11:14.833261"
2728,"山本 健太","kenta.yamamoto@example.com","ST01","新規","2026-06-04 15:11:14.833261"
2729,"田中 美咲","misaki.tanaka@example.com","ST04","退会","2026-06-04 15:11:14.833261"
2730,"加藤 大輔","daisuke.kato@example.com","ST03","非アクティブ","2026-06-04 15:11:14.833261"
2731,"伊藤 結衣","yui.ito@example.com","ST03","非アクティブ","2026-06-04 15:11:14.833261"
2732,"佐藤 健太","kenta.sato@example.com","ST02","アクティブ","2026-06-04 15:11:14.833261"
2733,"加藤 彩花","ayaka.kato@example.com","ST03","非アクティブ","2026-06-04 15:11:14.833261"
2734,"山本 太郎","taro.yamamoto@example.com","ST03","非アクティブ","2026-06-04 15:11:14.833261"
2735,"渡辺 蓮","ren.watanabe@example.com","ST01","新規","2026-06-04 15:11:14.833261"
2736,"佐藤 拓海","takumi.sato@example.com","ST01","新規","2026-06-04 15:11:14.833261"
2737,"田中 悠斗","yuto.tanaka@example.com","ST02","アクティブ","2026-06-04 15:11:14.833261"
2738,"佐藤 大輔","daisuke.sato@example.com","ST03","非アクティブ","2026-06-04 15:11:14.833261"
2739,"渡辺 陽菜","hina.watanabe@example.com","ST04","退会","2026-06-04 15:11:14.833261"
2740,"鈴木 悠斗","yuto.suzuki@example.com","ST01","新規","2026-06-04 15:11:14.833261"
2741,"中村 葵","aoi.nakamura@example.com","ST02","アクティブ","2026-06-04 15:11:14.833261"
2742,"田中 葵","aoi.tanaka@example.com","ST01","新規","2026-06-04 15:11:14.833261"
2743,"佐藤 大輔","daisuke.sato@example.com","ST03","非アクティブ","2026-06-04 15:11:14.833261"
2744,"加藤 翔","sho.kato@example.com","ST04","退会","2026-06-04 15:11:14.833261"
2745,"鈴木 蓮","ren.suzuki@example.com","ST01","新規","2026-06-04 15:11:14.833261"
2746,"渡辺 彩花","ayaka.watanabe@example.com","ST04","退会","2026-06-04 15:11:14.833261"
2747,"鈴木 大輔","daisuke.suzuki@example.com","ST02","アクティブ","2026-06-04 15:11:14.833261"
2748,"小林 美咲","misaki.kobayashi@example.com","ST03","非アクティブ","2026-06-04 15:11:14.833261"
2749,"田中 翔","sho.tanaka@example.com","ST04","退会","2026-06-04 15:11:14.833261"
2750,"渡辺 彩花","ayaka.watanabe@example.com","ST01","新規","2026-06-04 15:11:14.833261"
2751,"高橋 拓海","takumi.takahashi@example.com","ST03","非アクティブ","2026-06-04 15:11:14.833261"
2752,"加藤 拓海","takumi.kato@example.com","ST01","新規","2026-06-04 15:11:14.833261"
2753,"鈴木 葵","aoi.suzuki@example.com","ST02","アクティブ","2026-06-04 15:11:14.833261"
2754,"佐藤 悠斗","yuto.sato@example.com","ST03","非アクティブ","2026-06-04 15:11:14.833261"
2755,"鈴木 大輔","daisuke.suzuki@example.com","ST03","非アクティブ","2026-06-04 15:11:14.833261"
2756,"田中 彩花","ayaka.tanaka@example.com","ST02","アクティブ","2026-06-04 15:11:14.833261"
2757,"山田 結衣","yui.yamada@example.com","ST04","退会","2026-06-04 15:11:14.833261"
2758,"渡辺 拓海","takumi.watanabe@example.com","ST03","非アクティブ","2026-06-04 15:11:14.833261"
2759,"鈴木 陽菜","hina.suzuki@example.com","ST04","退会","2026-06-04 15:11:14.833261"
2760,"伊藤 太郎","taro.ito@example.com","ST03","非アクティブ","2026-06-04 15:11:14.833261"
2761,"小林 葵","aoi.kobayashi@example.com","ST01","新規","2026-06-04 15:11:14.833261"
2762,"加藤 陽菜","hina.kato@example.com","ST01","新規","2026-06-04 15:11:14.833261"
2763,"渡辺 翔","sho.watanabe@example.com","ST01","新規","2026-06-04 15:11:14.833261"
2764,"伊藤 葵","aoi.ito@example.com","ST03","非アクティブ","2026-06-04 15:11:14.833261"
2765,"高橋 拓海","takumi.takahashi@example.com","ST03","非アクティブ","2026-06-04 15:11:14.833261"
2766,"田中 太郎","taro.tanaka@example.com","ST04","退会","2026-06-04 15:11:14.833261"
2767,"中村 蓮","ren.nakamura@example.com","ST03","非アクティブ","2026-06-04 15:11:14.833261"
2768,"高橋 葵","aoi.takahashi@example.com","ST01","新規","2026-06-04 15:11:14.833261"
2769,"佐藤 結衣","yui.sato@example.com","ST02","アクティブ","2026-06-04 15:11:14.833261"
2770,"山田 結衣","yui.yamada@example.com","ST01","新規","2026-06-04 15:11:14.833261"
2771,"吉田 結衣","yui.yoshida@example.com","ST04","退会","2026-06-04 15:11:14.833261"
2772,"田中 彩花","ayaka.tanaka@example.com","ST02","アクティブ","2026-06-04 15:11:14.833261"
2773,"佐藤 拓海","takumi.sato@example.com","ST01","新規","2026-06-04 15:11:14.833261"
2774,"小林 拓海","takumi.kobayashi@example.com","ST04","退会","2026-06-04 15:11:14.833261"
2775,"山田 太郎","taro.yamada@example.com","ST01","新規","2026-06-04 15:11:14.833261"
2776,"高橋 拓海","takumi.takahashi@example.com","ST03","非アクティブ","2026-06-04 15:11:14.833261"
2777,"加藤 健太","kenta.kato@example.com","ST04","退会","2026-06-04 15:11:14.833261"
2778,"山本 拓海","takumi.yamamoto@example.com","ST03","非アクティブ","2026-06-04 15:11:14.833261"
2779,"加藤 美咲","misaki.kato@example.com","ST03","非アクティブ","2026-06-04 15:11:14.833261"
2780,"山本 陽菜","hina.yamamoto@example.com","ST01","新規","2026-06-04 15:11:14.833261"
2781,"山本 陽菜","hina.yamamoto@example.com","ST02","アクティブ","2026-06-04 15:11:14.833261"
2782,"鈴木 健太","kenta.suzuki@example.com","ST03","非アクティブ","2026-06-04 15:11:14.833261"
2783,"山本 悠斗","yuto.yamamoto@example.com","ST02","アクティブ","2026-06-04 15:11:14.833261"
2784,"山田 彩花","ayaka.yamada@example.com","ST01","新規","2026-06-04 15:11:14.833261"
2785,"山本 美咲","misaki.yamamoto@example.com","ST03","非アクティブ","2026-06-04 15:11:14.833261"
2786,"高橋 健太","kenta.takahashi@example.com","ST01","新規","2026-06-04 15:11:14.833261"
2787,"伊藤 結衣","yui.ito@example.com","ST01","新規","2026-06-04 15:11:14.833261"
2788,"加藤 蓮","ren.kato@example.com","ST01","新規","2026-06-04 15:11:14.833261"
2789,"山田 大輔","daisuke.yamada@example.com","ST03","非アクティブ","2026-06-04 15:11:14.833261"
2790,"鈴木 大輔","daisuke.suzuki@example.com","ST03","非アクティブ","2026-06-04 15:11:14.833261"
2791,"伊藤 太郎","taro.ito@example.com","ST04","退会","2026-06-04 15:11:14.833261"
2792,"鈴木 彩花","ayaka.suzuki@example.com","ST01","新規","2026-06-04 15:11:14.833261"
2793,"伊藤 美咲","misaki.ito@example.com","ST02","アクティブ","2026-06-04 15:11:14.833261"
2794,"吉田 葵","aoi.yoshida@example.com","ST04","退会","2026-06-04 15:11:14.833261"
2795,"伊藤 大輔","daisuke.ito@example.com","ST03","非アクティブ","2026-06-04 15:11:14.833261"
2796,"高橋 彩花","ayaka.takahashi@example.com","ST01","新規","2026-06-04 15:11:14.833261"
2797,"高橋 陽菜","hina.takahashi@example.com","ST03","非アクティブ","2026-06-04 15:11:14.833261"
2798,"渡辺 悠斗","yuto.watanabe@example.com","ST02","アクティブ","2026-06-04 15:11:14.833261"
2799,"田中 彩花","ayaka.tanaka@example.com","ST02","アクティブ","2026-06-04 15:11:14.833261"
2800,"佐藤 拓海","takumi.sato@example.com","ST03","非アクティブ","2026-06-04 15:11:14.833261"
2801,"山本 彩花","ayaka.yamamoto@example.com","ST01","新規","2026-06-04 15:11:14.833261"
2802,"中村 拓海","takumi.nakamura@example.com","ST02","アクティブ","2026-06-04 15:11:14.833261"
2803,"田中 健太","kenta.tanaka@example.com","ST03","非アクティブ","2026-06-04 15:11:14.833261"
2804,"加藤 陽菜","hina.kato@example.com","ST02","アクティブ","2026-06-04 15:11:14.833261"
2805,"吉田 彩花","ayaka.yoshida@example.com","ST01","新規","2026-06-04 15:11:14.833261"
2806,"吉田 葵","aoi.yoshida@example.com","ST04","退会","2026-06-04 15:11:14.833261"
2807,"鈴木 太郎","taro.suzuki@example.com","ST04","退会","2026-06-04 15:11:14.833261"
2808,"小林 葵","aoi.kobayashi@example.com","ST02","アクティブ","2026-06-04 15:11:14.833261"
2809,"佐藤 美咲","misaki.sato@example.com","ST04","退会","2026-06-04 15:11:14.833261"
2810,"加藤 拓海","takumi.kato@example.com","ST02","アクティブ","2026-06-04 15:11:14.833261"
2811,"渡辺 美咲","misaki.watanabe@example.com","ST03","非アクティブ","2026-06-04 15:11:14.833261"
2812,"伊藤 大輔","daisuke.ito@example.com","ST03","非アクティブ","2026-06-04 15:11:14.833261"
2813,"山本 蓮","ren.yamamoto@example.com","ST03","非アクティブ","2026-06-04 15:11:14.833261"
2814,"渡辺 彩花","ayaka.watanabe@example.com","ST02","アクティブ","2026-06-04 15:11:14.833261"
2815,"高橋 拓海","takumi.takahashi@example.com","ST04","退会","2026-06-04 15:11:14.833261"
2816,"高橋 陽菜","hina.takahashi@example.com","ST01","新規","2026-06-04 15:11:14.833261"
2817,"田中 葵","aoi.tanaka@example.com","ST03","非アクティブ","2026-06-04 15:11:14.833261"
2818,"山田 葵","aoi.yamada@example.com","ST02","アクティブ","2026-06-04 15:11:14.833261"
2819,"山田 葵","aoi.yamada@example.com","ST02","アクティブ","2026-06-04 15:11:14.833261"
2820,"山田 翔","sho.yamada@example.com","ST02","アクティブ","2026-06-04 15:11:14.833261"
2821,"山本 拓海","takumi.yamamoto@example.com","ST04","退会","2026-06-04 15:11:14.833261"
2822,"中村 悠斗","yuto.nakamura@example.com","ST04","退会","2026-06-04 15:11:14.833261"
2823,"伊藤 悠斗","yuto.ito@example.com","ST02","アクティブ","2026-06-04 15:11:14.833261"
2824,"伊藤 太郎","taro.ito@example.com","ST01","新規","2026-06-04 15:11:14.833261"
2825,"山田 健太","kenta.yamada@example.com","ST03","非アクティブ","2026-06-04 15:11:14.833261"
2826,"伊藤 葵","aoi.ito@example.com","ST02","アクティブ","2026-06-04 15:11:14.833261"
2827,"鈴木 太郎","taro.suzuki@example.com","ST04","退会","2026-06-04 15:11:14.833261"
2828,"佐藤 蓮","ren.sato@example.com","ST03","非アクティブ","2026-06-04 15:11:14.833261"
2829,"渡辺 結衣","yui.watanabe@example.com","ST04","退会","2026-06-04 15:11:14.833261"
2830,"田中 翔","sho.tanaka@example.com","ST01","新規","2026-06-04 15:11:14.833261"
2831,"伊藤 蓮","ren.ito@example.com","ST02","アクティブ","2026-06-04 15:11:14.833261"
2832,"山田 結衣","yui.yamada@example.com","ST03","非アクティブ","2026-06-04 15:11:14.833261"
2833,"高橋 健太","kenta.takahashi@example.com","ST04","退会","2026-06-04 15:11:14.833261"
2834,"伊藤 葵","aoi.ito@example.com","ST04","退会","2026-06-04 15:11:14.833261"
2835,"山本 太郎","taro.yamamoto@example.com","ST02","アクティブ","2026-06-04 15:11:14.833261"
2836,"山田 悠斗","yuto.yamada@example.com","ST03","非アクティブ","2026-06-04 15:11:14.833261"
2837,"中村 拓海","takumi.nakamura@example.com","ST01","新規","2026-06-04 15:11:14.833261"
2838,"小林 結衣","yui.kobayashi@example.com","ST01","新規","2026-06-04 15:11:14.833261"
2839,"佐藤 彩花","ayaka.sato@example.com","ST03","非アクティブ","2026-06-04 15:11:14.833261"
2840,"吉田 悠斗","yuto.yoshida@example.com","ST02","アクティブ","2026-06-04 15:11:14.833261"
2841,"中村 太郎","taro.nakamura@example.com","ST03","非アクティブ","2026-06-04 15:11:14.833261"
2842,"吉田 結衣","yui.yoshida@example.com","ST02","アクティブ","2026-06-04 15:11:14.833261"
2843,"中村 大輔","daisuke.nakamura@example.com","ST02","アクティブ","2026-06-04 15:11:14.833261"
2844,"田中 大輔","daisuke.tanaka@example.com","ST01","新規","2026-06-04 15:11:14.833261"
2845,"鈴木 太郎","taro.suzuki@example.com","ST03","非アクティブ","2026-06-04 15:11:14.833261"
2846,"佐藤 彩花","ayaka.sato@example.com","ST01","新規","2026-06-04 15:11:14.833261"
2847,"伊藤 悠斗","yuto.ito@example.com","ST03","非アクティブ","2026-06-04 15:11:14.833261"
2848,"佐藤 太郎","taro.sato@example.com","ST04","退会","2026-06-04 15:11:14.833261"
2849,"中村 葵","aoi.nakamura@example.com","ST03","非アクティブ","2026-06-04 15:11:14.833261"
2850,"佐藤 葵","aoi.sato@example.com","ST02","アクティブ","2026-06-04 15:11:14.833261"
2851,"吉田 美咲","misaki.yoshida@example.com","ST03","非アクティブ","2026-06-04 15:11:14.833261"
2852,"田中 彩花","ayaka.tanaka@example.com","ST01","新規","2026-06-04 15:11:14.833261"
2853,"鈴木 葵","aoi.suzuki@example.com","ST01","新規","2026-06-04 15:11:14.833261"
2854,"加藤 葵","aoi.kato@example.com","ST03","非アクティブ","2026-06-04 15:11:14.833261"
2855,"加藤 翔","sho.kato@example.com","ST03","非アクティブ","2026-06-04 15:11:14.833261"
2856,"中村 健太","kenta.nakamura@example.com","ST01","新規","2026-06-04 15:11:14.833261"
2857,"高橋 拓海","takumi.takahashi@example.com","ST03","非アクティブ","2026-06-04 15:11:14.833261"
2858,"中村 美咲","misaki.nakamura@example.com","ST02","アクティブ","2026-06-04 15:11:14.833261"
2859,"山本 陽菜","hina.yamamoto@example.com","ST03","非アクティブ","2026-06-04 15:11:14.833261"
2860,"鈴木 大輔","daisuke.suzuki@example.com","ST01","新規","2026-06-04 15:11:14.833261"
2861,"佐藤 拓海","takumi.sato@example.com","ST01","新規","2026-06-04 15:11:14.833261"
2862,"渡辺 翔","sho.watanabe@example.com","ST04","退会","2026-06-04 15:11:14.833261"
2863,"鈴木 陽菜","hina.suzuki@example.com","ST01","新規","2026-06-04 15:11:14.833261"
2864,"山田 悠斗","yuto.yamada@example.com","ST03","非アクティブ","2026-06-04 15:11:14.833261"
2865,"高橋 太郎","taro.takahashi@example.com","ST03","非アクティブ","2026-06-04 15:11:14.833261"
2866,"小林 大輔","daisuke.kobayashi@example.com","ST02","アクティブ","2026-06-04 15:11:14.833261"
2867,"高橋 大輔","daisuke.takahashi@example.com","ST03","非アクティブ","2026-06-04 15:11:14.833261"
2868,"鈴木 陽菜","hina.suzuki@example.com","ST01","新規","2026-06-04 15:11:14.833261"
2869,"山田 翔","sho.yamada@example.com","ST03","非アクティブ","2026-06-04 15:11:14.833261"
2870,"高橋 悠斗","yuto.takahashi@example.com","ST02","アクティブ","2026-06-04 15:11:14.833261"
2871,"加藤 葵","aoi.kato@example.com","ST02","アクティブ","2026-06-04 15:11:14.833261"
2872,"加藤 拓海","takumi.kato@example.com","ST02","アクティブ","2026-06-04 15:11:14.833261"
2873,"高橋 陽菜","hina.takahashi@example.com","ST04","退会","2026-06-04 15:11:14.833261"
2874,"高橋 悠斗","yuto.takahashi@example.com","ST02","アクティブ","2026-06-04 15:11:14.833261"
2875,"高橋 陽菜","hina.takahashi@example.com","ST02","アクティブ","2026-06-04 15:11:14.833261"
2876,"加藤 陽菜","hina.kato@example.com","ST03","非アクティブ","2026-06-04 15:11:14.833261"
2877,"高橋 蓮","ren.takahashi@example.com","ST03","非アクティブ","2026-06-04 15:11:14.833261"
2878,"伊藤 太郎","taro.ito@example.com","ST03","非アクティブ","2026-06-04 15:11:14.833261"
2879,"加藤 悠斗","yuto.kato@example.com","ST03","非アクティブ","2026-06-04 15:11:14.833261"
2880,"渡辺 葵","aoi.watanabe@example.com","ST02","アクティブ","2026-06-04 15:11:14.833261"
2881,"鈴木 美咲","misaki.suzuki@example.com","ST01","新規","2026-06-04 15:11:14.833261"
2882,"鈴木 拓海","takumi.suzuki@example.com","ST01","新規","2026-06-04 15:11:14.833261"
2883,"佐藤 蓮","ren.sato@example.com","ST01","新規","2026-06-04 15:11:14.833261"
2884,"山田 陽菜","hina.yamada@example.com","ST04","退会","2026-06-04 15:11:14.833261"
2885,"加藤 悠斗","yuto.kato@example.com","ST03","非アクティブ","2026-06-04 15:11:14.833261"
2886,"渡辺 健太","kenta.watanabe@example.com","ST02","アクティブ","2026-06-04 15:11:14.833261"
2887,"山本 彩花","ayaka.yamamoto@example.com","ST01","新規","2026-06-04 15:11:14.833261"
2888,"田中 彩花","ayaka.tanaka@example.com","ST03","非アクティブ","2026-06-04 15:11:14.833261"
2889,"田中 彩花","ayaka.tanaka@example.com","ST01","新規","2026-06-04 15:11:14.833261"
2890,"山本 悠斗","yuto.yamamoto@example.com","ST04","退会","2026-06-04 15:11:14.833261"
2891,"伊藤 蓮","ren.ito@example.com","ST02","アクティブ","2026-06-04 15:11:14.833261"
2892,"山本 結衣","yui.yamamoto@example.com","ST01","新規","2026-06-04 15:11:14.833261"
2893,"佐藤 彩花","ayaka.sato@example.com","ST04","退会","2026-06-04 15:11:14.833261"
2894,"山田 陽菜","hina.yamada@example.com","ST03","非アクティブ","2026-06-04 15:11:14.833261"
2895,"鈴木 結衣","yui.suzuki@example.com","ST03","非アクティブ","2026-06-04 15:11:14.833261"
2896,"鈴木 太郎","taro.suzuki@example.com","ST04","退会","2026-06-04 15:11:14.833261"
2897,"小林 悠斗","yuto.kobayashi@example.com","ST03","非アクティブ","2026-06-04 15:11:14.833261"
2898,"山本 悠斗","yuto.yamamoto@example.com","ST02","アクティブ","2026-06-04 15:11:14.833261"
2899,"伊藤 結衣","yui.ito@example.com","ST03","非アクティブ","2026-06-04 15:11:14.833261"
2900,"佐藤 悠斗","yuto.sato@example.com","ST02","アクティブ","2026-06-04 15:11:14.833261"
2901,"吉田 大輔","daisuke.yoshida@example.com","ST04","退会","2026-06-04 15:11:14.833261"
2902,"山田 陽菜","hina.yamada@example.com","ST03","非アクティブ","2026-06-04 15:11:14.833261"
2903,"佐藤 結衣","yui.sato@example.com","ST03","非アクティブ","2026-06-04 15:11:14.833261"
2904,"伊藤 健太","kenta.ito@example.com","ST03","非アクティブ","2026-06-04 15:11:14.833261"
2905,"吉田 健太","kenta.yoshida@example.com","ST01","新規","2026-06-04 15:11:14.833261"
2906,"佐藤 美咲","misaki.sato@example.com","ST01","新規","2026-06-04 15:11:14.833261"
2907,"田中 拓海","takumi.tanaka@example.com","ST01","新規","2026-06-04 15:11:14.833261"
2908,"佐藤 大輔","daisuke.sato@example.com","ST02","アクティブ","2026-06-04 15:11:14.833261"
2909,"山本 葵","aoi.yamamoto@example.com","ST03","非アクティブ","2026-06-04 15:11:14.833261"
2910,"佐藤 翔","sho.sato@example.com","ST03","非アクティブ","2026-06-04 15:11:14.833261"
2911,"山田 美咲","misaki.yamada@example.com","ST03","非アクティブ","2026-06-04 15:11:14.833261"
2912,"中村 蓮","ren.nakamura@example.com","ST01","新規","2026-06-04 15:11:14.833261"
2913,"加藤 蓮","ren.kato@example.com","ST03","非アクティブ","2026-06-04 15:11:14.833261"
2914,"吉田 美咲","misaki.yoshida@example.com","ST03","非アクティブ","2026-06-04 15:11:14.833261"
2915,"山田 悠斗","yuto.yamada@example.com","ST02","アクティブ","2026-06-04 15:11:14.833261"
2916,"鈴木 彩花","ayaka.suzuki@example.com","ST02","アクティブ","2026-06-04 15:11:14.833261"
2917,"山本 陽菜","hina.yamamoto@example.com","ST01","新規","2026-06-04 15:11:14.833261"
2918,"佐藤 太郎","taro.sato@example.com","ST01","新規","2026-06-04 15:11:14.833261"
2919,"佐藤 葵","aoi.sato@example.com","ST02","アクティブ","2026-06-04 15:11:14.833261"
2920,"高橋 大輔","daisuke.takahashi@example.com","ST03","非アクティブ","2026-06-04 15:11:14.833261"
2921,"佐藤 陽菜","hina.sato@example.com","ST02","アクティブ","2026-06-04 15:11:14.833261"
2922,"加藤 悠斗","yuto.kato@example.com","ST04","退会","2026-06-04 15:11:14.833261"
2923,"小林 陽菜","hina.kobayashi@example.com","ST02","アクティブ","2026-06-04 15:11:14.833261"
2924,"渡辺 美咲","misaki.watanabe@example.com","ST03","非アクティブ","2026-06-04 15:11:14.833261"
2925,"佐藤 悠斗","yuto.sato@example.com","ST02","アクティブ","2026-06-04 15:11:14.833261"
2926,"渡辺 結衣","yui.watanabe@example.com","ST01","新規","2026-06-04 15:11:14.833261"
2927,"山本 彩花","ayaka.yamamoto@example.com","ST02","アクティブ","2026-06-04 15:11:14.833261"
2928,"加藤 蓮","ren.kato@example.com","ST03","非アクティブ","2026-06-04 15:11:14.833261"
2929,"渡辺 陽菜","hina.watanabe@example.com","ST03","非アクティブ","2026-06-04 15:11:14.833261"
2930,"加藤 葵","aoi.kato@example.com","ST01","新規","2026-06-04 15:11:14.833261"
2931,"山田 葵","aoi.yamada@example.com","ST02","アクティブ","2026-06-04 15:11:14.833261"
2932,"山田 蓮","ren.yamada@example.com","ST01","新規","2026-06-04 15:11:14.833261"
2933,"田中 翔","sho.tanaka@example.com","ST03","非アクティブ","2026-06-04 15:11:14.833261"
2934,"鈴木 結衣","yui.suzuki@example.com","ST03","非アクティブ","2026-06-04 15:11:14.833261"
2935,"山本 蓮","ren.yamamoto@example.com","ST01","新規","2026-06-04 15:11:14.833261"
2936,"山本 葵","aoi.yamamoto@example.com","ST04","退会","2026-06-04 15:11:14.833261"
2937,"中村 拓海","takumi.nakamura@example.com","ST02","アクティブ","2026-06-04 15:11:14.833261"
2938,"伊藤 彩花","ayaka.ito@example.com","ST01","新規","2026-06-04 15:11:14.833261"
2939,"山田 大輔","daisuke.yamada@example.com","ST01","新規","2026-06-04 15:11:14.833261"
2940,"山本 結衣","yui.yamamoto@example.com","ST02","アクティブ","2026-06-04 15:11:14.833261"
2941,"佐藤 太郎","taro.sato@example.com","ST01","新規","2026-06-04 15:11:14.833261"
2942,"加藤 葵","aoi.kato@example.com","ST03","非アクティブ","2026-06-04 15:11:14.833261"
2943,"吉田 陽菜","hina.yoshida@example.com","ST03","非アクティブ","2026-06-04 15:11:14.833261"
2944,"高橋 翔","sho.takahashi@example.com","ST02","アクティブ","2026-06-04 15:11:14.833261"
2945,"高橋 美咲","misaki.takahashi@example.com","ST03","非アクティブ","2026-06-04 15:11:14.833261"
2946,"佐藤 悠斗","yuto.sato@example.com","ST03","非アクティブ","2026-06-04 15:11:14.833261"
2947,"加藤 結衣","yui.kato@example.com","ST03","非アクティブ","2026-06-04 15:11:14.833261"
2948,"加藤 健太","kenta.kato@example.com","ST02","アクティブ","2026-06-04 15:11:14.833261"
2949,"山本 彩花","ayaka.yamamoto@example.com","ST03","非アクティブ","2026-06-04 15:11:14.833261"
2950,"吉田 結衣","yui.yoshida@example.com","ST03","非アクティブ","2026-06-04 15:11:14.833261"
2951,"伊藤 葵","aoi.ito@example.com","ST01","新規","2026-06-04 15:11:14.833261"
2952,"鈴木 蓮","ren.suzuki@example.com","ST04","退会","2026-06-04 15:11:14.833261"
2953,"鈴木 悠斗","yuto.suzuki@example.com","ST03","非アクティブ","2026-06-04 15:11:14.833261"
2954,"鈴木 美咲","misaki.suzuki@example.com","ST02","アクティブ","2026-06-04 15:11:14.833261"
2955,"高橋 葵","aoi.takahashi@example.com","ST02","アクティブ","2026-06-04 15:11:14.833261"
2956,"伊藤 陽菜","hina.ito@example.com","ST04","退会","2026-06-04 15:11:14.833261"
2957,"吉田 美咲","misaki.yoshida@example.com","ST01","新規","2026-06-04 15:11:14.833261"
2958,"高橋 大輔","daisuke.takahashi@example.com","ST03","非アクティブ","2026-06-04 15:11:14.833261"
2959,"高橋 美咲","misaki.takahashi@example.com","ST01","新規","2026-06-04 15:11:14.833261"
2960,"佐藤 美咲","misaki.sato@example.com","ST04","退会","2026-06-04 15:11:14.833261"
2961,"鈴木 太郎","taro.suzuki@example.com","ST01","新規","2026-06-04 15:11:14.833261"
2962,"山田 葵","aoi.yamada@example.com","ST01","新規","2026-06-04 15:11:14.833261"
2963,"田中 結衣","yui.tanaka@example.com","ST01","新規","2026-06-04 15:11:14.833261"
2964,"小林 蓮","ren.kobayashi@example.com","ST02","アクティブ","2026-06-04 15:11:14.833261"
2965,"田中 悠斗","yuto.tanaka@example.com","ST04","退会","2026-06-04 15:11:14.833261"
2966,"伊藤 彩花","ayaka.ito@example.com","ST01","新規","2026-06-04 15:11:14.833261"
2967,"小林 結衣","yui.kobayashi@example.com","ST01","新規","2026-06-04 15:11:14.833261"
2968,"佐藤 太郎","taro.sato@example.com","ST01","新規","2026-06-04 15:11:14.833261"
2969,"山本 美咲","misaki.yamamoto@example.com","ST01","新規","2026-06-04 15:11:14.833261"
2970,"小林 彩花","ayaka.kobayashi@example.com","ST01","新規","2026-06-04 15:11:14.833261"
2971,"鈴木 悠斗","yuto.suzuki@example.com","ST03","非アクティブ","2026-06-04 15:11:14.833261"
2972,"中村 蓮","ren.nakamura@example.com","ST01","新規","2026-06-04 15:11:14.833261"
2973,"中村 葵","aoi.nakamura@example.com","ST02","アクティブ","2026-06-04 15:11:14.833261"
2974,"佐藤 拓海","takumi.sato@example.com","ST03","非アクティブ","2026-06-04 15:11:14.833261"
2975,"渡辺 翔","sho.watanabe@example.com","ST01","新規","2026-06-04 15:11:14.833261"
2976,"佐藤 拓海","takumi.sato@example.com","ST01","新規","2026-06-04 15:11:14.833261"
2977,"伊藤 悠斗","yuto.ito@example.com","ST03","非アクティブ","2026-06-04 15:11:14.833261"
2978,"渡辺 拓海","takumi.watanabe@example.com","ST01","新規","2026-06-04 15:11:14.833261"
2979,"伊藤 太郎","taro.ito@example.com","ST03","非アクティブ","2026-06-04 15:11:14.833261"
2980,"吉田 蓮","ren.yoshida@example.com","ST03","非アクティブ","2026-06-04 15:11:14.833261"
2981,"田中 彩花","ayaka.tanaka@example.com","ST01","新規","2026-06-04 15:11:14.833261"
2982,"高橋 結衣","yui.takahashi@example.com","ST01","新規","2026-06-04 15:11:14.833261"
2983,"田中 葵","aoi.tanaka@example.com","ST04","退会","2026-06-04 15:11:14.833261"
2984,"山本 翔","sho.yamamoto@example.com","ST02","アクティブ","2026-06-04 15:11:14.833261"
2985,"小林 翔","sho.kobayashi@example.com","ST01","新規","2026-06-04 15:11:14.833261"
2986,"高橋 翔","sho.takahashi@example.com","ST02","アクティブ","2026-06-04 15:11:14.833261"
2987,"佐藤 陽菜","hina.sato@example.com","ST01","新規","2026-06-04 15:11:14.833261"
2988,"小林 美咲","misaki.kobayashi@example.com","ST03","非アクティブ","2026-06-04 15:11:14.833261"
2989,"吉田 健太","kenta.yoshida@example.com","ST02","アクティブ","2026-06-04 15:11:14.833261"
2990,"山田 彩花","ayaka.yamada@example.com","ST03","非アクティブ","2026-06-04 15:11:14.833261"
2991,"小林 翔","sho.kobayashi@example.com","ST04","退会","2026-06-04 15:11:14.833261"
2992,"加藤 彩花","ayaka.kato@example.com","ST02","アクティブ","2026-06-04 15:11:14.833261"
2993,"山田 拓海","takumi.yamada@example.com","ST02","アクティブ","2026-06-04 15:11:14.833261"
2994,"渡辺 太郎","taro.watanabe@example.com","ST02","アクティブ","2026-06-04 15:11:14.833261"
2995,"山田 蓮","ren.yamada@example.com","ST02","アクティブ","2026-06-04 15:11:14.833261"
2996,"山本 拓海","takumi.yamamoto@example.com","ST04","退会","2026-06-04 15:11:14.833261"
2997,"田中 彩花","ayaka.tanaka@example.com","ST02","アクティブ","2026-06-04 15:11:14.833261"
2998,"渡辺 大輔","daisuke.watanabe@example.com","ST01","新規","2026-06-04 15:11:14.833261"
2999,"山田 蓮","ren.yamada@example.com","ST02","アクティブ","2026-06-04 15:11:14.833261"
3000,"高橋 結衣","yui.takahashi@example.com","ST03","非アクティブ","2026-06-04 15:11:14.833261"
3001,"小林 健太","kenta.kobayashi@example.com","ST01","新規","2026-06-04 15:11:14.833261"
3002,"佐藤 翔","sho.sato@example.com","ST02","アクティブ","2026-06-04 15:11:14.833261"
3003,"鈴木 健太","kenta.suzuki@example.com","ST01","新規","2026-06-04 15:11:14.833261"
3004,"田中 彩花","ayaka.tanaka@example.com","ST01","新規","2026-06-04 15:11:14.833261"
3005,"中村 悠斗","yuto.nakamura@example.com","ST02","アクティブ","2026-06-04 15:11:14.833261"
3006,"小林 翔","sho.kobayashi@example.com","ST01","新規","2026-06-04 15:11:14.833261"
3007,"佐藤 結衣","yui.sato@example.com","ST01","新規","2026-06-04 15:11:14.833261"
3008,"伊藤 葵","aoi.ito@example.com","ST01","新規","2026-06-04 15:11:14.833261"
3009,"山田 翔","sho.yamada@example.com","ST01","新規","2026-06-04 15:11:14.833261"
3010,"伊藤 太郎","taro.ito@example.com","ST01","新規","2026-06-04 15:11:14.833261"
3011,"高橋 太郎","taro.takahashi@example.com","ST01","新規","2026-06-04 15:11:14.833261"
3012,"高橋 葵","aoi.takahashi@example.com","ST02","アクティブ","2026-06-04 15:11:14.833261"
3013,"渡辺 翔","sho.watanabe@example.com","ST04","退会","2026-06-04 15:11:14.833261"
3014,"渡辺 彩花","ayaka.watanabe@example.com","ST03","非アクティブ","2026-06-04 15:11:14.833261"
3015,"田中 彩花","ayaka.tanaka@example.com","ST03","非アクティブ","2026-06-04 15:11:14.833261"
3016,"渡辺 葵","aoi.watanabe@example.com","ST03","非アクティブ","2026-06-04 15:11:14.833261"
3017,"小林 太郎","taro.kobayashi@example.com","ST04","退会","2026-06-04 15:11:14.833261"
3018,"中村 拓海","takumi.nakamura@example.com","ST04","退会","2026-06-04 15:11:14.833261"
3019,"加藤 翔","sho.kato@example.com","ST02","アクティブ","2026-06-04 15:11:14.833261"
3020,"高橋 大輔","daisuke.takahashi@example.com","ST03","非アクティブ","2026-06-04 15:11:14.833261"
3021,"中村 蓮","ren.nakamura@example.com","ST01","新規","2026-06-04 15:11:14.833261"
3022,"中村 陽菜","hina.nakamura@example.com","ST03","非アクティブ","2026-06-04 15:11:14.833261"
3023,"高橋 陽菜","hina.takahashi@example.com","ST02","アクティブ","2026-06-04 15:11:14.833261"
3024,"高橋 彩花","ayaka.takahashi@example.com","ST04","退会","2026-06-04 15:11:14.833261"
3025,"山田 結衣","yui.yamada@example.com","ST01","新規","2026-06-04 15:11:14.833261"
3026,"中村 葵","aoi.nakamura@example.com","ST02","アクティブ","2026-06-04 15:11:14.833261"
3027,"鈴木 健太","kenta.suzuki@example.com","ST01","新規","2026-06-04 15:11:14.833261"
3028,"加藤 陽菜","hina.kato@example.com","ST01","新規","2026-06-04 15:11:14.833261"
3029,"渡辺 健太","kenta.watanabe@example.com","ST04","退会","2026-06-04 15:11:14.833261"
3030,"伊藤 大輔","daisuke.ito@example.com","ST01","新規","2026-06-04 15:11:14.833261"
3031,"山本 健太","kenta.yamamoto@example.com","ST01","新規","2026-06-04 15:11:14.833261"
3032,"中村 健太","kenta.nakamura@example.com","ST01","新規","2026-06-04 15:11:14.833261"
3033,"山田 結衣","yui.yamada@example.com","ST01","新規","2026-06-04 15:11:14.833261"
3034,"鈴木 太郎","taro.suzuki@example.com","ST02","アクティブ","2026-06-04 15:11:14.833261"
3035,"中村 悠斗","yuto.nakamura@example.com","ST03","非アクティブ","2026-06-04 15:11:14.833261"
3036,"加藤 健太","kenta.kato@example.com","ST01","新規","2026-06-04 15:11:14.833261"
3037,"田中 蓮","ren.tanaka@example.com","ST04","退会","2026-06-04 15:11:14.833261"
3038,"加藤 美咲","misaki.kato@example.com","ST04","退会","2026-06-04 15:11:14.833261"
3039,"山本 健太","kenta.yamamoto@example.com","ST02","アクティブ","2026-06-04 15:11:14.833261"
3040,"田中 彩花","ayaka.tanaka@example.com","ST04","退会","2026-06-04 15:11:14.833261"
3041,"小林 結衣","yui.kobayashi@example.com","ST02","アクティブ","2026-06-04 15:11:14.833261"
3042,"渡辺 大輔","daisuke.watanabe@example.com","ST04","退会","2026-06-04 15:11:14.833261"
3043,"伊藤 蓮","ren.ito@example.com","ST03","非アクティブ","2026-06-04 15:11:14.833261"
3044,"田中 葵","aoi.tanaka@example.com","ST04","退会","2026-06-04 15:11:14.833261"
3045,"小林 太郎","taro.kobayashi@example.com","ST02","アクティブ","2026-06-04 15:11:14.833261"
3046,"吉田 結衣","yui.yoshida@example.com","ST03","非アクティブ","2026-06-04 15:11:14.833261"
3047,"渡辺 美咲","misaki.watanabe@example.com","ST03","非アクティブ","2026-06-04 15:11:14.833261"
3048,"鈴木 拓海","takumi.suzuki@example.com","ST01","新規","2026-06-04 15:11:14.833261"
3049,"渡辺 太郎","taro.watanabe@example.com","ST04","退会","2026-06-04 15:11:14.833261"
3050,"田中 大輔","daisuke.tanaka@example.com","ST04","退会","2026-06-04 15:11:14.833261"
3051,"中村 結衣","yui.nakamura@example.com","ST01","新規","2026-06-04 15:11:14.833261"
3052,"加藤 悠斗","yuto.kato@example.com","ST04","退会","2026-06-04 15:11:14.833261"
3053,"山田 結衣","yui.yamada@example.com","ST02","アクティブ","2026-06-04 15:11:14.833261"
3054,"山田 翔","sho.yamada@example.com","ST01","新規","2026-06-04 15:11:14.833261"
3055,"渡辺 陽菜","hina.watanabe@example.com","ST02","アクティブ","2026-06-04 15:11:14.833261"
3056,"田中 拓海","takumi.tanaka@example.com","ST03","非アクティブ","2026-06-04 15:11:14.833261"
3057,"渡辺 拓海","takumi.watanabe@example.com","ST02","アクティブ","2026-06-04 15:11:14.833261"
3058,"伊藤 葵","aoi.ito@example.com","ST03","非アクティブ","2026-06-04 15:11:14.833261"
3059,"小林 悠斗","yuto.kobayashi@example.com","ST03","非アクティブ","2026-06-04 15:11:14.833261"
3060,"高橋 拓海","takumi.takahashi@example.com","ST04","退会","2026-06-04 15:11:14.833261"
3061,"中村 大輔","daisuke.nakamura@example.com","ST01","新規","2026-06-04 15:11:14.833261"
3062,"渡辺 翔","sho.watanabe@example.com","ST02","アクティブ","2026-06-04 15:11:14.833261"
3063,"佐藤 結衣","yui.sato@example.com","ST04","退会","2026-06-04 15:11:14.833261"
3064,"山本 陽菜","hina.yamamoto@example.com","ST01","新規","2026-06-04 15:11:14.833261"
3065,"山田 蓮","ren.yamada@example.com","ST01","新規","2026-06-04 15:11:14.833261"
3066,"佐藤 彩花","ayaka.sato@example.com","ST04","退会","2026-06-04 15:11:14.833261"
3067,"中村 拓海","takumi.nakamura@example.com","ST02","アクティブ","2026-06-04 15:11:14.833261"
3068,"高橋 大輔","daisuke.takahashi@example.com","ST03","非アクティブ","2026-06-04 15:11:14.833261"
3069,"伊藤 健太","kenta.ito@example.com","ST01","新規","2026-06-04 15:11:14.833261"
3070,"田中 陽菜","hina.tanaka@example.com","ST01","新規","2026-06-04 15:11:14.833261"
3071,"山本 結衣","yui.yamamoto@example.com","ST04","退会","2026-06-04 15:11:14.833261"
3072,"渡辺 彩花","ayaka.watanabe@example.com","ST04","退会","2026-06-04 15:11:14.833261"
3073,"吉田 健太","kenta.yoshida@example.com","ST04","退会","2026-06-04 15:11:14.833261"
3074,"高橋 拓海","takumi.takahashi@example.com","ST04","退会","2026-06-04 15:11:14.833261"
3075,"山本 大輔","daisuke.yamamoto@example.com","ST04","退会","2026-06-04 15:11:14.833261"
3076,"吉田 翔","sho.yoshida@example.com","ST02","アクティブ","2026-06-04 15:11:14.833261"
3077,"吉田 悠斗","yuto.yoshida@example.com","ST04","退会","2026-06-04 15:11:14.833261"
3078,"伊藤 健太","kenta.ito@example.com","ST03","非アクティブ","2026-06-04 15:11:14.833261"
3079,"山田 陽菜","hina.yamada@example.com","ST03","非アクティブ","2026-06-04 15:11:14.833261"
3080,"佐藤 翔","sho.sato@example.com","ST01","新規","2026-06-04 15:11:14.833261"
3081,"吉田 結衣","yui.yoshida@example.com","ST03","非アクティブ","2026-06-04 15:11:14.833261"
3082,"佐藤 蓮","ren.sato@example.com","ST01","新規","2026-06-04 15:11:14.833261"
3083,"小林 陽菜","hina.kobayashi@example.com","ST03","非アクティブ","2026-06-04 15:11:14.833261"
3084,"中村 葵","aoi.nakamura@example.com","ST02","アクティブ","2026-06-04 15:11:14.833261"
3085,"田中 大輔","daisuke.tanaka@example.com","ST04","退会","2026-06-04 15:11:14.833261"
3086,"高橋 彩花","ayaka.takahashi@example.com","ST02","アクティブ","2026-06-04 15:11:14.833261"
3087,"渡辺 健太","kenta.watanabe@example.com","ST02","アクティブ","2026-06-04 15:11:14.833261"
3088,"渡辺 健太","kenta.watanabe@example.com","ST03","非アクティブ","2026-06-04 15:11:14.833261"
3089,"加藤 太郎","taro.kato@example.com","ST04","退会","2026-06-04 15:11:14.833261"
3090,"山本 太郎","taro.yamamoto@example.com","ST02","アクティブ","2026-06-04 15:11:14.833261"
3091,"田中 美咲","misaki.tanaka@example.com","ST02","アクティブ","2026-06-04 15:11:14.833261"
3092,"渡辺 彩花","ayaka.watanabe@example.com","ST04","退会","2026-06-04 15:11:14.833261"
3093,"田中 健太","kenta.tanaka@example.com","ST04","退会","2026-06-04 15:11:14.833261"
3094,"山田 悠斗","yuto.yamada@example.com","ST03","非アクティブ","2026-06-04 15:11:14.833261"
3095,"加藤 太郎","taro.kato@example.com","ST04","退会","2026-06-04 15:11:14.833261"
3096,"中村 蓮","ren.nakamura@example.com","ST03","非アクティブ","2026-06-04 15:11:14.833261"
3097,"吉田 拓海","takumi.yoshida@example.com","ST04","退会","2026-06-04 15:11:14.833261"
3098,"伊藤 拓海","takumi.ito@example.com","ST01","新規","2026-06-04 15:11:14.833261"
3099,"山田 拓海","takumi.yamada@example.com","ST02","アクティブ","2026-06-04 15:11:14.833261"
3100,"渡辺 拓海","takumi.watanabe@example.com","ST04","退会","2026-06-04 15:11:14.833261"
3101,"伊藤 美咲","misaki.ito@example.com","ST04","退会","2026-06-04 15:11:14.833261"
3102,"高橋 結衣","yui.takahashi@example.com","ST04","退会","2026-06-04 15:11:14.833261"
3103,"田中 彩花","ayaka.tanaka@example.com","ST01","新規","2026-06-04 15:11:14.833261"
3104,"鈴木 葵","aoi.suzuki@example.com","ST03","非アクティブ","2026-06-04 15:11:14.833261"
3105,"佐藤 蓮","ren.sato@example.com","ST01","新規","2026-06-04 15:11:14.833261"
3106,"鈴木 悠斗","yuto.suzuki@example.com","ST04","退会","2026-06-04 15:11:14.833261"
3107,"中村 翔","sho.nakamura@example.com","ST01","新規","2026-06-04 15:11:14.833261"
3108,"小林 太郎","taro.kobayashi@example.com","ST02","アクティブ","2026-06-04 15:11:14.833261"
3109,"高橋 拓海","takumi.takahashi@example.com","ST04","退会","2026-06-04 15:11:14.833261"
3110,"吉田 結衣","yui.yoshida@example.com","ST03","非アクティブ","2026-06-04 15:11:14.833261"
3111,"中村 彩花","ayaka.nakamura@example.com","ST02","アクティブ","2026-06-04 15:11:14.833261"
3112,"佐藤 美咲","misaki.sato@example.com","ST01","新規","2026-06-04 15:11:14.833261"
3113,"田中 美咲","misaki.tanaka@example.com","ST03","非アクティブ","2026-06-04 15:11:14.833261"
3114,"田中 悠斗","yuto.tanaka@example.com","ST04","退会","2026-06-04 15:11:14.833261"
3115,"佐藤 葵","aoi.sato@example.com","ST02","アクティブ","2026-06-04 15:11:14.833261"
3116,"山田 彩花","ayaka.yamada@example.com","ST02","アクティブ","2026-06-04 15:11:14.833261"
3117,"伊藤 彩花","ayaka.ito@example.com","ST02","アクティブ","2026-06-04 15:11:14.833261"
3118,"山田 悠斗","yuto.yamada@example.com","ST03","非アクティブ","2026-06-04 15:11:14.833261"
3119,"高橋 陽菜","hina.takahashi@example.com","ST04","退会","2026-06-04 15:11:14.833261"
3120,"鈴木 葵","aoi.suzuki@example.com","ST04","退会","2026-06-04 15:11:14.833261"
3121,"鈴木 悠斗","yuto.suzuki@example.com","ST03","非アクティブ","2026-06-04 15:11:14.833261"
3122,"鈴木 葵","aoi.suzuki@example.com","ST02","アクティブ","2026-06-04 15:11:14.833261"
3123,"山田 彩花","ayaka.yamada@example.com","ST03","非アクティブ","2026-06-04 15:11:14.833261"
3124,"中村 陽菜","hina.nakamura@example.com","ST04","退会","2026-06-04 15:11:14.833261"
3125,"加藤 葵","aoi.kato@example.com","ST01","新規","2026-06-04 15:11:14.833261"
3126,"高橋 葵","aoi.takahashi@example.com","ST03","非アクティブ","2026-06-04 15:11:14.833261"
3127,"中村 美咲","misaki.nakamura@example.com","ST02","アクティブ","2026-06-04 15:11:14.833261"
3128,"山本 彩花","ayaka.yamamoto@example.com","ST01","新規","2026-06-04 15:11:14.833261"
3129,"小林 美咲","misaki.kobayashi@example.com","ST01","新規","2026-06-04 15:11:14.833261"
3130,"加藤 美咲","misaki.kato@example.com","ST03","非アクティブ","2026-06-04 15:11:14.833261"
3131,"鈴木 葵","aoi.suzuki@example.com","ST02","アクティブ","2026-06-04 15:11:14.833261"
3132,"山田 陽菜","hina.yamada@example.com","ST02","アクティブ","2026-06-04 15:11:14.833261"
3133,"田中 美咲","misaki.tanaka@example.com","ST02","アクティブ","2026-06-04 15:11:14.833261"
3134,"加藤 翔","sho.kato@example.com","ST03","非アクティブ","2026-06-04 15:11:14.833261"
3135,"吉田 太郎","taro.yoshida@example.com","ST02","アクティブ","2026-06-04 15:11:14.833261"
3136,"高橋 葵","aoi.takahashi@example.com","ST02","アクティブ","2026-06-04 15:11:14.833261"
3137,"田中 悠斗","yuto.tanaka@example.com","ST04","退会","2026-06-04 15:11:14.833261"
3138,"伊藤 健太","kenta.ito@example.com","ST03","非アクティブ","2026-06-04 15:11:14.833261"
3139,"吉田 大輔","daisuke.yoshida@example.com","ST03","非アクティブ","2026-06-04 15:11:14.833261"
3140,"山本 葵","aoi.yamamoto@example.com","ST02","アクティブ","2026-06-04 15:11:14.833261"
3141,"渡辺 太郎","taro.watanabe@example.com","ST04","退会","2026-06-04 15:11:14.833261"
3142,"渡辺 結衣","yui.watanabe@example.com","ST03","非アクティブ","2026-06-04 15:11:14.833261"
3143,"加藤 翔","sho.kato@example.com","ST04","退会","2026-06-04 15:11:14.833261"
3144,"山田 太郎","taro.yamada@example.com","ST01","新規","2026-06-04 15:11:14.833261"
3145,"伊藤 悠斗","yuto.ito@example.com","ST04","退会","2026-06-04 15:11:14.833261"
3146,"高橋 翔","sho.takahashi@example.com","ST04","退会","2026-06-04 15:11:14.833261"
3147,"田中 翔","sho.tanaka@example.com","ST04","退会","2026-06-04 15:11:14.833261"
3148,"吉田 彩花","ayaka.yoshida@example.com","ST03","非アクティブ","2026-06-04 15:11:14.833261"
3149,"吉田 健太","kenta.yoshida@example.com","ST04","退会","2026-06-04 15:11:14.833261"
3150,"小林 翔","sho.kobayashi@example.com","ST04","退会","2026-06-04 15:11:14.833261"
3151,"渡辺 蓮","ren.watanabe@example.com","ST03","非アクティブ","2026-06-04 15:11:14.833261"
3152,"小林 大輔","daisuke.kobayashi@example.com","ST02","アクティブ","2026-06-04 15:11:14.833261"
3153,"佐藤 大輔","daisuke.sato@example.com","ST02","アクティブ","2026-06-04 15:11:14.833261"
3154,"小林 拓海","takumi.kobayashi@example.com","ST03","非アクティブ","2026-06-04 15:11:14.833261"
3155,"高橋 拓海","takumi.takahashi@example.com","ST03","非アクティブ","2026-06-04 15:11:14.833261"
3156,"山本 太郎","taro.yamamoto@example.com","ST04","退会","2026-06-04 15:11:14.833261"
3157,"吉田 陽菜","hina.yoshida@example.com","ST03","非アクティブ","2026-06-04 15:11:14.833261"
3158,"佐藤 悠斗","yuto.sato@example.com","ST03","非アクティブ","2026-06-04 15:11:14.833261"
3159,"山本 健太","kenta.yamamoto@example.com","ST03","非アクティブ","2026-06-04 15:11:14.833261"
3160,"加藤 太郎","taro.kato@example.com","ST01","新規","2026-06-04 15:11:14.833261"
3161,"伊藤 彩花","ayaka.ito@example.com","ST03","非アクティブ","2026-06-04 15:11:14.833261"
3162,"山田 結衣","yui.yamada@example.com","ST02","アクティブ","2026-06-04 15:11:14.833261"
3163,"山本 翔","sho.yamamoto@example.com","ST02","アクティブ","2026-06-04 15:11:14.833261"
3164,"小林 拓海","takumi.kobayashi@example.com","ST03","非アクティブ","2026-06-04 15:11:14.833261"
3165,"伊藤 大輔","daisuke.ito@example.com","ST04","退会","2026-06-04 15:11:14.833261"
3166,"山田 健太","kenta.yamada@example.com","ST03","非アクティブ","2026-06-04 15:11:14.833261"
3167,"鈴木 葵","aoi.suzuki@example.com","ST03","非アクティブ","2026-06-04 15:11:14.833261"
3168,"山本 結衣","yui.yamamoto@example.com","ST04","退会","2026-06-04 15:11:14.833261"
3169,"伊藤 拓海","takumi.ito@example.com","ST01","新規","2026-06-04 15:11:14.833261"
3170,"伊藤 彩花","ayaka.ito@example.com","ST03","非アクティブ","2026-06-04 15:11:14.833261"
3171,"高橋 翔","sho.takahashi@example.com","ST02","アクティブ","2026-06-04 15:11:14.833261"
3172,"吉田 結衣","yui.yoshida@example.com","ST04","退会","2026-06-04 15:11:14.833261"
3173,"田中 美咲","misaki.tanaka@example.com","ST02","アクティブ","2026-06-04 15:11:14.833261"
3174,"吉田 拓海","takumi.yoshida@example.com","ST01","新規","2026-06-04 15:11:14.833261"
3175,"鈴木 太郎","taro.suzuki@example.com","ST02","アクティブ","2026-06-04 15:11:14.833261"
3176,"佐藤 陽菜","hina.sato@example.com","ST03","非アクティブ","2026-06-04 15:11:14.833261"
3177,"田中 葵","aoi.tanaka@example.com","ST01","新規","2026-06-04 15:11:14.833261"
3178,"渡辺 翔","sho.watanabe@example.com","ST04","退会","2026-06-04 15:11:14.833261"
3179,"吉田 陽菜","hina.yoshida@example.com","ST01","新規","2026-06-04 15:11:14.833261"
3180,"鈴木 悠斗","yuto.suzuki@example.com","ST02","アクティブ","2026-06-04 15:11:14.833261"
3181,"小林 翔","sho.kobayashi@example.com","ST01","新規","2026-06-04 15:11:14.833261"
3182,"山本 陽菜","hina.yamamoto@example.com","ST04","退会","2026-06-04 15:11:14.833261"
3183,"田中 太郎","taro.tanaka@example.com","ST04","退会","2026-06-04 15:11:14.833261"
3184,"吉田 彩花","ayaka.yoshida@example.com","ST04","退会","2026-06-04 15:11:14.833261"
3185,"加藤 葵","aoi.kato@example.com","ST04","退会","2026-06-04 15:11:14.833261"
3186,"鈴木 美咲","misaki.suzuki@example.com","ST01","新規","2026-06-04 15:11:14.833261"
3187,"山本 悠斗","yuto.yamamoto@example.com","ST04","退会","2026-06-04 15:11:14.833261"
3188,"田中 陽菜","hina.tanaka@example.com","ST01","新規","2026-06-04 15:11:14.833261"
3189,"渡辺 拓海","takumi.watanabe@example.com","ST02","アクティブ","2026-06-04 15:11:14.833261"
3190,"加藤 彩花","ayaka.kato@example.com","ST04","退会","2026-06-04 15:11:14.833261"
3191,"渡辺 大輔","daisuke.watanabe@example.com","ST02","アクティブ","2026-06-04 15:11:14.833261"
3192,"中村 結衣","yui.nakamura@example.com","ST02","アクティブ","2026-06-04 15:11:14.833261"
3193,"田中 太郎","taro.tanaka@example.com","ST02","アクティブ","2026-06-04 15:11:14.833261"
3194,"中村 拓海","takumi.nakamura@example.com","ST04","退会","2026-06-04 15:11:14.833261"
3195,"吉田 太郎","taro.yoshida@example.com","ST03","非アクティブ","2026-06-04 15:11:14.833261"
3196,"渡辺 太郎","taro.watanabe@example.com","ST01","新規","2026-06-04 15:11:14.833261"
3197,"山田 葵","aoi.yamada@example.com","ST04","退会","2026-06-04 15:11:14.833261"
3198,"加藤 太郎","taro.kato@example.com","ST01","新規","2026-06-04 15:11:14.833261"
3199,"鈴木 美咲","misaki.suzuki@example.com","ST04","退会","2026-06-04 15:11:14.833261"
3200,"伊藤 健太","kenta.ito@example.com","ST01","新規","2026-06-04 15:11:14.833261"
3201,"渡辺 太郎","taro.watanabe@example.com","ST01","新規","2026-06-04 15:11:14.833261"
3202,"高橋 健太","kenta.takahashi@example.com","ST01","新規","2026-06-04 15:11:14.833261"
3203,"小林 結衣","yui.kobayashi@example.com","ST02","アクティブ","2026-06-04 15:11:14.833261"
3204,"中村 蓮","ren.nakamura@example.com","ST04","退会","2026-06-04 15:11:14.833261"
3205,"中村 大輔","daisuke.nakamura@example.com","ST03","非アクティブ","2026-06-04 15:11:14.833261"
3206,"田中 悠斗","yuto.tanaka@example.com","ST04","退会","2026-06-04 15:11:14.833261"
3207,"中村 拓海","takumi.nakamura@example.com","ST04","退会","2026-06-04 15:11:14.833261"
3208,"高橋 太郎","taro.takahashi@example.com","ST01","新規","2026-06-04 15:11:14.833261"
3209,"鈴木 健太","kenta.suzuki@example.com","ST02","アクティブ","2026-06-04 15:11:14.833261"
3210,"渡辺 健太","kenta.watanabe@example.com","ST03","非アクティブ","2026-06-04 15:11:14.833261"
3211,"吉田 健太","kenta.yoshida@example.com","ST04","退会","2026-06-04 15:11:14.833261"
3212,"山田 翔","sho.yamada@example.com","ST03","非アクティブ","2026-06-04 15:11:14.833261"
3213,"加藤 悠斗","yuto.kato@example.com","ST02","アクティブ","2026-06-04 15:11:14.833261"
3214,"高橋 葵","aoi.takahashi@example.com","ST01","新規","2026-06-04 15:11:14.833261"
3215,"山本 彩花","ayaka.yamamoto@example.com","ST03","非アクティブ","2026-06-04 15:11:14.833261"
3216,"田中 拓海","takumi.tanaka@example.com","ST04","退会","2026-06-04 15:11:14.833261"
3217,"吉田 翔","sho.yoshida@example.com","ST04","退会","2026-06-04 15:11:14.833261"
3218,"佐藤 葵","aoi.sato@example.com","ST02","アクティブ","2026-06-04 15:11:14.833261"
3219,"渡辺 翔","sho.watanabe@example.com","ST01","新規","2026-06-04 15:11:14.833261"
3220,"渡辺 陽菜","hina.watanabe@example.com","ST01","新規","2026-06-04 15:11:14.833261"
3221,"田中 彩花","ayaka.tanaka@example.com","ST04","退会","2026-06-04 15:11:14.833261"
3222,"加藤 太郎","taro.kato@example.com","ST04","退会","2026-06-04 15:11:14.833261"
3223,"吉田 太郎","taro.yoshida@example.com","ST01","新規","2026-06-04 15:11:14.833261"
3224,"伊藤 美咲","misaki.ito@example.com","ST01","新規","2026-06-04 15:11:14.833261"
3225,"田中 悠斗","yuto.tanaka@example.com","ST04","退会","2026-06-04 15:11:14.833261"
3226,"山田 蓮","ren.yamada@example.com","ST02","アクティブ","2026-06-04 15:11:14.833261"
3227,"山本 蓮","ren.yamamoto@example.com","ST02","アクティブ","2026-06-04 15:11:14.833261"
3228,"吉田 美咲","misaki.yoshida@example.com","ST02","アクティブ","2026-06-04 15:11:14.833261"
3229,"佐藤 大輔","daisuke.sato@example.com","ST04","退会","2026-06-04 15:11:14.833261"
3230,"山田 陽菜","hina.yamada@example.com","ST03","非アクティブ","2026-06-04 15:11:14.833261"
3231,"山田 蓮","ren.yamada@example.com","ST01","新規","2026-06-04 15:11:14.833261"
3232,"小林 陽菜","hina.kobayashi@example.com","ST03","非アクティブ","2026-06-04 15:11:14.833261"
3233,"中村 翔","sho.nakamura@example.com","ST02","アクティブ","2026-06-04 15:11:14.833261"
3234,"山本 悠斗","yuto.yamamoto@example.com","ST02","アクティブ","2026-06-04 15:11:14.833261"
3235,"伊藤 陽菜","hina.ito@example.com","ST03","非アクティブ","2026-06-04 15:11:14.833261"
3236,"小林 結衣","yui.kobayashi@example.com","ST03","非アクティブ","2026-06-04 15:11:14.833261"
3237,"佐藤 悠斗","yuto.sato@example.com","ST03","非アクティブ","2026-06-04 15:11:14.833261"
3238,"佐藤 翔","sho.sato@example.com","ST01","新規","2026-06-04 15:11:14.833261"
3239,"高橋 結衣","yui.takahashi@example.com","ST04","退会","2026-06-04 15:11:14.833261"
3240,"佐藤 健太","kenta.sato@example.com","ST04","退会","2026-06-04 15:11:14.833261"
3241,"鈴木 彩花","ayaka.suzuki@example.com","ST01","新規","2026-06-04 15:11:14.833261"
3242,"高橋 太郎","taro.takahashi@example.com","ST04","退会","2026-06-04 15:11:14.833261"
3243,"伊藤 葵","aoi.ito@example.com","ST01","新規","2026-06-04 15:11:14.833261"
3244,"佐藤 拓海","takumi.sato@example.com","ST01","新規","2026-06-04 15:11:14.833261"
3245,"高橋 蓮","ren.takahashi@example.com","ST01","新規","2026-06-04 15:11:14.833261"
3246,"中村 悠斗","yuto.nakamura@example.com","ST04","退会","2026-06-04 15:11:14.833261"
3247,"渡辺 拓海","takumi.watanabe@example.com","ST02","アクティブ","2026-06-04 15:11:14.833261"
3248,"伊藤 蓮","ren.ito@example.com","ST03","非アクティブ","2026-06-04 15:11:14.833261"
3249,"高橋 美咲","misaki.takahashi@example.com","ST04","退会","2026-06-04 15:11:14.833261"
3250,"中村 美咲","misaki.nakamura@example.com","ST02","アクティブ","2026-06-04 15:11:14.833261"
3251,"中村 彩花","ayaka.nakamura@example.com","ST01","新規","2026-06-04 15:11:14.833261"
3252,"山本 結衣","yui.yamamoto@example.com","ST01","新規","2026-06-04 15:11:14.833261"
3253,"渡辺 美咲","misaki.watanabe@example.com","ST03","非アクティブ","2026-06-04 15:11:14.833261"
3254,"小林 大輔","daisuke.kobayashi@example.com","ST01","新規","2026-06-04 15:11:14.833261"
3255,"吉田 健太","kenta.yoshida@example.com","ST03","非アクティブ","2026-06-04 15:11:14.833261"
3256,"中村 蓮","ren.nakamura@example.com","ST02","アクティブ","2026-06-04 15:11:14.833261"
3257,"鈴木 健太","kenta.suzuki@example.com","ST02","アクティブ","2026-06-04 15:11:14.833261"
3258,"田中 悠斗","yuto.tanaka@example.com","ST03","非アクティブ","2026-06-04 15:11:14.833261"
3259,"佐藤 太郎","taro.sato@example.com","ST04","退会","2026-06-04 15:11:14.833261"
3260,"伊藤 悠斗","yuto.ito@example.com","ST04","退会","2026-06-04 15:11:14.833261"
3261,"高橋 彩花","ayaka.takahashi@example.com","ST03","非アクティブ","2026-06-04 15:11:14.833261"
3262,"小林 太郎","taro.kobayashi@example.com","ST04","退会","2026-06-04 15:11:14.833261"
3263,"渡辺 大輔","daisuke.watanabe@example.com","ST02","アクティブ","2026-06-04 15:11:14.833261"
3264,"吉田 翔","sho.yoshida@example.com","ST03","非アクティブ","2026-06-04 15:11:14.833261"
3265,"渡辺 美咲","misaki.watanabe@example.com","ST02","アクティブ","2026-06-04 15:11:14.833261"
3266,"加藤 美咲","misaki.kato@example.com","ST01","新規","2026-06-04 15:11:14.833261"
3267,"伊藤 翔","sho.ito@example.com","ST02","アクティブ","2026-06-04 15:11:14.833261"
3268,"山本 健太","kenta.yamamoto@example.com","ST02","アクティブ","2026-06-04 15:11:14.833261"
3269,"山田 翔","sho.yamada@example.com","ST03","非アクティブ","2026-06-04 15:11:14.833261"
3270,"加藤 蓮","ren.kato@example.com","ST01","新規","2026-06-04 15:11:14.833261"
3271,"鈴木 葵","aoi.suzuki@example.com","ST04","退会","2026-06-04 15:11:14.833261"
3272,"高橋 大輔","daisuke.takahashi@example.com","ST03","非アクティブ","2026-06-04 15:11:14.833261"
3273,"山田 拓海","takumi.yamada@example.com","ST04","退会","2026-06-04 15:11:14.833261"
3274,"田中 彩花","ayaka.tanaka@example.com","ST02","アクティブ","2026-06-04 15:11:14.833261"
3275,"佐藤 美咲","misaki.sato@example.com","ST02","アクティブ","2026-06-04 15:11:14.833261"
3276,"鈴木 翔","sho.suzuki@example.com","ST02","アクティブ","2026-06-04 15:11:14.833261"
3277,"田中 大輔","daisuke.tanaka@example.com","ST01","新規","2026-06-04 15:11:14.833261"
3278,"加藤 葵","aoi.kato@example.com","ST02","アクティブ","2026-06-04 15:11:14.833261"
3279,"高橋 彩花","ayaka.takahashi@example.com","ST02","アクティブ","2026-06-04 15:11:14.833261"
3280,"伊藤 美咲","misaki.ito@example.com","ST02","アクティブ","2026-06-04 15:11:14.833261"
3281,"中村 悠斗","yuto.nakamura@example.com","ST01","新規","2026-06-04 15:11:14.833261"
3282,"吉田 蓮","ren.yoshida@example.com","ST01","新規","2026-06-04 15:11:14.833261"
3283,"高橋 彩花","ayaka.takahashi@example.com","ST01","新規","2026-06-04 15:11:14.833261"
3284,"鈴木 結衣","yui.suzuki@example.com","ST02","アクティブ","2026-06-04 15:11:14.833261"
3285,"山本 翔","sho.yamamoto@example.com","ST03","非アクティブ","2026-06-04 15:11:14.833261"
3286,"伊藤 葵","aoi.ito@example.com","ST01","新規","2026-06-04 15:11:14.833261"
3287,"田中 陽菜","hina.tanaka@example.com","ST03","非アクティブ","2026-06-04 15:11:14.833261"
3288,"伊藤 彩花","ayaka.ito@example.com","ST02","アクティブ","2026-06-04 15:11:14.833261"
3289,"佐藤 翔","sho.sato@example.com","ST02","アクティブ","2026-06-04 15:11:14.833261"
3290,"小林 拓海","takumi.kobayashi@example.com","ST03","非アクティブ","2026-06-04 15:11:14.833261"
3291,"山田 蓮","ren.yamada@example.com","ST01","新規","2026-06-04 15:11:14.833261"
3292,"小林 拓海","takumi.kobayashi@example.com","ST03","非アクティブ","2026-06-04 15:11:14.833261"
3293,"山田 蓮","ren.yamada@example.com","ST02","アクティブ","2026-06-04 15:11:14.833261"
3294,"渡辺 健太","kenta.watanabe@example.com","ST04","退会","2026-06-04 15:11:14.833261"
3295,"伊藤 健太","kenta.ito@example.com","ST04","退会","2026-06-04 15:11:14.833261"
3296,"鈴木 葵","aoi.suzuki@example.com","ST01","新規","2026-06-04 15:11:14.833261"
3297,"加藤 彩花","ayaka.kato@example.com","ST04","退会","2026-06-04 15:11:14.833261"
3298,"鈴木 陽菜","hina.suzuki@example.com","ST02","アクティブ","2026-06-04 15:11:14.833261"
3299,"田中 翔","sho.tanaka@example.com","ST01","新規","2026-06-04 15:11:14.833261"
3300,"山本 拓海","takumi.yamamoto@example.com","ST02","アクティブ","2026-06-04 15:11:14.833261"
3301,"吉田 結衣","yui.yoshida@example.com","ST03","非アクティブ","2026-06-04 15:11:14.833261"
3302,"佐藤 葵","aoi.sato@example.com","ST02","アクティブ","2026-06-04 15:11:14.833261"
3303,"伊藤 陽菜","hina.ito@example.com","ST02","アクティブ","2026-06-04 15:11:14.833261"
3304,"山田 悠斗","yuto.yamada@example.com","ST01","新規","2026-06-04 15:11:14.833261"
3305,"中村 彩花","ayaka.nakamura@example.com","ST01","新規","2026-06-04 15:11:14.833261"
3306,"田中 蓮","ren.tanaka@example.com","ST03","非アクティブ","2026-06-04 15:11:14.833261"
3307,"山本 悠斗","yuto.yamamoto@example.com","ST01","新規","2026-06-04 15:11:14.833261"
3308,"高橋 彩花","ayaka.takahashi@example.com","ST03","非アクティブ","2026-06-04 15:11:14.833261"
3309,"山本 蓮","ren.yamamoto@example.com","ST02","アクティブ","2026-06-04 15:11:14.833261"
3310,"鈴木 健太","kenta.suzuki@example.com","ST02","アクティブ","2026-06-04 15:11:14.833261"
3311,"伊藤 大輔","daisuke.ito@example.com","ST04","退会","2026-06-04 15:11:14.833261"
3312,"高橋 健太","kenta.takahashi@example.com","ST03","非アクティブ","2026-06-04 15:11:14.833261"
3313,"鈴木 健太","kenta.suzuki@example.com","ST03","非アクティブ","2026-06-04 15:11:14.833261"
3314,"田中 太郎","taro.tanaka@example.com","ST01","新規","2026-06-04 15:11:14.833261"
3315,"山本 大輔","daisuke.yamamoto@example.com","ST03","非アクティブ","2026-06-04 15:11:14.833261"
3316,"佐藤 美咲","misaki.sato@example.com","ST02","アクティブ","2026-06-04 15:11:14.833261"
3317,"中村 結衣","yui.nakamura@example.com","ST01","新規","2026-06-04 15:11:14.833261"
3318,"佐藤 結衣","yui.sato@example.com","ST03","非アクティブ","2026-06-04 15:11:14.833261"
3319,"山本 健太","kenta.yamamoto@example.com","ST02","アクティブ","2026-06-04 15:11:14.833261"
3320,"加藤 大輔","daisuke.kato@example.com","ST01","新規","2026-06-04 15:11:14.833261"
3321,"高橋 悠斗","yuto.takahashi@example.com","ST01","新規","2026-06-04 15:11:14.833261"
3322,"田中 葵","aoi.tanaka@example.com","ST03","非アクティブ","2026-06-04 15:11:14.833261"
3323,"高橋 陽菜","hina.takahashi@example.com","ST01","新規","2026-06-04 15:11:14.833261"
3324,"山本 蓮","ren.yamamoto@example.com","ST02","アクティブ","2026-06-04 15:11:14.833261"
3325,"加藤 蓮","ren.kato@example.com","ST02","アクティブ","2026-06-04 15:11:14.833261"
3326,"佐藤 悠斗","yuto.sato@example.com","ST04","退会","2026-06-04 15:11:14.833261"
3327,"田中 蓮","ren.tanaka@example.com","ST04","退会","2026-06-04 15:11:14.833261"
3328,"伊藤 拓海","takumi.ito@example.com","ST04","退会","2026-06-04 15:11:14.833261"
3329,"渡辺 彩花","ayaka.watanabe@example.com","ST02","アクティブ","2026-06-04 15:11:14.833261"
3330,"伊藤 彩花","ayaka.ito@example.com","ST02","アクティブ","2026-06-04 15:11:14.833261"
3331,"山田 健太","kenta.yamada@example.com","ST01","新規","2026-06-04 15:11:14.833261"
3332,"吉田 悠斗","yuto.yoshida@example.com","ST02","アクティブ","2026-06-04 15:11:14.833261"
3333,"中村 健太","kenta.nakamura@example.com","ST03","非アクティブ","2026-06-04 15:11:14.833261"
3334,"山田 陽菜","hina.yamada@example.com","ST04","退会","2026-06-04 15:11:14.833261"
3335,"伊藤 悠斗","yuto.ito@example.com","ST02","アクティブ","2026-06-04 15:11:14.833261"
3336,"吉田 翔","sho.yoshida@example.com","ST01","新規","2026-06-04 15:11:14.833261"
3337,"山田 健太","kenta.yamada@example.com","ST03","非アクティブ","2026-06-04 15:11:14.833261"
3338,"伊藤 陽菜","hina.ito@example.com","ST04","退会","2026-06-04 15:11:14.833261"
3339,"小林 美咲","misaki.kobayashi@example.com","ST01","新規","2026-06-04 15:11:14.833261"
3340,"中村 結衣","yui.nakamura@example.com","ST01","新規","2026-06-04 15:11:14.833261"
3341,"鈴木 健太","kenta.suzuki@example.com","ST03","非アクティブ","2026-06-04 15:11:14.833261"
3342,"加藤 美咲","misaki.kato@example.com","ST04","退会","2026-06-04 15:11:14.833261"
3343,"渡辺 翔","sho.watanabe@example.com","ST01","新規","2026-06-04 15:11:14.833261"
3344,"鈴木 拓海","takumi.suzuki@example.com","ST01","新規","2026-06-04 15:11:14.833261"
3345,"加藤 拓海","takumi.kato@example.com","ST04","退会","2026-06-04 15:11:14.833261"
3346,"吉田 彩花","ayaka.yoshida@example.com","ST03","非アクティブ","2026-06-04 15:11:14.833261"
3347,"小林 彩花","ayaka.kobayashi@example.com","ST01","新規","2026-06-04 15:11:14.833261"
3348,"佐藤 大輔","daisuke.sato@example.com","ST03","非アクティブ","2026-06-04 15:11:14.833261"
3349,"山本 美咲","misaki.yamamoto@example.com","ST04","退会","2026-06-04 15:11:14.833261"
3350,"渡辺 葵","aoi.watanabe@example.com","ST01","新規","2026-06-04 15:11:14.833261"
3351,"鈴木 翔","sho.suzuki@example.com","ST03","非アクティブ","2026-06-04 15:11:14.833261"
3352,"山田 美咲","misaki.yamada@example.com","ST01","新規","2026-06-04 15:11:14.833261"
3353,"田中 太郎","taro.tanaka@example.com","ST02","アクティブ","2026-06-04 15:11:14.833261"
3354,"山田 大輔","daisuke.yamada@example.com","ST01","新規","2026-06-04 15:11:14.833261"
3355,"伊藤 悠斗","yuto.ito@example.com","ST02","アクティブ","2026-06-04 15:11:14.833261"
3356,"渡辺 美咲","misaki.watanabe@example.com","ST01","新規","2026-06-04 15:11:14.833261"
3357,"加藤 蓮","ren.kato@example.com","ST01","新規","2026-06-04 15:11:14.833261"
3358,"中村 結衣","yui.nakamura@example.com","ST01","新規","2026-06-04 15:11:14.833261"
3359,"中村 陽菜","hina.nakamura@example.com","ST04","退会","2026-06-04 15:11:14.833261"
3360,"中村 陽菜","hina.nakamura@example.com","ST03","非アクティブ","2026-06-04 15:11:14.833261"
3361,"加藤 美咲","misaki.kato@example.com","ST04","退会","2026-06-04 15:11:14.833261"
3362,"山田 大輔","daisuke.yamada@example.com","ST02","アクティブ","2026-06-04 15:11:14.833261"
3363,"渡辺 健太","kenta.watanabe@example.com","ST02","アクティブ","2026-06-04 15:11:14.833261"
3364,"鈴木 葵","aoi.suzuki@example.com","ST02","アクティブ","2026-06-04 15:11:14.833261"
3365,"田中 蓮","ren.tanaka@example.com","ST02","アクティブ","2026-06-04 15:11:14.833261"
3366,"鈴木 蓮","ren.suzuki@example.com","ST01","新規","2026-06-04 15:11:14.833261"
3367,"鈴木 健太","kenta.suzuki@example.com","ST03","非アクティブ","2026-06-04 15:11:14.833261"
3368,"伊藤 太郎","taro.ito@example.com","ST03","非アクティブ","2026-06-04 15:11:14.833261"
3369,"伊藤 結衣","yui.ito@example.com","ST02","アクティブ","2026-06-04 15:11:14.833261"
3370,"伊藤 彩花","ayaka.ito@example.com","ST01","新規","2026-06-04 15:11:14.833261"
3371,"山本 陽菜","hina.yamamoto@example.com","ST03","非アクティブ","2026-06-04 15:11:14.833261"
3372,"吉田 葵","aoi.yoshida@example.com","ST03","非アクティブ","2026-06-04 15:11:14.833261"
3373,"吉田 翔","sho.yoshida@example.com","ST04","退会","2026-06-04 15:11:14.833261"
3374,"鈴木 美咲","misaki.suzuki@example.com","ST04","退会","2026-06-04 15:11:14.833261"
3375,"高橋 美咲","misaki.takahashi@example.com","ST03","非アクティブ","2026-06-04 15:11:14.833261"
3376,"高橋 結衣","yui.takahashi@example.com","ST01","新規","2026-06-04 15:11:14.833261"
3377,"伊藤 彩花","ayaka.ito@example.com","ST02","アクティブ","2026-06-04 15:11:14.833261"
3378,"高橋 健太","kenta.takahashi@example.com","ST02","アクティブ","2026-06-04 15:11:14.833261"
3379,"田中 拓海","takumi.tanaka@example.com","ST01","新規","2026-06-04 15:11:14.833261"
3380,"鈴木 健太","kenta.suzuki@example.com","ST01","新規","2026-06-04 15:11:14.833261"
3381,"山本 結衣","yui.yamamoto@example.com","ST02","アクティブ","2026-06-04 15:11:14.833261"
3382,"佐藤 彩花","ayaka.sato@example.com","ST01","新規","2026-06-04 15:11:14.833261"
3383,"山田 蓮","ren.yamada@example.com","ST04","退会","2026-06-04 15:11:14.833261"
3384,"伊藤 結衣","yui.ito@example.com","ST04","退会","2026-06-04 15:11:14.833261"
3385,"鈴木 悠斗","yuto.suzuki@example.com","ST01","新規","2026-06-04 15:11:14.833261"
3386,"佐藤 健太","kenta.sato@example.com","ST03","非アクティブ","2026-06-04 15:11:14.833261"
3387,"山田 太郎","taro.yamada@example.com","ST04","退会","2026-06-04 15:11:14.833261"
3388,"吉田 彩花","ayaka.yoshida@example.com","ST02","アクティブ","2026-06-04 15:11:14.833261"
3389,"伊藤 陽菜","hina.ito@example.com","ST04","退会","2026-06-04 15:11:14.833261"
3390,"中村 美咲","misaki.nakamura@example.com","ST01","新規","2026-06-04 15:11:14.833261"
3391,"伊藤 陽菜","hina.ito@example.com","ST01","新規","2026-06-04 15:11:14.833261"
3392,"中村 蓮","ren.nakamura@example.com","ST02","アクティブ","2026-06-04 15:11:14.833261"
3393,"中村 悠斗","yuto.nakamura@example.com","ST02","アクティブ","2026-06-04 15:11:14.833261"
3394,"佐藤 陽菜","hina.sato@example.com","ST01","新規","2026-06-04 15:11:14.833261"
3395,"吉田 彩花","ayaka.yoshida@example.com","ST01","新規","2026-06-04 15:11:14.833261"
3396,"吉田 陽菜","hina.yoshida@example.com","ST02","アクティブ","2026-06-04 15:11:14.833261"
3397,"佐藤 葵","aoi.sato@example.com","ST02","アクティブ","2026-06-04 15:11:14.833261"
3398,"田中 翔","sho.tanaka@example.com","ST04","退会","2026-06-04 15:11:14.833261"
3399,"山本 蓮","ren.yamamoto@example.com","ST02","アクティブ","2026-06-04 15:11:14.833261"
3400,"伊藤 翔","sho.ito@example.com","ST01","新規","2026-06-04 15:11:14.833261"
3401,"山田 太郎","taro.yamada@example.com","ST03","非アクティブ","2026-06-04 15:11:14.833261"
3402,"佐藤 大輔","daisuke.sato@example.com","ST04","退会","2026-06-04 15:11:14.833261"
3403,"田中 彩花","ayaka.tanaka@example.com","ST04","退会","2026-06-04 15:11:14.833261"
3404,"伊藤 悠斗","yuto.ito@example.com","ST04","退会","2026-06-04 15:11:14.833261"
3405,"山本 太郎","taro.yamamoto@example.com","ST03","非アクティブ","2026-06-04 15:11:14.833261"
3406,"小林 太郎","taro.kobayashi@example.com","ST02","アクティブ","2026-06-04 15:11:14.833261"
3407,"高橋 陽菜","hina.takahashi@example.com","ST01","新規","2026-06-04 15:11:14.833261"
3408,"吉田 拓海","takumi.yoshida@example.com","ST03","非アクティブ","2026-06-04 15:11:14.833261"
3409,"吉田 大輔","daisuke.yoshida@example.com","ST04","退会","2026-06-04 15:11:14.833261"
3410,"山田 美咲","misaki.yamada@example.com","ST04","退会","2026-06-04 15:11:14.833261"
3411,"小林 陽菜","hina.kobayashi@example.com","ST03","非アクティブ","2026-06-04 15:11:14.833261"
3412,"高橋 陽菜","hina.takahashi@example.com","ST03","非アクティブ","2026-06-04 15:11:14.833261"
3413,"渡辺 翔","sho.watanabe@example.com","ST03","非アクティブ","2026-06-04 15:11:14.833261"
3414,"田中 陽菜","hina.tanaka@example.com","ST01","新規","2026-06-04 15:11:14.833261"
3415,"佐藤 結衣","yui.sato@example.com","ST03","非アクティブ","2026-06-04 15:11:14.833261"
3416,"吉田 健太","kenta.yoshida@example.com","ST02","アクティブ","2026-06-04 15:11:14.833261"
3417,"小林 翔","sho.kobayashi@example.com","ST03","非アクティブ","2026-06-04 15:11:14.833261"
3418,"加藤 美咲","misaki.kato@example.com","ST04","退会","2026-06-04 15:11:14.833261"
3419,"小林 大輔","daisuke.kobayashi@example.com","ST04","退会","2026-06-04 15:11:14.833261"
3420,"田中 結衣","yui.tanaka@example.com","ST04","退会","2026-06-04 15:11:14.833261"
3421,"山田 彩花","ayaka.yamada@example.com","ST04","退会","2026-06-04 15:11:14.833261"
3422,"鈴木 健太","kenta.suzuki@example.com","ST03","非アクティブ","2026-06-04 15:11:14.833261"
3423,"山本 大輔","daisuke.yamamoto@example.com","ST04","退会","2026-06-04 15:11:14.833261"
3424,"渡辺 大輔","daisuke.watanabe@example.com","ST03","非アクティブ","2026-06-04 15:11:14.833261"
3425,"吉田 結衣","yui.yoshida@example.com","ST04","退会","2026-06-04 15:11:14.833261"
3426,"吉田 蓮","ren.yoshida@example.com","ST02","アクティブ","2026-06-04 15:11:14.833261"
3427,"小林 翔","sho.kobayashi@example.com","ST02","アクティブ","2026-06-04 15:11:14.833261"
3428,"小林 悠斗","yuto.kobayashi@example.com","ST03","非アクティブ","2026-06-04 15:11:14.833261"
3429,"高橋 陽菜","hina.takahashi@example.com","ST02","アクティブ","2026-06-04 15:11:14.833261"
3430,"渡辺 美咲","misaki.watanabe@example.com","ST03","非アクティブ","2026-06-04 15:11:14.833261"
3431,"山田 美咲","misaki.yamada@example.com","ST04","退会","2026-06-04 15:11:14.833261"
3432,"加藤 翔","sho.kato@example.com","ST04","退会","2026-06-04 15:11:14.833261"
3433,"伊藤 美咲","misaki.ito@example.com","ST04","退会","2026-06-04 15:11:14.833261"
3434,"山田 蓮","ren.yamada@example.com","ST04","退会","2026-06-04 15:11:14.833261"
3435,"渡辺 陽菜","hina.watanabe@example.com","ST03","非アクティブ","2026-06-04 15:11:14.833261"
3436,"山田 健太","kenta.yamada@example.com","ST01","新規","2026-06-04 15:11:14.833261"
3437,"山田 健太","kenta.yamada@example.com","ST02","アクティブ","2026-06-04 15:11:14.833261"
3438,"吉田 葵","aoi.yoshida@example.com","ST01","新規","2026-06-04 15:11:14.833261"
3439,"伊藤 健太","kenta.ito@example.com","ST04","退会","2026-06-04 15:11:14.833261"
3440,"伊藤 蓮","ren.ito@example.com","ST01","新規","2026-06-04 15:11:14.833261"
3441,"加藤 蓮","ren.kato@example.com","ST01","新規","2026-06-04 15:11:14.833261"
3442,"田中 陽菜","hina.tanaka@example.com","ST03","非アクティブ","2026-06-04 15:11:14.833261"
3443,"鈴木 悠斗","yuto.suzuki@example.com","ST03","非アクティブ","2026-06-04 15:11:14.833261"
3444,"吉田 拓海","takumi.yoshida@example.com","ST01","新規","2026-06-04 15:11:14.833261"
3445,"中村 健太","kenta.nakamura@example.com","ST02","アクティブ","2026-06-04 15:11:14.833261"
3446,"山本 大輔","daisuke.yamamoto@example.com","ST03","非アクティブ","2026-06-04 15:11:14.833261"
3447,"吉田 拓海","takumi.yoshida@example.com","ST02","アクティブ","2026-06-04 15:11:14.833261"
3448,"中村 美咲","misaki.nakamura@example.com","ST04","退会","2026-06-04 15:11:14.833261"
3449,"田中 健太","kenta.tanaka@example.com","ST02","アクティブ","2026-06-04 15:11:14.833261"
3450,"加藤 彩花","ayaka.kato@example.com","ST02","アクティブ","2026-06-04 15:11:14.833261"
3451,"伊藤 太郎","taro.ito@example.com","ST03","非アクティブ","2026-06-04 15:11:14.833261"
3452,"吉田 美咲","misaki.yoshida@example.com","ST04","退会","2026-06-04 15:11:14.833261"
3453,"中村 彩花","ayaka.nakamura@example.com","ST01","新規","2026-06-04 15:11:14.833261"
3454,"山田 太郎","taro.yamada@example.com","ST02","アクティブ","2026-06-04 15:11:14.833261"
3455,"田中 健太","kenta.tanaka@example.com","ST02","アクティブ","2026-06-04 15:11:14.833261"
3456,"山田 陽菜","hina.yamada@example.com","ST01","新規","2026-06-04 15:11:14.833261"
3457,"山本 拓海","takumi.yamamoto@example.com","ST04","退会","2026-06-04 15:11:14.833261"
3458,"山田 結衣","yui.yamada@example.com","ST01","新規","2026-06-04 15:11:14.833261"
3459,"佐藤 美咲","misaki.sato@example.com","ST04","退会","2026-06-04 15:11:14.833261"
3460,"中村 彩花","ayaka.nakamura@example.com","ST04","退会","2026-06-04 15:11:14.833261"
3461,"吉田 結衣","yui.yoshida@example.com","ST01","新規","2026-06-04 15:11:14.833261"
3462,"田中 葵","aoi.tanaka@example.com","ST03","非アクティブ","2026-06-04 15:11:14.833261"
3463,"佐藤 彩花","ayaka.sato@example.com","ST04","退会","2026-06-04 15:11:14.833261"
3464,"小林 葵","aoi.kobayashi@example.com","ST04","退会","2026-06-04 15:11:14.833261"
3465,"渡辺 葵","aoi.watanabe@example.com","ST03","非アクティブ","2026-06-04 15:11:14.833261"
3466,"田中 葵","aoi.tanaka@example.com","ST02","アクティブ","2026-06-04 15:11:14.833261"
3467,"山田 大輔","daisuke.yamada@example.com","ST03","非アクティブ","2026-06-04 15:11:14.833261"
3468,"渡辺 美咲","misaki.watanabe@example.com","ST02","アクティブ","2026-06-04 15:11:14.833261"
3469,"吉田 悠斗","yuto.yoshida@example.com","ST02","アクティブ","2026-06-04 15:11:14.833261"
3470,"渡辺 拓海","takumi.watanabe@example.com","ST01","新規","2026-06-04 15:11:14.833261"
3471,"山田 悠斗","yuto.yamada@example.com","ST03","非アクティブ","2026-06-04 15:11:14.833261"
3472,"高橋 大輔","daisuke.takahashi@example.com","ST03","非アクティブ","2026-06-04 15:11:14.833261"
3473,"小林 美咲","misaki.kobayashi@example.com","ST03","非アクティブ","2026-06-04 15:11:14.833261"
3474,"加藤 葵","aoi.kato@example.com","ST03","非アクティブ","2026-06-04 15:11:14.833261"
3475,"山田 蓮","ren.yamada@example.com","ST03","非アクティブ","2026-06-04 15:11:14.833261"
3476,"山田 大輔","daisuke.yamada@example.com","ST02","アクティブ","2026-06-04 15:11:14.833261"
3477,"鈴木 大輔","daisuke.suzuki@example.com","ST04","退会","2026-06-04 15:11:14.833261"
3478,"吉田 葵","aoi.yoshida@example.com","ST04","退会","2026-06-04 15:11:14.833261"
3479,"鈴木 太郎","taro.suzuki@example.com","ST03","非アクティブ","2026-06-04 15:11:14.833261"
3480,"鈴木 陽菜","hina.suzuki@example.com","ST02","アクティブ","2026-06-04 15:11:14.833261"
3481,"吉田 美咲","misaki.yoshida@example.com","ST02","アクティブ","2026-06-04 15:11:14.833261"
3482,"佐藤 美咲","misaki.sato@example.com","ST02","アクティブ","2026-06-04 15:11:14.833261"
3483,"山本 陽菜","hina.yamamoto@example.com","ST02","アクティブ","2026-06-04 15:11:14.833261"
3484,"佐藤 大輔","daisuke.sato@example.com","ST02","アクティブ","2026-06-04 15:11:14.833261"
3485,"渡辺 健太","kenta.watanabe@example.com","ST01","新規","2026-06-04 15:11:14.833261"
3486,"山田 美咲","misaki.yamada@example.com","ST01","新規","2026-06-04 15:11:14.833261"
3487,"小林 蓮","ren.kobayashi@example.com","ST03","非アクティブ","2026-06-04 15:11:14.833261"
3488,"佐藤 蓮","ren.sato@example.com","ST01","新規","2026-06-04 15:11:14.833261"
3489,"伊藤 蓮","ren.ito@example.com","ST04","退会","2026-06-04 15:11:14.833261"
3490,"高橋 美咲","misaki.takahashi@example.com","ST03","非アクティブ","2026-06-04 15:11:14.833261"
3491,"山本 葵","aoi.yamamoto@example.com","ST01","新規","2026-06-04 15:11:14.833261"
3492,"山田 翔","sho.yamada@example.com","ST03","非アクティブ","2026-06-04 15:11:14.833261"
3493,"田中 悠斗","yuto.tanaka@example.com","ST03","非アクティブ","2026-06-04 15:11:14.833261"
3494,"吉田 大輔","daisuke.yoshida@example.com","ST02","アクティブ","2026-06-04 15:11:14.833261"
3495,"伊藤 美咲","misaki.ito@example.com","ST01","新規","2026-06-04 15:11:14.833261"
3496,"中村 葵","aoi.nakamura@example.com","ST04","退会","2026-06-04 15:11:14.833261"
3497,"佐藤 健太","kenta.sato@example.com","ST02","アクティブ","2026-06-04 15:11:14.833261"
3498,"佐藤 大輔","daisuke.sato@example.com","ST01","新規","2026-06-04 15:11:14.833261"
3499,"小林 大輔","daisuke.kobayashi@example.com","ST01","新規","2026-06-04 15:11:14.833261"
3500,"加藤 葵","aoi.kato@example.com","ST03","非アクティブ","2026-06-04 15:11:14.833261"
3501,"佐藤 拓海","takumi.sato@example.com","ST02","アクティブ","2026-06-04 15:11:14.833261"
3502,"中村 太郎","taro.nakamura@example.com","ST02","アクティブ","2026-06-04 15:11:14.833261"
3503,"高橋 陽菜","hina.takahashi@example.com","ST04","退会","2026-06-04 15:11:14.833261"
3504,"加藤 結衣","yui.kato@example.com","ST01","新規","2026-06-04 15:11:14.833261"
3505,"山田 翔","sho.yamada@example.com","ST04","退会","2026-06-04 15:11:14.833261"
3506,"高橋 太郎","taro.takahashi@example.com","ST04","退会","2026-06-04 15:11:14.833261"
3507,"吉田 健太","kenta.yoshida@example.com","ST01","新規","2026-06-04 15:11:14.833261"
3508,"田中 蓮","ren.tanaka@example.com","ST03","非アクティブ","2026-06-04 15:11:14.833261"
3509,"田中 拓海","takumi.tanaka@example.com","ST03","非アクティブ","2026-06-04 15:11:14.833261"
3510,"伊藤 彩花","ayaka.ito@example.com","ST02","アクティブ","2026-06-04 15:11:14.833261"
3511,"佐藤 彩花","ayaka.sato@example.com","ST02","アクティブ","2026-06-04 15:11:14.833261"
3512,"山田 彩花","ayaka.yamada@example.com","ST01","新規","2026-06-04 15:11:14.833261"
3513,"佐藤 拓海","takumi.sato@example.com","ST03","非アクティブ","2026-06-04 15:11:14.833261"
3514,"高橋 健太","kenta.takahashi@example.com","ST01","新規","2026-06-04 15:11:14.833261"
3515,"伊藤 拓海","takumi.ito@example.com","ST02","アクティブ","2026-06-04 15:11:14.833261"
3516,"加藤 彩花","ayaka.kato@example.com","ST04","退会","2026-06-04 15:11:14.833261"
3517,"吉田 美咲","misaki.yoshida@example.com","ST03","非アクティブ","2026-06-04 15:11:14.833261"
3518,"吉田 健太","kenta.yoshida@example.com","ST02","アクティブ","2026-06-04 15:11:14.833261"
3519,"中村 蓮","ren.nakamura@example.com","ST04","退会","2026-06-04 15:11:14.833261"
3520,"吉田 陽菜","hina.yoshida@example.com","ST02","アクティブ","2026-06-04 15:11:14.833261"
3521,"高橋 悠斗","yuto.takahashi@example.com","ST04","退会","2026-06-04 15:11:14.833261"
3522,"小林 葵","aoi.kobayashi@example.com","ST04","退会","2026-06-04 15:11:14.833261"
3523,"渡辺 彩花","ayaka.watanabe@example.com","ST04","退会","2026-06-04 15:11:14.833261"
3524,"加藤 大輔","daisuke.kato@example.com","ST01","新規","2026-06-04 15:11:14.833261"
3525,"田中 翔","sho.tanaka@example.com","ST02","アクティブ","2026-06-04 15:11:14.833261"
3526,"山田 翔","sho.yamada@example.com","ST04","退会","2026-06-04 15:11:14.833261"
3527,"佐藤 陽菜","hina.sato@example.com","ST01","新規","2026-06-04 15:11:14.833261"
3528,"鈴木 美咲","misaki.suzuki@example.com","ST01","新規","2026-06-04 15:11:14.833261"
3529,"中村 美咲","misaki.nakamura@example.com","ST01","新規","2026-06-04 15:11:14.833261"
3530,"田中 翔","sho.tanaka@example.com","ST04","退会","2026-06-04 15:11:14.833261"
3531,"中村 陽菜","hina.nakamura@example.com","ST01","新規","2026-06-04 15:11:14.833261"
3532,"中村 陽菜","hina.nakamura@example.com","ST04","退会","2026-06-04 15:11:14.833261"
3533,"田中 陽菜","hina.tanaka@example.com","ST03","非アクティブ","2026-06-04 15:11:14.833261"
3534,"田中 葵","aoi.tanaka@example.com","ST03","非アクティブ","2026-06-04 15:11:14.833261"
3535,"佐藤 彩花","ayaka.sato@example.com","ST02","アクティブ","2026-06-04 15:11:14.833261"
3536,"田中 蓮","ren.tanaka@example.com","ST02","アクティブ","2026-06-04 15:11:14.833261"
3537,"高橋 太郎","taro.takahashi@example.com","ST04","退会","2026-06-04 15:11:14.833261"
3538,"山田 美咲","misaki.yamada@example.com","ST03","非アクティブ","2026-06-04 15:11:14.833261"
3539,"高橋 結衣","yui.takahashi@example.com","ST02","アクティブ","2026-06-04 15:11:14.833261"
3540,"伊藤 悠斗","yuto.ito@example.com","ST02","アクティブ","2026-06-04 15:11:14.833261"
3541,"高橋 翔","sho.takahashi@example.com","ST01","新規","2026-06-04 15:11:14.833261"
3542,"吉田 健太","kenta.yoshida@example.com","ST04","退会","2026-06-04 15:11:14.833261"
3543,"田中 蓮","ren.tanaka@example.com","ST01","新規","2026-06-04 15:11:14.833261"
3544,"渡辺 太郎","taro.watanabe@example.com","ST01","新規","2026-06-04 15:11:14.833261"
3545,"渡辺 美咲","misaki.watanabe@example.com","ST04","退会","2026-06-04 15:11:14.833261"
3546,"伊藤 拓海","takumi.ito@example.com","ST01","新規","2026-06-04 15:11:14.833261"
3547,"山本 美咲","misaki.yamamoto@example.com","ST01","新規","2026-06-04 15:11:14.833261"
3548,"高橋 葵","aoi.takahashi@example.com","ST03","非アクティブ","2026-06-04 15:11:14.833261"
3549,"中村 陽菜","hina.nakamura@example.com","ST02","アクティブ","2026-06-04 15:11:14.833261"
3550,"中村 悠斗","yuto.nakamura@example.com","ST04","退会","2026-06-04 15:11:14.833261"
3551,"加藤 葵","aoi.kato@example.com","ST02","アクティブ","2026-06-04 15:11:14.833261"
3552,"加藤 蓮","ren.kato@example.com","ST04","退会","2026-06-04 15:11:14.833261"
3553,"鈴木 彩花","ayaka.suzuki@example.com","ST04","退会","2026-06-04 15:11:14.833261"
3554,"渡辺 蓮","ren.watanabe@example.com","ST02","アクティブ","2026-06-04 15:11:14.833261"
3555,"山田 結衣","yui.yamada@example.com","ST03","非アクティブ","2026-06-04 15:11:14.833261"
3556,"伊藤 拓海","takumi.ito@example.com","ST04","退会","2026-06-04 15:11:14.833261"
3557,"山本 拓海","takumi.yamamoto@example.com","ST04","退会","2026-06-04 15:11:14.833261"
3558,"鈴木 結衣","yui.suzuki@example.com","ST02","アクティブ","2026-06-04 15:11:14.833261"
3559,"佐藤 結衣","yui.sato@example.com","ST03","非アクティブ","2026-06-04 15:11:14.833261"
3560,"渡辺 美咲","misaki.watanabe@example.com","ST03","非アクティブ","2026-06-04 15:11:14.833261"
3561,"山本 拓海","takumi.yamamoto@example.com","ST02","アクティブ","2026-06-04 15:11:14.833261"
3562,"鈴木 結衣","yui.suzuki@example.com","ST04","退会","2026-06-04 15:11:14.833261"
3563,"渡辺 大輔","daisuke.watanabe@example.com","ST04","退会","2026-06-04 15:11:14.833261"
3564,"鈴木 美咲","misaki.suzuki@example.com","ST02","アクティブ","2026-06-04 15:11:14.833261"
3565,"佐藤 拓海","takumi.sato@example.com","ST04","退会","2026-06-04 15:11:14.833261"
3566,"田中 大輔","daisuke.tanaka@example.com","ST01","新規","2026-06-04 15:11:14.833261"
3567,"吉田 葵","aoi.yoshida@example.com","ST02","アクティブ","2026-06-04 15:11:14.833261"
3568,"渡辺 蓮","ren.watanabe@example.com","ST01","新規","2026-06-04 15:11:14.833261"
3569,"伊藤 彩花","ayaka.ito@example.com","ST02","アクティブ","2026-06-04 15:11:14.833261"
3570,"小林 蓮","ren.kobayashi@example.com","ST04","退会","2026-06-04 15:11:14.833261"
3571,"吉田 陽菜","hina.yoshida@example.com","ST01","新規","2026-06-04 15:11:14.833261"
3572,"山本 悠斗","yuto.yamamoto@example.com","ST01","新規","2026-06-04 15:11:14.833261"
3573,"小林 健太","kenta.kobayashi@example.com","ST02","アクティブ","2026-06-04 15:11:14.833261"
3574,"伊藤 陽菜","hina.ito@example.com","ST02","アクティブ","2026-06-04 15:11:14.833261"
3575,"佐藤 美咲","misaki.sato@example.com","ST01","新規","2026-06-04 15:11:14.833261"
3576,"山本 拓海","takumi.yamamoto@example.com","ST02","アクティブ","2026-06-04 15:11:14.833261"
3577,"山本 結衣","yui.yamamoto@example.com","ST02","アクティブ","2026-06-04 15:11:14.833261"
3578,"渡辺 結衣","yui.watanabe@example.com","ST01","新規","2026-06-04 15:11:14.833261"
3579,"山本 悠斗","yuto.yamamoto@example.com","ST02","アクティブ","2026-06-04 15:11:14.833261"
3580,"山田 蓮","ren.yamada@example.com","ST02","アクティブ","2026-06-04 15:11:14.833261"
3581,"吉田 大輔","daisuke.yoshida@example.com","ST02","アクティブ","2026-06-04 15:11:14.833261"
3582,"中村 悠斗","yuto.nakamura@example.com","ST01","新規","2026-06-04 15:11:14.833261"
3583,"佐藤 美咲","misaki.sato@example.com","ST01","新規","2026-06-04 15:11:14.833261"
3584,"渡辺 陽菜","hina.watanabe@example.com","ST01","新規","2026-06-04 15:11:14.833261"
3585,"佐藤 蓮","ren.sato@example.com","ST04","退会","2026-06-04 15:11:14.833261"
3586,"佐藤 陽菜","hina.sato@example.com","ST03","非アクティブ","2026-06-04 15:11:14.833261"
3587,"中村 美咲","misaki.nakamura@example.com","ST03","非アクティブ","2026-06-04 15:11:14.833261"
3588,"伊藤 拓海","takumi.ito@example.com","ST04","退会","2026-06-04 15:11:14.833261"
3589,"山田 大輔","daisuke.yamada@example.com","ST04","退会","2026-06-04 15:11:14.833261"
3590,"佐藤 蓮","ren.sato@example.com","ST04","退会","2026-06-04 15:11:14.833261"
3591,"小林 結衣","yui.kobayashi@example.com","ST01","新規","2026-06-04 15:11:14.833261"
3592,"小林 結衣","yui.kobayashi@example.com","ST02","アクティブ","2026-06-04 15:11:14.833261"
3593,"加藤 陽菜","hina.kato@example.com","ST04","退会","2026-06-04 15:11:14.833261"
3594,"山田 翔","sho.yamada@example.com","ST01","新規","2026-06-04 15:11:14.833261"
3595,"田中 拓海","takumi.tanaka@example.com","ST03","非アクティブ","2026-06-04 15:11:14.833261"
3596,"鈴木 葵","aoi.suzuki@example.com","ST01","新規","2026-06-04 15:11:14.833261"
3597,"山田 健太","kenta.yamada@example.com","ST02","アクティブ","2026-06-04 15:11:14.833261"
3598,"中村 陽菜","hina.nakamura@example.com","ST01","新規","2026-06-04 15:11:14.833261"
3599,"田中 陽菜","hina.tanaka@example.com","ST03","非アクティブ","2026-06-04 15:11:14.833261"
3600,"加藤 健太","kenta.kato@example.com","ST01","新規","2026-06-04 15:11:14.833261"
3601,"中村 陽菜","hina.nakamura@example.com","ST02","アクティブ","2026-06-04 15:11:14.833261"
3602,"小林 陽菜","hina.kobayashi@example.com","ST04","退会","2026-06-04 15:11:14.833261"
3603,"山本 太郎","taro.yamamoto@example.com","ST01","新規","2026-06-04 15:11:14.833261"
3604,"山田 大輔","daisuke.yamada@example.com","ST03","非アクティブ","2026-06-04 15:11:14.833261"
3605,"吉田 美咲","misaki.yoshida@example.com","ST04","退会","2026-06-04 15:11:14.833261"
3606,"吉田 健太","kenta.yoshida@example.com","ST04","退会","2026-06-04 15:11:14.833261"
3607,"山田 彩花","ayaka.yamada@example.com","ST03","非アクティブ","2026-06-04 15:11:14.833261"
3608,"山本 大輔","daisuke.yamamoto@example.com","ST04","退会","2026-06-04 15:11:14.833261"
3609,"渡辺 蓮","ren.watanabe@example.com","ST02","アクティブ","2026-06-04 15:11:14.833261"
3610,"佐藤 翔","sho.sato@example.com","ST02","アクティブ","2026-06-04 15:11:14.833261"
3611,"田中 結衣","yui.tanaka@example.com","ST03","非アクティブ","2026-06-04 15:11:14.833261"
3612,"小林 結衣","yui.kobayashi@example.com","ST04","退会","2026-06-04 15:11:14.833261"
3613,"鈴木 大輔","daisuke.suzuki@example.com","ST01","新規","2026-06-04 15:11:14.833261"
3614,"田中 健太","kenta.tanaka@example.com","ST02","アクティブ","2026-06-04 15:11:14.833261"
3615,"山田 翔","sho.yamada@example.com","ST04","退会","2026-06-04 15:11:14.833261"
3616,"中村 蓮","ren.nakamura@example.com","ST01","新規","2026-06-04 15:11:14.833261"
3617,"山本 悠斗","yuto.yamamoto@example.com","ST01","新規","2026-06-04 15:11:14.833261"
3618,"吉田 結衣","yui.yoshida@example.com","ST02","アクティブ","2026-06-04 15:11:14.833261"
3619,"中村 翔","sho.nakamura@example.com","ST02","アクティブ","2026-06-04 15:11:14.833261"
3620,"佐藤 彩花","ayaka.sato@example.com","ST01","新規","2026-06-04 15:11:14.833261"
3621,"佐藤 陽菜","hina.sato@example.com","ST03","非アクティブ","2026-06-04 15:11:14.833261"
3622,"渡辺 葵","aoi.watanabe@example.com","ST03","非アクティブ","2026-06-04 15:11:14.833261"
3623,"吉田 美咲","misaki.yoshida@example.com","ST04","退会","2026-06-04 15:11:14.833261"
3624,"田中 拓海","takumi.tanaka@example.com","ST04","退会","2026-06-04 15:11:14.833261"
3625,"田中 太郎","taro.tanaka@example.com","ST01","新規","2026-06-04 15:11:14.833261"
3626,"伊藤 美咲","misaki.ito@example.com","ST03","非アクティブ","2026-06-04 15:11:14.833261"
3627,"鈴木 蓮","ren.suzuki@example.com","ST04","退会","2026-06-04 15:11:14.833261"
3628,"山本 結衣","yui.yamamoto@example.com","ST03","非アクティブ","2026-06-04 15:11:14.833261"
3629,"加藤 彩花","ayaka.kato@example.com","ST04","退会","2026-06-04 15:11:14.833261"
3630,"田中 蓮","ren.tanaka@example.com","ST04","退会","2026-06-04 15:11:14.833261"
3631,"吉田 太郎","taro.yoshida@example.com","ST02","アクティブ","2026-06-04 15:11:14.833261"
3632,"加藤 大輔","daisuke.kato@example.com","ST01","新規","2026-06-04 15:11:14.833261"
3633,"伊藤 結衣","yui.ito@example.com","ST01","新規","2026-06-04 15:11:14.833261"
3634,"山本 葵","aoi.yamamoto@example.com","ST02","アクティブ","2026-06-04 15:11:14.833261"
3635,"小林 蓮","ren.kobayashi@example.com","ST04","退会","2026-06-04 15:11:14.833261"
3636,"鈴木 陽菜","hina.suzuki@example.com","ST03","非アクティブ","2026-06-04 15:11:14.833261"
3637,"渡辺 悠斗","yuto.watanabe@example.com","ST01","新規","2026-06-04 15:11:14.833261"
3638,"高橋 健太","kenta.takahashi@example.com","ST01","新規","2026-06-04 15:11:14.833261"
3639,"佐藤 健太","kenta.sato@example.com","ST03","非アクティブ","2026-06-04 15:11:14.833261"
3640,"田中 陽菜","hina.tanaka@example.com","ST01","新規","2026-06-04 15:11:14.833261"
3641,"佐藤 結衣","yui.sato@example.com","ST01","新規","2026-06-04 15:11:14.833261"
3642,"鈴木 陽菜","hina.suzuki@example.com","ST04","退会","2026-06-04 15:11:14.833261"
3643,"小林 悠斗","yuto.kobayashi@example.com","ST04","退会","2026-06-04 15:11:14.833261"
3644,"伊藤 彩花","ayaka.ito@example.com","ST04","退会","2026-06-04 15:11:14.833261"
3645,"佐藤 蓮","ren.sato@example.com","ST02","アクティブ","2026-06-04 15:11:14.833261"
3646,"加藤 太郎","taro.kato@example.com","ST03","非アクティブ","2026-06-04 15:11:14.833261"
3647,"山田 翔","sho.yamada@example.com","ST02","アクティブ","2026-06-04 15:11:14.833261"
3648,"鈴木 太郎","taro.suzuki@example.com","ST02","アクティブ","2026-06-04 15:11:14.833261"
3649,"吉田 蓮","ren.yoshida@example.com","ST02","アクティブ","2026-06-04 15:11:14.833261"
3650,"渡辺 葵","aoi.watanabe@example.com","ST04","退会","2026-06-04 15:11:14.833261"
3651,"伊藤 結衣","yui.ito@example.com","ST04","退会","2026-06-04 15:11:14.833261"
3652,"山田 結衣","yui.yamada@example.com","ST02","アクティブ","2026-06-04 15:11:14.833261"
3653,"高橋 拓海","takumi.takahashi@example.com","ST01","新規","2026-06-04 15:11:14.833261"
3654,"田中 健太","kenta.tanaka@example.com","ST01","新規","2026-06-04 15:11:14.833261"
3655,"伊藤 悠斗","yuto.ito@example.com","ST04","退会","2026-06-04 15:11:14.833261"
3656,"山田 蓮","ren.yamada@example.com","ST02","アクティブ","2026-06-04 15:11:14.833261"
3657,"鈴木 美咲","misaki.suzuki@example.com","ST03","非アクティブ","2026-06-04 15:11:14.833261"
3658,"佐藤 美咲","misaki.sato@example.com","ST02","アクティブ","2026-06-04 15:11:14.833261"
3659,"中村 結衣","yui.nakamura@example.com","ST01","新規","2026-06-04 15:11:14.833261"
3660,"鈴木 太郎","taro.suzuki@example.com","ST04","退会","2026-06-04 15:11:14.833261"
3661,"小林 太郎","taro.kobayashi@example.com","ST01","新規","2026-06-04 15:11:14.833261"
3662,"田中 翔","sho.tanaka@example.com","ST04","退会","2026-06-04 15:11:14.833261"
3663,"山本 美咲","misaki.yamamoto@example.com","ST03","非アクティブ","2026-06-04 15:11:14.833261"
3664,"伊藤 陽菜","hina.ito@example.com","ST02","アクティブ","2026-06-04 15:11:14.833261"
3665,"伊藤 彩花","ayaka.ito@example.com","ST04","退会","2026-06-04 15:11:14.833261"
3666,"山本 美咲","misaki.yamamoto@example.com","ST04","退会","2026-06-04 15:11:14.833261"
3667,"山本 悠斗","yuto.yamamoto@example.com","ST02","アクティブ","2026-06-04 15:11:14.833261"
3668,"吉田 彩花","ayaka.yoshida@example.com","ST03","非アクティブ","2026-06-04 15:11:14.833261"
3669,"田中 翔","sho.tanaka@example.com","ST04","退会","2026-06-04 15:11:14.833261"
3670,"小林 陽菜","hina.kobayashi@example.com","ST03","非アクティブ","2026-06-04 15:11:14.833261"
3671,"渡辺 悠斗","yuto.watanabe@example.com","ST01","新規","2026-06-04 15:11:14.833261"
3672,"鈴木 翔","sho.suzuki@example.com","ST04","退会","2026-06-04 15:11:14.833261"
3673,"佐藤 拓海","takumi.sato@example.com","ST04","退会","2026-06-04 15:11:14.833261"
3674,"山田 悠斗","yuto.yamada@example.com","ST04","退会","2026-06-04 15:11:14.833261"
3675,"高橋 健太","kenta.takahashi@example.com","ST04","退会","2026-06-04 15:11:14.833261"
3676,"中村 結衣","yui.nakamura@example.com","ST03","非アクティブ","2026-06-04 15:11:14.833261"
3677,"加藤 彩花","ayaka.kato@example.com","ST02","アクティブ","2026-06-04 15:11:14.833261"
3678,"吉田 健太","kenta.yoshida@example.com","ST02","アクティブ","2026-06-04 15:11:14.833261"
3679,"小林 蓮","ren.kobayashi@example.com","ST03","非アクティブ","2026-06-04 15:11:14.833261"
3680,"佐藤 健太","kenta.sato@example.com","ST01","新規","2026-06-04 15:11:14.833261"
3681,"田中 大輔","daisuke.tanaka@example.com","ST03","非アクティブ","2026-06-04 15:11:14.833261"
3682,"佐藤 悠斗","yuto.sato@example.com","ST04","退会","2026-06-04 15:11:14.833261"
3683,"小林 葵","aoi.kobayashi@example.com","ST03","非アクティブ","2026-06-04 15:11:14.833261"
3684,"山本 悠斗","yuto.yamamoto@example.com","ST04","退会","2026-06-04 15:11:14.833261"
3685,"中村 翔","sho.nakamura@example.com","ST02","アクティブ","2026-06-04 15:11:14.833261"
3686,"高橋 大輔","daisuke.takahashi@example.com","ST04","退会","2026-06-04 15:11:14.833261"
3687,"田中 葵","aoi.tanaka@example.com","ST04","退会","2026-06-04 15:11:14.833261"
3688,"山田 悠斗","yuto.yamada@example.com","ST01","新規","2026-06-04 15:11:14.833261"
3689,"伊藤 悠斗","yuto.ito@example.com","ST01","新規","2026-06-04 15:11:14.833261"
3690,"加藤 蓮","ren.kato@example.com","ST04","退会","2026-06-04 15:11:14.833261"
3691,"山本 結衣","yui.yamamoto@example.com","ST04","退会","2026-06-04 15:11:14.833261"
3692,"山田 美咲","misaki.yamada@example.com","ST01","新規","2026-06-04 15:11:14.833261"
3693,"鈴木 美咲","misaki.suzuki@example.com","ST01","新規","2026-06-04 15:11:14.833261"
3694,"高橋 太郎","taro.takahashi@example.com","ST02","アクティブ","2026-06-04 15:11:14.833261"
3695,"伊藤 大輔","daisuke.ito@example.com","ST03","非アクティブ","2026-06-04 15:11:14.833261"
3696,"高橋 蓮","ren.takahashi@example.com","ST02","アクティブ","2026-06-04 15:11:14.833261"
3697,"山田 翔","sho.yamada@example.com","ST02","アクティブ","2026-06-04 15:11:14.833261"
3698,"田中 美咲","misaki.tanaka@example.com","ST02","アクティブ","2026-06-04 15:11:14.833261"
3699,"田中 彩花","ayaka.tanaka@example.com","ST01","新規","2026-06-04 15:11:14.833261"
3700,"高橋 悠斗","yuto.takahashi@example.com","ST04","退会","2026-06-04 15:11:14.833261"
3701,"高橋 太郎","taro.takahashi@example.com","ST04","退会","2026-06-04 15:11:14.833261"
3702,"吉田 悠斗","yuto.yoshida@example.com","ST04","退会","2026-06-04 15:11:14.833261"
3703,"加藤 陽菜","hina.kato@example.com","ST04","退会","2026-06-04 15:11:14.833261"
3704,"加藤 陽菜","hina.kato@example.com","ST02","アクティブ","2026-06-04 15:11:14.833261"
3705,"加藤 彩花","ayaka.kato@example.com","ST03","非アクティブ","2026-06-04 15:11:14.833261"
3706,"鈴木 翔","sho.suzuki@example.com","ST04","退会","2026-06-04 15:11:14.833261"
3707,"中村 拓海","takumi.nakamura@example.com","ST03","非アクティブ","2026-06-04 15:11:14.833261"
3708,"伊藤 健太","kenta.ito@example.com","ST04","退会","2026-06-04 15:11:14.833261"
3709,"鈴木 蓮","ren.suzuki@example.com","ST02","アクティブ","2026-06-04 15:11:14.833261"
3710,"佐藤 彩花","ayaka.sato@example.com","ST03","非アクティブ","2026-06-04 15:11:14.833261"
3711,"田中 大輔","daisuke.tanaka@example.com","ST04","退会","2026-06-04 15:11:14.833261"
3712,"鈴木 葵","aoi.suzuki@example.com","ST01","新規","2026-06-04 15:11:14.833261"
3713,"中村 大輔","daisuke.nakamura@example.com","ST01","新規","2026-06-04 15:11:14.833261"
3714,"小林 大輔","daisuke.kobayashi@example.com","ST02","アクティブ","2026-06-04 15:11:14.833261"
3715,"小林 彩花","ayaka.kobayashi@example.com","ST03","非アクティブ","2026-06-04 15:11:14.833261"
3716,"佐藤 悠斗","yuto.sato@example.com","ST03","非アクティブ","2026-06-04 15:11:14.833261"
3717,"佐藤 翔","sho.sato@example.com","ST04","退会","2026-06-04 15:11:14.833261"
3718,"渡辺 翔","sho.watanabe@example.com","ST03","非アクティブ","2026-06-04 15:11:14.833261"
3719,"伊藤 悠斗","yuto.ito@example.com","ST02","アクティブ","2026-06-04 15:11:14.833261"
3720,"高橋 陽菜","hina.takahashi@example.com","ST01","新規","2026-06-04 15:11:14.833261"
3721,"山本 蓮","ren.yamamoto@example.com","ST01","新規","2026-06-04 15:11:14.833261"
3722,"中村 陽菜","hina.nakamura@example.com","ST04","退会","2026-06-04 15:11:14.833261"
3723,"伊藤 健太","kenta.ito@example.com","ST02","アクティブ","2026-06-04 15:11:14.833261"
3724,"中村 陽菜","hina.nakamura@example.com","ST01","新規","2026-06-04 15:11:14.833261"
3725,"鈴木 美咲","misaki.suzuki@example.com","ST01","新規","2026-06-04 15:11:14.833261"
3726,"吉田 蓮","ren.yoshida@example.com","ST03","非アクティブ","2026-06-04 15:11:14.833261"
3727,"小林 大輔","daisuke.kobayashi@example.com","ST02","アクティブ","2026-06-04 15:11:14.833261"
3728,"中村 葵","aoi.nakamura@example.com","ST04","退会","2026-06-04 15:11:14.833261"
3729,"高橋 悠斗","yuto.takahashi@example.com","ST03","非アクティブ","2026-06-04 15:11:14.833261"
3730,"中村 健太","kenta.nakamura@example.com","ST04","退会","2026-06-04 15:11:14.833261"
3731,"伊藤 結衣","yui.ito@example.com","ST03","非アクティブ","2026-06-04 15:11:14.833261"
3732,"小林 彩花","ayaka.kobayashi@example.com","ST03","非アクティブ","2026-06-04 15:11:14.833261"
3733,"高橋 拓海","takumi.takahashi@example.com","ST01","新規","2026-06-04 15:11:14.833261"
3734,"加藤 陽菜","hina.kato@example.com","ST03","非アクティブ","2026-06-04 15:11:14.833261"
3735,"佐藤 結衣","yui.sato@example.com","ST04","退会","2026-06-04 15:11:14.833261"
3736,"田中 翔","sho.tanaka@example.com","ST01","新規","2026-06-04 15:11:14.833261"
3737,"加藤 太郎","taro.kato@example.com","ST01","新規","2026-06-04 15:11:14.833261"
3738,"鈴木 悠斗","yuto.suzuki@example.com","ST03","非アクティブ","2026-06-04 15:11:14.833261"
3739,"渡辺 悠斗","yuto.watanabe@example.com","ST03","非アクティブ","2026-06-04 15:11:14.833261"
3740,"渡辺 陽菜","hina.watanabe@example.com","ST04","退会","2026-06-04 15:11:14.833261"
3741,"中村 拓海","takumi.nakamura@example.com","ST04","退会","2026-06-04 15:11:14.833261"
3742,"吉田 悠斗","yuto.yoshida@example.com","ST03","非アクティブ","2026-06-04 15:11:14.833261"
3743,"伊藤 悠斗","yuto.ito@example.com","ST03","非アクティブ","2026-06-04 15:11:14.833261"
3744,"山田 翔","sho.yamada@example.com","ST02","アクティブ","2026-06-04 15:11:14.833261"
3745,"吉田 健太","kenta.yoshida@example.com","ST03","非アクティブ","2026-06-04 15:11:14.833261"
3746,"加藤 美咲","misaki.kato@example.com","ST03","非アクティブ","2026-06-04 15:11:14.833261"
3747,"佐藤 拓海","takumi.sato@example.com","ST04","退会","2026-06-04 15:11:14.833261"
3748,"加藤 彩花","ayaka.kato@example.com","ST01","新規","2026-06-04 15:11:14.833261"
3749,"山田 悠斗","yuto.yamada@example.com","ST03","非アクティブ","2026-06-04 15:11:14.833261"
3750,"小林 悠斗","yuto.kobayashi@example.com","ST02","アクティブ","2026-06-04 15:11:14.833261"
3751,"田中 太郎","taro.tanaka@example.com","ST04","退会","2026-06-04 15:11:14.833261"
3752,"加藤 健太","kenta.kato@example.com","ST01","新規","2026-06-04 15:11:14.833261"
3753,"渡辺 彩花","ayaka.watanabe@example.com","ST04","退会","2026-06-04 15:11:14.833261"
3754,"高橋 蓮","ren.takahashi@example.com","ST03","非アクティブ","2026-06-04 15:11:14.833261"
3755,"渡辺 太郎","taro.watanabe@example.com","ST03","非アクティブ","2026-06-04 15:11:14.833261"
3756,"鈴木 大輔","daisuke.suzuki@example.com","ST03","非アクティブ","2026-06-04 15:11:14.833261"
3757,"佐藤 彩花","ayaka.sato@example.com","ST04","退会","2026-06-04 15:11:14.833261"
3758,"山本 美咲","misaki.yamamoto@example.com","ST04","退会","2026-06-04 15:11:14.833261"
3759,"高橋 陽菜","hina.takahashi@example.com","ST01","新規","2026-06-04 15:11:14.833261"
3760,"中村 翔","sho.nakamura@example.com","ST04","退会","2026-06-04 15:11:14.833261"
3761,"田中 美咲","misaki.tanaka@example.com","ST04","退会","2026-06-04 15:11:14.833261"
3762,"佐藤 太郎","taro.sato@example.com","ST01","新規","2026-06-04 15:11:14.833261"
3763,"佐藤 葵","aoi.sato@example.com","ST02","アクティブ","2026-06-04 15:11:14.833261"
3764,"渡辺 大輔","daisuke.watanabe@example.com","ST03","非アクティブ","2026-06-04 15:11:14.833261"
3765,"佐藤 拓海","takumi.sato@example.com","ST01","新規","2026-06-04 15:11:14.833261"
3766,"佐藤 美咲","misaki.sato@example.com","ST01","新規","2026-06-04 15:11:14.833261"
3767,"山本 結衣","yui.yamamoto@example.com","ST04","退会","2026-06-04 15:11:14.833261"
3768,"渡辺 結衣","yui.watanabe@example.com","ST01","新規","2026-06-04 15:11:14.833261"
3769,"田中 悠斗","yuto.tanaka@example.com","ST03","非アクティブ","2026-06-04 15:11:14.833261"
3770,"佐藤 彩花","ayaka.sato@example.com","ST04","退会","2026-06-04 15:11:14.833261"
3771,"山田 翔","sho.yamada@example.com","ST02","アクティブ","2026-06-04 15:11:14.833261"
3772,"小林 拓海","takumi.kobayashi@example.com","ST03","非アクティブ","2026-06-04 15:11:14.833261"
3773,"加藤 大輔","daisuke.kato@example.com","ST04","退会","2026-06-04 15:11:14.833261"
3774,"渡辺 美咲","misaki.watanabe@example.com","ST02","アクティブ","2026-06-04 15:11:14.833261"
3775,"加藤 美咲","misaki.kato@example.com","ST01","新規","2026-06-04 15:11:14.833261"
3776,"高橋 陽菜","hina.takahashi@example.com","ST04","退会","2026-06-04 15:11:14.833261"
3777,"山本 悠斗","yuto.yamamoto@example.com","ST04","退会","2026-06-04 15:11:14.833261"
3778,"吉田 翔","sho.yoshida@example.com","ST03","非アクティブ","2026-06-04 15:11:14.833261"
3779,"小林 葵","aoi.kobayashi@example.com","ST04","退会","2026-06-04 15:11:14.833261"
3780,"加藤 蓮","ren.kato@example.com","ST03","非アクティブ","2026-06-04 15:11:14.833261"
3781,"山本 太郎","taro.yamamoto@example.com","ST04","退会","2026-06-04 15:11:14.833261"
3782,"山田 太郎","taro.yamada@example.com","ST04","退会","2026-06-04 15:11:14.833261"
3783,"加藤 大輔","daisuke.kato@example.com","ST04","退会","2026-06-04 15:11:14.833261"
3784,"伊藤 彩花","ayaka.ito@example.com","ST01","新規","2026-06-04 15:11:14.833261"
3785,"佐藤 美咲","misaki.sato@example.com","ST01","新規","2026-06-04 15:11:14.833261"
3786,"高橋 健太","kenta.takahashi@example.com","ST04","退会","2026-06-04 15:11:14.833261"
3787,"中村 大輔","daisuke.nakamura@example.com","ST01","新規","2026-06-04 15:11:14.833261"
3788,"渡辺 大輔","daisuke.watanabe@example.com","ST04","退会","2026-06-04 15:11:14.833261"
3789,"小林 結衣","yui.kobayashi@example.com","ST02","アクティブ","2026-06-04 15:11:14.833261"
3790,"佐藤 拓海","takumi.sato@example.com","ST04","退会","2026-06-04 15:11:14.833261"
3791,"佐藤 健太","kenta.sato@example.com","ST02","アクティブ","2026-06-04 15:11:14.833261"
3792,"山本 陽菜","hina.yamamoto@example.com","ST03","非アクティブ","2026-06-04 15:11:14.833261"
3793,"吉田 太郎","taro.yoshida@example.com","ST01","新規","2026-06-04 15:11:14.833261"
3794,"山本 彩花","ayaka.yamamoto@example.com","ST01","新規","2026-06-04 15:11:14.833261"
3795,"鈴木 大輔","daisuke.suzuki@example.com","ST02","アクティブ","2026-06-04 15:11:14.833261"
3796,"加藤 悠斗","yuto.kato@example.com","ST03","非アクティブ","2026-06-04 15:11:14.833261"
3797,"鈴木 悠斗","yuto.suzuki@example.com","ST03","非アクティブ","2026-06-04 15:11:14.833261"
3798,"小林 彩花","ayaka.kobayashi@example.com","ST04","退会","2026-06-04 15:11:14.833261"
3799,"渡辺 美咲","misaki.watanabe@example.com","ST03","非アクティブ","2026-06-04 15:11:14.833261"
3800,"山田 結衣","yui.yamada@example.com","ST02","アクティブ","2026-06-04 15:11:14.833261"
3801,"加藤 美咲","misaki.kato@example.com","ST01","新規","2026-06-04 15:11:14.833261"
3802,"山本 太郎","taro.yamamoto@example.com","ST04","退会","2026-06-04 15:11:14.833261"
3803,"加藤 太郎","taro.kato@example.com","ST03","非アクティブ","2026-06-04 15:11:14.833261"
3804,"中村 葵","aoi.nakamura@example.com","ST04","退会","2026-06-04 15:11:14.833261"
3805,"伊藤 太郎","taro.ito@example.com","ST02","アクティブ","2026-06-04 15:11:14.833261"
3806,"中村 大輔","daisuke.nakamura@example.com","ST01","新規","2026-06-04 15:11:14.833261"
3807,"吉田 蓮","ren.yoshida@example.com","ST03","非アクティブ","2026-06-04 15:11:14.833261"
3808,"加藤 彩花","ayaka.kato@example.com","ST01","新規","2026-06-04 15:11:14.833261"
3809,"山田 悠斗","yuto.yamada@example.com","ST04","退会","2026-06-04 15:11:14.833261"
3810,"山田 悠斗","yuto.yamada@example.com","ST01","新規","2026-06-04 15:11:14.833261"
3811,"田中 美咲","misaki.tanaka@example.com","ST01","新規","2026-06-04 15:11:14.833261"
3812,"中村 葵","aoi.nakamura@example.com","ST04","退会","2026-06-04 15:11:14.833261"
3813,"田中 陽菜","hina.tanaka@example.com","ST03","非アクティブ","2026-06-04 15:11:14.833261"
3814,"佐藤 結衣","yui.sato@example.com","ST04","退会","2026-06-04 15:11:14.833261"
3815,"佐藤 葵","aoi.sato@example.com","ST02","アクティブ","2026-06-04 15:11:14.833261"
3816,"高橋 蓮","ren.takahashi@example.com","ST04","退会","2026-06-04 15:11:14.833261"
3817,"小林 拓海","takumi.kobayashi@example.com","ST04","退会","2026-06-04 15:11:14.833261"
3818,"山田 拓海","takumi.yamada@example.com","ST01","新規","2026-06-04 15:11:14.833261"
3819,"渡辺 陽菜","hina.watanabe@example.com","ST02","アクティブ","2026-06-04 15:11:14.833261"
3820,"高橋 翔","sho.takahashi@example.com","ST01","新規","2026-06-04 15:11:14.833261"
3821,"小林 彩花","ayaka.kobayashi@example.com","ST01","新規","2026-06-04 15:11:14.833261"
3822,"高橋 彩花","ayaka.takahashi@example.com","ST03","非アクティブ","2026-06-04 15:11:14.833261"
3823,"伊藤 彩花","ayaka.ito@example.com","ST03","非アクティブ","2026-06-04 15:11:14.833261"
3824,"鈴木 結衣","yui.suzuki@example.com","ST02","アクティブ","2026-06-04 15:11:14.833261"
3825,"山本 翔","sho.yamamoto@example.com","ST02","アクティブ","2026-06-04 15:11:14.833261"
3826,"中村 翔","sho.nakamura@example.com","ST04","退会","2026-06-04 15:11:14.833261"
3827,"鈴木 蓮","ren.suzuki@example.com","ST02","アクティブ","2026-06-04 15:11:14.833261"
3828,"渡辺 蓮","ren.watanabe@example.com","ST04","退会","2026-06-04 15:11:14.833261"
3829,"中村 美咲","misaki.nakamura@example.com","ST04","退会","2026-06-04 15:11:14.833261"
3830,"小林 太郎","taro.kobayashi@example.com","ST02","アクティブ","2026-06-04 15:11:14.833261"
3831,"吉田 結衣","yui.yoshida@example.com","ST02","アクティブ","2026-06-04 15:11:14.833261"
3832,"加藤 拓海","takumi.kato@example.com","ST04","退会","2026-06-04 15:11:14.833261"
3833,"小林 蓮","ren.kobayashi@example.com","ST01","新規","2026-06-04 15:11:14.833261"
3834,"佐藤 拓海","takumi.sato@example.com","ST04","退会","2026-06-04 15:11:14.833261"
3835,"山田 健太","kenta.yamada@example.com","ST04","退会","2026-06-04 15:11:14.833261"
3836,"高橋 健太","kenta.takahashi@example.com","ST04","退会","2026-06-04 15:11:14.833261"
3837,"佐藤 彩花","ayaka.sato@example.com","ST01","新規","2026-06-04 15:11:14.833261"
3838,"鈴木 結衣","yui.suzuki@example.com","ST04","退会","2026-06-04 15:11:14.833261"
3839,"渡辺 拓海","takumi.watanabe@example.com","ST01","新規","2026-06-04 15:11:14.833261"
3840,"小林 陽菜","hina.kobayashi@example.com","ST04","退会","2026-06-04 15:11:14.833261"
3841,"佐藤 結衣","yui.sato@example.com","ST04","退会","2026-06-04 15:11:14.833261"
3842,"吉田 翔","sho.yoshida@example.com","ST01","新規","2026-06-04 15:11:14.833261"
3843,"加藤 結衣","yui.kato@example.com","ST02","アクティブ","2026-06-04 15:11:14.833261"
3844,"伊藤 葵","aoi.ito@example.com","ST04","退会","2026-06-04 15:11:14.833261"
3845,"山田 健太","kenta.yamada@example.com","ST01","新規","2026-06-04 15:11:14.833261"
3846,"加藤 大輔","daisuke.kato@example.com","ST01","新規","2026-06-04 15:11:14.833261"
3847,"山田 彩花","ayaka.yamada@example.com","ST03","非アクティブ","2026-06-04 15:11:14.833261"
3848,"中村 悠斗","yuto.nakamura@example.com","ST03","非アクティブ","2026-06-04 15:11:14.833261"
3849,"鈴木 健太","kenta.suzuki@example.com","ST03","非アクティブ","2026-06-04 15:11:14.833261"
3850,"伊藤 美咲","misaki.ito@example.com","ST01","新規","2026-06-04 15:11:14.833261"
3851,"鈴木 美咲","misaki.suzuki@example.com","ST04","退会","2026-06-04 15:11:14.833261"
3852,"中村 悠斗","yuto.nakamura@example.com","ST04","退会","2026-06-04 15:11:14.833261"
3853,"加藤 美咲","misaki.kato@example.com","ST03","非アクティブ","2026-06-04 15:11:14.833261"
3854,"山田 蓮","ren.yamada@example.com","ST02","アクティブ","2026-06-04 15:11:14.833261"
3855,"小林 悠斗","yuto.kobayashi@example.com","ST03","非アクティブ","2026-06-04 15:11:14.833261"
3856,"伊藤 陽菜","hina.ito@example.com","ST03","非アクティブ","2026-06-04 15:11:14.833261"
3857,"田中 葵","aoi.tanaka@example.com","ST01","新規","2026-06-04 15:11:14.833261"
3858,"伊藤 悠斗","yuto.ito@example.com","ST03","非アクティブ","2026-06-04 15:11:14.833261"
3859,"山本 彩花","ayaka.yamamoto@example.com","ST02","アクティブ","2026-06-04 15:11:14.833261"
3860,"吉田 健太","kenta.yoshida@example.com","ST04","退会","2026-06-04 15:11:14.833261"
3861,"渡辺 美咲","misaki.watanabe@example.com","ST01","新規","2026-06-04 15:11:14.833261"
3862,"小林 結衣","yui.kobayashi@example.com","ST03","非アクティブ","2026-06-04 15:11:14.833261"
3863,"加藤 翔","sho.kato@example.com","ST02","アクティブ","2026-06-04 15:11:14.833261"
3864,"山田 拓海","takumi.yamada@example.com","ST03","非アクティブ","2026-06-04 15:11:14.833261"
3865,"佐藤 結衣","yui.sato@example.com","ST02","アクティブ","2026-06-04 15:11:14.833261"
3866,"山本 健太","kenta.yamamoto@example.com","ST02","アクティブ","2026-06-04 15:11:14.833261"
3867,"小林 結衣","yui.kobayashi@example.com","ST02","アクティブ","2026-06-04 15:11:14.833261"
3868,"高橋 陽菜","hina.takahashi@example.com","ST01","新規","2026-06-04 15:11:14.833261"
3869,"高橋 翔","sho.takahashi@example.com","ST03","非アクティブ","2026-06-04 15:11:14.833261"
3870,"伊藤 結衣","yui.ito@example.com","ST04","退会","2026-06-04 15:11:14.833261"
3871,"小林 拓海","takumi.kobayashi@example.com","ST03","非アクティブ","2026-06-04 15:11:14.833261"
3872,"佐藤 結衣","yui.sato@example.com","ST01","新規","2026-06-04 15:11:14.833261"
3873,"加藤 葵","aoi.kato@example.com","ST03","非アクティブ","2026-06-04 15:11:14.833261"
3874,"中村 美咲","misaki.nakamura@example.com","ST02","アクティブ","2026-06-04 15:11:14.833261"
3875,"伊藤 翔","sho.ito@example.com","ST04","退会","2026-06-04 15:11:14.833261"
3876,"佐藤 美咲","misaki.sato@example.com","ST03","非アクティブ","2026-06-04 15:11:14.833261"
3877,"吉田 太郎","taro.yoshida@example.com","ST04","退会","2026-06-04 15:11:14.833261"
3878,"小林 葵","aoi.kobayashi@example.com","ST02","アクティブ","2026-06-04 15:11:14.833261"
3879,"山田 健太","kenta.yamada@example.com","ST01","新規","2026-06-04 15:11:14.833261"
3880,"田中 健太","kenta.tanaka@example.com","ST04","退会","2026-06-04 15:11:14.833261"
3881,"吉田 蓮","ren.yoshida@example.com","ST02","アクティブ","2026-06-04 15:11:14.833261"
3882,"加藤 陽菜","hina.kato@example.com","ST04","退会","2026-06-04 15:11:14.833261"
3883,"渡辺 蓮","ren.watanabe@example.com","ST02","アクティブ","2026-06-04 15:11:14.833261"
3884,"山本 陽菜","hina.yamamoto@example.com","ST02","アクティブ","2026-06-04 15:11:14.833261"
3885,"山本 大輔","daisuke.yamamoto@example.com","ST03","非アクティブ","2026-06-04 15:11:14.833261"
3886,"伊藤 拓海","takumi.ito@example.com","ST03","非アクティブ","2026-06-04 15:11:14.833261"
3887,"山本 葵","aoi.yamamoto@example.com","ST02","アクティブ","2026-06-04 15:11:14.833261"
3888,"渡辺 悠斗","yuto.watanabe@example.com","ST04","退会","2026-06-04 15:11:14.833261"
3889,"中村 悠斗","yuto.nakamura@example.com","ST04","退会","2026-06-04 15:11:14.833261"
3890,"田中 陽菜","hina.tanaka@example.com","ST04","退会","2026-06-04 15:11:14.833261"
3891,"小林 彩花","ayaka.kobayashi@example.com","ST03","非アクティブ","2026-06-04 15:11:14.833261"
3892,"佐藤 悠斗","yuto.sato@example.com","ST02","アクティブ","2026-06-04 15:11:14.833261"
3893,"小林 結衣","yui.kobayashi@example.com","ST02","アクティブ","2026-06-04 15:11:14.833261"
3894,"加藤 悠斗","yuto.kato@example.com","ST01","新規","2026-06-04 15:11:14.833261"
3895,"加藤 拓海","takumi.kato@example.com","ST04","退会","2026-06-04 15:11:14.833261"
3896,"佐藤 陽菜","hina.sato@example.com","ST04","退会","2026-06-04 15:11:14.833261"
3897,"山田 結衣","yui.yamada@example.com","ST04","退会","2026-06-04 15:11:14.833261"
3898,"加藤 結衣","yui.kato@example.com","ST04","退会","2026-06-04 15:11:14.833261"
3899,"山本 翔","sho.yamamoto@example.com","ST03","非アクティブ","2026-06-04 15:11:14.833261"
3900,"中村 大輔","daisuke.nakamura@example.com","ST02","アクティブ","2026-06-04 15:11:14.833261"
3901,"高橋 葵","aoi.takahashi@example.com","ST02","アクティブ","2026-06-04 15:11:14.833261"
3902,"加藤 葵","aoi.kato@example.com","ST02","アクティブ","2026-06-04 15:11:14.833261"
3903,"山田 悠斗","yuto.yamada@example.com","ST02","アクティブ","2026-06-04 15:11:14.833261"
3904,"山本 太郎","taro.yamamoto@example.com","ST04","退会","2026-06-04 15:11:14.833261"
3905,"田中 結衣","yui.tanaka@example.com","ST04","退会","2026-06-04 15:11:14.833261"
3906,"鈴木 蓮","ren.suzuki@example.com","ST03","非アクティブ","2026-06-04 15:11:14.833261"
3907,"吉田 大輔","daisuke.yoshida@example.com","ST01","新規","2026-06-04 15:11:14.833261"
3908,"田中 陽菜","hina.tanaka@example.com","ST03","非アクティブ","2026-06-04 15:11:14.833261"
3909,"加藤 美咲","misaki.kato@example.com","ST03","非アクティブ","2026-06-04 15:11:14.833261"
3910,"渡辺 美咲","misaki.watanabe@example.com","ST01","新規","2026-06-04 15:11:14.833261"
3911,"渡辺 美咲","misaki.watanabe@example.com","ST01","新規","2026-06-04 15:11:14.833261"
3912,"山本 美咲","misaki.yamamoto@example.com","ST01","新規","2026-06-04 15:11:14.833261"
3913,"中村 蓮","ren.nakamura@example.com","ST04","退会","2026-06-04 15:11:14.833261"
3914,"佐藤 悠斗","yuto.sato@example.com","ST04","退会","2026-06-04 15:11:14.833261"
3915,"山田 太郎","taro.yamada@example.com","ST01","新規","2026-06-04 15:11:14.833261"
3916,"鈴木 陽菜","hina.suzuki@example.com","ST04","退会","2026-06-04 15:11:14.833261"
3917,"山本 葵","aoi.yamamoto@example.com","ST03","非アクティブ","2026-06-04 15:11:14.833261"
3918,"伊藤 健太","kenta.ito@example.com","ST04","退会","2026-06-04 15:11:14.833261"
3919,"山田 翔","sho.yamada@example.com","ST04","退会","2026-06-04 15:11:14.833261"
3920,"山本 大輔","daisuke.yamamoto@example.com","ST03","非アクティブ","2026-06-04 15:11:14.833261"
3921,"山田 大輔","daisuke.yamada@example.com","ST03","非アクティブ","2026-06-04 15:11:14.833261"
3922,"山本 太郎","taro.yamamoto@example.com","ST04","退会","2026-06-04 15:11:14.833261"
3923,"渡辺 大輔","daisuke.watanabe@example.com","ST03","非アクティブ","2026-06-04 15:11:14.833261"
3924,"中村 陽菜","hina.nakamura@example.com","ST03","非アクティブ","2026-06-04 15:11:14.833261"
3925,"山田 翔","sho.yamada@example.com","ST02","アクティブ","2026-06-04 15:11:14.833261"
3926,"吉田 健太","kenta.yoshida@example.com","ST03","非アクティブ","2026-06-04 15:11:14.833261"
3927,"中村 陽菜","hina.nakamura@example.com","ST04","退会","2026-06-04 15:11:14.833261"
3928,"高橋 拓海","takumi.takahashi@example.com","ST01","新規","2026-06-04 15:11:14.833261"
3929,"中村 美咲","misaki.nakamura@example.com","ST02","アクティブ","2026-06-04 15:11:14.833261"
3930,"佐藤 大輔","daisuke.sato@example.com","ST01","新規","2026-06-04 15:11:14.833261"
3931,"小林 陽菜","hina.kobayashi@example.com","ST03","非アクティブ","2026-06-04 15:11:14.833261"
3932,"小林 翔","sho.kobayashi@example.com","ST04","退会","2026-06-04 15:11:14.833261"
3933,"山本 葵","aoi.yamamoto@example.com","ST03","非アクティブ","2026-06-04 15:11:14.833261"
3934,"高橋 太郎","taro.takahashi@example.com","ST04","退会","2026-06-04 15:11:14.833261"
3935,"山田 大輔","daisuke.yamada@example.com","ST04","退会","2026-06-04 15:11:14.833261"
3936,"田中 葵","aoi.tanaka@example.com","ST04","退会","2026-06-04 15:11:14.833261"
3937,"加藤 悠斗","yuto.kato@example.com","ST04","退会","2026-06-04 15:11:14.833261"
3938,"鈴木 葵","aoi.suzuki@example.com","ST04","退会","2026-06-04 15:11:14.833261"
3939,"中村 悠斗","yuto.nakamura@example.com","ST03","非アクティブ","2026-06-04 15:11:14.833261"
3940,"渡辺 葵","aoi.watanabe@example.com","ST03","非アクティブ","2026-06-04 15:11:14.833261"
3941,"渡辺 彩花","ayaka.watanabe@example.com","ST01","新規","2026-06-04 15:11:14.833261"
3942,"佐藤 美咲","misaki.sato@example.com","ST01","新規","2026-06-04 15:11:14.833261"
3943,"田中 彩花","ayaka.tanaka@example.com","ST04","退会","2026-06-04 15:11:14.833261"
3944,"中村 健太","kenta.nakamura@example.com","ST01","新規","2026-06-04 15:11:14.833261"
3945,"田中 美咲","misaki.tanaka@example.com","ST01","新規","2026-06-04 15:11:14.833261"
3946,"渡辺 健太","kenta.watanabe@example.com","ST01","新規","2026-06-04 15:11:14.833261"
3947,"加藤 拓海","takumi.kato@example.com","ST01","新規","2026-06-04 15:11:14.833261"
3948,"中村 彩花","ayaka.nakamura@example.com","ST04","退会","2026-06-04 15:11:14.833261"
3949,"吉田 大輔","daisuke.yoshida@example.com","ST02","アクティブ","2026-06-04 15:11:14.833261"
3950,"中村 太郎","taro.nakamura@example.com","ST02","アクティブ","2026-06-04 15:11:14.833261"
3951,"山田 美咲","misaki.yamada@example.com","ST04","退会","2026-06-04 15:11:14.833261"
3952,"鈴木 美咲","misaki.suzuki@example.com","ST04","退会","2026-06-04 15:11:14.833261"
3953,"山本 陽菜","hina.yamamoto@example.com","ST01","新規","2026-06-04 15:11:14.833261"
3954,"山本 翔","sho.yamamoto@example.com","ST01","新規","2026-06-04 15:11:14.833261"
3955,"伊藤 翔","sho.ito@example.com","ST02","アクティブ","2026-06-04 15:11:14.833261"
3956,"田中 結衣","yui.tanaka@example.com","ST01","新規","2026-06-04 15:11:14.833261"
3957,"鈴木 拓海","takumi.suzuki@example.com","ST04","退会","2026-06-04 15:11:14.833261"
3958,"田中 蓮","ren.tanaka@example.com","ST03","非アクティブ","2026-06-04 15:11:14.833261"
3959,"高橋 結衣","yui.takahashi@example.com","ST03","非アクティブ","2026-06-04 15:11:14.833261"
3960,"加藤 翔","sho.kato@example.com","ST03","非アクティブ","2026-06-04 15:11:14.833261"
3961,"山本 拓海","takumi.yamamoto@example.com","ST04","退会","2026-06-04 15:11:14.833261"
3962,"伊藤 太郎","taro.ito@example.com","ST01","新規","2026-06-04 15:11:14.833261"
3963,"吉田 陽菜","hina.yoshida@example.com","ST02","アクティブ","2026-06-04 15:11:14.833261"
3964,"伊藤 健太","kenta.ito@example.com","ST01","新規","2026-06-04 15:11:14.833261"
3965,"高橋 彩花","ayaka.takahashi@example.com","ST04","退会","2026-06-04 15:11:14.833261"
3966,"山本 美咲","misaki.yamamoto@example.com","ST01","新規","2026-06-04 15:11:14.833261"
3967,"吉田 美咲","misaki.yoshida@example.com","ST03","非アクティブ","2026-06-04 15:11:14.833261"
3968,"伊藤 葵","aoi.ito@example.com","ST03","非アクティブ","2026-06-04 15:11:14.833261"
3969,"高橋 陽菜","hina.takahashi@example.com","ST01","新規","2026-06-04 15:11:14.833261"
3970,"鈴木 悠斗","yuto.suzuki@example.com","ST04","退会","2026-06-04 15:11:14.833261"
3971,"伊藤 蓮","ren.ito@example.com","ST02","アクティブ","2026-06-04 15:11:14.833261"
3972,"中村 彩花","ayaka.nakamura@example.com","ST02","アクティブ","2026-06-04 15:11:14.833261"
3973,"加藤 陽菜","hina.kato@example.com","ST02","アクティブ","2026-06-04 15:11:14.833261"
3974,"佐藤 結衣","yui.sato@example.com","ST04","退会","2026-06-04 15:11:14.833261"
3975,"山本 葵","aoi.yamamoto@example.com","ST02","アクティブ","2026-06-04 15:11:14.833261"
3976,"中村 大輔","daisuke.nakamura@example.com","ST03","非アクティブ","2026-06-04 15:11:14.833261"
3977,"加藤 美咲","misaki.kato@example.com","ST02","アクティブ","2026-06-04 15:11:14.833261"
3978,"小林 悠斗","yuto.kobayashi@example.com","ST03","非アクティブ","2026-06-04 15:11:14.833261"
3979,"田中 大輔","daisuke.tanaka@example.com","ST02","アクティブ","2026-06-04 15:11:14.833261"
3980,"渡辺 彩花","ayaka.watanabe@example.com","ST03","非アクティブ","2026-06-04 15:11:14.833261"
3981,"吉田 美咲","misaki.yoshida@example.com","ST01","新規","2026-06-04 15:11:14.833261"
3982,"吉田 健太","kenta.yoshida@example.com","ST04","退会","2026-06-04 15:11:14.833261"
3983,"中村 美咲","misaki.nakamura@example.com","ST02","アクティブ","2026-06-04 15:11:14.833261"
3984,"吉田 太郎","taro.yoshida@example.com","ST03","非アクティブ","2026-06-04 15:11:14.833261"
3985,"山田 美咲","misaki.yamada@example.com","ST04","退会","2026-06-04 15:11:14.833261"
3986,"山本 悠斗","yuto.yamamoto@example.com","ST04","退会","2026-06-04 15:11:14.833261"
3987,"中村 大輔","daisuke.nakamura@example.com","ST02","アクティブ","2026-06-04 15:11:14.833261"
3988,"中村 大輔","daisuke.nakamura@example.com","ST03","非アクティブ","2026-06-04 15:11:14.833261"
3989,"山本 彩花","ayaka.yamamoto@example.com","ST01","新規","2026-06-04 15:11:14.833261"
3990,"伊藤 拓海","takumi.ito@example.com","ST02","アクティブ","2026-06-04 15:11:14.833261"
3991,"加藤 太郎","taro.kato@example.com","ST04","退会","2026-06-04 15:11:14.833261"
3992,"鈴木 陽菜","hina.suzuki@example.com","ST01","新規","2026-06-04 15:11:14.833261"
3993,"高橋 陽菜","hina.takahashi@example.com","ST04","退会","2026-06-04 15:11:14.833261"
3994,"鈴木 陽菜","hina.suzuki@example.com","ST01","新規","2026-06-04 15:11:14.833261"
3995,"山本 悠斗","yuto.yamamoto@example.com","ST03","非アクティブ","2026-06-04 15:11:14.833261"
3996,"中村 陽菜","hina.nakamura@example.com","ST03","非アクティブ","2026-06-04 15:11:14.833261"
3997,"小林 悠斗","yuto.kobayashi@example.com","ST03","非アクティブ","2026-06-04 15:11:14.833261"
3998,"加藤 健太","kenta.kato@example.com","ST01","新規","2026-06-04 15:11:14.833261"
3999,"小林 葵","aoi.kobayashi@example.com","ST02","アクティブ","2026-06-04 15:11:14.833261"
4000,"田中 葵","aoi.tanaka@example.com","ST03","非アクティブ","2026-06-04 15:11:14.833261"
4001,"山本 結衣","yui.yamamoto@example.com","ST03","非アクティブ","2026-06-04 15:11:14.833261"
4002,"吉田 翔","sho.yoshida@example.com","ST04","退会","2026-06-04 15:11:14.833261"
4003,"高橋 陽菜","hina.takahashi@example.com","ST01","新規","2026-06-04 15:11:14.833261"
4004,"鈴木 結衣","yui.suzuki@example.com","ST02","アクティブ","2026-06-04 15:11:14.833261"
4005,"高橋 蓮","ren.takahashi@example.com","ST03","非アクティブ","2026-06-04 15:11:14.833261"
4006,"田中 太郎","taro.tanaka@example.com","ST04","退会","2026-06-04 15:11:14.833261"
4007,"佐藤 悠斗","yuto.sato@example.com","ST04","退会","2026-06-04 15:11:14.833261"
4008,"加藤 葵","aoi.kato@example.com","ST03","非アクティブ","2026-06-04 15:11:14.833261"
4009,"中村 悠斗","yuto.nakamura@example.com","ST04","退会","2026-06-04 15:11:14.833261"
4010,"伊藤 陽菜","hina.ito@example.com","ST03","非アクティブ","2026-06-04 15:11:14.833261"
4011,"高橋 美咲","misaki.takahashi@example.com","ST03","非アクティブ","2026-06-04 15:11:14.833261"
4012,"小林 蓮","ren.kobayashi@example.com","ST04","退会","2026-06-04 15:11:14.833261"
4013,"吉田 拓海","takumi.yoshida@example.com","ST03","非アクティブ","2026-06-04 15:11:14.833261"
4014,"中村 美咲","misaki.nakamura@example.com","ST01","新規","2026-06-04 15:11:14.833261"
4015,"中村 大輔","daisuke.nakamura@example.com","ST02","アクティブ","2026-06-04 15:11:14.833261"
4016,"加藤 悠斗","yuto.kato@example.com","ST02","アクティブ","2026-06-04 15:11:14.833261"
4017,"吉田 太郎","taro.yoshida@example.com","ST01","新規","2026-06-04 15:11:14.833261"
4018,"伊藤 大輔","daisuke.ito@example.com","ST04","退会","2026-06-04 15:11:14.833261"
4019,"加藤 陽菜","hina.kato@example.com","ST03","非アクティブ","2026-06-04 15:11:14.833261"
4020,"加藤 陽菜","hina.kato@example.com","ST03","非アクティブ","2026-06-04 15:11:14.833261"
4021,"渡辺 健太","kenta.watanabe@example.com","ST03","非アクティブ","2026-06-04 15:11:14.833261"
4022,"佐藤 葵","aoi.sato@example.com","ST01","新規","2026-06-04 15:11:14.833261"
4023,"鈴木 太郎","taro.suzuki@example.com","ST01","新規","2026-06-04 15:11:14.833261"
4024,"伊藤 大輔","daisuke.ito@example.com","ST03","非アクティブ","2026-06-04 15:11:14.833261"
4025,"山本 葵","aoi.yamamoto@example.com","ST03","非アクティブ","2026-06-04 15:11:14.833261"
4026,"山本 翔","sho.yamamoto@example.com","ST04","退会","2026-06-04 15:11:14.833261"
4027,"渡辺 結衣","yui.watanabe@example.com","ST03","非アクティブ","2026-06-04 15:11:14.833261"
4028,"中村 彩花","ayaka.nakamura@example.com","ST01","新規","2026-06-04 15:11:14.833261"
4029,"田中 悠斗","yuto.tanaka@example.com","ST01","新規","2026-06-04 15:11:14.833261"
4030,"小林 翔","sho.kobayashi@example.com","ST02","アクティブ","2026-06-04 15:11:14.833261"
4031,"吉田 健太","kenta.yoshida@example.com","ST01","新規","2026-06-04 15:11:14.833261"
4032,"山田 健太","kenta.yamada@example.com","ST03","非アクティブ","2026-06-04 15:11:14.833261"
4033,"伊藤 葵","aoi.ito@example.com","ST04","退会","2026-06-04 15:11:14.833261"
4034,"鈴木 結衣","yui.suzuki@example.com","ST02","アクティブ","2026-06-04 15:11:14.833261"
4035,"小林 蓮","ren.kobayashi@example.com","ST02","アクティブ","2026-06-04 15:11:14.833261"
4036,"伊藤 健太","kenta.ito@example.com","ST03","非アクティブ","2026-06-04 15:11:14.833261"
4037,"中村 結衣","yui.nakamura@example.com","ST02","アクティブ","2026-06-04 15:11:14.833261"
4038,"佐藤 大輔","daisuke.sato@example.com","ST01","新規","2026-06-04 15:11:14.833261"
4039,"小林 太郎","taro.kobayashi@example.com","ST02","アクティブ","2026-06-04 15:11:14.833261"
4040,"吉田 蓮","ren.yoshida@example.com","ST01","新規","2026-06-04 15:11:14.833261"
4041,"渡辺 太郎","taro.watanabe@example.com","ST02","アクティブ","2026-06-04 15:11:14.833261"
4042,"吉田 拓海","takumi.yoshida@example.com","ST02","アクティブ","2026-06-04 15:11:14.833261"
4043,"山田 大輔","daisuke.yamada@example.com","ST02","アクティブ","2026-06-04 15:11:14.833261"
4044,"山田 葵","aoi.yamada@example.com","ST01","新規","2026-06-04 15:11:14.833261"
4045,"鈴木 蓮","ren.suzuki@example.com","ST02","アクティブ","2026-06-04 15:11:14.833261"
4046,"田中 美咲","misaki.tanaka@example.com","ST02","アクティブ","2026-06-04 15:11:14.833261"
4047,"小林 彩花","ayaka.kobayashi@example.com","ST02","アクティブ","2026-06-04 15:11:14.833261"
4048,"田中 翔","sho.tanaka@example.com","ST01","新規","2026-06-04 15:11:14.833261"
4049,"加藤 太郎","taro.kato@example.com","ST02","アクティブ","2026-06-04 15:11:14.833261"
4050,"加藤 結衣","yui.kato@example.com","ST01","新規","2026-06-04 15:11:14.833261"
4051,"加藤 彩花","ayaka.kato@example.com","ST01","新規","2026-06-04 15:11:14.833261"
4052,"佐藤 葵","aoi.sato@example.com","ST02","アクティブ","2026-06-04 15:11:14.833261"
4053,"中村 拓海","takumi.nakamura@example.com","ST01","新規","2026-06-04 15:11:14.833261"
4054,"鈴木 蓮","ren.suzuki@example.com","ST02","アクティブ","2026-06-04 15:11:14.833261"
4055,"伊藤 悠斗","yuto.ito@example.com","ST02","アクティブ","2026-06-04 15:11:14.833261"
4056,"加藤 太郎","taro.kato@example.com","ST01","新規","2026-06-04 15:11:14.833261"
4057,"中村 葵","aoi.nakamura@example.com","ST02","アクティブ","2026-06-04 15:11:14.833261"
4058,"加藤 結衣","yui.kato@example.com","ST01","新規","2026-06-04 15:11:14.833261"
4059,"佐藤 美咲","misaki.sato@example.com","ST01","新規","2026-06-04 15:11:14.833261"
4060,"中村 翔","sho.nakamura@example.com","ST01","新規","2026-06-04 15:11:14.833261"
4061,"山本 蓮","ren.yamamoto@example.com","ST04","退会","2026-06-04 15:11:14.833261"
4062,"渡辺 大輔","daisuke.watanabe@example.com","ST01","新規","2026-06-04 15:11:14.833261"
4063,"伊藤 陽菜","hina.ito@example.com","ST04","退会","2026-06-04 15:11:14.833261"
4064,"渡辺 大輔","daisuke.watanabe@example.com","ST04","退会","2026-06-04 15:11:14.833261"
4065,"渡辺 拓海","takumi.watanabe@example.com","ST03","非アクティブ","2026-06-04 15:11:14.833261"
4066,"吉田 彩花","ayaka.yoshida@example.com","ST04","退会","2026-06-04 15:11:14.833261"
4067,"小林 葵","aoi.kobayashi@example.com","ST01","新規","2026-06-04 15:11:14.833261"
4068,"中村 悠斗","yuto.nakamura@example.com","ST04","退会","2026-06-04 15:11:14.833261"
4069,"山本 拓海","takumi.yamamoto@example.com","ST04","退会","2026-06-04 15:11:14.833261"
4070,"高橋 葵","aoi.takahashi@example.com","ST03","非アクティブ","2026-06-04 15:11:14.833261"
4071,"中村 彩花","ayaka.nakamura@example.com","ST03","非アクティブ","2026-06-04 15:11:14.833261"
4072,"田中 蓮","ren.tanaka@example.com","ST03","非アクティブ","2026-06-04 15:11:14.833261"
4073,"吉田 拓海","takumi.yoshida@example.com","ST03","非アクティブ","2026-06-04 15:11:14.833261"
4074,"山本 結衣","yui.yamamoto@example.com","ST03","非アクティブ","2026-06-04 15:11:14.833261"
4075,"渡辺 彩花","ayaka.watanabe@example.com","ST01","新規","2026-06-04 15:11:14.833261"
4076,"鈴木 翔","sho.suzuki@example.com","ST02","アクティブ","2026-06-04 15:11:14.833261"
4077,"吉田 健太","kenta.yoshida@example.com","ST02","アクティブ","2026-06-04 15:11:14.833261"
4078,"鈴木 蓮","ren.suzuki@example.com","ST03","非アクティブ","2026-06-04 15:11:14.833261"
4079,"山本 陽菜","hina.yamamoto@example.com","ST03","非アクティブ","2026-06-04 15:11:14.833261"
4080,"山本 葵","aoi.yamamoto@example.com","ST04","退会","2026-06-04 15:11:14.833261"
4081,"佐藤 蓮","ren.sato@example.com","ST02","アクティブ","2026-06-04 15:11:14.833261"
4082,"鈴木 健太","kenta.suzuki@example.com","ST04","退会","2026-06-04 15:11:14.833261"
4083,"山田 葵","aoi.yamada@example.com","ST01","新規","2026-06-04 15:11:14.833261"
4084,"中村 太郎","taro.nakamura@example.com","ST04","退会","2026-06-04 15:11:14.833261"
4085,"吉田 大輔","daisuke.yoshida@example.com","ST03","非アクティブ","2026-06-04 15:11:14.833261"
4086,"伊藤 結衣","yui.ito@example.com","ST02","アクティブ","2026-06-04 15:11:14.833261"
4087,"鈴木 蓮","ren.suzuki@example.com","ST01","新規","2026-06-04 15:11:14.833261"
4088,"山田 悠斗","yuto.yamada@example.com","ST02","アクティブ","2026-06-04 15:11:14.833261"
4089,"山田 悠斗","yuto.yamada@example.com","ST04","退会","2026-06-04 15:11:14.833261"
4090,"加藤 結衣","yui.kato@example.com","ST02","アクティブ","2026-06-04 15:11:14.833261"
4091,"加藤 悠斗","yuto.kato@example.com","ST01","新規","2026-06-04 15:11:14.833261"
4092,"山田 陽菜","hina.yamada@example.com","ST04","退会","2026-06-04 15:11:14.833261"
4093,"加藤 拓海","takumi.kato@example.com","ST04","退会","2026-06-04 15:11:14.833261"
4094,"中村 太郎","taro.nakamura@example.com","ST01","新規","2026-06-04 15:11:14.833261"
4095,"鈴木 大輔","daisuke.suzuki@example.com","ST03","非アクティブ","2026-06-04 15:11:14.833261"
4096,"山田 結衣","yui.yamada@example.com","ST02","アクティブ","2026-06-04 15:11:14.833261"
4097,"伊藤 葵","aoi.ito@example.com","ST02","アクティブ","2026-06-04 15:11:14.833261"
4098,"小林 陽菜","hina.kobayashi@example.com","ST01","新規","2026-06-04 15:11:14.833261"
4099,"中村 大輔","daisuke.nakamura@example.com","ST01","新規","2026-06-04 15:11:14.833261"
4100,"高橋 翔","sho.takahashi@example.com","ST01","新規","2026-06-04 15:11:14.833261"
4101,"伊藤 美咲","misaki.ito@example.com","ST04","退会","2026-06-04 15:11:14.833261"
4102,"佐藤 彩花","ayaka.sato@example.com","ST01","新規","2026-06-04 15:11:14.833261"
4103,"田中 太郎","taro.tanaka@example.com","ST01","新規","2026-06-04 15:11:14.833261"
4104,"鈴木 美咲","misaki.suzuki@example.com","ST03","非アクティブ","2026-06-04 15:11:14.833261"
4105,"高橋 葵","aoi.takahashi@example.com","ST02","アクティブ","2026-06-04 15:11:14.833261"
4106,"小林 陽菜","hina.kobayashi@example.com","ST03","非アクティブ","2026-06-04 15:11:14.833261"
4107,"吉田 拓海","takumi.yoshida@example.com","ST03","非アクティブ","2026-06-04 15:11:14.833261"
4108,"高橋 悠斗","yuto.takahashi@example.com","ST02","アクティブ","2026-06-04 15:11:14.833261"
4109,"佐藤 太郎","taro.sato@example.com","ST03","非アクティブ","2026-06-04 15:11:14.833261"
4110,"中村 翔","sho.nakamura@example.com","ST04","退会","2026-06-04 15:11:14.833261"
4111,"渡辺 翔","sho.watanabe@example.com","ST04","退会","2026-06-04 15:11:14.833261"
4112,"加藤 太郎","taro.kato@example.com","ST04","退会","2026-06-04 15:11:14.833261"
4113,"鈴木 悠斗","yuto.suzuki@example.com","ST03","非アクティブ","2026-06-04 15:11:14.833261"
4114,"高橋 美咲","misaki.takahashi@example.com","ST02","アクティブ","2026-06-04 15:11:14.833261"
4115,"渡辺 結衣","yui.watanabe@example.com","ST02","アクティブ","2026-06-04 15:11:14.833261"
4116,"高橋 蓮","ren.takahashi@example.com","ST01","新規","2026-06-04 15:11:14.833261"
4117,"中村 陽菜","hina.nakamura@example.com","ST04","退会","2026-06-04 15:11:14.833261"
4118,"吉田 翔","sho.yoshida@example.com","ST02","アクティブ","2026-06-04 15:11:14.833261"
4119,"中村 結衣","yui.nakamura@example.com","ST01","新規","2026-06-04 15:11:14.833261"
4120,"鈴木 結衣","yui.suzuki@example.com","ST03","非アクティブ","2026-06-04 15:11:14.833261"
4121,"中村 太郎","taro.nakamura@example.com","ST02","アクティブ","2026-06-04 15:11:14.833261"
4122,"鈴木 陽菜","hina.suzuki@example.com","ST03","非アクティブ","2026-06-04 15:11:14.833261"
4123,"山田 美咲","misaki.yamada@example.com","ST01","新規","2026-06-04 15:11:14.833261"
4124,"田中 拓海","takumi.tanaka@example.com","ST03","非アクティブ","2026-06-04 15:11:14.833261"
4125,"小林 翔","sho.kobayashi@example.com","ST01","新規","2026-06-04 15:11:14.833261"
4126,"渡辺 太郎","taro.watanabe@example.com","ST04","退会","2026-06-04 15:11:14.833261"
4127,"渡辺 結衣","yui.watanabe@example.com","ST02","アクティブ","2026-06-04 15:11:14.833261"
4128,"鈴木 彩花","ayaka.suzuki@example.com","ST03","非アクティブ","2026-06-04 15:11:14.833261"
4129,"吉田 大輔","daisuke.yoshida@example.com","ST04","退会","2026-06-04 15:11:14.833261"
4130,"伊藤 翔","sho.ito@example.com","ST03","非アクティブ","2026-06-04 15:11:14.833261"
4131,"吉田 大輔","daisuke.yoshida@example.com","ST01","新規","2026-06-04 15:11:14.833261"
4132,"加藤 結衣","yui.kato@example.com","ST04","退会","2026-06-04 15:11:14.833261"
4133,"山本 健太","kenta.yamamoto@example.com","ST03","非アクティブ","2026-06-04 15:11:14.833261"
4134,"渡辺 彩花","ayaka.watanabe@example.com","ST03","非アクティブ","2026-06-04 15:11:14.833261"
4135,"吉田 拓海","takumi.yoshida@example.com","ST03","非アクティブ","2026-06-04 15:11:14.833261"
4136,"中村 陽菜","hina.nakamura@example.com","ST01","新規","2026-06-04 15:11:14.833261"
4137,"渡辺 大輔","daisuke.watanabe@example.com","ST02","アクティブ","2026-06-04 15:11:14.833261"
4138,"伊藤 悠斗","yuto.ito@example.com","ST03","非アクティブ","2026-06-04 15:11:14.833261"
4139,"小林 蓮","ren.kobayashi@example.com","ST03","非アクティブ","2026-06-04 15:11:14.833261"
4140,"伊藤 葵","aoi.ito@example.com","ST03","非アクティブ","2026-06-04 15:11:14.833261"
4141,"田中 健太","kenta.tanaka@example.com","ST04","退会","2026-06-04 15:11:14.833261"
4142,"鈴木 蓮","ren.suzuki@example.com","ST01","新規","2026-06-04 15:11:14.833261"
4143,"渡辺 美咲","misaki.watanabe@example.com","ST04","退会","2026-06-04 15:11:14.833261"
4144,"加藤 大輔","daisuke.kato@example.com","ST01","新規","2026-06-04 15:11:14.833261"
4145,"加藤 大輔","daisuke.kato@example.com","ST04","退会","2026-06-04 15:11:14.833261"
4146,"加藤 陽菜","hina.kato@example.com","ST01","新規","2026-06-04 15:11:14.833261"
4147,"伊藤 悠斗","yuto.ito@example.com","ST01","新規","2026-06-04 15:11:14.833261"
4148,"吉田 陽菜","hina.yoshida@example.com","ST04","退会","2026-06-04 15:11:14.833261"
4149,"中村 拓海","takumi.nakamura@example.com","ST03","非アクティブ","2026-06-04 15:11:14.833261"
4150,"吉田 健太","kenta.yoshida@example.com","ST01","新規","2026-06-04 15:11:14.833261"
4151,"伊藤 拓海","takumi.ito@example.com","ST03","非アクティブ","2026-06-04 15:11:14.833261"
4152,"田中 美咲","misaki.tanaka@example.com","ST01","新規","2026-06-04 15:11:14.833261"
4153,"山本 陽菜","hina.yamamoto@example.com","ST03","非アクティブ","2026-06-04 15:11:14.833261"
4154,"佐藤 太郎","taro.sato@example.com","ST04","退会","2026-06-04 15:11:14.833261"
4155,"中村 彩花","ayaka.nakamura@example.com","ST03","非アクティブ","2026-06-04 15:11:14.833261"
4156,"山田 拓海","takumi.yamada@example.com","ST04","退会","2026-06-04 15:11:14.833261"
4157,"山田 翔","sho.yamada@example.com","ST03","非アクティブ","2026-06-04 15:11:14.833261"
4158,"渡辺 彩花","ayaka.watanabe@example.com","ST01","新規","2026-06-04 15:11:14.833261"
4159,"高橋 結衣","yui.takahashi@example.com","ST03","非アクティブ","2026-06-04 15:11:14.833261"
4160,"田中 葵","aoi.tanaka@example.com","ST01","新規","2026-06-04 15:11:14.833261"
4161,"高橋 彩花","ayaka.takahashi@example.com","ST04","退会","2026-06-04 15:11:14.833261"
4162,"山本 悠斗","yuto.yamamoto@example.com","ST03","非アクティブ","2026-06-04 15:11:14.833261"
4163,"吉田 陽菜","hina.yoshida@example.com","ST01","新規","2026-06-04 15:11:14.833261"
4164,"山本 葵","aoi.yamamoto@example.com","ST04","退会","2026-06-04 15:11:14.833261"
4165,"佐藤 蓮","ren.sato@example.com","ST04","退会","2026-06-04 15:11:14.833261"
4166,"鈴木 陽菜","hina.suzuki@example.com","ST04","退会","2026-06-04 15:11:14.833261"
4167,"田中 健太","kenta.tanaka@example.com","ST04","退会","2026-06-04 15:11:14.833261"
4168,"山田 彩花","ayaka.yamada@example.com","ST04","退会","2026-06-04 15:11:14.833261"
4169,"佐藤 健太","kenta.sato@example.com","ST01","新規","2026-06-04 15:11:14.833261"
4170,"渡辺 陽菜","hina.watanabe@example.com","ST03","非アクティブ","2026-06-04 15:11:14.833261"
4171,"鈴木 大輔","daisuke.suzuki@example.com","ST03","非アクティブ","2026-06-04 15:11:14.833261"
4172,"田中 翔","sho.tanaka@example.com","ST01","新規","2026-06-04 15:11:14.833261"
4173,"渡辺 大輔","daisuke.watanabe@example.com","ST04","退会","2026-06-04 15:11:14.833261"
4174,"加藤 美咲","misaki.kato@example.com","ST01","新規","2026-06-04 15:11:14.833261"
4175,"鈴木 悠斗","yuto.suzuki@example.com","ST01","新規","2026-06-04 15:11:14.833261"
4176,"高橋 悠斗","yuto.takahashi@example.com","ST03","非アクティブ","2026-06-04 15:11:14.833261"
4177,"渡辺 彩花","ayaka.watanabe@example.com","ST01","新規","2026-06-04 15:11:14.833261"
4178,"佐藤 翔","sho.sato@example.com","ST02","アクティブ","2026-06-04 15:11:14.833261"
4179,"吉田 結衣","yui.yoshida@example.com","ST02","アクティブ","2026-06-04 15:11:14.833261"
4180,"渡辺 翔","sho.watanabe@example.com","ST04","退会","2026-06-04 15:11:14.833261"
4181,"山本 翔","sho.yamamoto@example.com","ST01","新規","2026-06-04 15:11:14.833261"
4182,"山田 結衣","yui.yamada@example.com","ST04","退会","2026-06-04 15:11:14.833261"
4183,"加藤 美咲","misaki.kato@example.com","ST03","非アクティブ","2026-06-04 15:11:14.833261"
4184,"山田 拓海","takumi.yamada@example.com","ST01","新規","2026-06-04 15:11:14.833261"
4185,"高橋 健太","kenta.takahashi@example.com","ST04","退会","2026-06-04 15:11:14.833261"
4186,"佐藤 健太","kenta.sato@example.com","ST03","非アクティブ","2026-06-04 15:11:14.833261"
4187,"田中 拓海","takumi.tanaka@example.com","ST04","退会","2026-06-04 15:11:14.833261"
4188,"小林 健太","kenta.kobayashi@example.com","ST02","アクティブ","2026-06-04 15:11:14.833261"
4189,"佐藤 葵","aoi.sato@example.com","ST02","アクティブ","2026-06-04 15:11:14.833261"
4190,"吉田 健太","kenta.yoshida@example.com","ST03","非アクティブ","2026-06-04 15:11:14.833261"
4191,"中村 健太","kenta.nakamura@example.com","ST01","新規","2026-06-04 15:11:14.833261"
4192,"小林 葵","aoi.kobayashi@example.com","ST01","新規","2026-06-04 15:11:14.833261"
4193,"中村 大輔","daisuke.nakamura@example.com","ST01","新規","2026-06-04 15:11:14.833261"
4194,"小林 結衣","yui.kobayashi@example.com","ST02","アクティブ","2026-06-04 15:11:14.833261"
4195,"中村 陽菜","hina.nakamura@example.com","ST04","退会","2026-06-04 15:11:14.833261"
4196,"山田 美咲","misaki.yamada@example.com","ST03","非アクティブ","2026-06-04 15:11:14.833261"
4197,"吉田 結衣","yui.yoshida@example.com","ST03","非アクティブ","2026-06-04 15:11:14.833261"
4198,"渡辺 大輔","daisuke.watanabe@example.com","ST02","アクティブ","2026-06-04 15:11:14.833261"
4199,"渡辺 太郎","taro.watanabe@example.com","ST01","新規","2026-06-04 15:11:14.833261"
4200,"吉田 蓮","ren.yoshida@example.com","ST02","アクティブ","2026-06-04 15:11:14.833261"
4201,"渡辺 結衣","yui.watanabe@example.com","ST03","非アクティブ","2026-06-04 15:11:14.833261"
4202,"小林 美咲","misaki.kobayashi@example.com","ST02","アクティブ","2026-06-04 15:11:14.833261"
4203,"田中 葵","aoi.tanaka@example.com","ST02","アクティブ","2026-06-04 15:11:14.833261"
4204,"鈴木 悠斗","yuto.suzuki@example.com","ST02","アクティブ","2026-06-04 15:11:14.833261"
4205,"中村 大輔","daisuke.nakamura@example.com","ST01","新規","2026-06-04 15:11:14.833261"
4206,"高橋 大輔","daisuke.takahashi@example.com","ST01","新規","2026-06-04 15:11:14.833261"
4207,"加藤 葵","aoi.kato@example.com","ST02","アクティブ","2026-06-04 15:11:14.833261"
4208,"中村 拓海","takumi.nakamura@example.com","ST03","非アクティブ","2026-06-04 15:11:14.833261"
4209,"高橋 翔","sho.takahashi@example.com","ST04","退会","2026-06-04 15:11:14.833261"
4210,"鈴木 翔","sho.suzuki@example.com","ST02","アクティブ","2026-06-04 15:11:14.833261"
4211,"山本 太郎","taro.yamamoto@example.com","ST01","新規","2026-06-04 15:11:14.833261"
4212,"佐藤 彩花","ayaka.sato@example.com","ST04","退会","2026-06-04 15:11:14.833261"
4213,"伊藤 蓮","ren.ito@example.com","ST01","新規","2026-06-04 15:11:14.833261"
4214,"高橋 葵","aoi.takahashi@example.com","ST03","非アクティブ","2026-06-04 15:11:14.833261"
4215,"中村 大輔","daisuke.nakamura@example.com","ST02","アクティブ","2026-06-04 15:11:14.833261"
4216,"加藤 太郎","taro.kato@example.com","ST04","退会","2026-06-04 15:11:14.833261"
4217,"吉田 美咲","misaki.yoshida@example.com","ST02","アクティブ","2026-06-04 15:11:14.833261"
4218,"小林 拓海","takumi.kobayashi@example.com","ST02","アクティブ","2026-06-04 15:11:14.833261"
4219,"伊藤 翔","sho.ito@example.com","ST01","新規","2026-06-04 15:11:14.833261"
4220,"田中 陽菜","hina.tanaka@example.com","ST01","新規","2026-06-04 15:11:14.833261"
4221,"山本 翔","sho.yamamoto@example.com","ST02","アクティブ","2026-06-04 15:11:14.833261"
4222,"山本 美咲","misaki.yamamoto@example.com","ST02","アクティブ","2026-06-04 15:11:14.833261"
4223,"山本 拓海","takumi.yamamoto@example.com","ST03","非アクティブ","2026-06-04 15:11:14.833261"
4224,"田中 美咲","misaki.tanaka@example.com","ST02","アクティブ","2026-06-04 15:11:14.833261"
4225,"中村 大輔","daisuke.nakamura@example.com","ST02","アクティブ","2026-06-04 15:11:14.833261"
4226,"小林 悠斗","yuto.kobayashi@example.com","ST01","新規","2026-06-04 15:11:14.833261"
4227,"高橋 葵","aoi.takahashi@example.com","ST02","アクティブ","2026-06-04 15:11:14.833261"
4228,"山田 悠斗","yuto.yamada@example.com","ST01","新規","2026-06-04 15:11:14.833261"
4229,"高橋 葵","aoi.takahashi@example.com","ST03","非アクティブ","2026-06-04 15:11:14.833261"
4230,"小林 蓮","ren.kobayashi@example.com","ST02","アクティブ","2026-06-04 15:11:14.833261"
4231,"吉田 拓海","takumi.yoshida@example.com","ST01","新規","2026-06-04 15:11:14.833261"
4232,"高橋 彩花","ayaka.takahashi@example.com","ST01","新規","2026-06-04 15:11:14.833261"
4233,"中村 健太","kenta.nakamura@example.com","ST02","アクティブ","2026-06-04 15:11:14.833261"
4234,"小林 蓮","ren.kobayashi@example.com","ST01","新規","2026-06-04 15:11:14.833261"
4235,"鈴木 太郎","taro.suzuki@example.com","ST04","退会","2026-06-04 15:11:14.833261"
4236,"渡辺 悠斗","yuto.watanabe@example.com","ST02","アクティブ","2026-06-04 15:11:14.833261"
4237,"渡辺 大輔","daisuke.watanabe@example.com","ST03","非アクティブ","2026-06-04 15:11:14.833261"
4238,"佐藤 結衣","yui.sato@example.com","ST04","退会","2026-06-04 15:11:14.833261"
4239,"田中 健太","kenta.tanaka@example.com","ST01","新規","2026-06-04 15:11:14.833261"
4240,"吉田 太郎","taro.yoshida@example.com","ST02","アクティブ","2026-06-04 15:11:14.833261"
4241,"小林 大輔","daisuke.kobayashi@example.com","ST03","非アクティブ","2026-06-04 15:11:14.833261"
4242,"中村 太郎","taro.nakamura@example.com","ST03","非アクティブ","2026-06-04 15:11:14.833261"
4243,"佐藤 翔","sho.sato@example.com","ST03","非アクティブ","2026-06-04 15:11:14.833261"
4244,"中村 太郎","taro.nakamura@example.com","ST03","非アクティブ","2026-06-04 15:11:14.833261"
4245,"加藤 大輔","daisuke.kato@example.com","ST02","アクティブ","2026-06-04 15:11:14.833261"
4246,"中村 拓海","takumi.nakamura@example.com","ST03","非アクティブ","2026-06-04 15:11:14.833261"
4247,"高橋 彩花","ayaka.takahashi@example.com","ST01","新規","2026-06-04 15:11:14.833261"
4248,"小林 蓮","ren.kobayashi@example.com","ST03","非アクティブ","2026-06-04 15:11:14.833261"
4249,"鈴木 陽菜","hina.suzuki@example.com","ST04","退会","2026-06-04 15:11:14.833261"
4250,"伊藤 翔","sho.ito@example.com","ST03","非アクティブ","2026-06-04 15:11:14.833261"
4251,"吉田 拓海","takumi.yoshida@example.com","ST04","退会","2026-06-04 15:11:14.833261"
4252,"加藤 太郎","taro.kato@example.com","ST03","非アクティブ","2026-06-04 15:11:14.833261"
4253,"小林 彩花","ayaka.kobayashi@example.com","ST03","非アクティブ","2026-06-04 15:11:14.833261"
4254,"渡辺 拓海","takumi.watanabe@example.com","ST03","非アクティブ","2026-06-04 15:11:14.833261"
4255,"小林 彩花","ayaka.kobayashi@example.com","ST01","新規","2026-06-04 15:11:14.833261"
4256,"小林 大輔","daisuke.kobayashi@example.com","ST02","アクティブ","2026-06-04 15:11:14.833261"
4257,"渡辺 美咲","misaki.watanabe@example.com","ST04","退会","2026-06-04 15:11:14.833261"
4258,"吉田 陽菜","hina.yoshida@example.com","ST02","アクティブ","2026-06-04 15:11:14.833261"
4259,"山田 太郎","taro.yamada@example.com","ST01","新規","2026-06-04 15:11:14.833261"
4260,"渡辺 美咲","misaki.watanabe@example.com","ST02","アクティブ","2026-06-04 15:11:14.833261"
4261,"中村 健太","kenta.nakamura@example.com","ST04","退会","2026-06-04 15:11:14.833261"
4262,"高橋 悠斗","yuto.takahashi@example.com","ST04","退会","2026-06-04 15:11:14.833261"
4263,"吉田 悠斗","yuto.yoshida@example.com","ST02","アクティブ","2026-06-04 15:11:14.833261"
4264,"山本 美咲","misaki.yamamoto@example.com","ST04","退会","2026-06-04 15:11:14.833261"
4265,"山田 葵","aoi.yamada@example.com","ST02","アクティブ","2026-06-04 15:11:14.833261"
4266,"山田 蓮","ren.yamada@example.com","ST03","非アクティブ","2026-06-04 15:11:14.833261"
4267,"高橋 美咲","misaki.takahashi@example.com","ST04","退会","2026-06-04 15:11:14.833261"
4268,"加藤 悠斗","yuto.kato@example.com","ST04","退会","2026-06-04 15:11:14.833261"
4269,"伊藤 太郎","taro.ito@example.com","ST02","アクティブ","2026-06-04 15:11:14.833261"
4270,"加藤 大輔","daisuke.kato@example.com","ST04","退会","2026-06-04 15:11:14.833261"
4271,"吉田 大輔","daisuke.yoshida@example.com","ST01","新規","2026-06-04 15:11:14.833261"
4272,"渡辺 大輔","daisuke.watanabe@example.com","ST04","退会","2026-06-04 15:11:14.833261"
4273,"加藤 蓮","ren.kato@example.com","ST03","非アクティブ","2026-06-04 15:11:14.833261"
4274,"鈴木 太郎","taro.suzuki@example.com","ST01","新規","2026-06-04 15:11:14.833261"
4275,"加藤 美咲","misaki.kato@example.com","ST02","アクティブ","2026-06-04 15:11:14.833261"
4276,"小林 大輔","daisuke.kobayashi@example.com","ST01","新規","2026-06-04 15:11:14.833261"
4277,"高橋 健太","kenta.takahashi@example.com","ST02","アクティブ","2026-06-04 15:11:14.833261"
4278,"中村 彩花","ayaka.nakamura@example.com","ST04","退会","2026-06-04 15:11:14.833261"
4279,"佐藤 葵","aoi.sato@example.com","ST04","退会","2026-06-04 15:11:14.833261"
4280,"小林 太郎","taro.kobayashi@example.com","ST01","新規","2026-06-04 15:11:14.833261"
4281,"中村 拓海","takumi.nakamura@example.com","ST01","新規","2026-06-04 15:11:14.833261"
4282,"加藤 太郎","taro.kato@example.com","ST01","新規","2026-06-04 15:11:14.833261"
4283,"加藤 彩花","ayaka.kato@example.com","ST01","新規","2026-06-04 15:11:14.833261"
4284,"渡辺 彩花","ayaka.watanabe@example.com","ST04","退会","2026-06-04 15:11:14.833261"
4285,"山本 美咲","misaki.yamamoto@example.com","ST01","新規","2026-06-04 15:11:14.833261"
4286,"吉田 拓海","takumi.yoshida@example.com","ST03","非アクティブ","2026-06-04 15:11:14.833261"
4287,"中村 彩花","ayaka.nakamura@example.com","ST01","新規","2026-06-04 15:11:14.833261"
4288,"加藤 大輔","daisuke.kato@example.com","ST02","アクティブ","2026-06-04 15:11:14.833261"
4289,"佐藤 翔","sho.sato@example.com","ST02","アクティブ","2026-06-04 15:11:14.833261"
4290,"鈴木 葵","aoi.suzuki@example.com","ST03","非アクティブ","2026-06-04 15:11:14.833261"
4291,"伊藤 翔","sho.ito@example.com","ST04","退会","2026-06-04 15:11:14.833261"
4292,"鈴木 彩花","ayaka.suzuki@example.com","ST03","非アクティブ","2026-06-04 15:11:14.833261"
4293,"山田 悠斗","yuto.yamada@example.com","ST01","新規","2026-06-04 15:11:14.833261"
4294,"加藤 彩花","ayaka.kato@example.com","ST04","退会","2026-06-04 15:11:14.833261"
4295,"田中 蓮","ren.tanaka@example.com","ST04","退会","2026-06-04 15:11:14.833261"
4296,"山田 健太","kenta.yamada@example.com","ST03","非アクティブ","2026-06-04 15:11:14.833261"
4297,"高橋 美咲","misaki.takahashi@example.com","ST02","アクティブ","2026-06-04 15:11:14.833261"
4298,"吉田 陽菜","hina.yoshida@example.com","ST02","アクティブ","2026-06-04 15:11:14.833261"
4299,"田中 悠斗","yuto.tanaka@example.com","ST02","アクティブ","2026-06-04 15:11:14.833261"
4300,"吉田 太郎","taro.yoshida@example.com","ST02","アクティブ","2026-06-04 15:11:14.833261"
4301,"鈴木 大輔","daisuke.suzuki@example.com","ST02","アクティブ","2026-06-04 15:11:14.833261"
4302,"山本 陽菜","hina.yamamoto@example.com","ST03","非アクティブ","2026-06-04 15:11:14.833261"
4303,"山田 美咲","misaki.yamada@example.com","ST03","非アクティブ","2026-06-04 15:11:14.833261"
4304,"山本 拓海","takumi.yamamoto@example.com","ST01","新規","2026-06-04 15:11:14.833261"
4305,"伊藤 翔","sho.ito@example.com","ST02","アクティブ","2026-06-04 15:11:14.833261"
4306,"加藤 翔","sho.kato@example.com","ST01","新規","2026-06-04 15:11:14.833261"
4307,"中村 結衣","yui.nakamura@example.com","ST01","新規","2026-06-04 15:11:14.833261"
4308,"山本 翔","sho.yamamoto@example.com","ST04","退会","2026-06-04 15:11:14.833261"
4309,"吉田 葵","aoi.yoshida@example.com","ST04","退会","2026-06-04 15:11:14.833261"
4310,"吉田 彩花","ayaka.yoshida@example.com","ST04","退会","2026-06-04 15:11:14.833261"
4311,"山田 健太","kenta.yamada@example.com","ST03","非アクティブ","2026-06-04 15:11:14.833261"
4312,"小林 拓海","takumi.kobayashi@example.com","ST01","新規","2026-06-04 15:11:14.833261"
4313,"吉田 大輔","daisuke.yoshida@example.com","ST02","アクティブ","2026-06-04 15:11:14.833261"
4314,"吉田 大輔","daisuke.yoshida@example.com","ST02","アクティブ","2026-06-04 15:11:14.833261"
4315,"鈴木 美咲","misaki.suzuki@example.com","ST02","アクティブ","2026-06-04 15:11:14.833261"
4316,"佐藤 悠斗","yuto.sato@example.com","ST02","アクティブ","2026-06-04 15:11:14.833261"
4317,"吉田 悠斗","yuto.yoshida@example.com","ST02","アクティブ","2026-06-04 15:11:14.833261"
4318,"山田 大輔","daisuke.yamada@example.com","ST01","新規","2026-06-04 15:11:14.833261"
4319,"中村 陽菜","hina.nakamura@example.com","ST02","アクティブ","2026-06-04 15:11:14.833261"
4320,"小林 拓海","takumi.kobayashi@example.com","ST04","退会","2026-06-04 15:11:14.833261"
4321,"山本 葵","aoi.yamamoto@example.com","ST01","新規","2026-06-04 15:11:14.833261"
4322,"渡辺 美咲","misaki.watanabe@example.com","ST04","退会","2026-06-04 15:11:14.833261"
4323,"吉田 美咲","misaki.yoshida@example.com","ST04","退会","2026-06-04 15:11:14.833261"
4324,"渡辺 翔","sho.watanabe@example.com","ST03","非アクティブ","2026-06-04 15:11:14.833261"
4325,"山田 蓮","ren.yamada@example.com","ST01","新規","2026-06-04 15:11:14.833261"
4326,"佐藤 陽菜","hina.sato@example.com","ST01","新規","2026-06-04 15:11:14.833261"
4327,"中村 悠斗","yuto.nakamura@example.com","ST04","退会","2026-06-04 15:11:14.833261"
4328,"高橋 大輔","daisuke.takahashi@example.com","ST03","非アクティブ","2026-06-04 15:11:14.833261"
4329,"中村 蓮","ren.nakamura@example.com","ST01","新規","2026-06-04 15:11:14.833261"
4330,"中村 結衣","yui.nakamura@example.com","ST03","非アクティブ","2026-06-04 15:11:14.833261"
4331,"高橋 大輔","daisuke.takahashi@example.com","ST04","退会","2026-06-04 15:11:14.833261"
4332,"伊藤 彩花","ayaka.ito@example.com","ST03","非アクティブ","2026-06-04 15:11:14.833261"
4333,"田中 葵","aoi.tanaka@example.com","ST03","非アクティブ","2026-06-04 15:11:14.833261"
4334,"渡辺 翔","sho.watanabe@example.com","ST01","新規","2026-06-04 15:11:14.833261"
4335,"中村 健太","kenta.nakamura@example.com","ST02","アクティブ","2026-06-04 15:11:14.833261"
4336,"佐藤 健太","kenta.sato@example.com","ST02","アクティブ","2026-06-04 15:11:14.833261"
4337,"吉田 美咲","misaki.yoshida@example.com","ST01","新規","2026-06-04 15:11:14.833261"
4338,"鈴木 彩花","ayaka.suzuki@example.com","ST04","退会","2026-06-04 15:11:14.833261"
4339,"鈴木 蓮","ren.suzuki@example.com","ST02","アクティブ","2026-06-04 15:11:14.833261"
4340,"伊藤 太郎","taro.ito@example.com","ST01","新規","2026-06-04 15:11:14.833261"
4341,"高橋 蓮","ren.takahashi@example.com","ST01","新規","2026-06-04 15:11:14.833261"
4342,"山田 陽菜","hina.yamada@example.com","ST04","退会","2026-06-04 15:11:14.833261"
4343,"山本 陽菜","hina.yamamoto@example.com","ST01","新規","2026-06-04 15:11:14.833261"
4344,"高橋 太郎","taro.takahashi@example.com","ST04","退会","2026-06-04 15:11:14.833261"
4345,"鈴木 陽菜","hina.suzuki@example.com","ST04","退会","2026-06-04 15:11:14.833261"
4346,"鈴木 結衣","yui.suzuki@example.com","ST04","退会","2026-06-04 15:11:14.833261"
4347,"山田 葵","aoi.yamada@example.com","ST03","非アクティブ","2026-06-04 15:11:14.833261"
4348,"渡辺 太郎","taro.watanabe@example.com","ST02","アクティブ","2026-06-04 15:11:14.833261"
4349,"吉田 結衣","yui.yoshida@example.com","ST01","新規","2026-06-04 15:11:14.833261"
4350,"田中 美咲","misaki.tanaka@example.com","ST04","退会","2026-06-04 15:11:14.833261"
4351,"伊藤 美咲","misaki.ito@example.com","ST03","非アクティブ","2026-06-04 15:11:14.833261"
4352,"吉田 健太","kenta.yoshida@example.com","ST02","アクティブ","2026-06-04 15:11:14.833261"
4353,"山田 太郎","taro.yamada@example.com","ST04","退会","2026-06-04 15:11:14.833261"
4354,"小林 翔","sho.kobayashi@example.com","ST02","アクティブ","2026-06-04 15:11:14.833261"
4355,"加藤 蓮","ren.kato@example.com","ST04","退会","2026-06-04 15:11:14.833261"
4356,"佐藤 彩花","ayaka.sato@example.com","ST02","アクティブ","2026-06-04 15:11:14.833261"
4357,"山田 大輔","daisuke.yamada@example.com","ST04","退会","2026-06-04 15:11:14.833261"
4358,"鈴木 太郎","taro.suzuki@example.com","ST01","新規","2026-06-04 15:11:14.833261"
4359,"吉田 翔","sho.yoshida@example.com","ST01","新規","2026-06-04 15:11:14.833261"
4360,"山田 太郎","taro.yamada@example.com","ST04","退会","2026-06-04 15:11:14.833261"
4361,"小林 拓海","takumi.kobayashi@example.com","ST02","アクティブ","2026-06-04 15:11:14.833261"
4362,"吉田 結衣","yui.yoshida@example.com","ST03","非アクティブ","2026-06-04 15:11:14.833261"
4363,"小林 悠斗","yuto.kobayashi@example.com","ST01","新規","2026-06-04 15:11:14.833261"
4364,"田中 結衣","yui.tanaka@example.com","ST03","非アクティブ","2026-06-04 15:11:14.833261"
4365,"高橋 健太","kenta.takahashi@example.com","ST04","退会","2026-06-04 15:11:14.833261"
4366,"高橋 悠斗","yuto.takahashi@example.com","ST01","新規","2026-06-04 15:11:14.833261"
4367,"山田 蓮","ren.yamada@example.com","ST02","アクティブ","2026-06-04 15:11:14.833261"
4368,"伊藤 陽菜","hina.ito@example.com","ST04","退会","2026-06-04 15:11:14.833261"
4369,"山本 美咲","misaki.yamamoto@example.com","ST01","新規","2026-06-04 15:11:14.833261"
4370,"渡辺 葵","aoi.watanabe@example.com","ST01","新規","2026-06-04 15:11:14.833261"
4371,"山本 結衣","yui.yamamoto@example.com","ST04","退会","2026-06-04 15:11:14.833261"
4372,"中村 大輔","daisuke.nakamura@example.com","ST02","アクティブ","2026-06-04 15:11:14.833261"
4373,"中村 太郎","taro.nakamura@example.com","ST03","非アクティブ","2026-06-04 15:11:14.833261"
4374,"高橋 葵","aoi.takahashi@example.com","ST04","退会","2026-06-04 15:11:14.833261"
4375,"加藤 結衣","yui.kato@example.com","ST01","新規","2026-06-04 15:11:14.833261"
4376,"吉田 大輔","daisuke.yoshida@example.com","ST02","アクティブ","2026-06-04 15:11:14.833261"
4377,"吉田 陽菜","hina.yoshida@example.com","ST02","アクティブ","2026-06-04 15:11:14.833261"
4378,"鈴木 太郎","taro.suzuki@example.com","ST03","非アクティブ","2026-06-04 15:11:14.833261"
4379,"佐藤 太郎","taro.sato@example.com","ST02","アクティブ","2026-06-04 15:11:14.833261"
4380,"高橋 葵","aoi.takahashi@example.com","ST01","新規","2026-06-04 15:11:14.833261"
4381,"中村 結衣","yui.nakamura@example.com","ST03","非アクティブ","2026-06-04 15:11:14.833261"
4382,"伊藤 陽菜","hina.ito@example.com","ST04","退会","2026-06-04 15:11:14.833261"
4383,"伊藤 彩花","ayaka.ito@example.com","ST04","退会","2026-06-04 15:11:14.833261"
4384,"中村 翔","sho.nakamura@example.com","ST01","新規","2026-06-04 15:11:14.833261"
4385,"中村 美咲","misaki.nakamura@example.com","ST03","非アクティブ","2026-06-04 15:11:14.833261"
4386,"加藤 翔","sho.kato@example.com","ST02","アクティブ","2026-06-04 15:11:14.833261"
4387,"鈴木 悠斗","yuto.suzuki@example.com","ST02","アクティブ","2026-06-04 15:11:14.833261"
4388,"田中 彩花","ayaka.tanaka@example.com","ST03","非アクティブ","2026-06-04 15:11:14.833261"
4389,"渡辺 蓮","ren.watanabe@example.com","ST03","非アクティブ","2026-06-04 15:11:14.833261"
4390,"山田 拓海","takumi.yamada@example.com","ST03","非アクティブ","2026-06-04 15:11:14.833261"
4391,"伊藤 陽菜","hina.ito@example.com","ST01","新規","2026-06-04 15:11:14.833261"
4392,"小林 陽菜","hina.kobayashi@example.com","ST02","アクティブ","2026-06-04 15:11:14.833261"
4393,"中村 陽菜","hina.nakamura@example.com","ST04","退会","2026-06-04 15:11:14.833261"
4394,"小林 大輔","daisuke.kobayashi@example.com","ST03","非アクティブ","2026-06-04 15:11:14.833261"
4395,"渡辺 太郎","taro.watanabe@example.com","ST01","新規","2026-06-04 15:11:14.833261"
4396,"山本 翔","sho.yamamoto@example.com","ST03","非アクティブ","2026-06-04 15:11:14.833261"
4397,"高橋 葵","aoi.takahashi@example.com","ST01","新規","2026-06-04 15:11:14.833261"
4398,"加藤 蓮","ren.kato@example.com","ST02","アクティブ","2026-06-04 15:11:14.833261"
4399,"吉田 美咲","misaki.yoshida@example.com","ST01","新規","2026-06-04 15:11:14.833261"
4400,"田中 彩花","ayaka.tanaka@example.com","ST01","新規","2026-06-04 15:11:14.833261"
4401,"渡辺 健太","kenta.watanabe@example.com","ST03","非アクティブ","2026-06-04 15:11:14.833261"
4402,"田中 健太","kenta.tanaka@example.com","ST03","非アクティブ","2026-06-04 15:11:14.833261"
4403,"中村 結衣","yui.nakamura@example.com","ST02","アクティブ","2026-06-04 15:11:14.833261"
4404,"山田 陽菜","hina.yamada@example.com","ST01","新規","2026-06-04 15:11:14.833261"
4405,"加藤 健太","kenta.kato@example.com","ST02","アクティブ","2026-06-04 15:11:14.833261"
4406,"中村 太郎","taro.nakamura@example.com","ST04","退会","2026-06-04 15:11:14.833261"
4407,"中村 陽菜","hina.nakamura@example.com","ST02","アクティブ","2026-06-04 15:11:14.833261"
4408,"高橋 結衣","yui.takahashi@example.com","ST02","アクティブ","2026-06-04 15:11:14.833261"
4409,"中村 美咲","misaki.nakamura@example.com","ST04","退会","2026-06-04 15:11:14.833261"
4410,"高橋 陽菜","hina.takahashi@example.com","ST03","非アクティブ","2026-06-04 15:11:14.833261"
4411,"山田 翔","sho.yamada@example.com","ST03","非アクティブ","2026-06-04 15:11:14.833261"
4412,"山田 美咲","misaki.yamada@example.com","ST04","退会","2026-06-04 15:11:14.833261"
4413,"佐藤 健太","kenta.sato@example.com","ST02","アクティブ","2026-06-04 15:11:14.833261"
4414,"加藤 結衣","yui.kato@example.com","ST04","退会","2026-06-04 15:11:14.833261"
4415,"加藤 彩花","ayaka.kato@example.com","ST02","アクティブ","2026-06-04 15:11:14.833261"
4416,"高橋 悠斗","yuto.takahashi@example.com","ST02","アクティブ","2026-06-04 15:11:14.833261"
4417,"山田 悠斗","yuto.yamada@example.com","ST01","新規","2026-06-04 15:11:14.833261"
4418,"加藤 悠斗","yuto.kato@example.com","ST04","退会","2026-06-04 15:11:14.833261"
4419,"小林 悠斗","yuto.kobayashi@example.com","ST02","アクティブ","2026-06-04 15:11:14.833261"
4420,"山本 彩花","ayaka.yamamoto@example.com","ST04","退会","2026-06-04 15:11:14.833261"
4421,"渡辺 葵","aoi.watanabe@example.com","ST01","新規","2026-06-04 15:11:14.833261"
4422,"鈴木 健太","kenta.suzuki@example.com","ST01","新規","2026-06-04 15:11:14.833261"
4423,"加藤 太郎","taro.kato@example.com","ST01","新規","2026-06-04 15:11:14.833261"
4424,"山本 結衣","yui.yamamoto@example.com","ST04","退会","2026-06-04 15:11:14.833261"
4425,"高橋 美咲","misaki.takahashi@example.com","ST01","新規","2026-06-04 15:11:14.833261"
4426,"鈴木 蓮","ren.suzuki@example.com","ST01","新規","2026-06-04 15:11:14.833261"
4427,"佐藤 陽菜","hina.sato@example.com","ST01","新規","2026-06-04 15:11:14.833261"
4428,"高橋 美咲","misaki.takahashi@example.com","ST02","アクティブ","2026-06-04 15:11:14.833261"
4429,"佐藤 太郎","taro.sato@example.com","ST04","退会","2026-06-04 15:11:14.833261"
4430,"渡辺 健太","kenta.watanabe@example.com","ST02","アクティブ","2026-06-04 15:11:14.833261"
4431,"鈴木 美咲","misaki.suzuki@example.com","ST01","新規","2026-06-04 15:11:14.833261"
4432,"田中 翔","sho.tanaka@example.com","ST01","新規","2026-06-04 15:11:14.833261"
4433,"渡辺 葵","aoi.watanabe@example.com","ST01","新規","2026-06-04 15:11:14.833261"
4434,"山田 結衣","yui.yamada@example.com","ST01","新規","2026-06-04 15:11:14.833261"
4435,"山本 大輔","daisuke.yamamoto@example.com","ST04","退会","2026-06-04 15:11:14.833261"
4436,"山本 陽菜","hina.yamamoto@example.com","ST01","新規","2026-06-04 15:11:14.833261"
4437,"山本 健太","kenta.yamamoto@example.com","ST01","新規","2026-06-04 15:11:14.833261"
4438,"鈴木 大輔","daisuke.suzuki@example.com","ST04","退会","2026-06-04 15:11:14.833261"
4439,"山田 蓮","ren.yamada@example.com","ST01","新規","2026-06-04 15:11:14.833261"
4440,"渡辺 蓮","ren.watanabe@example.com","ST03","非アクティブ","2026-06-04 15:11:14.833261"
4441,"小林 翔","sho.kobayashi@example.com","ST02","アクティブ","2026-06-04 15:11:14.833261"
4442,"吉田 蓮","ren.yoshida@example.com","ST02","アクティブ","2026-06-04 15:11:14.833261"
4443,"山本 拓海","takumi.yamamoto@example.com","ST01","新規","2026-06-04 15:11:14.833261"
4444,"佐藤 蓮","ren.sato@example.com","ST03","非アクティブ","2026-06-04 15:11:14.833261"
4445,"鈴木 太郎","taro.suzuki@example.com","ST03","非アクティブ","2026-06-04 15:11:14.833261"
4446,"加藤 陽菜","hina.kato@example.com","ST03","非アクティブ","2026-06-04 15:11:14.833261"
4447,"山本 大輔","daisuke.yamamoto@example.com","ST03","非アクティブ","2026-06-04 15:11:14.833261"
4448,"加藤 悠斗","yuto.kato@example.com","ST04","退会","2026-06-04 15:11:14.833261"
4449,"田中 翔","sho.tanaka@example.com","ST03","非アクティブ","2026-06-04 15:11:14.833261"
4450,"山田 拓海","takumi.yamada@example.com","ST04","退会","2026-06-04 15:11:14.833261"
4451,"吉田 拓海","takumi.yoshida@example.com","ST04","退会","2026-06-04 15:11:14.833261"
4452,"山田 大輔","daisuke.yamada@example.com","ST02","アクティブ","2026-06-04 15:11:14.833261"
4453,"鈴木 美咲","misaki.suzuki@example.com","ST02","アクティブ","2026-06-04 15:11:14.833261"
4454,"高橋 大輔","daisuke.takahashi@example.com","ST02","アクティブ","2026-06-04 15:11:14.833261"
4455,"中村 悠斗","yuto.nakamura@example.com","ST04","退会","2026-06-04 15:11:14.833261"
4456,"渡辺 悠斗","yuto.watanabe@example.com","ST03","非アクティブ","2026-06-04 15:11:14.833261"
4457,"田中 大輔","daisuke.tanaka@example.com","ST04","退会","2026-06-04 15:11:14.833261"
4458,"中村 陽菜","hina.nakamura@example.com","ST02","アクティブ","2026-06-04 15:11:14.833261"
4459,"鈴木 美咲","misaki.suzuki@example.com","ST01","新規","2026-06-04 15:11:14.833261"
4460,"山田 太郎","taro.yamada@example.com","ST01","新規","2026-06-04 15:11:14.833261"
4461,"鈴木 陽菜","hina.suzuki@example.com","ST01","新規","2026-06-04 15:11:14.833261"
4462,"鈴木 葵","aoi.suzuki@example.com","ST02","アクティブ","2026-06-04 15:11:14.833261"
4463,"佐藤 美咲","misaki.sato@example.com","ST04","退会","2026-06-04 15:11:14.833261"
4464,"吉田 蓮","ren.yoshida@example.com","ST02","アクティブ","2026-06-04 15:11:14.833261"
4465,"渡辺 悠斗","yuto.watanabe@example.com","ST01","新規","2026-06-04 15:11:14.833261"
4466,"山田 太郎","taro.yamada@example.com","ST03","非アクティブ","2026-06-04 15:11:14.833261"
4467,"中村 美咲","misaki.nakamura@example.com","ST02","アクティブ","2026-06-04 15:11:14.833261"
4468,"中村 美咲","misaki.nakamura@example.com","ST04","退会","2026-06-04 15:11:14.833261"
4469,"山本 翔","sho.yamamoto@example.com","ST03","非アクティブ","2026-06-04 15:11:14.833261"
4470,"中村 大輔","daisuke.nakamura@example.com","ST02","アクティブ","2026-06-04 15:11:14.833261"
4471,"山田 陽菜","hina.yamada@example.com","ST03","非アクティブ","2026-06-04 15:11:14.833261"
4472,"鈴木 健太","kenta.suzuki@example.com","ST01","新規","2026-06-04 15:11:14.833261"
4473,"中村 蓮","ren.nakamura@example.com","ST04","退会","2026-06-04 15:11:14.833261"
4474,"吉田 拓海","takumi.yoshida@example.com","ST03","非アクティブ","2026-06-04 15:11:14.833261"
4475,"吉田 蓮","ren.yoshida@example.com","ST01","新規","2026-06-04 15:11:14.833261"
4476,"山本 健太","kenta.yamamoto@example.com","ST02","アクティブ","2026-06-04 15:11:14.833261"
4477,"山本 結衣","yui.yamamoto@example.com","ST03","非アクティブ","2026-06-04 15:11:14.833261"
4478,"山田 翔","sho.yamada@example.com","ST03","非アクティブ","2026-06-04 15:11:14.833261"
4479,"山田 蓮","ren.yamada@example.com","ST04","退会","2026-06-04 15:11:14.833261"
4480,"山田 陽菜","hina.yamada@example.com","ST02","アクティブ","2026-06-04 15:11:14.833261"
4481,"山田 健太","kenta.yamada@example.com","ST01","新規","2026-06-04 15:11:14.833261"
4482,"渡辺 拓海","takumi.watanabe@example.com","ST02","アクティブ","2026-06-04 15:11:14.833261"
4483,"佐藤 彩花","ayaka.sato@example.com","ST01","新規","2026-06-04 15:11:14.833261"
4484,"山本 拓海","takumi.yamamoto@example.com","ST04","退会","2026-06-04 15:11:14.833261"
4485,"佐藤 美咲","misaki.sato@example.com","ST04","退会","2026-06-04 15:11:14.833261"
4486,"中村 悠斗","yuto.nakamura@example.com","ST03","非アクティブ","2026-06-04 15:11:14.833261"
4487,"佐藤 健太","kenta.sato@example.com","ST04","退会","2026-06-04 15:11:14.833261"
4488,"山本 結衣","yui.yamamoto@example.com","ST02","アクティブ","2026-06-04 15:11:14.833261"
4489,"吉田 葵","aoi.yoshida@example.com","ST02","アクティブ","2026-06-04 15:11:14.833261"
4490,"山本 太郎","taro.yamamoto@example.com","ST03","非アクティブ","2026-06-04 15:11:14.833261"
4491,"吉田 陽菜","hina.yoshida@example.com","ST03","非アクティブ","2026-06-04 15:11:14.833261"
4492,"小林 大輔","daisuke.kobayashi@example.com","ST03","非アクティブ","2026-06-04 15:11:14.833261"
4493,"田中 拓海","takumi.tanaka@example.com","ST03","非アクティブ","2026-06-04 15:11:14.833261"
4494,"佐藤 太郎","taro.sato@example.com","ST02","アクティブ","2026-06-04 15:11:14.833261"
4495,"吉田 拓海","takumi.yoshida@example.com","ST03","非アクティブ","2026-06-04 15:11:14.833261"
4496,"高橋 大輔","daisuke.takahashi@example.com","ST01","新規","2026-06-04 15:11:14.833261"
4497,"小林 翔","sho.kobayashi@example.com","ST01","新規","2026-06-04 15:11:14.833261"
4498,"吉田 健太","kenta.yoshida@example.com","ST03","非アクティブ","2026-06-04 15:11:14.833261"
4499,"中村 葵","aoi.nakamura@example.com","ST01","新規","2026-06-04 15:11:14.833261"
4500,"伊藤 翔","sho.ito@example.com","ST01","新規","2026-06-04 15:11:14.833261"
4501,"山田 彩花","ayaka.yamada@example.com","ST01","新規","2026-06-04 15:11:14.833261"
4502,"小林 結衣","yui.kobayashi@example.com","ST01","新規","2026-06-04 15:11:14.833261"
4503,"加藤 拓海","takumi.kato@example.com","ST04","退会","2026-06-04 15:11:14.833261"
4504,"伊藤 健太","kenta.ito@example.com","ST04","退会","2026-06-04 15:11:14.833261"
4505,"佐藤 大輔","daisuke.sato@example.com","ST03","非アクティブ","2026-06-04 15:11:14.833261"
4506,"佐藤 拓海","takumi.sato@example.com","ST03","非アクティブ","2026-06-04 15:11:14.833261"
4507,"小林 大輔","daisuke.kobayashi@example.com","ST01","新規","2026-06-04 15:11:14.833261"
4508,"高橋 彩花","ayaka.takahashi@example.com","ST03","非アクティブ","2026-06-04 15:11:14.833261"
4509,"中村 大輔","daisuke.nakamura@example.com","ST02","アクティブ","2026-06-04 15:11:14.833261"
4510,"鈴木 大輔","daisuke.suzuki@example.com","ST01","新規","2026-06-04 15:11:14.833261"
4511,"伊藤 結衣","yui.ito@example.com","ST03","非アクティブ","2026-06-04 15:11:14.833261"
4512,"小林 拓海","takumi.kobayashi@example.com","ST04","退会","2026-06-04 15:11:14.833261"
4513,"佐藤 彩花","ayaka.sato@example.com","ST03","非アクティブ","2026-06-04 15:11:14.833261"
4514,"山本 健太","kenta.yamamoto@example.com","ST02","アクティブ","2026-06-04 15:11:14.833261"
4515,"中村 葵","aoi.nakamura@example.com","ST01","新規","2026-06-04 15:11:14.833261"
4516,"鈴木 彩花","ayaka.suzuki@example.com","ST03","非アクティブ","2026-06-04 15:11:14.833261"
4517,"加藤 葵","aoi.kato@example.com","ST04","退会","2026-06-04 15:11:14.833261"
4518,"山本 葵","aoi.yamamoto@example.com","ST02","アクティブ","2026-06-04 15:11:14.833261"
4519,"佐藤 陽菜","hina.sato@example.com","ST04","退会","2026-06-04 15:11:14.833261"
4520,"山田 太郎","taro.yamada@example.com","ST04","退会","2026-06-04 15:11:14.833261"
4521,"吉田 結衣","yui.yoshida@example.com","ST02","アクティブ","2026-06-04 15:11:14.833261"
4522,"中村 陽菜","hina.nakamura@example.com","ST01","新規","2026-06-04 15:11:14.833261"
4523,"伊藤 彩花","ayaka.ito@example.com","ST02","アクティブ","2026-06-04 15:11:14.833261"
4524,"渡辺 健太","kenta.watanabe@example.com","ST04","退会","2026-06-04 15:11:14.833261"
4525,"伊藤 彩花","ayaka.ito@example.com","ST01","新規","2026-06-04 15:11:14.833261"
4526,"渡辺 翔","sho.watanabe@example.com","ST01","新規","2026-06-04 15:11:14.833261"
4527,"佐藤 美咲","misaki.sato@example.com","ST01","新規","2026-06-04 15:11:14.833261"
4528,"高橋 健太","kenta.takahashi@example.com","ST04","退会","2026-06-04 15:11:14.833261"
4529,"鈴木 健太","kenta.suzuki@example.com","ST02","アクティブ","2026-06-04 15:11:14.833261"
4530,"山田 健太","kenta.yamada@example.com","ST03","非アクティブ","2026-06-04 15:11:14.833261"
4531,"田中 翔","sho.tanaka@example.com","ST04","退会","2026-06-04 15:11:14.833261"
4532,"伊藤 蓮","ren.ito@example.com","ST03","非アクティブ","2026-06-04 15:11:14.833261"
4533,"田中 拓海","takumi.tanaka@example.com","ST04","退会","2026-06-04 15:11:14.833261"
4534,"鈴木 結衣","yui.suzuki@example.com","ST03","非アクティブ","2026-06-04 15:11:14.833261"
4535,"小林 彩花","ayaka.kobayashi@example.com","ST02","アクティブ","2026-06-04 15:11:14.833261"
4536,"小林 彩花","ayaka.kobayashi@example.com","ST04","退会","2026-06-04 15:11:14.833261"
4537,"高橋 結衣","yui.takahashi@example.com","ST03","非アクティブ","2026-06-04 15:11:14.833261"
4538,"渡辺 結衣","yui.watanabe@example.com","ST04","退会","2026-06-04 15:11:14.833261"
4539,"渡辺 翔","sho.watanabe@example.com","ST04","退会","2026-06-04 15:11:14.833261"
4540,"伊藤 陽菜","hina.ito@example.com","ST01","新規","2026-06-04 15:11:14.833261"
4541,"小林 拓海","takumi.kobayashi@example.com","ST02","アクティブ","2026-06-04 15:11:14.833261"
4542,"佐藤 太郎","taro.sato@example.com","ST04","退会","2026-06-04 15:11:14.833261"
4543,"渡辺 葵","aoi.watanabe@example.com","ST04","退会","2026-06-04 15:11:14.833261"
4544,"鈴木 彩花","ayaka.suzuki@example.com","ST03","非アクティブ","2026-06-04 15:11:14.833261"
4545,"山本 彩花","ayaka.yamamoto@example.com","ST01","新規","2026-06-04 15:11:14.833261"
4546,"山田 彩花","ayaka.yamada@example.com","ST02","アクティブ","2026-06-04 15:11:14.833261"
4547,"加藤 翔","sho.kato@example.com","ST02","アクティブ","2026-06-04 15:11:14.833261"
4548,"高橋 健太","kenta.takahashi@example.com","ST02","アクティブ","2026-06-04 15:11:14.833261"
4549,"鈴木 彩花","ayaka.suzuki@example.com","ST01","新規","2026-06-04 15:11:14.833261"
4550,"加藤 翔","sho.kato@example.com","ST02","アクティブ","2026-06-04 15:11:14.833261"
4551,"鈴木 太郎","taro.suzuki@example.com","ST03","非アクティブ","2026-06-04 15:11:14.833261"
4552,"中村 拓海","takumi.nakamura@example.com","ST04","退会","2026-06-04 15:11:14.833261"
4553,"加藤 結衣","yui.kato@example.com","ST04","退会","2026-06-04 15:11:14.833261"
4554,"田中 太郎","taro.tanaka@example.com","ST02","アクティブ","2026-06-04 15:11:14.833261"
4555,"鈴木 健太","kenta.suzuki@example.com","ST03","非アクティブ","2026-06-04 15:11:14.833261"
4556,"山田 葵","aoi.yamada@example.com","ST02","アクティブ","2026-06-04 15:11:14.833261"
4557,"渡辺 葵","aoi.watanabe@example.com","ST01","新規","2026-06-04 15:11:14.833261"
4558,"小林 拓海","takumi.kobayashi@example.com","ST01","新規","2026-06-04 15:11:14.833261"
4559,"吉田 大輔","daisuke.yoshida@example.com","ST01","新規","2026-06-04 15:11:14.833261"
4560,"高橋 結衣","yui.takahashi@example.com","ST02","アクティブ","2026-06-04 15:11:14.833261"
4561,"佐藤 太郎","taro.sato@example.com","ST01","新規","2026-06-04 15:11:14.833261"
4562,"田中 翔","sho.tanaka@example.com","ST04","退会","2026-06-04 15:11:14.833261"
4563,"中村 結衣","yui.nakamura@example.com","ST03","非アクティブ","2026-06-04 15:11:14.833261"
4564,"鈴木 葵","aoi.suzuki@example.com","ST04","退会","2026-06-04 15:11:14.833261"
4565,"加藤 結衣","yui.kato@example.com","ST04","退会","2026-06-04 15:11:14.833261"
4566,"田中 彩花","ayaka.tanaka@example.com","ST02","アクティブ","2026-06-04 15:11:14.833261"
4567,"伊藤 美咲","misaki.ito@example.com","ST04","退会","2026-06-04 15:11:14.833261"
4568,"田中 健太","kenta.tanaka@example.com","ST04","退会","2026-06-04 15:11:14.833261"
4569,"鈴木 健太","kenta.suzuki@example.com","ST01","新規","2026-06-04 15:11:14.833261"
4570,"渡辺 彩花","ayaka.watanabe@example.com","ST02","アクティブ","2026-06-04 15:11:14.833261"
4571,"吉田 健太","kenta.yoshida@example.com","ST04","退会","2026-06-04 15:11:14.833261"
4572,"吉田 陽菜","hina.yoshida@example.com","ST02","アクティブ","2026-06-04 15:11:14.833261"
4573,"吉田 健太","kenta.yoshida@example.com","ST01","新規","2026-06-04 15:11:14.833261"
4574,"小林 陽菜","hina.kobayashi@example.com","ST04","退会","2026-06-04 15:11:14.833261"
4575,"高橋 蓮","ren.takahashi@example.com","ST02","アクティブ","2026-06-04 15:11:14.833261"
4576,"中村 葵","aoi.nakamura@example.com","ST02","アクティブ","2026-06-04 15:11:14.833261"
4577,"加藤 健太","kenta.kato@example.com","ST04","退会","2026-06-04 15:11:14.833261"
4578,"加藤 葵","aoi.kato@example.com","ST01","新規","2026-06-04 15:11:14.833261"
4579,"中村 拓海","takumi.nakamura@example.com","ST03","非アクティブ","2026-06-04 15:11:14.833261"
4580,"高橋 彩花","ayaka.takahashi@example.com","ST04","退会","2026-06-04 15:11:14.833261"
4581,"加藤 大輔","daisuke.kato@example.com","ST01","新規","2026-06-04 15:11:14.833261"
4582,"中村 健太","kenta.nakamura@example.com","ST02","アクティブ","2026-06-04 15:11:14.833261"
4583,"山本 陽菜","hina.yamamoto@example.com","ST04","退会","2026-06-04 15:11:14.833261"
4584,"渡辺 葵","aoi.watanabe@example.com","ST04","退会","2026-06-04 15:11:14.833261"
4585,"加藤 太郎","taro.kato@example.com","ST01","新規","2026-06-04 15:11:14.833261"
4586,"山本 蓮","ren.yamamoto@example.com","ST03","非アクティブ","2026-06-04 15:11:14.833261"
4587,"田中 太郎","taro.tanaka@example.com","ST03","非アクティブ","2026-06-04 15:11:14.833261"
4588,"佐藤 太郎","taro.sato@example.com","ST03","非アクティブ","2026-06-04 15:11:14.833261"
4589,"佐藤 陽菜","hina.sato@example.com","ST03","非アクティブ","2026-06-04 15:11:14.833261"
4590,"鈴木 大輔","daisuke.suzuki@example.com","ST02","アクティブ","2026-06-04 15:11:14.833261"
4591,"鈴木 美咲","misaki.suzuki@example.com","ST01","新規","2026-06-04 15:11:14.833261"
4592,"佐藤 悠斗","yuto.sato@example.com","ST04","退会","2026-06-04 15:11:14.833261"
4593,"佐藤 太郎","taro.sato@example.com","ST04","退会","2026-06-04 15:11:14.833261"
4594,"渡辺 葵","aoi.watanabe@example.com","ST03","非アクティブ","2026-06-04 15:11:14.833261"
4595,"加藤 蓮","ren.kato@example.com","ST02","アクティブ","2026-06-04 15:11:14.833261"
4596,"伊藤 陽菜","hina.ito@example.com","ST02","アクティブ","2026-06-04 15:11:14.833261"
4597,"田中 葵","aoi.tanaka@example.com","ST02","アクティブ","2026-06-04 15:11:14.833261"
4598,"加藤 蓮","ren.kato@example.com","ST04","退会","2026-06-04 15:11:14.833261"
4599,"加藤 健太","kenta.kato@example.com","ST04","退会","2026-06-04 15:11:14.833261"
4600,"小林 美咲","misaki.kobayashi@example.com","ST04","退会","2026-06-04 15:11:14.833261"
4601,"山本 大輔","daisuke.yamamoto@example.com","ST04","退会","2026-06-04 15:11:14.833261"
4602,"高橋 結衣","yui.takahashi@example.com","ST01","新規","2026-06-04 15:11:14.833261"
4603,"渡辺 陽菜","hina.watanabe@example.com","ST03","非アクティブ","2026-06-04 15:11:14.833261"
4604,"吉田 葵","aoi.yoshida@example.com","ST03","非アクティブ","2026-06-04 15:11:14.833261"
4605,"中村 葵","aoi.nakamura@example.com","ST01","新規","2026-06-04 15:11:14.833261"
4606,"山田 大輔","daisuke.yamada@example.com","ST03","非アクティブ","2026-06-04 15:11:14.833261"
4607,"山田 結衣","yui.yamada@example.com","ST02","アクティブ","2026-06-04 15:11:14.833261"
4608,"加藤 蓮","ren.kato@example.com","ST03","非アクティブ","2026-06-04 15:11:14.833261"
4609,"吉田 葵","aoi.yoshida@example.com","ST04","退会","2026-06-04 15:11:14.833261"
4610,"加藤 拓海","takumi.kato@example.com","ST04","退会","2026-06-04 15:11:14.833261"
4611,"山田 陽菜","hina.yamada@example.com","ST04","退会","2026-06-04 15:11:14.833261"
4612,"伊藤 翔","sho.ito@example.com","ST02","アクティブ","2026-06-04 15:11:14.833261"
4613,"佐藤 拓海","takumi.sato@example.com","ST01","新規","2026-06-04 15:11:14.833261"
4614,"佐藤 拓海","takumi.sato@example.com","ST03","非アクティブ","2026-06-04 15:11:14.833261"
4615,"渡辺 結衣","yui.watanabe@example.com","ST03","非アクティブ","2026-06-04 15:11:14.833261"
4616,"山田 結衣","yui.yamada@example.com","ST02","アクティブ","2026-06-04 15:11:14.833261"
4617,"鈴木 悠斗","yuto.suzuki@example.com","ST02","アクティブ","2026-06-04 15:11:14.833261"
4618,"伊藤 太郎","taro.ito@example.com","ST02","アクティブ","2026-06-04 15:11:14.833261"
4619,"小林 太郎","taro.kobayashi@example.com","ST03","非アクティブ","2026-06-04 15:11:14.833261"
4620,"高橋 葵","aoi.takahashi@example.com","ST02","アクティブ","2026-06-04 15:11:14.833261"
4621,"山本 蓮","ren.yamamoto@example.com","ST03","非アクティブ","2026-06-04 15:11:14.833261"
4622,"鈴木 翔","sho.suzuki@example.com","ST04","退会","2026-06-04 15:11:14.833261"
4623,"田中 彩花","ayaka.tanaka@example.com","ST02","アクティブ","2026-06-04 15:11:14.833261"
4624,"吉田 悠斗","yuto.yoshida@example.com","ST02","アクティブ","2026-06-04 15:11:14.833261"
4625,"加藤 大輔","daisuke.kato@example.com","ST03","非アクティブ","2026-06-04 15:11:14.833261"
4626,"小林 拓海","takumi.kobayashi@example.com","ST03","非アクティブ","2026-06-04 15:11:14.833261"
4627,"加藤 太郎","taro.kato@example.com","ST03","非アクティブ","2026-06-04 15:11:14.833261"
4628,"中村 翔","sho.nakamura@example.com","ST04","退会","2026-06-04 15:11:14.833261"
4629,"中村 蓮","ren.nakamura@example.com","ST01","新規","2026-06-04 15:11:14.833261"
4630,"佐藤 蓮","ren.sato@example.com","ST04","退会","2026-06-04 15:11:14.833261"
4631,"佐藤 陽菜","hina.sato@example.com","ST01","新規","2026-06-04 15:11:14.833261"
4632,"小林 悠斗","yuto.kobayashi@example.com","ST01","新規","2026-06-04 15:11:14.833261"
4633,"山田 拓海","takumi.yamada@example.com","ST01","新規","2026-06-04 15:11:14.833261"
4634,"高橋 拓海","takumi.takahashi@example.com","ST03","非アクティブ","2026-06-04 15:11:14.833261"
4635,"渡辺 拓海","takumi.watanabe@example.com","ST02","アクティブ","2026-06-04 15:11:14.833261"
4636,"伊藤 蓮","ren.ito@example.com","ST01","新規","2026-06-04 15:11:14.833261"
4637,"田中 葵","aoi.tanaka@example.com","ST04","退会","2026-06-04 15:11:14.833261"
4638,"佐藤 彩花","ayaka.sato@example.com","ST03","非アクティブ","2026-06-04 15:11:14.833261"
4639,"鈴木 彩花","ayaka.suzuki@example.com","ST03","非アクティブ","2026-06-04 15:11:14.833261"
4640,"吉田 葵","aoi.yoshida@example.com","ST02","アクティブ","2026-06-04 15:11:14.833261"
4641,"山本 葵","aoi.yamamoto@example.com","ST02","アクティブ","2026-06-04 15:11:14.833261"
4642,"伊藤 拓海","takumi.ito@example.com","ST02","アクティブ","2026-06-04 15:11:14.833261"
4643,"佐藤 悠斗","yuto.sato@example.com","ST02","アクティブ","2026-06-04 15:11:14.833261"
4644,"吉田 彩花","ayaka.yoshida@example.com","ST03","非アクティブ","2026-06-04 15:11:14.833261"
4645,"渡辺 健太","kenta.watanabe@example.com","ST02","アクティブ","2026-06-04 15:11:14.833261"
4646,"加藤 結衣","yui.kato@example.com","ST01","新規","2026-06-04 15:11:14.833261"
4647,"中村 美咲","misaki.nakamura@example.com","ST04","退会","2026-06-04 15:11:14.833261"
4648,"田中 陽菜","hina.tanaka@example.com","ST01","新規","2026-06-04 15:11:14.833261"
4649,"鈴木 翔","sho.suzuki@example.com","ST02","アクティブ","2026-06-04 15:11:14.833261"
4650,"田中 葵","aoi.tanaka@example.com","ST03","非アクティブ","2026-06-04 15:11:14.833261"
4651,"高橋 美咲","misaki.takahashi@example.com","ST03","非アクティブ","2026-06-04 15:11:14.833261"
4652,"佐藤 美咲","misaki.sato@example.com","ST04","退会","2026-06-04 15:11:14.833261"
4653,"中村 拓海","takumi.nakamura@example.com","ST01","新規","2026-06-04 15:11:14.833261"
4654,"中村 健太","kenta.nakamura@example.com","ST04","退会","2026-06-04 15:11:14.833261"
4655,"小林 悠斗","yuto.kobayashi@example.com","ST03","非アクティブ","2026-06-04 15:11:14.833261"
4656,"中村 悠斗","yuto.nakamura@example.com","ST02","アクティブ","2026-06-04 15:11:14.833261"
4657,"加藤 太郎","taro.kato@example.com","ST02","アクティブ","2026-06-04 15:11:14.833261"
4658,"伊藤 太郎","taro.ito@example.com","ST04","退会","2026-06-04 15:11:14.833261"
4659,"伊藤 葵","aoi.ito@example.com","ST03","非アクティブ","2026-06-04 15:11:14.833261"
4660,"高橋 健太","kenta.takahashi@example.com","ST04","退会","2026-06-04 15:11:14.833261"
4661,"中村 美咲","misaki.nakamura@example.com","ST03","非アクティブ","2026-06-04 15:11:14.833261"
4662,"小林 健太","kenta.kobayashi@example.com","ST02","アクティブ","2026-06-04 15:11:14.833261"
4663,"吉田 悠斗","yuto.yoshida@example.com","ST02","アクティブ","2026-06-04 15:11:14.833261"
4664,"中村 美咲","misaki.nakamura@example.com","ST01","新規","2026-06-04 15:11:14.833261"
4665,"加藤 葵","aoi.kato@example.com","ST03","非アクティブ","2026-06-04 15:11:14.833261"
4666,"渡辺 陽菜","hina.watanabe@example.com","ST01","新規","2026-06-04 15:11:14.833261"
4667,"鈴木 結衣","yui.suzuki@example.com","ST04","退会","2026-06-04 15:11:14.833261"
4668,"吉田 美咲","misaki.yoshida@example.com","ST02","アクティブ","2026-06-04 15:11:14.833261"
4669,"吉田 太郎","taro.yoshida@example.com","ST04","退会","2026-06-04 15:11:14.833261"
4670,"鈴木 悠斗","yuto.suzuki@example.com","ST02","アクティブ","2026-06-04 15:11:14.833261"
4671,"吉田 健太","kenta.yoshida@example.com","ST01","新規","2026-06-04 15:11:14.833261"
4672,"加藤 葵","aoi.kato@example.com","ST01","新規","2026-06-04 15:11:14.833261"
4673,"中村 太郎","taro.nakamura@example.com","ST01","新規","2026-06-04 15:11:14.833261"
4674,"小林 蓮","ren.kobayashi@example.com","ST02","アクティブ","2026-06-04 15:11:14.833261"
4675,"山田 拓海","takumi.yamada@example.com","ST01","新規","2026-06-04 15:11:14.833261"
4676,"中村 翔","sho.nakamura@example.com","ST04","退会","2026-06-04 15:11:14.833261"
4677,"加藤 翔","sho.kato@example.com","ST01","新規","2026-06-04 15:11:14.833261"
4678,"佐藤 結衣","yui.sato@example.com","ST02","アクティブ","2026-06-04 15:11:14.833261"
4679,"山田 悠斗","yuto.yamada@example.com","ST03","非アクティブ","2026-06-04 15:11:14.833261"
4680,"小林 悠斗","yuto.kobayashi@example.com","ST02","アクティブ","2026-06-04 15:11:14.833261"
4681,"山本 拓海","takumi.yamamoto@example.com","ST04","退会","2026-06-04 15:11:14.833261"
4682,"佐藤 健太","kenta.sato@example.com","ST04","退会","2026-06-04 15:11:14.833261"
4683,"山本 葵","aoi.yamamoto@example.com","ST03","非アクティブ","2026-06-04 15:11:14.833261"
4684,"山本 結衣","yui.yamamoto@example.com","ST04","退会","2026-06-04 15:11:14.833261"
4685,"山田 蓮","ren.yamada@example.com","ST04","退会","2026-06-04 15:11:14.833261"
4686,"小林 健太","kenta.kobayashi@example.com","ST02","アクティブ","2026-06-04 15:11:14.833261"
4687,"山田 拓海","takumi.yamada@example.com","ST01","新規","2026-06-04 15:11:14.833261"
4688,"山田 悠斗","yuto.yamada@example.com","ST04","退会","2026-06-04 15:11:14.833261"
4689,"小林 美咲","misaki.kobayashi@example.com","ST02","アクティブ","2026-06-04 15:11:14.833261"
4690,"吉田 陽菜","hina.yoshida@example.com","ST02","アクティブ","2026-06-04 15:11:14.833261"
4691,"加藤 彩花","ayaka.kato@example.com","ST01","新規","2026-06-04 15:11:14.833261"
4692,"山田 翔","sho.yamada@example.com","ST04","退会","2026-06-04 15:11:14.833261"
4693,"加藤 陽菜","hina.kato@example.com","ST04","退会","2026-06-04 15:11:14.833261"
4694,"加藤 陽菜","hina.kato@example.com","ST01","新規","2026-06-04 15:11:14.833261"
4695,"吉田 陽菜","hina.yoshida@example.com","ST03","非アクティブ","2026-06-04 15:11:14.833261"
4696,"加藤 翔","sho.kato@example.com","ST03","非アクティブ","2026-06-04 15:11:14.833261"
4697,"渡辺 大輔","daisuke.watanabe@example.com","ST04","退会","2026-06-04 15:11:14.833261"
4698,"田中 美咲","misaki.tanaka@example.com","ST03","非アクティブ","2026-06-04 15:11:14.833261"
4699,"吉田 翔","sho.yoshida@example.com","ST03","非アクティブ","2026-06-04 15:11:14.833261"
4700,"小林 大輔","daisuke.kobayashi@example.com","ST04","退会","2026-06-04 15:11:14.833261"
4701,"加藤 健太","kenta.kato@example.com","ST04","退会","2026-06-04 15:11:14.833261"
4702,"加藤 拓海","takumi.kato@example.com","ST01","新規","2026-06-04 15:11:14.833261"
4703,"加藤 美咲","misaki.kato@example.com","ST04","退会","2026-06-04 15:11:14.833261"
4704,"田中 彩花","ayaka.tanaka@example.com","ST04","退会","2026-06-04 15:11:14.833261"
4705,"田中 大輔","daisuke.tanaka@example.com","ST04","退会","2026-06-04 15:11:14.833261"
4706,"吉田 蓮","ren.yoshida@example.com","ST03","非アクティブ","2026-06-04 15:11:14.833261"
4707,"佐藤 拓海","takumi.sato@example.com","ST04","退会","2026-06-04 15:11:14.833261"
4708,"山田 蓮","ren.yamada@example.com","ST01","新規","2026-06-04 15:11:14.833261"
4709,"吉田 彩花","ayaka.yoshida@example.com","ST02","アクティブ","2026-06-04 15:11:14.833261"
4710,"山田 健太","kenta.yamada@example.com","ST03","非アクティブ","2026-06-04 15:11:14.833261"
4711,"山本 結衣","yui.yamamoto@example.com","ST01","新規","2026-06-04 15:11:14.833261"
4712,"佐藤 結衣","yui.sato@example.com","ST01","新規","2026-06-04 15:11:14.833261"
4713,"中村 太郎","taro.nakamura@example.com","ST04","退会","2026-06-04 15:11:14.833261"
4714,"佐藤 葵","aoi.sato@example.com","ST01","新規","2026-06-04 15:11:14.833261"
4715,"佐藤 結衣","yui.sato@example.com","ST02","アクティブ","2026-06-04 15:11:14.833261"
4716,"鈴木 彩花","ayaka.suzuki@example.com","ST03","非アクティブ","2026-06-04 15:11:14.833261"
4717,"佐藤 葵","aoi.sato@example.com","ST02","アクティブ","2026-06-04 15:11:14.833261"
4718,"渡辺 拓海","takumi.watanabe@example.com","ST01","新規","2026-06-04 15:11:14.833261"
4719,"渡辺 彩花","ayaka.watanabe@example.com","ST04","退会","2026-06-04 15:11:14.833261"
4720,"吉田 太郎","taro.yoshida@example.com","ST03","非アクティブ","2026-06-04 15:11:14.833261"
4721,"鈴木 葵","aoi.suzuki@example.com","ST03","非アクティブ","2026-06-04 15:11:14.833261"
4722,"鈴木 葵","aoi.suzuki@example.com","ST01","新規","2026-06-04 15:11:14.833261"
4723,"田中 陽菜","hina.tanaka@example.com","ST03","非アクティブ","2026-06-04 15:11:14.833261"
4724,"高橋 健太","kenta.takahashi@example.com","ST01","新規","2026-06-04 15:11:14.833261"
4725,"高橋 美咲","misaki.takahashi@example.com","ST03","非アクティブ","2026-06-04 15:11:14.833261"
4726,"山本 彩花","ayaka.yamamoto@example.com","ST03","非アクティブ","2026-06-04 15:11:14.833261"
4727,"山田 結衣","yui.yamada@example.com","ST04","退会","2026-06-04 15:11:14.833261"
4728,"吉田 蓮","ren.yoshida@example.com","ST03","非アクティブ","2026-06-04 15:11:14.833261"
4729,"渡辺 結衣","yui.watanabe@example.com","ST01","新規","2026-06-04 15:11:14.833261"
4730,"渡辺 結衣","yui.watanabe@example.com","ST03","非アクティブ","2026-06-04 15:11:14.833261"
4731,"加藤 拓海","takumi.kato@example.com","ST03","非アクティブ","2026-06-04 15:11:14.833261"
4732,"中村 結衣","yui.nakamura@example.com","ST02","アクティブ","2026-06-04 15:11:14.833261"
4733,"田中 蓮","ren.tanaka@example.com","ST04","退会","2026-06-04 15:11:14.833261"
4734,"佐藤 悠斗","yuto.sato@example.com","ST03","非アクティブ","2026-06-04 15:11:14.833261"
4735,"田中 拓海","takumi.tanaka@example.com","ST03","非アクティブ","2026-06-04 15:11:14.833261"
4736,"伊藤 美咲","misaki.ito@example.com","ST02","アクティブ","2026-06-04 15:11:14.833261"
4737,"小林 美咲","misaki.kobayashi@example.com","ST04","退会","2026-06-04 15:11:14.833261"
4738,"加藤 美咲","misaki.kato@example.com","ST04","退会","2026-06-04 15:11:14.833261"
4739,"山本 葵","aoi.yamamoto@example.com","ST01","新規","2026-06-04 15:11:14.833261"
4740,"渡辺 陽菜","hina.watanabe@example.com","ST02","アクティブ","2026-06-04 15:11:14.833261"
4741,"田中 彩花","ayaka.tanaka@example.com","ST01","新規","2026-06-04 15:11:14.833261"
4742,"山本 拓海","takumi.yamamoto@example.com","ST03","非アクティブ","2026-06-04 15:11:14.833261"
4743,"山本 陽菜","hina.yamamoto@example.com","ST03","非アクティブ","2026-06-04 15:11:14.833261"
4744,"小林 結衣","yui.kobayashi@example.com","ST02","アクティブ","2026-06-04 15:11:14.833261"
4745,"山田 彩花","ayaka.yamada@example.com","ST01","新規","2026-06-04 15:11:14.833261"
4746,"高橋 翔","sho.takahashi@example.com","ST02","アクティブ","2026-06-04 15:11:14.833261"
4747,"加藤 拓海","takumi.kato@example.com","ST03","非アクティブ","2026-06-04 15:11:14.833261"
4748,"鈴木 蓮","ren.suzuki@example.com","ST04","退会","2026-06-04 15:11:14.833261"
4749,"小林 陽菜","hina.kobayashi@example.com","ST03","非アクティブ","2026-06-04 15:11:14.833261"
4750,"山本 蓮","ren.yamamoto@example.com","ST02","アクティブ","2026-06-04 15:11:14.833261"
4751,"吉田 陽菜","hina.yoshida@example.com","ST02","アクティブ","2026-06-04 15:11:14.833261"
4752,"中村 陽菜","hina.nakamura@example.com","ST02","アクティブ","2026-06-04 15:11:14.833261"
4753,"吉田 美咲","misaki.yoshida@example.com","ST02","アクティブ","2026-06-04 15:11:14.833261"
4754,"山田 彩花","ayaka.yamada@example.com","ST01","新規","2026-06-04 15:11:14.833261"
4755,"中村 蓮","ren.nakamura@example.com","ST04","退会","2026-06-04 15:11:14.833261"
4756,"渡辺 太郎","taro.watanabe@example.com","ST02","アクティブ","2026-06-04 15:11:14.833261"
4757,"鈴木 翔","sho.suzuki@example.com","ST02","アクティブ","2026-06-04 15:11:14.833261"
4758,"山田 葵","aoi.yamada@example.com","ST04","退会","2026-06-04 15:11:14.833261"
4759,"中村 拓海","takumi.nakamura@example.com","ST01","新規","2026-06-04 15:11:14.833261"
4760,"小林 大輔","daisuke.kobayashi@example.com","ST04","退会","2026-06-04 15:11:14.833261"
4761,"吉田 美咲","misaki.yoshida@example.com","ST02","アクティブ","2026-06-04 15:11:14.833261"
4762,"山本 陽菜","hina.yamamoto@example.com","ST01","新規","2026-06-04 15:11:14.833261"
4763,"山田 美咲","misaki.yamada@example.com","ST03","非アクティブ","2026-06-04 15:11:14.833261"
4764,"吉田 悠斗","yuto.yoshida@example.com","ST04","退会","2026-06-04 15:11:14.833261"
4765,"中村 結衣","yui.nakamura@example.com","ST04","退会","2026-06-04 15:11:14.833261"
4766,"渡辺 太郎","taro.watanabe@example.com","ST03","非アクティブ","2026-06-04 15:11:14.833261"
4767,"小林 蓮","ren.kobayashi@example.com","ST03","非アクティブ","2026-06-04 15:11:14.833261"
4768,"伊藤 結衣","yui.ito@example.com","ST02","アクティブ","2026-06-04 15:11:14.833261"
4769,"小林 悠斗","yuto.kobayashi@example.com","ST04","退会","2026-06-04 15:11:14.833261"
4770,"渡辺 葵","aoi.watanabe@example.com","ST01","新規","2026-06-04 15:11:14.833261"
4771,"高橋 悠斗","yuto.takahashi@example.com","ST02","アクティブ","2026-06-04 15:11:14.833261"
4772,"山田 翔","sho.yamada@example.com","ST01","新規","2026-06-04 15:11:14.833261"
4773,"佐藤 健太","kenta.sato@example.com","ST03","非アクティブ","2026-06-04 15:11:14.833261"
4774,"山本 太郎","taro.yamamoto@example.com","ST01","新規","2026-06-04 15:11:14.833261"
4775,"鈴木 美咲","misaki.suzuki@example.com","ST02","アクティブ","2026-06-04 15:11:14.833261"
4776,"吉田 太郎","taro.yoshida@example.com","ST04","退会","2026-06-04 15:11:14.833261"
4777,"小林 結衣","yui.kobayashi@example.com","ST02","アクティブ","2026-06-04 15:11:14.833261"
4778,"吉田 翔","sho.yoshida@example.com","ST01","新規","2026-06-04 15:11:14.833261"
4779,"小林 翔","sho.kobayashi@example.com","ST04","退会","2026-06-04 15:11:14.833261"
4780,"山田 彩花","ayaka.yamada@example.com","ST04","退会","2026-06-04 15:11:14.833261"
4781,"小林 陽菜","hina.kobayashi@example.com","ST04","退会","2026-06-04 15:11:14.833261"
4782,"小林 大輔","daisuke.kobayashi@example.com","ST02","アクティブ","2026-06-04 15:11:14.833261"
4783,"佐藤 陽菜","hina.sato@example.com","ST01","新規","2026-06-04 15:11:14.833261"
4784,"伊藤 蓮","ren.ito@example.com","ST02","アクティブ","2026-06-04 15:11:14.833261"
4785,"佐藤 彩花","ayaka.sato@example.com","ST02","アクティブ","2026-06-04 15:11:14.833261"
4786,"小林 大輔","daisuke.kobayashi@example.com","ST04","退会","2026-06-04 15:11:14.833261"
4787,"鈴木 彩花","ayaka.suzuki@example.com","ST01","新規","2026-06-04 15:11:14.833261"
4788,"渡辺 悠斗","yuto.watanabe@example.com","ST01","新規","2026-06-04 15:11:14.833261"
4789,"小林 結衣","yui.kobayashi@example.com","ST01","新規","2026-06-04 15:11:14.833261"
4790,"山田 美咲","misaki.yamada@example.com","ST04","退会","2026-06-04 15:11:14.833261"
4791,"山田 彩花","ayaka.yamada@example.com","ST02","アクティブ","2026-06-04 15:11:14.833261"
4792,"鈴木 美咲","misaki.suzuki@example.com","ST04","退会","2026-06-04 15:11:14.833261"
4793,"渡辺 彩花","ayaka.watanabe@example.com","ST03","非アクティブ","2026-06-04 15:11:14.833261"
4794,"小林 美咲","misaki.kobayashi@example.com","ST01","新規","2026-06-04 15:11:14.833261"
4795,"吉田 葵","aoi.yoshida@example.com","ST04","退会","2026-06-04 15:11:14.833261"
4796,"吉田 拓海","takumi.yoshida@example.com","ST04","退会","2026-06-04 15:11:14.833261"
4797,"田中 美咲","misaki.tanaka@example.com","ST01","新規","2026-06-04 15:11:14.833261"
4798,"田中 結衣","yui.tanaka@example.com","ST02","アクティブ","2026-06-04 15:11:14.833261"
4799,"伊藤 蓮","ren.ito@example.com","ST04","退会","2026-06-04 15:11:14.833261"
4800,"伊藤 健太","kenta.ito@example.com","ST04","退会","2026-06-04 15:11:14.833261"
4801,"佐藤 葵","aoi.sato@example.com","ST01","新規","2026-06-04 15:11:14.833261"
4802,"中村 大輔","daisuke.nakamura@example.com","ST01","新規","2026-06-04 15:11:14.833261"
4803,"伊藤 翔","sho.ito@example.com","ST03","非アクティブ","2026-06-04 15:11:14.833261"
4804,"小林 蓮","ren.kobayashi@example.com","ST01","新規","2026-06-04 15:11:14.833261"
4805,"田中 翔","sho.tanaka@example.com","ST02","アクティブ","2026-06-04 15:11:14.833261"
4806,"小林 美咲","misaki.kobayashi@example.com","ST02","アクティブ","2026-06-04 15:11:14.833261"
4807,"吉田 美咲","misaki.yoshida@example.com","ST02","アクティブ","2026-06-04 15:11:14.833261"
4808,"中村 彩花","ayaka.nakamura@example.com","ST02","アクティブ","2026-06-04 15:11:14.833261"
4809,"吉田 翔","sho.yoshida@example.com","ST04","退会","2026-06-04 15:11:14.833261"
4810,"加藤 蓮","ren.kato@example.com","ST01","新規","2026-06-04 15:11:14.833261"
4811,"高橋 太郎","taro.takahashi@example.com","ST03","非アクティブ","2026-06-04 15:11:14.833261"
4812,"田中 葵","aoi.tanaka@example.com","ST03","非アクティブ","2026-06-04 15:11:14.833261"
4813,"加藤 彩花","ayaka.kato@example.com","ST04","退会","2026-06-04 15:11:14.833261"
4814,"伊藤 蓮","ren.ito@example.com","ST04","退会","2026-06-04 15:11:14.833261"
4815,"高橋 悠斗","yuto.takahashi@example.com","ST03","非アクティブ","2026-06-04 15:11:14.833261"
4816,"田中 美咲","misaki.tanaka@example.com","ST01","新規","2026-06-04 15:11:14.833261"
4817,"小林 拓海","takumi.kobayashi@example.com","ST01","新規","2026-06-04 15:11:14.833261"
4818,"中村 結衣","yui.nakamura@example.com","ST01","新規","2026-06-04 15:11:14.833261"
4819,"山田 葵","aoi.yamada@example.com","ST02","アクティブ","2026-06-04 15:11:14.833261"
4820,"山本 健太","kenta.yamamoto@example.com","ST04","退会","2026-06-04 15:11:14.833261"
4821,"高橋 拓海","takumi.takahashi@example.com","ST04","退会","2026-06-04 15:11:14.833261"
4822,"高橋 彩花","ayaka.takahashi@example.com","ST04","退会","2026-06-04 15:11:14.833261"
4823,"伊藤 彩花","ayaka.ito@example.com","ST04","退会","2026-06-04 15:11:14.833261"
4824,"山本 悠斗","yuto.yamamoto@example.com","ST04","退会","2026-06-04 15:11:14.833261"
4825,"加藤 健太","kenta.kato@example.com","ST04","退会","2026-06-04 15:11:14.833261"
4826,"吉田 陽菜","hina.yoshida@example.com","ST03","非アクティブ","2026-06-04 15:11:14.833261"
4827,"高橋 拓海","takumi.takahashi@example.com","ST01","新規","2026-06-04 15:11:14.833261"
4828,"吉田 結衣","yui.yoshida@example.com","ST03","非アクティブ","2026-06-04 15:11:14.833261"
4829,"伊藤 葵","aoi.ito@example.com","ST04","退会","2026-06-04 15:11:14.833261"
4830,"小林 大輔","daisuke.kobayashi@example.com","ST04","退会","2026-06-04 15:11:14.833261"
4831,"鈴木 太郎","taro.suzuki@example.com","ST03","非アクティブ","2026-06-04 15:11:14.833261"
4832,"山本 彩花","ayaka.yamamoto@example.com","ST01","新規","2026-06-04 15:11:14.833261"
4833,"中村 結衣","yui.nakamura@example.com","ST02","アクティブ","2026-06-04 15:11:14.833261"
4834,"山本 太郎","taro.yamamoto@example.com","ST03","非アクティブ","2026-06-04 15:11:14.833261"
4835,"渡辺 陽菜","hina.watanabe@example.com","ST01","新規","2026-06-04 15:11:14.833261"
4836,"小林 健太","kenta.kobayashi@example.com","ST03","非アクティブ","2026-06-04 15:11:14.833261"
4837,"山本 美咲","misaki.yamamoto@example.com","ST04","退会","2026-06-04 15:11:14.833261"
4838,"小林 彩花","ayaka.kobayashi@example.com","ST04","退会","2026-06-04 15:11:14.833261"
4839,"山本 葵","aoi.yamamoto@example.com","ST02","アクティブ","2026-06-04 15:11:14.833261"
4840,"鈴木 翔","sho.suzuki@example.com","ST03","非アクティブ","2026-06-04 15:11:14.833261"
4841,"山本 太郎","taro.yamamoto@example.com","ST01","新規","2026-06-04 15:11:14.833261"
4842,"吉田 結衣","yui.yoshida@example.com","ST04","退会","2026-06-04 15:11:14.833261"
4843,"高橋 健太","kenta.takahashi@example.com","ST03","非アクティブ","2026-06-04 15:11:14.833261"
4844,"山本 結衣","yui.yamamoto@example.com","ST01","新規","2026-06-04 15:11:14.833261"
4845,"加藤 美咲","misaki.kato@example.com","ST03","非アクティブ","2026-06-04 15:11:14.833261"
4846,"中村 翔","sho.nakamura@example.com","ST01","新規","2026-06-04 15:11:14.833261"
4847,"田中 結衣","yui.tanaka@example.com","ST04","退会","2026-06-04 15:11:14.833261"
4848,"田中 葵","aoi.tanaka@example.com","ST02","アクティブ","2026-06-04 15:11:14.833261"
4849,"小林 美咲","misaki.kobayashi@example.com","ST04","退会","2026-06-04 15:11:14.833261"
4850,"伊藤 拓海","takumi.ito@example.com","ST01","新規","2026-06-04 15:11:14.833261"
4851,"山田 結衣","yui.yamada@example.com","ST02","アクティブ","2026-06-04 15:11:14.833261"
4852,"加藤 陽菜","hina.kato@example.com","ST04","退会","2026-06-04 15:11:14.833261"
4853,"山田 健太","kenta.yamada@example.com","ST04","退会","2026-06-04 15:11:14.833261"
4854,"山田 結衣","yui.yamada@example.com","ST04","退会","2026-06-04 15:11:14.833261"
4855,"渡辺 陽菜","hina.watanabe@example.com","ST03","非アクティブ","2026-06-04 15:11:14.833261"
4856,"佐藤 翔","sho.sato@example.com","ST01","新規","2026-06-04 15:11:14.833261"
4857,"小林 陽菜","hina.kobayashi@example.com","ST03","非アクティブ","2026-06-04 15:11:14.833261"
4858,"山田 美咲","misaki.yamada@example.com","ST01","新規","2026-06-04 15:11:14.833261"
4859,"吉田 健太","kenta.yoshida@example.com","ST01","新規","2026-06-04 15:11:14.833261"
4860,"吉田 美咲","misaki.yoshida@example.com","ST02","アクティブ","2026-06-04 15:11:14.833261"
4861,"高橋 陽菜","hina.takahashi@example.com","ST03","非アクティブ","2026-06-04 15:11:14.833261"
4862,"中村 翔","sho.nakamura@example.com","ST02","アクティブ","2026-06-04 15:11:14.833261"
4863,"高橋 太郎","taro.takahashi@example.com","ST04","退会","2026-06-04 15:11:14.833261"
4864,"鈴木 美咲","misaki.suzuki@example.com","ST04","退会","2026-06-04 15:11:14.833261"
4865,"鈴木 悠斗","yuto.suzuki@example.com","ST01","新規","2026-06-04 15:11:14.833261"
4866,"高橋 蓮","ren.takahashi@example.com","ST04","退会","2026-06-04 15:11:14.833261"
4867,"伊藤 拓海","takumi.ito@example.com","ST02","アクティブ","2026-06-04 15:11:14.833261"
4868,"伊藤 大輔","daisuke.ito@example.com","ST04","退会","2026-06-04 15:11:14.833261"
4869,"渡辺 翔","sho.watanabe@example.com","ST03","非アクティブ","2026-06-04 15:11:14.833261"
4870,"鈴木 結衣","yui.suzuki@example.com","ST01","新規","2026-06-04 15:11:14.833261"
4871,"渡辺 彩花","ayaka.watanabe@example.com","ST02","アクティブ","2026-06-04 15:11:14.833261"
4872,"鈴木 蓮","ren.suzuki@example.com","ST04","退会","2026-06-04 15:11:14.833261"
4873,"佐藤 彩花","ayaka.sato@example.com","ST04","退会","2026-06-04 15:11:14.833261"
4874,"小林 結衣","yui.kobayashi@example.com","ST01","新規","2026-06-04 15:11:14.833261"
4875,"小林 大輔","daisuke.kobayashi@example.com","ST03","非アクティブ","2026-06-04 15:11:14.833261"
4876,"鈴木 結衣","yui.suzuki@example.com","ST03","非アクティブ","2026-06-04 15:11:14.833261"
4877,"佐藤 太郎","taro.sato@example.com","ST02","アクティブ","2026-06-04 15:11:14.833261"
4878,"中村 悠斗","yuto.nakamura@example.com","ST04","退会","2026-06-04 15:11:14.833261"
4879,"小林 美咲","misaki.kobayashi@example.com","ST04","退会","2026-06-04 15:11:14.833261"
4880,"中村 彩花","ayaka.nakamura@example.com","ST03","非アクティブ","2026-06-04 15:11:14.833261"
4881,"中村 悠斗","yuto.nakamura@example.com","ST01","新規","2026-06-04 15:11:14.833261"
4882,"吉田 美咲","misaki.yoshida@example.com","ST03","非アクティブ","2026-06-04 15:11:14.833261"
4883,"中村 美咲","misaki.nakamura@example.com","ST04","退会","2026-06-04 15:11:14.833261"
4884,"佐藤 太郎","taro.sato@example.com","ST01","新規","2026-06-04 15:11:14.833261"
4885,"田中 悠斗","yuto.tanaka@example.com","ST04","退会","2026-06-04 15:11:14.833261"
4886,"田中 陽菜","hina.tanaka@example.com","ST04","退会","2026-06-04 15:11:14.833261"
4887,"小林 結衣","yui.kobayashi@example.com","ST03","非アクティブ","2026-06-04 15:11:14.833261"
4888,"渡辺 陽菜","hina.watanabe@example.com","ST03","非アクティブ","2026-06-04 15:11:14.833261"
4889,"中村 健太","kenta.nakamura@example.com","ST04","退会","2026-06-04 15:11:14.833261"
4890,"渡辺 彩花","ayaka.watanabe@example.com","ST02","アクティブ","2026-06-04 15:11:14.833261"
4891,"小林 翔","sho.kobayashi@example.com","ST01","新規","2026-06-04 15:11:14.833261"
4892,"渡辺 悠斗","yuto.watanabe@example.com","ST03","非アクティブ","2026-06-04 15:11:14.833261"
4893,"小林 拓海","takumi.kobayashi@example.com","ST01","新規","2026-06-04 15:11:14.833261"
4894,"鈴木 彩花","ayaka.suzuki@example.com","ST01","新規","2026-06-04 15:11:14.833261"
4895,"加藤 蓮","ren.kato@example.com","ST03","非アクティブ","2026-06-04 15:11:14.833261"
4896,"伊藤 太郎","taro.ito@example.com","ST03","非アクティブ","2026-06-04 15:11:14.833261"
4897,"加藤 蓮","ren.kato@example.com","ST02","アクティブ","2026-06-04 15:11:14.833261"
4898,"山田 悠斗","yuto.yamada@example.com","ST04","退会","2026-06-04 15:11:14.833261"
4899,"山田 大輔","daisuke.yamada@example.com","ST04","退会","2026-06-04 15:11:14.833261"
4900,"中村 翔","sho.nakamura@example.com","ST02","アクティブ","2026-06-04 15:11:14.833261"
4901,"小林 太郎","taro.kobayashi@example.com","ST02","アクティブ","2026-06-04 15:11:14.833261"
4902,"伊藤 健太","kenta.ito@example.com","ST01","新規","2026-06-04 15:11:14.833261"
4903,"田中 彩花","ayaka.tanaka@example.com","ST04","退会","2026-06-04 15:11:14.833261"
4904,"小林 翔","sho.kobayashi@example.com","ST01","新規","2026-06-04 15:11:14.833261"
4905,"山本 陽菜","hina.yamamoto@example.com","ST04","退会","2026-06-04 15:11:14.833261"
4906,"小林 葵","aoi.kobayashi@example.com","ST03","非アクティブ","2026-06-04 15:11:14.833261"
4907,"鈴木 悠斗","yuto.suzuki@example.com","ST01","新規","2026-06-04 15:11:14.833261"
4908,"高橋 葵","aoi.takahashi@example.com","ST04","退会","2026-06-04 15:11:14.833261"
4909,"小林 葵","aoi.kobayashi@example.com","ST04","退会","2026-06-04 15:11:14.833261"
4910,"高橋 葵","aoi.takahashi@example.com","ST02","アクティブ","2026-06-04 15:11:14.833261"
4911,"山本 陽菜","hina.yamamoto@example.com","ST02","アクティブ","2026-06-04 15:11:14.833261"
4912,"吉田 太郎","taro.yoshida@example.com","ST03","非アクティブ","2026-06-04 15:11:14.833261"
4913,"山田 悠斗","yuto.yamada@example.com","ST03","非アクティブ","2026-06-04 15:11:14.833261"
4914,"中村 陽菜","hina.nakamura@example.com","ST03","非アクティブ","2026-06-04 15:11:14.833261"
4915,"加藤 太郎","taro.kato@example.com","ST01","新規","2026-06-04 15:11:14.833261"
4916,"鈴木 蓮","ren.suzuki@example.com","ST01","新規","2026-06-04 15:11:14.833261"
4917,"小林 葵","aoi.kobayashi@example.com","ST01","新規","2026-06-04 15:11:14.833261"
4918,"中村 太郎","taro.nakamura@example.com","ST02","アクティブ","2026-06-04 15:11:14.833261"
4919,"山田 結衣","yui.yamada@example.com","ST03","非アクティブ","2026-06-04 15:11:14.833261"
4920,"渡辺 葵","aoi.watanabe@example.com","ST02","アクティブ","2026-06-04 15:11:14.833261"
4921,"伊藤 翔","sho.ito@example.com","ST02","アクティブ","2026-06-04 15:11:14.833261"
4922,"鈴木 悠斗","yuto.suzuki@example.com","ST01","新規","2026-06-04 15:11:14.833261"
4923,"佐藤 拓海","takumi.sato@example.com","ST03","非アクティブ","2026-06-04 15:11:14.833261"
4924,"加藤 翔","sho.kato@example.com","ST03","非アクティブ","2026-06-04 15:11:14.833261"
4925,"中村 健太","kenta.nakamura@example.com","ST04","退会","2026-06-04 15:11:14.833261"
4926,"吉田 翔","sho.yoshida@example.com","ST02","アクティブ","2026-06-04 15:11:14.833261"
4927,"田中 翔","sho.tanaka@example.com","ST04","退会","2026-06-04 15:11:14.833261"
4928,"山田 彩花","ayaka.yamada@example.com","ST03","非アクティブ","2026-06-04 15:11:14.833261"
4929,"田中 彩花","ayaka.tanaka@example.com","ST01","新規","2026-06-04 15:11:14.833261"
4930,"加藤 葵","aoi.kato@example.com","ST03","非アクティブ","2026-06-04 15:11:14.833261"
4931,"加藤 蓮","ren.kato@example.com","ST03","非アクティブ","2026-06-04 15:11:14.833261"
4932,"山本 美咲","misaki.yamamoto@example.com","ST01","新規","2026-06-04 15:11:14.833261"
4933,"加藤 彩花","ayaka.kato@example.com","ST04","退会","2026-06-04 15:11:14.833261"
4934,"吉田 結衣","yui.yoshida@example.com","ST03","非アクティブ","2026-06-04 15:11:14.833261"
4935,"山田 太郎","taro.yamada@example.com","ST03","非アクティブ","2026-06-04 15:11:14.833261"
4936,"田中 翔","sho.tanaka@example.com","ST03","非アクティブ","2026-06-04 15:11:14.833261"
4937,"中村 葵","aoi.nakamura@example.com","ST04","退会","2026-06-04 15:11:14.833261"
4938,"中村 葵","aoi.nakamura@example.com","ST01","新規","2026-06-04 15:11:14.833261"
4939,"渡辺 健太","kenta.watanabe@example.com","ST02","アクティブ","2026-06-04 15:11:14.833261"
4940,"渡辺 健太","kenta.watanabe@example.com","ST04","退会","2026-06-04 15:11:14.833261"
4941,"山田 陽菜","hina.yamada@example.com","ST04","退会","2026-06-04 15:11:14.833261"
4942,"山田 太郎","taro.yamada@example.com","ST03","非アクティブ","2026-06-04 15:11:14.833261"
4943,"中村 悠斗","yuto.nakamura@example.com","ST01","新規","2026-06-04 15:11:14.833261"
4944,"吉田 健太","kenta.yoshida@example.com","ST01","新規","2026-06-04 15:11:14.833261"
4945,"中村 拓海","takumi.nakamura@example.com","ST04","退会","2026-06-04 15:11:14.833261"
4946,"小林 彩花","ayaka.kobayashi@example.com","ST02","アクティブ","2026-06-04 15:11:14.833261"
4947,"加藤 彩花","ayaka.kato@example.com","ST04","退会","2026-06-04 15:11:14.833261"
4948,"山本 結衣","yui.yamamoto@example.com","ST04","退会","2026-06-04 15:11:14.833261"
4949,"高橋 健太","kenta.takahashi@example.com","ST04","退会","2026-06-04 15:11:14.833261"
4950,"加藤 陽菜","hina.kato@example.com","ST03","非アクティブ","2026-06-04 15:11:14.833261"
4951,"高橋 大輔","daisuke.takahashi@example.com","ST03","非アクティブ","2026-06-04 15:11:14.833261"
4952,"加藤 悠斗","yuto.kato@example.com","ST02","アクティブ","2026-06-04 15:11:14.833261"
4953,"鈴木 健太","kenta.suzuki@example.com","ST04","退会","2026-06-04 15:11:14.833261"
4954,"鈴木 陽菜","hina.suzuki@example.com","ST02","アクティブ","2026-06-04 15:11:14.833261"
4955,"渡辺 健太","kenta.watanabe@example.com","ST02","アクティブ","2026-06-04 15:11:14.833261"
4956,"加藤 悠斗","yuto.kato@example.com","ST01","新規","2026-06-04 15:11:14.833261"
4957,"中村 結衣","yui.nakamura@example.com","ST01","新規","2026-06-04 15:11:14.833261"
4958,"田中 蓮","ren.tanaka@example.com","ST04","退会","2026-06-04 15:11:14.833261"
4959,"伊藤 陽菜","hina.ito@example.com","ST03","非アクティブ","2026-06-04 15:11:14.833261"
4960,"渡辺 健太","kenta.watanabe@example.com","ST03","非アクティブ","2026-06-04 15:11:14.833261"
4961,"渡辺 太郎","taro.watanabe@example.com","ST02","アクティブ","2026-06-04 15:11:14.833261"
4962,"小林 健太","kenta.kobayashi@example.com","ST03","非アクティブ","2026-06-04 15:11:14.833261"
4963,"田中 陽菜","hina.tanaka@example.com","ST01","新規","2026-06-04 15:11:14.833261"
4964,"加藤 葵","aoi.kato@example.com","ST01","新規","2026-06-04 15:11:14.833261"
4965,"山本 太郎","taro.yamamoto@example.com","ST03","非アクティブ","2026-06-04 15:11:14.833261"
4966,"加藤 翔","sho.kato@example.com","ST02","アクティブ","2026-06-04 15:11:14.833261"
4967,"中村 彩花","ayaka.nakamura@example.com","ST04","退会","2026-06-04 15:11:14.833261"
4968,"山本 葵","aoi.yamamoto@example.com","ST03","非アクティブ","2026-06-04 15:11:14.833261"
4969,"鈴木 拓海","takumi.suzuki@example.com","ST01","新規","2026-06-04 15:11:14.833261"
4970,"小林 太郎","taro.kobayashi@example.com","ST01","新規","2026-06-04 15:11:14.833261"
4971,"小林 陽菜","hina.kobayashi@example.com","ST03","非アクティブ","2026-06-04 15:11:14.833261"
4972,"田中 蓮","ren.tanaka@example.com","ST04","退会","2026-06-04 15:11:14.833261"
4973,"山田 陽菜","hina.yamada@example.com","ST03","非アクティブ","2026-06-04 15:11:14.833261"
4974,"加藤 健太","kenta.kato@example.com","ST04","退会","2026-06-04 15:11:14.833261"
4975,"鈴木 翔","sho.suzuki@example.com","ST04","退会","2026-06-04 15:11:14.833261"
4976,"高橋 美咲","misaki.takahashi@example.com","ST03","非アクティブ","2026-06-04 15:11:14.833261"
4977,"伊藤 拓海","takumi.ito@example.com","ST03","非アクティブ","2026-06-04 15:11:14.833261"
4978,"渡辺 大輔","daisuke.watanabe@example.com","ST02","アクティブ","2026-06-04 15:11:14.833261"
4979,"渡辺 蓮","ren.watanabe@example.com","ST04","退会","2026-06-04 15:11:14.833261"
4980,"中村 陽菜","hina.nakamura@example.com","ST03","非アクティブ","2026-06-04 15:11:14.833261"
4981,"高橋 拓海","takumi.takahashi@example.com","ST04","退会","2026-06-04 15:11:14.833261"
4982,"鈴木 蓮","ren.suzuki@example.com","ST03","非アクティブ","2026-06-04 15:11:14.833261"
4983,"高橋 彩花","ayaka.takahashi@example.com","ST02","アクティブ","2026-06-04 15:11:14.833261"
4984,"山本 彩花","ayaka.yamamoto@example.com","ST02","アクティブ","2026-06-04 15:11:14.833261"
4985,"渡辺 彩花","ayaka.watanabe@example.com","ST01","新規","2026-06-04 15:11:14.833261"
4986,"渡辺 翔","sho.watanabe@example.com","ST03","非アクティブ","2026-06-04 15:11:14.833261"
4987,"高橋 蓮","ren.takahashi@example.com","ST02","アクティブ","2026-06-04 15:11:14.833261"
4988,"佐藤 太郎","taro.sato@example.com","ST02","アクティブ","2026-06-04 15:11:14.833261"
4989,"渡辺 翔","sho.watanabe@example.com","ST04","退会","2026-06-04 15:11:14.833261"
4990,"加藤 結衣","yui.kato@example.com","ST04","退会","2026-06-04 15:11:14.833261"
4991,"鈴木 蓮","ren.suzuki@example.com","ST02","アクティブ","2026-06-04 15:11:14.833261"
4992,"山田 結衣","yui.yamada@example.com","ST01","新規","2026-06-04 15:11:14.833261"
4993,"佐藤 健太","kenta.sato@example.com","ST04","退会","2026-06-04 15:11:14.833261"
4994,"高橋 陽菜","hina.takahashi@example.com","ST02","アクティブ","2026-06-04 15:11:14.833261"
4995,"伊藤 大輔","daisuke.ito@example.com","ST04","退会","2026-06-04 15:11:14.833261"
4996,"吉田 翔","sho.yoshida@example.com","ST02","アクティブ","2026-06-04 15:11:14.833261"
4997,"吉田 拓海","takumi.yoshida@example.com","ST03","非アクティブ","2026-06-04 15:11:14.833261"
4998,"高橋 美咲","misaki.takahashi@example.com","ST02","アクティブ","2026-06-04 15:11:14.833261"
4999,"高橋 悠斗","yuto.takahashi@example.com","ST01","新規","2026-06-04 15:11:14.833261"
5000,"鈴木 美咲","misaki.suzuki@example.com","ST03","非アクティブ","2026-06-04 15:11:14.833261"
5001,"佐藤 拓海","takumi.sato@example.com","ST02","アクティブ","2026-06-04 15:11:14.833261"
5002,"伊藤 太郎","taro.ito@example.com","ST02","アクティブ","2026-06-04 15:11:14.833261"
5003,"小林 翔","sho.kobayashi@example.com","ST01","新規","2026-06-04 15:11:14.833261"
5004,"山田 拓海","takumi.yamada@example.com","ST03","非アクティブ","2026-06-04 15:11:14.833261"
5005,"山田 結衣","yui.yamada@example.com","ST02","アクティブ","2026-06-04 15:11:14.833261"
5006,"鈴木 葵","aoi.suzuki@example.com","ST04","退会","2026-06-04 15:11:14.833261"
5007,"山本 彩花","ayaka.yamamoto@example.com","ST01","新規","2026-06-04 15:11:14.833261"
5008,"吉田 拓海","takumi.yoshida@example.com","ST01","新規","2026-06-04 15:11:14.833261"
5009,"吉田 蓮","ren.yoshida@example.com","ST03","非アクティブ","2026-06-04 15:11:14.833261"
5010,"山田 葵","aoi.yamada@example.com","ST04","退会","2026-06-04 15:11:14.833261"
5011,"伊藤 葵","aoi.ito@example.com","ST04","退会","2026-06-04 15:11:14.833261"
5012,"山本 健太","kenta.yamamoto@example.com","ST02","アクティブ","2026-06-04 15:11:14.833261"
5013,"伊藤 蓮","ren.ito@example.com","ST04","退会","2026-06-04 15:11:14.833261"
5014,"伊藤 悠斗","yuto.ito@example.com","ST03","非アクティブ","2026-06-04 15:11:14.833261"
5015,"高橋 翔","sho.takahashi@example.com","ST01","新規","2026-06-04 15:11:14.833261"
5016,"吉田 拓海","takumi.yoshida@example.com","ST03","非アクティブ","2026-06-04 15:11:14.833261"
5017,"小林 陽菜","hina.kobayashi@example.com","ST03","非アクティブ","2026-06-04 15:11:14.833261"
5018,"渡辺 太郎","taro.watanabe@example.com","ST01","新規","2026-06-04 15:11:14.833261"
5019,"伊藤 結衣","yui.ito@example.com","ST02","アクティブ","2026-06-04 15:11:14.833261"
5020,"佐藤 結衣","yui.sato@example.com","ST04","退会","2026-06-04 15:11:14.833261"
5021,"加藤 拓海","takumi.kato@example.com","ST03","非アクティブ","2026-06-04 15:11:14.833261"
5022,"山田 葵","aoi.yamada@example.com","ST03","非アクティブ","2026-06-04 15:11:14.833261"
5023,"中村 結衣","yui.nakamura@example.com","ST04","退会","2026-06-04 15:11:14.833261"
5024,"吉田 太郎","taro.yoshida@example.com","ST02","アクティブ","2026-06-04 15:11:14.833261"
5025,"小林 悠斗","yuto.kobayashi@example.com","ST02","アクティブ","2026-06-04 15:11:14.833261"
5026,"高橋 健太","kenta.takahashi@example.com","ST03","非アクティブ","2026-06-04 15:11:14.833261"
5027,"中村 翔","sho.nakamura@example.com","ST03","非アクティブ","2026-06-04 15:11:14.833261"
5028,"伊藤 翔","sho.ito@example.com","ST04","退会","2026-06-04 15:11:14.833261"
5029,"高橋 太郎","taro.takahashi@example.com","ST02","アクティブ","2026-06-04 15:11:14.833261"
5030,"山本 拓海","takumi.yamamoto@example.com","ST01","新規","2026-06-04 15:11:14.833261"
5031,"佐藤 健太","kenta.sato@example.com","ST03","非アクティブ","2026-06-04 15:11:14.833261"
5032,"吉田 健太","kenta.yoshida@example.com","ST02","アクティブ","2026-06-04 15:11:14.833261"
5033,"鈴木 翔","sho.suzuki@example.com","ST04","退会","2026-06-04 15:11:14.833261"
5034,"吉田 悠斗","yuto.yoshida@example.com","ST03","非アクティブ","2026-06-04 15:11:14.833261"
5035,"高橋 彩花","ayaka.takahashi@example.com","ST04","退会","2026-06-04 15:11:14.833261"
5036,"鈴木 彩花","ayaka.suzuki@example.com","ST04","退会","2026-06-04 15:11:14.833261"
5037,"中村 拓海","takumi.nakamura@example.com","ST02","アクティブ","2026-06-04 15:11:14.833261"
5038,"山本 悠斗","yuto.yamamoto@example.com","ST01","新規","2026-06-04 15:11:14.833261"
5039,"渡辺 健太","kenta.watanabe@example.com","ST01","新規","2026-06-04 15:11:14.833261"
5040,"中村 健太","kenta.nakamura@example.com","ST03","非アクティブ","2026-06-04 15:11:14.833261"
5041,"小林 拓海","takumi.kobayashi@example.com","ST01","新規","2026-06-04 15:11:14.833261"
5042,"高橋 翔","sho.takahashi@example.com","ST04","退会","2026-06-04 15:11:14.833261"
5043,"高橋 彩花","ayaka.takahashi@example.com","ST01","新規","2026-06-04 15:11:14.833261"
5044,"加藤 悠斗","yuto.kato@example.com","ST03","非アクティブ","2026-06-04 15:11:14.833261"
5045,"渡辺 翔","sho.watanabe@example.com","ST02","アクティブ","2026-06-04 15:11:14.833261"
5046,"加藤 葵","aoi.kato@example.com","ST03","非アクティブ","2026-06-04 15:11:14.833261"
5047,"吉田 葵","aoi.yoshida@example.com","ST03","非アクティブ","2026-06-04 15:11:14.833261"
5048,"渡辺 悠斗","yuto.watanabe@example.com","ST04","退会","2026-06-04 15:11:14.833261"
5049,"吉田 拓海","takumi.yoshida@example.com","ST03","非アクティブ","2026-06-04 15:11:14.833261"
5050,"小林 太郎","taro.kobayashi@example.com","ST03","非アクティブ","2026-06-04 15:11:14.833261"
5051,"吉田 美咲","misaki.yoshida@example.com","ST04","退会","2026-06-04 15:11:14.833261"
5052,"小林 美咲","misaki.kobayashi@example.com","ST01","新規","2026-06-04 15:11:14.833261"
5053,"田中 葵","aoi.tanaka@example.com","ST01","新規","2026-06-04 15:11:14.833261"
5054,"田中 蓮","ren.tanaka@example.com","ST02","アクティブ","2026-06-04 15:11:14.833261"
5055,"山田 葵","aoi.yamada@example.com","ST04","退会","2026-06-04 15:11:14.833261"
5056,"吉田 健太","kenta.yoshida@example.com","ST02","アクティブ","2026-06-04 15:11:14.833261"
5057,"加藤 拓海","takumi.kato@example.com","ST02","アクティブ","2026-06-04 15:11:14.833261"
5058,"山田 結衣","yui.yamada@example.com","ST01","新規","2026-06-04 15:11:14.833261"
5059,"高橋 悠斗","yuto.takahashi@example.com","ST01","新規","2026-06-04 15:11:14.833261"
5060,"高橋 陽菜","hina.takahashi@example.com","ST03","非アクティブ","2026-06-04 15:11:14.833261"
5061,"加藤 健太","kenta.kato@example.com","ST02","アクティブ","2026-06-04 15:11:14.833261"
5062,"鈴木 悠斗","yuto.suzuki@example.com","ST01","新規","2026-06-04 15:11:14.833261"
5063,"加藤 健太","kenta.kato@example.com","ST04","退会","2026-06-04 15:11:14.833261"
5064,"山田 大輔","daisuke.yamada@example.com","ST01","新規","2026-06-04 15:11:14.833261"
5065,"鈴木 健太","kenta.suzuki@example.com","ST01","新規","2026-06-04 15:11:14.833261"
5066,"高橋 大輔","daisuke.takahashi@example.com","ST02","アクティブ","2026-06-04 15:11:14.833261"
5067,"鈴木 蓮","ren.suzuki@example.com","ST02","アクティブ","2026-06-04 15:11:14.833261"
5068,"小林 健太","kenta.kobayashi@example.com","ST04","退会","2026-06-04 15:11:14.833261"
5069,"佐藤 太郎","taro.sato@example.com","ST04","退会","2026-06-04 15:11:14.833261"
5070,"山田 彩花","ayaka.yamada@example.com","ST04","退会","2026-06-04 15:11:14.833261"
5071,"伊藤 太郎","taro.ito@example.com","ST04","退会","2026-06-04 15:11:14.833261"
5072,"吉田 美咲","misaki.yoshida@example.com","ST02","アクティブ","2026-06-04 15:11:14.833261"
5073,"加藤 陽菜","hina.kato@example.com","ST02","アクティブ","2026-06-04 15:11:14.833261"
5074,"小林 太郎","taro.kobayashi@example.com","ST03","非アクティブ","2026-06-04 15:11:14.833261"
5075,"田中 結衣","yui.tanaka@example.com","ST01","新規","2026-06-04 15:11:14.833261"
5076,"伊藤 葵","aoi.ito@example.com","ST03","非アクティブ","2026-06-04 15:11:14.833261"
5077,"小林 翔","sho.kobayashi@example.com","ST01","新規","2026-06-04 15:11:14.833261"
5078,"伊藤 美咲","misaki.ito@example.com","ST04","退会","2026-06-04 15:11:14.833261"
5079,"渡辺 太郎","taro.watanabe@example.com","ST01","新規","2026-06-04 15:11:14.833261"
5080,"田中 健太","kenta.tanaka@example.com","ST03","非アクティブ","2026-06-04 15:11:14.833261"
5081,"山田 美咲","misaki.yamada@example.com","ST04","退会","2026-06-04 15:11:14.833261"
5082,"吉田 悠斗","yuto.yoshida@example.com","ST02","アクティブ","2026-06-04 15:11:14.833261"
5083,"中村 美咲","misaki.nakamura@example.com","ST04","退会","2026-06-04 15:11:14.833261"
5084,"渡辺 彩花","ayaka.watanabe@example.com","ST03","非アクティブ","2026-06-04 15:11:14.833261"
5085,"小林 結衣","yui.kobayashi@example.com","ST04","退会","2026-06-04 15:11:14.833261"
5086,"渡辺 彩花","ayaka.watanabe@example.com","ST01","新規","2026-06-04 15:11:14.833261"
5087,"山本 美咲","misaki.yamamoto@example.com","ST04","退会","2026-06-04 15:11:14.833261"
5088,"吉田 翔","sho.yoshida@example.com","ST01","新規","2026-06-04 15:11:14.833261"
5089,"渡辺 結衣","yui.watanabe@example.com","ST04","退会","2026-06-04 15:11:14.833261"
5090,"高橋 陽菜","hina.takahashi@example.com","ST04","退会","2026-06-04 15:11:14.833261"
5091,"鈴木 悠斗","yuto.suzuki@example.com","ST04","退会","2026-06-04 15:11:14.833261"
5092,"小林 結衣","yui.kobayashi@example.com","ST04","退会","2026-06-04 15:11:14.833261"
5093,"加藤 結衣","yui.kato@example.com","ST02","アクティブ","2026-06-04 15:11:14.833261"
5094,"高橋 彩花","ayaka.takahashi@example.com","ST02","アクティブ","2026-06-04 15:11:14.833261"
5095,"山田 翔","sho.yamada@example.com","ST02","アクティブ","2026-06-04 15:11:14.833261"
5096,"高橋 拓海","takumi.takahashi@example.com","ST04","退会","2026-06-04 15:11:14.833261"
5097,"加藤 翔","sho.kato@example.com","ST03","非アクティブ","2026-06-04 15:11:14.833261"
5098,"田中 結衣","yui.tanaka@example.com","ST04","退会","2026-06-04 15:11:14.833261"
5099,"吉田 健太","kenta.yoshida@example.com","ST01","新規","2026-06-04 15:11:14.833261"
5100,"渡辺 太郎","taro.watanabe@example.com","ST03","非アクティブ","2026-06-04 15:11:14.833261"
5101,"山本 太郎","taro.yamamoto@example.com","ST04","退会","2026-06-04 15:11:14.833261"
5102,"山本 葵","aoi.yamamoto@example.com","ST04","退会","2026-06-04 15:11:14.833261"
5103,"渡辺 葵","aoi.watanabe@example.com","ST02","アクティブ","2026-06-04 15:11:14.833261"
5104,"加藤 悠斗","yuto.kato@example.com","ST04","退会","2026-06-04 15:11:14.833261"
5105,"山田 美咲","misaki.yamada@example.com","ST01","新規","2026-06-04 15:11:14.833261"
5106,"吉田 陽菜","hina.yoshida@example.com","ST03","非アクティブ","2026-06-04 15:11:14.833261"
5107,"吉田 美咲","misaki.yoshida@example.com","ST02","アクティブ","2026-06-04 15:11:14.833261"
5108,"鈴木 大輔","daisuke.suzuki@example.com","ST03","非アクティブ","2026-06-04 15:11:14.833261"
5109,"渡辺 大輔","daisuke.watanabe@example.com","ST02","アクティブ","2026-06-04 15:11:14.833261"
5110,"佐藤 太郎","taro.sato@example.com","ST04","退会","2026-06-04 15:11:14.833261"
5111,"加藤 蓮","ren.kato@example.com","ST02","アクティブ","2026-06-04 15:11:14.833261"
5112,"伊藤 悠斗","yuto.ito@example.com","ST03","非アクティブ","2026-06-04 15:11:14.833261"
5113,"田中 悠斗","yuto.tanaka@example.com","ST02","アクティブ","2026-06-04 15:11:14.833261"
5114,"伊藤 翔","sho.ito@example.com","ST03","非アクティブ","2026-06-04 15:11:14.833261"
5115,"山田 悠斗","yuto.yamada@example.com","ST01","新規","2026-06-04 15:11:14.833261"
5116,"佐藤 悠斗","yuto.sato@example.com","ST04","退会","2026-06-04 15:11:14.833261"
5117,"高橋 葵","aoi.takahashi@example.com","ST04","退会","2026-06-04 15:11:14.833261"
5118,"田中 彩花","ayaka.tanaka@example.com","ST03","非アクティブ","2026-06-04 15:11:14.833261"
5119,"山本 結衣","yui.yamamoto@example.com","ST02","アクティブ","2026-06-04 15:11:14.833261"
5120,"鈴木 太郎","taro.suzuki@example.com","ST04","退会","2026-06-04 15:11:14.833261"
5121,"高橋 翔","sho.takahashi@example.com","ST04","退会","2026-06-04 15:11:14.833261"
5122,"鈴木 葵","aoi.suzuki@example.com","ST04","退会","2026-06-04 15:11:14.833261"
5123,"加藤 葵","aoi.kato@example.com","ST03","非アクティブ","2026-06-04 15:11:14.833261"
5124,"加藤 陽菜","hina.kato@example.com","ST03","非アクティブ","2026-06-04 15:11:14.833261"
5125,"吉田 蓮","ren.yoshida@example.com","ST04","退会","2026-06-04 15:11:14.833261"
5126,"山田 悠斗","yuto.yamada@example.com","ST01","新規","2026-06-04 15:11:14.833261"
5127,"高橋 蓮","ren.takahashi@example.com","ST01","新規","2026-06-04 15:11:14.833261"
5128,"高橋 美咲","misaki.takahashi@example.com","ST01","新規","2026-06-04 15:11:14.833261"
5129,"渡辺 彩花","ayaka.watanabe@example.com","ST02","アクティブ","2026-06-04 15:11:14.833261"
5130,"山田 彩花","ayaka.yamada@example.com","ST04","退会","2026-06-04 15:11:14.833261"
5131,"吉田 悠斗","yuto.yoshida@example.com","ST02","アクティブ","2026-06-04 15:11:14.833261"
5132,"中村 太郎","taro.nakamura@example.com","ST04","退会","2026-06-04 15:11:14.833261"
5133,"鈴木 結衣","yui.suzuki@example.com","ST01","新規","2026-06-04 15:11:14.833261"
5134,"小林 結衣","yui.kobayashi@example.com","ST04","退会","2026-06-04 15:11:14.833261"
5135,"中村 美咲","misaki.nakamura@example.com","ST04","退会","2026-06-04 15:11:14.833261"
5136,"中村 蓮","ren.nakamura@example.com","ST04","退会","2026-06-04 15:11:14.833261"
5137,"伊藤 健太","kenta.ito@example.com","ST03","非アクティブ","2026-06-04 15:11:14.833261"
5138,"加藤 大輔","daisuke.kato@example.com","ST04","退会","2026-06-04 15:11:14.833261"
5139,"吉田 葵","aoi.yoshida@example.com","ST01","新規","2026-06-04 15:11:14.833261"
5140,"高橋 葵","aoi.takahashi@example.com","ST03","非アクティブ","2026-06-04 15:11:14.833261"
5141,"高橋 大輔","daisuke.takahashi@example.com","ST04","退会","2026-06-04 15:11:14.833261"
5142,"伊藤 悠斗","yuto.ito@example.com","ST01","新規","2026-06-04 15:11:14.833261"
5143,"田中 美咲","misaki.tanaka@example.com","ST03","非アクティブ","2026-06-04 15:11:14.833261"
5144,"吉田 大輔","daisuke.yoshida@example.com","ST04","退会","2026-06-04 15:11:14.833261"
5145,"佐藤 彩花","ayaka.sato@example.com","ST03","非アクティブ","2026-06-04 15:11:14.833261"
5146,"高橋 蓮","ren.takahashi@example.com","ST03","非アクティブ","2026-06-04 15:11:14.833261"
5147,"加藤 葵","aoi.kato@example.com","ST02","アクティブ","2026-06-04 15:11:14.833261"
5148,"吉田 太郎","taro.yoshida@example.com","ST04","退会","2026-06-04 15:11:14.833261"
5149,"高橋 結衣","yui.takahashi@example.com","ST04","退会","2026-06-04 15:11:14.833261"
5150,"吉田 健太","kenta.yoshida@example.com","ST01","新規","2026-06-04 15:11:14.833261"
5151,"佐藤 美咲","misaki.sato@example.com","ST03","非アクティブ","2026-06-04 15:11:14.833261"
5152,"佐藤 大輔","daisuke.sato@example.com","ST01","新規","2026-06-04 15:11:14.833261"
5153,"伊藤 太郎","taro.ito@example.com","ST02","アクティブ","2026-06-04 15:11:14.833261"
5154,"渡辺 翔","sho.watanabe@example.com","ST01","新規","2026-06-04 15:11:14.833261"
5155,"伊藤 陽菜","hina.ito@example.com","ST03","非アクティブ","2026-06-04 15:11:14.833261"
5156,"佐藤 陽菜","hina.sato@example.com","ST02","アクティブ","2026-06-04 15:11:14.833261"
5157,"伊藤 美咲","misaki.ito@example.com","ST03","非アクティブ","2026-06-04 15:11:14.833261"
5158,"加藤 拓海","takumi.kato@example.com","ST03","非アクティブ","2026-06-04 15:11:14.833261"
5159,"高橋 太郎","taro.takahashi@example.com","ST02","アクティブ","2026-06-04 15:11:14.833261"
5160,"伊藤 葵","aoi.ito@example.com","ST02","アクティブ","2026-06-04 15:11:14.833261"
5161,"中村 彩花","ayaka.nakamura@example.com","ST04","退会","2026-06-04 15:11:14.833261"
5162,"伊藤 蓮","ren.ito@example.com","ST03","非アクティブ","2026-06-04 15:11:14.833261"
5163,"鈴木 蓮","ren.suzuki@example.com","ST03","非アクティブ","2026-06-04 15:11:14.833261"
5164,"山本 大輔","daisuke.yamamoto@example.com","ST02","アクティブ","2026-06-04 15:11:14.833261"
5165,"田中 美咲","misaki.tanaka@example.com","ST02","アクティブ","2026-06-04 15:11:14.833261"
5166,"高橋 健太","kenta.takahashi@example.com","ST03","非アクティブ","2026-06-04 15:11:14.833261"
5167,"伊藤 翔","sho.ito@example.com","ST02","アクティブ","2026-06-04 15:11:14.833261"
5168,"渡辺 大輔","daisuke.watanabe@example.com","ST04","退会","2026-06-04 15:11:14.833261"
5169,"高橋 陽菜","hina.takahashi@example.com","ST03","非アクティブ","2026-06-04 15:11:14.833261"
5170,"中村 葵","aoi.nakamura@example.com","ST02","アクティブ","2026-06-04 15:11:14.833261"
5171,"渡辺 陽菜","hina.watanabe@example.com","ST02","アクティブ","2026-06-04 15:11:14.833261"
5172,"小林 翔","sho.kobayashi@example.com","ST03","非アクティブ","2026-06-04 15:11:14.833261"
5173,"山田 翔","sho.yamada@example.com","ST04","退会","2026-06-04 15:11:14.833261"
5174,"山本 健太","kenta.yamamoto@example.com","ST02","アクティブ","2026-06-04 15:11:14.833261"
5175,"山田 拓海","takumi.yamada@example.com","ST04","退会","2026-06-04 15:11:14.833261"
5176,"中村 翔","sho.nakamura@example.com","ST01","新規","2026-06-04 15:11:14.833261"
5177,"伊藤 蓮","ren.ito@example.com","ST01","新規","2026-06-04 15:11:14.833261"
5178,"伊藤 翔","sho.ito@example.com","ST04","退会","2026-06-04 15:11:14.833261"
5179,"中村 彩花","ayaka.nakamura@example.com","ST02","アクティブ","2026-06-04 15:11:14.833261"
5180,"鈴木 太郎","taro.suzuki@example.com","ST01","新規","2026-06-04 15:11:14.833261"
5181,"山田 太郎","taro.yamada@example.com","ST02","アクティブ","2026-06-04 15:11:14.833261"
5182,"伊藤 結衣","yui.ito@example.com","ST01","新規","2026-06-04 15:11:14.833261"
5183,"加藤 健太","kenta.kato@example.com","ST03","非アクティブ","2026-06-04 15:11:14.833261"
5184,"小林 拓海","takumi.kobayashi@example.com","ST02","アクティブ","2026-06-04 15:11:14.833261"
5185,"田中 大輔","daisuke.tanaka@example.com","ST02","アクティブ","2026-06-04 15:11:14.833261"
5186,"小林 彩花","ayaka.kobayashi@example.com","ST03","非アクティブ","2026-06-04 15:11:14.833261"
5187,"吉田 陽菜","hina.yoshida@example.com","ST03","非アクティブ","2026-06-04 15:11:14.833261"
5188,"山田 悠斗","yuto.yamada@example.com","ST04","退会","2026-06-04 15:11:14.833261"
5189,"山田 葵","aoi.yamada@example.com","ST04","退会","2026-06-04 15:11:14.833261"
5190,"小林 美咲","misaki.kobayashi@example.com","ST01","新規","2026-06-04 15:11:14.833261"
5191,"田中 陽菜","hina.tanaka@example.com","ST01","新規","2026-06-04 15:11:14.833261"
5192,"鈴木 陽菜","hina.suzuki@example.com","ST03","非アクティブ","2026-06-04 15:11:14.833261"
5193,"山本 大輔","daisuke.yamamoto@example.com","ST01","新規","2026-06-04 15:11:14.833261"
5194,"伊藤 拓海","takumi.ito@example.com","ST04","退会","2026-06-04 15:11:14.833261"
5195,"田中 大輔","daisuke.tanaka@example.com","ST01","新規","2026-06-04 15:11:14.833261"
5196,"高橋 拓海","takumi.takahashi@example.com","ST02","アクティブ","2026-06-04 15:11:14.833261"
5197,"伊藤 大輔","daisuke.ito@example.com","ST04","退会","2026-06-04 15:11:14.833261"
5198,"渡辺 拓海","takumi.watanabe@example.com","ST02","アクティブ","2026-06-04 15:11:14.833261"
5199,"鈴木 悠斗","yuto.suzuki@example.com","ST01","新規","2026-06-04 15:11:14.833261"
5200,"高橋 結衣","yui.takahashi@example.com","ST02","アクティブ","2026-06-04 15:11:14.833261"
5201,"小林 葵","aoi.kobayashi@example.com","ST04","退会","2026-06-04 15:11:14.833261"
5202,"中村 美咲","misaki.nakamura@example.com","ST01","新規","2026-06-04 15:11:14.833261"
5203,"吉田 葵","aoi.yoshida@example.com","ST04","退会","2026-06-04 15:11:14.833261"
5204,"伊藤 健太","kenta.ito@example.com","ST02","アクティブ","2026-06-04 15:11:14.833261"
5205,"吉田 葵","aoi.yoshida@example.com","ST01","新規","2026-06-04 15:11:14.833261"
5206,"高橋 健太","kenta.takahashi@example.com","ST01","新規","2026-06-04 15:11:14.833261"
5207,"高橋 健太","kenta.takahashi@example.com","ST02","アクティブ","2026-06-04 15:11:14.833261"
5208,"吉田 太郎","taro.yoshida@example.com","ST01","新規","2026-06-04 15:11:14.833261"
5209,"田中 蓮","ren.tanaka@example.com","ST03","非アクティブ","2026-06-04 15:11:14.833261"
5210,"山本 陽菜","hina.yamamoto@example.com","ST02","アクティブ","2026-06-04 15:11:14.833261"
5211,"小林 結衣","yui.kobayashi@example.com","ST01","新規","2026-06-04 15:11:14.833261"
5212,"山本 蓮","ren.yamamoto@example.com","ST02","アクティブ","2026-06-04 15:11:14.833261"
5213,"佐藤 美咲","misaki.sato@example.com","ST01","新規","2026-06-04 15:11:14.833261"
5214,"中村 結衣","yui.nakamura@example.com","ST02","アクティブ","2026-06-04 15:11:14.833261"
5215,"田中 翔","sho.tanaka@example.com","ST02","アクティブ","2026-06-04 15:11:14.833261"
5216,"山田 悠斗","yuto.yamada@example.com","ST02","アクティブ","2026-06-04 15:11:14.833261"
5217,"渡辺 大輔","daisuke.watanabe@example.com","ST04","退会","2026-06-04 15:11:14.833261"
5218,"加藤 彩花","ayaka.kato@example.com","ST02","アクティブ","2026-06-04 15:11:14.833261"
5219,"中村 悠斗","yuto.nakamura@example.com","ST03","非アクティブ","2026-06-04 15:11:14.833261"
5220,"田中 陽菜","hina.tanaka@example.com","ST01","新規","2026-06-04 15:11:14.833261"
5221,"伊藤 大輔","daisuke.ito@example.com","ST02","アクティブ","2026-06-04 15:11:14.833261"
5222,"鈴木 美咲","misaki.suzuki@example.com","ST02","アクティブ","2026-06-04 15:11:14.833261"
5223,"加藤 健太","kenta.kato@example.com","ST01","新規","2026-06-04 15:11:14.833261"
5224,"田中 拓海","takumi.tanaka@example.com","ST01","新規","2026-06-04 15:11:14.833261"
5225,"高橋 太郎","taro.takahashi@example.com","ST02","アクティブ","2026-06-04 15:11:14.833261"
5226,"中村 健太","kenta.nakamura@example.com","ST01","新規","2026-06-04 15:11:14.833261"
5227,"中村 陽菜","hina.nakamura@example.com","ST03","非アクティブ","2026-06-04 15:11:14.833261"
5228,"吉田 大輔","daisuke.yoshida@example.com","ST02","アクティブ","2026-06-04 15:11:14.833261"
5229,"加藤 葵","aoi.kato@example.com","ST01","新規","2026-06-04 15:11:14.833261"
5230,"小林 蓮","ren.kobayashi@example.com","ST03","非アクティブ","2026-06-04 15:11:14.833261"
5231,"高橋 悠斗","yuto.takahashi@example.com","ST01","新規","2026-06-04 15:11:14.833261"
5232,"伊藤 葵","aoi.ito@example.com","ST02","アクティブ","2026-06-04 15:11:14.833261"
5233,"高橋 健太","kenta.takahashi@example.com","ST03","非アクティブ","2026-06-04 15:11:14.833261"
5234,"伊藤 健太","kenta.ito@example.com","ST01","新規","2026-06-04 15:11:14.833261"
5235,"山本 彩花","ayaka.yamamoto@example.com","ST01","新規","2026-06-04 15:11:14.833261"
5236,"田中 拓海","takumi.tanaka@example.com","ST02","アクティブ","2026-06-04 15:11:14.833261"
5237,"伊藤 葵","aoi.ito@example.com","ST01","新規","2026-06-04 15:11:14.833261"
5238,"吉田 翔","sho.yoshida@example.com","ST02","アクティブ","2026-06-04 15:11:14.833261"
5239,"山本 健太","kenta.yamamoto@example.com","ST04","退会","2026-06-04 15:11:14.833261"
5240,"佐藤 彩花","ayaka.sato@example.com","ST03","非アクティブ","2026-06-04 15:11:14.833261"
5241,"吉田 美咲","misaki.yoshida@example.com","ST04","退会","2026-06-04 15:11:14.833261"
5242,"山本 結衣","yui.yamamoto@example.com","ST01","新規","2026-06-04 15:11:14.833261"
5243,"伊藤 結衣","yui.ito@example.com","ST03","非アクティブ","2026-06-04 15:11:14.833261"
5244,"小林 太郎","taro.kobayashi@example.com","ST03","非アクティブ","2026-06-04 15:11:14.833261"
5245,"伊藤 翔","sho.ito@example.com","ST04","退会","2026-06-04 15:11:14.833261"
5246,"伊藤 美咲","misaki.ito@example.com","ST01","新規","2026-06-04 15:11:14.833261"
5247,"中村 太郎","taro.nakamura@example.com","ST04","退会","2026-06-04 15:11:14.833261"
5248,"吉田 翔","sho.yoshida@example.com","ST01","新規","2026-06-04 15:11:14.833261"
5249,"小林 悠斗","yuto.kobayashi@example.com","ST03","非アクティブ","2026-06-04 15:11:14.833261"
5250,"吉田 健太","kenta.yoshida@example.com","ST01","新規","2026-06-04 15:11:14.833261"
5251,"伊藤 蓮","ren.ito@example.com","ST02","アクティブ","2026-06-04 15:11:14.833261"
5252,"伊藤 悠斗","yuto.ito@example.com","ST03","非アクティブ","2026-06-04 15:11:14.833261"
5253,"佐藤 大輔","daisuke.sato@example.com","ST02","アクティブ","2026-06-04 15:11:14.833261"
5254,"田中 葵","aoi.tanaka@example.com","ST01","新規","2026-06-04 15:11:14.833261"
5255,"山田 大輔","daisuke.yamada@example.com","ST04","退会","2026-06-04 15:11:14.833261"
5256,"鈴木 悠斗","yuto.suzuki@example.com","ST01","新規","2026-06-04 15:11:14.833261"
5257,"高橋 太郎","taro.takahashi@example.com","ST04","退会","2026-06-04 15:11:14.833261"
5258,"吉田 陽菜","hina.yoshida@example.com","ST04","退会","2026-06-04 15:11:14.833261"
5259,"田中 太郎","taro.tanaka@example.com","ST02","アクティブ","2026-06-04 15:11:14.833261"
5260,"小林 陽菜","hina.kobayashi@example.com","ST04","退会","2026-06-04 15:11:14.833261"
5261,"山本 葵","aoi.yamamoto@example.com","ST02","アクティブ","2026-06-04 15:11:14.833261"
5262,"田中 拓海","takumi.tanaka@example.com","ST03","非アクティブ","2026-06-04 15:11:14.833261"
5263,"山田 健太","kenta.yamada@example.com","ST01","新規","2026-06-04 15:11:14.833261"
5264,"小林 翔","sho.kobayashi@example.com","ST01","新規","2026-06-04 15:11:14.833261"
5265,"佐藤 彩花","ayaka.sato@example.com","ST03","非アクティブ","2026-06-04 15:11:14.833261"
5266,"伊藤 結衣","yui.ito@example.com","ST01","新規","2026-06-04 15:11:14.833261"
5267,"山本 彩花","ayaka.yamamoto@example.com","ST02","アクティブ","2026-06-04 15:11:14.833261"
5268,"鈴木 結衣","yui.suzuki@example.com","ST03","非アクティブ","2026-06-04 15:11:14.833261"
5269,"高橋 彩花","ayaka.takahashi@example.com","ST04","退会","2026-06-04 15:11:14.833261"
5270,"高橋 美咲","misaki.takahashi@example.com","ST01","新規","2026-06-04 15:11:14.833261"
5271,"山本 彩花","ayaka.yamamoto@example.com","ST01","新規","2026-06-04 15:11:14.833261"
5272,"吉田 蓮","ren.yoshida@example.com","ST01","新規","2026-06-04 15:11:14.833261"
5273,"田中 拓海","takumi.tanaka@example.com","ST02","アクティブ","2026-06-04 15:11:14.833261"
5274,"吉田 陽菜","hina.yoshida@example.com","ST04","退会","2026-06-04 15:11:14.833261"
5275,"鈴木 美咲","misaki.suzuki@example.com","ST01","新規","2026-06-04 15:11:14.833261"
5276,"渡辺 大輔","daisuke.watanabe@example.com","ST01","新規","2026-06-04 15:11:14.833261"
5277,"伊藤 結衣","yui.ito@example.com","ST03","非アクティブ","2026-06-04 15:11:14.833261"
5278,"鈴木 拓海","takumi.suzuki@example.com","ST04","退会","2026-06-04 15:11:14.833261"
5279,"鈴木 翔","sho.suzuki@example.com","ST02","アクティブ","2026-06-04 15:11:14.833261"
5280,"中村 美咲","misaki.nakamura@example.com","ST02","アクティブ","2026-06-04 15:11:14.833261"
5281,"山田 葵","aoi.yamada@example.com","ST01","新規","2026-06-04 15:11:14.833261"
5282,"山本 葵","aoi.yamamoto@example.com","ST01","新規","2026-06-04 15:11:14.833261"
5283,"渡辺 美咲","misaki.watanabe@example.com","ST03","非アクティブ","2026-06-04 15:11:14.833261"
5284,"加藤 結衣","yui.kato@example.com","ST02","アクティブ","2026-06-04 15:11:14.833261"
5285,"伊藤 美咲","misaki.ito@example.com","ST01","新規","2026-06-04 15:11:14.833261"
5286,"中村 蓮","ren.nakamura@example.com","ST02","アクティブ","2026-06-04 15:11:14.833261"
5287,"佐藤 拓海","takumi.sato@example.com","ST01","新規","2026-06-04 15:11:14.833261"
5288,"山田 蓮","ren.yamada@example.com","ST04","退会","2026-06-04 15:11:14.833261"
5289,"渡辺 葵","aoi.watanabe@example.com","ST03","非アクティブ","2026-06-04 15:11:14.833261"
5290,"渡辺 悠斗","yuto.watanabe@example.com","ST02","アクティブ","2026-06-04 15:11:14.833261"
5291,"山本 葵","aoi.yamamoto@example.com","ST03","非アクティブ","2026-06-04 15:11:14.833261"
5292,"高橋 結衣","yui.takahashi@example.com","ST03","非アクティブ","2026-06-04 15:11:14.833261"
5293,"渡辺 結衣","yui.watanabe@example.com","ST01","新規","2026-06-04 15:11:14.833261"
5294,"山本 美咲","misaki.yamamoto@example.com","ST01","新規","2026-06-04 15:11:14.833261"
5295,"吉田 葵","aoi.yoshida@example.com","ST01","新規","2026-06-04 15:11:14.833261"
5296,"高橋 健太","kenta.takahashi@example.com","ST04","退会","2026-06-04 15:11:14.833261"
5297,"田中 太郎","taro.tanaka@example.com","ST04","退会","2026-06-04 15:11:14.833261"
5298,"山田 蓮","ren.yamada@example.com","ST03","非アクティブ","2026-06-04 15:11:14.833261"
5299,"山田 陽菜","hina.yamada@example.com","ST02","アクティブ","2026-06-04 15:11:14.833261"
5300,"田中 蓮","ren.tanaka@example.com","ST04","退会","2026-06-04 15:11:14.833261"
5301,"田中 彩花","ayaka.tanaka@example.com","ST03","非アクティブ","2026-06-04 15:11:14.833261"
5302,"加藤 大輔","daisuke.kato@example.com","ST01","新規","2026-06-04 15:11:14.833261"
5303,"佐藤 陽菜","hina.sato@example.com","ST04","退会","2026-06-04 15:11:14.833261"
5304,"山本 蓮","ren.yamamoto@example.com","ST04","退会","2026-06-04 15:11:14.833261"
5305,"小林 彩花","ayaka.kobayashi@example.com","ST04","退会","2026-06-04 15:11:14.833261"
5306,"伊藤 美咲","misaki.ito@example.com","ST04","退会","2026-06-04 15:11:14.833261"
5307,"山田 健太","kenta.yamada@example.com","ST02","アクティブ","2026-06-04 15:11:14.833261"
5308,"伊藤 美咲","misaki.ito@example.com","ST01","新規","2026-06-04 15:11:14.833261"
5309,"吉田 翔","sho.yoshida@example.com","ST03","非アクティブ","2026-06-04 15:11:14.833261"
5310,"山本 悠斗","yuto.yamamoto@example.com","ST04","退会","2026-06-04 15:11:14.833261"
5311,"加藤 健太","kenta.kato@example.com","ST02","アクティブ","2026-06-04 15:11:14.833261"
5312,"渡辺 彩花","ayaka.watanabe@example.com","ST03","非アクティブ","2026-06-04 15:11:14.833261"
5313,"小林 太郎","taro.kobayashi@example.com","ST02","アクティブ","2026-06-04 15:11:14.833261"
5314,"山本 太郎","taro.yamamoto@example.com","ST02","アクティブ","2026-06-04 15:11:14.833261"
5315,"田中 葵","aoi.tanaka@example.com","ST04","退会","2026-06-04 15:11:14.833261"
5316,"山田 健太","kenta.yamada@example.com","ST01","新規","2026-06-04 15:11:14.833261"
5317,"渡辺 陽菜","hina.watanabe@example.com","ST03","非アクティブ","2026-06-04 15:11:14.833261"
5318,"伊藤 葵","aoi.ito@example.com","ST04","退会","2026-06-04 15:11:14.833261"
5319,"伊藤 美咲","misaki.ito@example.com","ST02","アクティブ","2026-06-04 15:11:14.833261"
5320,"鈴木 翔","sho.suzuki@example.com","ST01","新規","2026-06-04 15:11:14.833261"
5321,"高橋 大輔","daisuke.takahashi@example.com","ST04","退会","2026-06-04 15:11:14.833261"
5322,"伊藤 葵","aoi.ito@example.com","ST01","新規","2026-06-04 15:11:14.833261"
5323,"中村 陽菜","hina.nakamura@example.com","ST01","新規","2026-06-04 15:11:14.833261"
5324,"渡辺 彩花","ayaka.watanabe@example.com","ST02","アクティブ","2026-06-04 15:11:14.833261"
5325,"伊藤 美咲","misaki.ito@example.com","ST03","非アクティブ","2026-06-04 15:11:14.833261"
5326,"山田 悠斗","yuto.yamada@example.com","ST01","新規","2026-06-04 15:11:14.833261"
5327,"吉田 葵","aoi.yoshida@example.com","ST04","退会","2026-06-04 15:11:14.833261"
5328,"加藤 結衣","yui.kato@example.com","ST01","新規","2026-06-04 15:11:14.833261"
5329,"山本 彩花","ayaka.yamamoto@example.com","ST04","退会","2026-06-04 15:11:14.833261"
5330,"佐藤 太郎","taro.sato@example.com","ST04","退会","2026-06-04 15:11:14.833261"
5331,"渡辺 健太","kenta.watanabe@example.com","ST01","新規","2026-06-04 15:11:14.833261"
5332,"高橋 蓮","ren.takahashi@example.com","ST04","退会","2026-06-04 15:11:14.833261"
5333,"吉田 健太","kenta.yoshida@example.com","ST02","アクティブ","2026-06-04 15:11:14.833261"
5334,"山田 太郎","taro.yamada@example.com","ST03","非アクティブ","2026-06-04 15:11:14.833261"
5335,"伊藤 陽菜","hina.ito@example.com","ST03","非アクティブ","2026-06-04 15:11:14.833261"
5336,"伊藤 翔","sho.ito@example.com","ST01","新規","2026-06-04 15:11:14.833261"
5337,"田中 拓海","takumi.tanaka@example.com","ST02","アクティブ","2026-06-04 15:11:14.833261"
5338,"吉田 拓海","takumi.yoshida@example.com","ST03","非アクティブ","2026-06-04 15:11:14.833261"
5339,"山本 美咲","misaki.yamamoto@example.com","ST01","新規","2026-06-04 15:11:14.833261"
5340,"山田 翔","sho.yamada@example.com","ST01","新規","2026-06-04 15:11:14.833261"
5341,"吉田 結衣","yui.yoshida@example.com","ST04","退会","2026-06-04 15:11:14.833261"
5342,"山本 美咲","misaki.yamamoto@example.com","ST01","新規","2026-06-04 15:11:14.833261"
5343,"加藤 陽菜","hina.kato@example.com","ST02","アクティブ","2026-06-04 15:11:14.833261"
5344,"山田 彩花","ayaka.yamada@example.com","ST02","アクティブ","2026-06-04 15:11:14.833261"
5345,"田中 大輔","daisuke.tanaka@example.com","ST01","新規","2026-06-04 15:11:14.833261"
5346,"加藤 結衣","yui.kato@example.com","ST04","退会","2026-06-04 15:11:14.833261"
5347,"吉田 結衣","yui.yoshida@example.com","ST03","非アクティブ","2026-06-04 15:11:14.833261"
5348,"山田 美咲","misaki.yamada@example.com","ST04","退会","2026-06-04 15:11:14.833261"
5349,"中村 蓮","ren.nakamura@example.com","ST01","新規","2026-06-04 15:11:14.833261"
5350,"佐藤 翔","sho.sato@example.com","ST03","非アクティブ","2026-06-04 15:11:14.833261"
5351,"渡辺 翔","sho.watanabe@example.com","ST01","新規","2026-06-04 15:11:14.833261"
5352,"鈴木 悠斗","yuto.suzuki@example.com","ST04","退会","2026-06-04 15:11:14.833261"
5353,"山田 翔","sho.yamada@example.com","ST04","退会","2026-06-04 15:11:14.833261"
5354,"山田 拓海","takumi.yamada@example.com","ST03","非アクティブ","2026-06-04 15:11:14.833261"
5355,"渡辺 結衣","yui.watanabe@example.com","ST04","退会","2026-06-04 15:11:14.833261"
5356,"山本 蓮","ren.yamamoto@example.com","ST03","非アクティブ","2026-06-04 15:11:14.833261"
5357,"渡辺 蓮","ren.watanabe@example.com","ST01","新規","2026-06-04 15:11:14.833261"
5358,"中村 大輔","daisuke.nakamura@example.com","ST01","新規","2026-06-04 15:11:14.833261"
5359,"高橋 健太","kenta.takahashi@example.com","ST02","アクティブ","2026-06-04 15:11:14.833261"
5360,"鈴木 蓮","ren.suzuki@example.com","ST02","アクティブ","2026-06-04 15:11:14.833261"
5361,"高橋 翔","sho.takahashi@example.com","ST03","非アクティブ","2026-06-04 15:11:14.833261"
5362,"渡辺 蓮","ren.watanabe@example.com","ST02","アクティブ","2026-06-04 15:11:14.833261"
5363,"吉田 健太","kenta.yoshida@example.com","ST01","新規","2026-06-04 15:11:14.833261"
5364,"中村 太郎","taro.nakamura@example.com","ST02","アクティブ","2026-06-04 15:11:14.833261"
5365,"伊藤 拓海","takumi.ito@example.com","ST01","新規","2026-06-04 15:11:14.833261"
5366,"鈴木 大輔","daisuke.suzuki@example.com","ST03","非アクティブ","2026-06-04 15:11:14.833261"
5367,"鈴木 陽菜","hina.suzuki@example.com","ST02","アクティブ","2026-06-04 15:11:14.833261"
5368,"加藤 美咲","misaki.kato@example.com","ST03","非アクティブ","2026-06-04 15:11:14.833261"
5369,"田中 翔","sho.tanaka@example.com","ST04","退会","2026-06-04 15:11:14.833261"
5370,"山田 翔","sho.yamada@example.com","ST02","アクティブ","2026-06-04 15:11:14.833261"
5371,"高橋 悠斗","yuto.takahashi@example.com","ST03","非アクティブ","2026-06-04 15:11:14.833261"
5372,"佐藤 結衣","yui.sato@example.com","ST04","退会","2026-06-04 15:11:14.833261"
5373,"吉田 彩花","ayaka.yoshida@example.com","ST01","新規","2026-06-04 15:11:14.833261"
5374,"高橋 悠斗","yuto.takahashi@example.com","ST02","アクティブ","2026-06-04 15:11:14.833261"
5375,"伊藤 悠斗","yuto.ito@example.com","ST03","非アクティブ","2026-06-04 15:11:14.833261"
5376,"吉田 健太","kenta.yoshida@example.com","ST04","退会","2026-06-04 15:11:14.833261"
5377,"佐藤 拓海","takumi.sato@example.com","ST03","非アクティブ","2026-06-04 15:11:14.833261"
5378,"吉田 拓海","takumi.yoshida@example.com","ST04","退会","2026-06-04 15:11:14.833261"
5379,"吉田 太郎","taro.yoshida@example.com","ST03","非アクティブ","2026-06-04 15:11:14.833261"
5380,"渡辺 大輔","daisuke.watanabe@example.com","ST02","アクティブ","2026-06-04 15:11:14.833261"
5381,"田中 葵","aoi.tanaka@example.com","ST02","アクティブ","2026-06-04 15:11:14.833261"
5382,"山本 太郎","taro.yamamoto@example.com","ST03","非アクティブ","2026-06-04 15:11:14.833261"
5383,"吉田 太郎","taro.yoshida@example.com","ST03","非アクティブ","2026-06-04 15:11:14.833261"
5384,"加藤 結衣","yui.kato@example.com","ST02","アクティブ","2026-06-04 15:11:14.833261"
5385,"鈴木 太郎","taro.suzuki@example.com","ST04","退会","2026-06-04 15:11:14.833261"
5386,"山本 翔","sho.yamamoto@example.com","ST02","アクティブ","2026-06-04 15:11:14.833261"
5387,"山本 悠斗","yuto.yamamoto@example.com","ST02","アクティブ","2026-06-04 15:11:14.833261"
5388,"小林 結衣","yui.kobayashi@example.com","ST04","退会","2026-06-04 15:11:14.833261"
5389,"伊藤 健太","kenta.ito@example.com","ST01","新規","2026-06-04 15:11:14.833261"
5390,"渡辺 結衣","yui.watanabe@example.com","ST01","新規","2026-06-04 15:11:14.833261"
5391,"中村 太郎","taro.nakamura@example.com","ST03","非アクティブ","2026-06-04 15:11:14.833261"
5392,"田中 拓海","takumi.tanaka@example.com","ST04","退会","2026-06-04 15:11:14.833261"
5393,"小林 結衣","yui.kobayashi@example.com","ST02","アクティブ","2026-06-04 15:11:14.833261"
5394,"加藤 悠斗","yuto.kato@example.com","ST04","退会","2026-06-04 15:11:14.833261"
5395,"山本 大輔","daisuke.yamamoto@example.com","ST01","新規","2026-06-04 15:11:14.833261"
5396,"鈴木 拓海","takumi.suzuki@example.com","ST01","新規","2026-06-04 15:11:14.833261"
5397,"鈴木 陽菜","hina.suzuki@example.com","ST01","新規","2026-06-04 15:11:14.833261"
5398,"田中 陽菜","hina.tanaka@example.com","ST02","アクティブ","2026-06-04 15:11:14.833261"
5399,"佐藤 翔","sho.sato@example.com","ST03","非アクティブ","2026-06-04 15:11:14.833261"
5400,"鈴木 拓海","takumi.suzuki@example.com","ST04","退会","2026-06-04 15:11:14.833261"
5401,"小林 葵","aoi.kobayashi@example.com","ST03","非アクティブ","2026-06-04 15:11:14.833261"
5402,"中村 葵","aoi.nakamura@example.com","ST03","非アクティブ","2026-06-04 15:11:14.833261"
5403,"田中 彩花","ayaka.tanaka@example.com","ST01","新規","2026-06-04 15:11:14.833261"
5404,"吉田 美咲","misaki.yoshida@example.com","ST01","新規","2026-06-04 15:11:14.833261"
5405,"佐藤 蓮","ren.sato@example.com","ST01","新規","2026-06-04 15:11:14.833261"
5406,"渡辺 陽菜","hina.watanabe@example.com","ST03","非アクティブ","2026-06-04 15:11:14.833261"
5407,"佐藤 陽菜","hina.sato@example.com","ST02","アクティブ","2026-06-04 15:11:14.833261"
5408,"渡辺 美咲","misaki.watanabe@example.com","ST02","アクティブ","2026-06-04 15:11:14.833261"
5409,"吉田 健太","kenta.yoshida@example.com","ST03","非アクティブ","2026-06-04 15:11:14.833261"
5410,"吉田 陽菜","hina.yoshida@example.com","ST01","新規","2026-06-04 15:11:14.833261"
5411,"小林 大輔","daisuke.kobayashi@example.com","ST04","退会","2026-06-04 15:11:14.833261"
5412,"伊藤 蓮","ren.ito@example.com","ST04","退会","2026-06-04 15:11:14.833261"
5413,"加藤 陽菜","hina.kato@example.com","ST04","退会","2026-06-04 15:11:14.833261"
5414,"高橋 翔","sho.takahashi@example.com","ST04","退会","2026-06-04 15:11:14.833261"
5415,"佐藤 太郎","taro.sato@example.com","ST01","新規","2026-06-04 15:11:14.833261"
5416,"小林 陽菜","hina.kobayashi@example.com","ST03","非アクティブ","2026-06-04 15:11:14.833261"
5417,"高橋 悠斗","yuto.takahashi@example.com","ST03","非アクティブ","2026-06-04 15:11:14.833261"
5418,"吉田 悠斗","yuto.yoshida@example.com","ST02","アクティブ","2026-06-04 15:11:14.833261"
5419,"小林 拓海","takumi.kobayashi@example.com","ST04","退会","2026-06-04 15:11:14.833261"
5420,"佐藤 大輔","daisuke.sato@example.com","ST01","新規","2026-06-04 15:11:14.833261"
5421,"小林 陽菜","hina.kobayashi@example.com","ST04","退会","2026-06-04 15:11:14.833261"
5422,"伊藤 美咲","misaki.ito@example.com","ST03","非アクティブ","2026-06-04 15:11:14.833261"
5423,"山田 蓮","ren.yamada@example.com","ST02","アクティブ","2026-06-04 15:11:14.833261"
5424,"渡辺 陽菜","hina.watanabe@example.com","ST01","新規","2026-06-04 15:11:14.833261"
5425,"田中 大輔","daisuke.tanaka@example.com","ST04","退会","2026-06-04 15:11:14.833261"
5426,"高橋 彩花","ayaka.takahashi@example.com","ST04","退会","2026-06-04 15:11:14.833261"
5427,"鈴木 拓海","takumi.suzuki@example.com","ST01","新規","2026-06-04 15:11:14.833261"
5428,"渡辺 蓮","ren.watanabe@example.com","ST02","アクティブ","2026-06-04 15:11:14.833261"
5429,"鈴木 蓮","ren.suzuki@example.com","ST02","アクティブ","2026-06-04 15:11:14.833261"
5430,"高橋 美咲","misaki.takahashi@example.com","ST01","新規","2026-06-04 15:11:14.833261"
5431,"吉田 蓮","ren.yoshida@example.com","ST02","アクティブ","2026-06-04 15:11:14.833261"
5432,"伊藤 拓海","takumi.ito@example.com","ST04","退会","2026-06-04 15:11:14.833261"
5433,"高橋 大輔","daisuke.takahashi@example.com","ST03","非アクティブ","2026-06-04 15:11:14.833261"
5434,"山本 陽菜","hina.yamamoto@example.com","ST03","非アクティブ","2026-06-04 15:11:14.833261"
5435,"田中 拓海","takumi.tanaka@example.com","ST03","非アクティブ","2026-06-04 15:11:14.833261"
5436,"佐藤 結衣","yui.sato@example.com","ST01","新規","2026-06-04 15:11:14.833261"
5437,"山田 悠斗","yuto.yamada@example.com","ST01","新規","2026-06-04 15:11:14.833261"
5438,"鈴木 蓮","ren.suzuki@example.com","ST03","非アクティブ","2026-06-04 15:11:14.833261"
5439,"伊藤 美咲","misaki.ito@example.com","ST03","非アクティブ","2026-06-04 15:11:14.833261"
5440,"山田 大輔","daisuke.yamada@example.com","ST04","退会","2026-06-04 15:11:14.833261"
5441,"渡辺 彩花","ayaka.watanabe@example.com","ST04","退会","2026-06-04 15:11:14.833261"
5442,"渡辺 陽菜","hina.watanabe@example.com","ST04","退会","2026-06-04 15:11:14.833261"
5443,"田中 葵","aoi.tanaka@example.com","ST02","アクティブ","2026-06-04 15:11:14.833261"
5444,"山田 美咲","misaki.yamada@example.com","ST04","退会","2026-06-04 15:11:14.833261"
5445,"中村 太郎","taro.nakamura@example.com","ST01","新規","2026-06-04 15:11:14.833261"
5446,"吉田 悠斗","yuto.yoshida@example.com","ST04","退会","2026-06-04 15:11:14.833261"
5447,"山田 陽菜","hina.yamada@example.com","ST01","新規","2026-06-04 15:11:14.833261"
5448,"伊藤 葵","aoi.ito@example.com","ST02","アクティブ","2026-06-04 15:11:14.833261"
5449,"渡辺 蓮","ren.watanabe@example.com","ST03","非アクティブ","2026-06-04 15:11:14.833261"
5450,"吉田 蓮","ren.yoshida@example.com","ST01","新規","2026-06-04 15:11:14.833261"
5451,"渡辺 健太","kenta.watanabe@example.com","ST04","退会","2026-06-04 15:11:14.833261"
5452,"吉田 葵","aoi.yoshida@example.com","ST03","非アクティブ","2026-06-04 15:11:14.833261"
5453,"渡辺 健太","kenta.watanabe@example.com","ST02","アクティブ","2026-06-04 15:11:14.833261"
5454,"田中 蓮","ren.tanaka@example.com","ST03","非アクティブ","2026-06-04 15:11:14.833261"
5455,"高橋 蓮","ren.takahashi@example.com","ST03","非アクティブ","2026-06-04 15:11:14.833261"
5456,"中村 葵","aoi.nakamura@example.com","ST04","退会","2026-06-04 15:11:14.833261"
5457,"中村 蓮","ren.nakamura@example.com","ST04","退会","2026-06-04 15:11:14.833261"
5458,"中村 彩花","ayaka.nakamura@example.com","ST01","新規","2026-06-04 15:11:14.833261"
5459,"山田 彩花","ayaka.yamada@example.com","ST01","新規","2026-06-04 15:11:14.833261"
5460,"山田 大輔","daisuke.yamada@example.com","ST01","新規","2026-06-04 15:11:14.833261"
5461,"伊藤 太郎","taro.ito@example.com","ST03","非アクティブ","2026-06-04 15:11:14.833261"
5462,"高橋 健太","kenta.takahashi@example.com","ST04","退会","2026-06-04 15:11:14.833261"
5463,"山本 結衣","yui.yamamoto@example.com","ST04","退会","2026-06-04 15:11:14.833261"
5464,"高橋 悠斗","yuto.takahashi@example.com","ST03","非アクティブ","2026-06-04 15:11:14.833261"
5465,"佐藤 翔","sho.sato@example.com","ST02","アクティブ","2026-06-04 15:11:14.833261"
5466,"吉田 蓮","ren.yoshida@example.com","ST01","新規","2026-06-04 15:11:14.833261"
5467,"田中 拓海","takumi.tanaka@example.com","ST04","退会","2026-06-04 15:11:14.833261"
5468,"中村 健太","kenta.nakamura@example.com","ST04","退会","2026-06-04 15:11:14.833261"
5469,"山田 太郎","taro.yamada@example.com","ST02","アクティブ","2026-06-04 15:11:14.833261"
5470,"鈴木 蓮","ren.suzuki@example.com","ST03","非アクティブ","2026-06-04 15:11:14.833261"
5471,"佐藤 陽菜","hina.sato@example.com","ST03","非アクティブ","2026-06-04 15:11:14.833261"
5472,"鈴木 結衣","yui.suzuki@example.com","ST01","新規","2026-06-04 15:11:14.833261"
5473,"高橋 葵","aoi.takahashi@example.com","ST02","アクティブ","2026-06-04 15:11:14.833261"
5474,"小林 葵","aoi.kobayashi@example.com","ST04","退会","2026-06-04 15:11:14.833261"
5475,"佐藤 蓮","ren.sato@example.com","ST03","非アクティブ","2026-06-04 15:11:14.833261"
5476,"山本 結衣","yui.yamamoto@example.com","ST04","退会","2026-06-04 15:11:14.833261"
5477,"加藤 大輔","daisuke.kato@example.com","ST01","新規","2026-06-04 15:11:14.833261"
5478,"田中 彩花","ayaka.tanaka@example.com","ST04","退会","2026-06-04 15:11:14.833261"
5479,"中村 拓海","takumi.nakamura@example.com","ST02","アクティブ","2026-06-04 15:11:14.833261"
5480,"山田 太郎","taro.yamada@example.com","ST03","非アクティブ","2026-06-04 15:11:14.833261"
5481,"田中 陽菜","hina.tanaka@example.com","ST03","非アクティブ","2026-06-04 15:11:14.833261"
5482,"山本 太郎","taro.yamamoto@example.com","ST01","新規","2026-06-04 15:11:14.833261"
5483,"加藤 太郎","taro.kato@example.com","ST01","新規","2026-06-04 15:11:14.833261"
5484,"鈴木 美咲","misaki.suzuki@example.com","ST04","退会","2026-06-04 15:11:14.833261"
5485,"渡辺 悠斗","yuto.watanabe@example.com","ST03","非アクティブ","2026-06-04 15:11:14.833261"
5486,"高橋 悠斗","yuto.takahashi@example.com","ST01","新規","2026-06-04 15:11:14.833261"
5487,"伊藤 拓海","takumi.ito@example.com","ST02","アクティブ","2026-06-04 15:11:14.833261"
5488,"中村 蓮","ren.nakamura@example.com","ST03","非アクティブ","2026-06-04 15:11:14.833261"
5489,"伊藤 太郎","taro.ito@example.com","ST02","アクティブ","2026-06-04 15:11:14.833261"
5490,"鈴木 健太","kenta.suzuki@example.com","ST01","新規","2026-06-04 15:11:14.833261"
5491,"中村 太郎","taro.nakamura@example.com","ST02","アクティブ","2026-06-04 15:11:14.833261"
5492,"田中 彩花","ayaka.tanaka@example.com","ST03","非アクティブ","2026-06-04 15:11:14.833261"
5493,"中村 陽菜","hina.nakamura@example.com","ST03","非アクティブ","2026-06-04 15:11:14.833261"
5494,"吉田 太郎","taro.yoshida@example.com","ST02","アクティブ","2026-06-04 15:11:14.833261"
5495,"鈴木 蓮","ren.suzuki@example.com","ST01","新規","2026-06-04 15:11:14.833261"
5496,"渡辺 蓮","ren.watanabe@example.com","ST04","退会","2026-06-04 15:11:14.833261"
5497,"鈴木 結衣","yui.suzuki@example.com","ST02","アクティブ","2026-06-04 15:11:14.833261"
5498,"渡辺 健太","kenta.watanabe@example.com","ST03","非アクティブ","2026-06-04 15:11:14.833261"
5499,"山本 陽菜","hina.yamamoto@example.com","ST03","非アクティブ","2026-06-04 15:11:14.833261"
5500,"渡辺 大輔","daisuke.watanabe@example.com","ST02","アクティブ","2026-06-04 15:11:14.833261"
5501,"小林 拓海","takumi.kobayashi@example.com","ST03","非アクティブ","2026-06-04 15:11:14.833261"
5502,"中村 悠斗","yuto.nakamura@example.com","ST02","アクティブ","2026-06-04 15:11:14.833261"
5503,"加藤 蓮","ren.kato@example.com","ST02","アクティブ","2026-06-04 15:11:14.833261"
5504,"山田 翔","sho.yamada@example.com","ST02","アクティブ","2026-06-04 15:11:14.833261"
5505,"山田 葵","aoi.yamada@example.com","ST03","非アクティブ","2026-06-04 15:11:14.833261"
5506,"山田 蓮","ren.yamada@example.com","ST02","アクティブ","2026-06-04 15:11:14.833261"
5507,"加藤 結衣","yui.kato@example.com","ST03","非アクティブ","2026-06-04 15:11:14.833261"
5508,"中村 蓮","ren.nakamura@example.com","ST04","退会","2026-06-04 15:11:14.833261"
5509,"佐藤 陽菜","hina.sato@example.com","ST02","アクティブ","2026-06-04 15:11:14.833261"
5510,"吉田 陽菜","hina.yoshida@example.com","ST04","退会","2026-06-04 15:11:14.833261"
5511,"山本 結衣","yui.yamamoto@example.com","ST02","アクティブ","2026-06-04 15:11:14.833261"
5512,"吉田 蓮","ren.yoshida@example.com","ST03","非アクティブ","2026-06-04 15:11:14.833261"
5513,"鈴木 美咲","misaki.suzuki@example.com","ST04","退会","2026-06-04 15:11:14.833261"
5514,"佐藤 陽菜","hina.sato@example.com","ST02","アクティブ","2026-06-04 15:11:14.833261"
5515,"中村 陽菜","hina.nakamura@example.com","ST02","アクティブ","2026-06-04 15:11:14.833261"
5516,"山本 美咲","misaki.yamamoto@example.com","ST04","退会","2026-06-04 15:11:14.833261"
5517,"鈴木 大輔","daisuke.suzuki@example.com","ST03","非アクティブ","2026-06-04 15:11:14.833261"
5518,"伊藤 大輔","daisuke.ito@example.com","ST01","新規","2026-06-04 15:11:14.833261"
5519,"佐藤 葵","aoi.sato@example.com","ST04","退会","2026-06-04 15:11:14.833261"
5520,"加藤 蓮","ren.kato@example.com","ST03","非アクティブ","2026-06-04 15:11:14.833261"
5521,"高橋 陽菜","hina.takahashi@example.com","ST03","非アクティブ","2026-06-04 15:11:14.833261"
5522,"田中 太郎","taro.tanaka@example.com","ST02","アクティブ","2026-06-04 15:11:14.833261"
5523,"中村 陽菜","hina.nakamura@example.com","ST02","アクティブ","2026-06-04 15:11:14.833261"
5524,"中村 結衣","yui.nakamura@example.com","ST01","新規","2026-06-04 15:11:14.833261"
5525,"田中 拓海","takumi.tanaka@example.com","ST02","アクティブ","2026-06-04 15:11:14.833261"
5526,"鈴木 健太","kenta.suzuki@example.com","ST04","退会","2026-06-04 15:11:14.833261"
5527,"伊藤 結衣","yui.ito@example.com","ST01","新規","2026-06-04 15:11:14.833261"
5528,"伊藤 蓮","ren.ito@example.com","ST03","非アクティブ","2026-06-04 15:11:14.833261"
5529,"中村 翔","sho.nakamura@example.com","ST03","非アクティブ","2026-06-04 15:11:14.833261"
5530,"鈴木 大輔","daisuke.suzuki@example.com","ST03","非アクティブ","2026-06-04 15:11:14.833261"
5531,"渡辺 陽菜","hina.watanabe@example.com","ST01","新規","2026-06-04 15:11:14.833261"
5532,"田中 蓮","ren.tanaka@example.com","ST04","退会","2026-06-04 15:11:14.833261"
5533,"中村 翔","sho.nakamura@example.com","ST02","アクティブ","2026-06-04 15:11:14.833261"
5534,"田中 蓮","ren.tanaka@example.com","ST04","退会","2026-06-04 15:11:14.833261"
5535,"山田 拓海","takumi.yamada@example.com","ST04","退会","2026-06-04 15:11:14.833261"
5536,"伊藤 健太","kenta.ito@example.com","ST02","アクティブ","2026-06-04 15:11:14.833261"
5537,"佐藤 翔","sho.sato@example.com","ST02","アクティブ","2026-06-04 15:11:14.833261"
5538,"伊藤 大輔","daisuke.ito@example.com","ST04","退会","2026-06-04 15:11:14.833261"
5539,"吉田 結衣","yui.yoshida@example.com","ST04","退会","2026-06-04 15:11:14.833261"
5540,"田中 葵","aoi.tanaka@example.com","ST03","非アクティブ","2026-06-04 15:11:14.833261"
5541,"山田 蓮","ren.yamada@example.com","ST03","非アクティブ","2026-06-04 15:11:14.833261"
5542,"小林 結衣","yui.kobayashi@example.com","ST03","非アクティブ","2026-06-04 15:11:14.833261"
5543,"佐藤 陽菜","hina.sato@example.com","ST03","非アクティブ","2026-06-04 15:11:14.833261"
5544,"鈴木 翔","sho.suzuki@example.com","ST03","非アクティブ","2026-06-04 15:11:14.833261"
5545,"高橋 太郎","taro.takahashi@example.com","ST02","アクティブ","2026-06-04 15:11:14.833261"
5546,"中村 葵","aoi.nakamura@example.com","ST04","退会","2026-06-04 15:11:14.833261"
5547,"山田 翔","sho.yamada@example.com","ST01","新規","2026-06-04 15:11:14.833261"
5548,"山田 悠斗","yuto.yamada@example.com","ST04","退会","2026-06-04 15:11:14.833261"
5549,"吉田 結衣","yui.yoshida@example.com","ST03","非アクティブ","2026-06-04 15:11:14.833261"
5550,"加藤 拓海","takumi.kato@example.com","ST02","アクティブ","2026-06-04 15:11:14.833261"
5551,"田中 拓海","takumi.tanaka@example.com","ST03","非アクティブ","2026-06-04 15:11:14.833261"
5552,"佐藤 太郎","taro.sato@example.com","ST03","非アクティブ","2026-06-04 15:11:14.833261"
5553,"佐藤 結衣","yui.sato@example.com","ST01","新規","2026-06-04 15:11:14.833261"
5554,"佐藤 悠斗","yuto.sato@example.com","ST04","退会","2026-06-04 15:11:14.833261"
5555,"山田 葵","aoi.yamada@example.com","ST01","新規","2026-06-04 15:11:14.833261"
5556,"吉田 太郎","taro.yoshida@example.com","ST04","退会","2026-06-04 15:11:14.833261"
5557,"山田 健太","kenta.yamada@example.com","ST04","退会","2026-06-04 15:11:14.833261"
5558,"山田 大輔","daisuke.yamada@example.com","ST02","アクティブ","2026-06-04 15:11:14.833261"
5559,"中村 美咲","misaki.nakamura@example.com","ST02","アクティブ","2026-06-04 15:11:14.833261"
5560,"鈴木 結衣","yui.suzuki@example.com","ST04","退会","2026-06-04 15:11:14.833261"
5561,"田中 翔","sho.tanaka@example.com","ST03","非アクティブ","2026-06-04 15:11:14.833261"
5562,"田中 彩花","ayaka.tanaka@example.com","ST02","アクティブ","2026-06-04 15:11:14.833261"
5563,"山田 陽菜","hina.yamada@example.com","ST04","退会","2026-06-04 15:11:14.833261"
5564,"小林 彩花","ayaka.kobayashi@example.com","ST01","新規","2026-06-04 15:11:14.833261"
5565,"高橋 翔","sho.takahashi@example.com","ST04","退会","2026-06-04 15:11:14.833261"
5566,"田中 大輔","daisuke.tanaka@example.com","ST04","退会","2026-06-04 15:11:14.833261"
5567,"田中 美咲","misaki.tanaka@example.com","ST03","非アクティブ","2026-06-04 15:11:14.833261"
5568,"田中 蓮","ren.tanaka@example.com","ST01","新規","2026-06-04 15:11:14.833261"
5569,"吉田 健太","kenta.yoshida@example.com","ST03","非アクティブ","2026-06-04 15:11:14.833261"
5570,"佐藤 大輔","daisuke.sato@example.com","ST03","非アクティブ","2026-06-04 15:11:14.833261"
5571,"小林 太郎","taro.kobayashi@example.com","ST04","退会","2026-06-04 15:11:14.833261"
5572,"小林 葵","aoi.kobayashi@example.com","ST03","非アクティブ","2026-06-04 15:11:14.833261"
5573,"山田 大輔","daisuke.yamada@example.com","ST03","非アクティブ","2026-06-04 15:11:14.833261"
5574,"高橋 結衣","yui.takahashi@example.com","ST01","新規","2026-06-04 15:11:14.833261"
5575,"鈴木 大輔","daisuke.suzuki@example.com","ST01","新規","2026-06-04 15:11:14.833261"
5576,"伊藤 悠斗","yuto.ito@example.com","ST03","非アクティブ","2026-06-04 15:11:14.833261"
5577,"中村 悠斗","yuto.nakamura@example.com","ST01","新規","2026-06-04 15:11:14.833261"
5578,"中村 結衣","yui.nakamura@example.com","ST03","非アクティブ","2026-06-04 15:11:14.833261"
5579,"山本 彩花","ayaka.yamamoto@example.com","ST01","新規","2026-06-04 15:11:14.833261"
5580,"中村 悠斗","yuto.nakamura@example.com","ST04","退会","2026-06-04 15:11:14.833261"
5581,"加藤 彩花","ayaka.kato@example.com","ST03","非アクティブ","2026-06-04 15:11:14.833261"
5582,"渡辺 健太","kenta.watanabe@example.com","ST03","非アクティブ","2026-06-04 15:11:14.833261"
5583,"加藤 結衣","yui.kato@example.com","ST03","非アクティブ","2026-06-04 15:11:14.833261"
5584,"田中 健太","kenta.tanaka@example.com","ST01","新規","2026-06-04 15:11:14.833261"
5585,"佐藤 美咲","misaki.sato@example.com","ST04","退会","2026-06-04 15:11:14.833261"
5586,"伊藤 太郎","taro.ito@example.com","ST03","非アクティブ","2026-06-04 15:11:14.833261"
5587,"小林 翔","sho.kobayashi@example.com","ST02","アクティブ","2026-06-04 15:11:14.833261"
5588,"田中 彩花","ayaka.tanaka@example.com","ST04","退会","2026-06-04 15:11:14.833261"
5589,"佐藤 彩花","ayaka.sato@example.com","ST01","新規","2026-06-04 15:11:14.833261"
5590,"伊藤 結衣","yui.ito@example.com","ST03","非アクティブ","2026-06-04 15:11:14.833261"
5591,"加藤 結衣","yui.kato@example.com","ST04","退会","2026-06-04 15:11:14.833261"
5592,"佐藤 蓮","ren.sato@example.com","ST02","アクティブ","2026-06-04 15:11:14.833261"
5593,"山本 太郎","taro.yamamoto@example.com","ST03","非アクティブ","2026-06-04 15:11:14.833261"
5594,"渡辺 悠斗","yuto.watanabe@example.com","ST04","退会","2026-06-04 15:11:14.833261"
5595,"中村 葵","aoi.nakamura@example.com","ST04","退会","2026-06-04 15:11:14.833261"
5596,"中村 健太","kenta.nakamura@example.com","ST03","非アクティブ","2026-06-04 15:11:14.833261"
5597,"田中 悠斗","yuto.tanaka@example.com","ST01","新規","2026-06-04 15:11:14.833261"
5598,"吉田 彩花","ayaka.yoshida@example.com","ST04","退会","2026-06-04 15:11:14.833261"
5599,"佐藤 拓海","takumi.sato@example.com","ST01","新規","2026-06-04 15:11:14.833261"
5600,"鈴木 結衣","yui.suzuki@example.com","ST01","新規","2026-06-04 15:11:14.833261"
5601,"吉田 陽菜","hina.yoshida@example.com","ST01","新規","2026-06-04 15:11:14.833261"
5602,"伊藤 翔","sho.ito@example.com","ST04","退会","2026-06-04 15:11:14.833261"
5603,"田中 陽菜","hina.tanaka@example.com","ST03","非アクティブ","2026-06-04 15:11:14.833261"
5604,"山田 美咲","misaki.yamada@example.com","ST04","退会","2026-06-04 15:11:14.833261"
5605,"高橋 陽菜","hina.takahashi@example.com","ST03","非アクティブ","2026-06-04 15:11:14.833261"
5606,"加藤 葵","aoi.kato@example.com","ST02","アクティブ","2026-06-04 15:11:14.833261"
5607,"高橋 拓海","takumi.takahashi@example.com","ST01","新規","2026-06-04 15:11:14.833261"
5608,"吉田 彩花","ayaka.yoshida@example.com","ST01","新規","2026-06-04 15:11:14.833261"
5609,"田中 蓮","ren.tanaka@example.com","ST03","非アクティブ","2026-06-04 15:11:14.833261"
5610,"中村 陽菜","hina.nakamura@example.com","ST02","アクティブ","2026-06-04 15:11:14.833261"
5611,"鈴木 悠斗","yuto.suzuki@example.com","ST02","アクティブ","2026-06-04 15:11:14.833261"
5612,"渡辺 蓮","ren.watanabe@example.com","ST03","非アクティブ","2026-06-04 15:11:14.833261"
5613,"山田 美咲","misaki.yamada@example.com","ST01","新規","2026-06-04 15:11:14.833261"
5614,"佐藤 太郎","taro.sato@example.com","ST02","アクティブ","2026-06-04 15:11:14.833261"
5615,"小林 拓海","takumi.kobayashi@example.com","ST01","新規","2026-06-04 15:11:14.833261"
5616,"加藤 結衣","yui.kato@example.com","ST03","非アクティブ","2026-06-04 15:11:14.833261"
5617,"小林 結衣","yui.kobayashi@example.com","ST01","新規","2026-06-04 15:11:14.833261"
5618,"鈴木 翔","sho.suzuki@example.com","ST03","非アクティブ","2026-06-04 15:11:14.833261"
5619,"田中 葵","aoi.tanaka@example.com","ST01","新規","2026-06-04 15:11:14.833261"
5620,"山本 太郎","taro.yamamoto@example.com","ST01","新規","2026-06-04 15:11:14.833261"
5621,"吉田 結衣","yui.yoshida@example.com","ST02","アクティブ","2026-06-04 15:11:14.833261"
5622,"高橋 健太","kenta.takahashi@example.com","ST03","非アクティブ","2026-06-04 15:11:14.833261"
5623,"高橋 彩花","ayaka.takahashi@example.com","ST01","新規","2026-06-04 15:11:14.833261"
5624,"小林 悠斗","yuto.kobayashi@example.com","ST01","新規","2026-06-04 15:11:14.833261"
5625,"山本 蓮","ren.yamamoto@example.com","ST02","アクティブ","2026-06-04 15:11:14.833261"
5626,"山本 蓮","ren.yamamoto@example.com","ST04","退会","2026-06-04 15:11:14.833261"
5627,"田中 拓海","takumi.tanaka@example.com","ST04","退会","2026-06-04 15:11:14.833261"
5628,"吉田 陽菜","hina.yoshida@example.com","ST04","退会","2026-06-04 15:11:14.833261"
5629,"吉田 翔","sho.yoshida@example.com","ST02","アクティブ","2026-06-04 15:11:14.833261"
5630,"小林 大輔","daisuke.kobayashi@example.com","ST01","新規","2026-06-04 15:11:14.833261"
5631,"渡辺 蓮","ren.watanabe@example.com","ST02","アクティブ","2026-06-04 15:11:14.833261"
5632,"伊藤 大輔","daisuke.ito@example.com","ST02","アクティブ","2026-06-04 15:11:14.833261"
5633,"吉田 太郎","taro.yoshida@example.com","ST02","アクティブ","2026-06-04 15:11:14.833261"
5634,"伊藤 拓海","takumi.ito@example.com","ST04","退会","2026-06-04 15:11:14.833261"
5635,"田中 悠斗","yuto.tanaka@example.com","ST04","退会","2026-06-04 15:11:14.833261"
5636,"伊藤 蓮","ren.ito@example.com","ST03","非アクティブ","2026-06-04 15:11:14.833261"
5637,"渡辺 結衣","yui.watanabe@example.com","ST04","退会","2026-06-04 15:11:14.833261"
5638,"佐藤 悠斗","yuto.sato@example.com","ST03","非アクティブ","2026-06-04 15:11:14.833261"
5639,"伊藤 悠斗","yuto.ito@example.com","ST01","新規","2026-06-04 15:11:14.833261"
5640,"鈴木 葵","aoi.suzuki@example.com","ST01","新規","2026-06-04 15:11:14.833261"
5641,"佐藤 健太","kenta.sato@example.com","ST04","退会","2026-06-04 15:11:14.833261"
5642,"小林 悠斗","yuto.kobayashi@example.com","ST02","アクティブ","2026-06-04 15:11:14.833261"
5643,"鈴木 陽菜","hina.suzuki@example.com","ST02","アクティブ","2026-06-04 15:11:14.833261"
5644,"山田 健太","kenta.yamada@example.com","ST01","新規","2026-06-04 15:11:14.833261"
5645,"伊藤 葵","aoi.ito@example.com","ST01","新規","2026-06-04 15:11:14.833261"
5646,"田中 悠斗","yuto.tanaka@example.com","ST02","アクティブ","2026-06-04 15:11:14.833261"
5647,"中村 葵","aoi.nakamura@example.com","ST02","アクティブ","2026-06-04 15:11:14.833261"
5648,"小林 蓮","ren.kobayashi@example.com","ST04","退会","2026-06-04 15:11:14.833261"
5649,"中村 悠斗","yuto.nakamura@example.com","ST02","アクティブ","2026-06-04 15:11:14.833261"
5650,"山本 悠斗","yuto.yamamoto@example.com","ST01","新規","2026-06-04 15:11:14.833261"
5651,"加藤 太郎","taro.kato@example.com","ST02","アクティブ","2026-06-04 15:11:14.833261"
5652,"小林 悠斗","yuto.kobayashi@example.com","ST01","新規","2026-06-04 15:11:14.833261"
5653,"山田 蓮","ren.yamada@example.com","ST03","非アクティブ","2026-06-04 15:11:14.833261"
5654,"鈴木 彩花","ayaka.suzuki@example.com","ST04","退会","2026-06-04 15:11:14.833261"
5655,"佐藤 陽菜","hina.sato@example.com","ST01","新規","2026-06-04 15:11:14.833261"
5656,"小林 美咲","misaki.kobayashi@example.com","ST01","新規","2026-06-04 15:11:14.833261"
5657,"伊藤 結衣","yui.ito@example.com","ST04","退会","2026-06-04 15:11:14.833261"
5658,"中村 拓海","takumi.nakamura@example.com","ST01","新規","2026-06-04 15:11:14.833261"
5659,"山田 彩花","ayaka.yamada@example.com","ST01","新規","2026-06-04 15:11:14.833261"
5660,"田中 悠斗","yuto.tanaka@example.com","ST04","退会","2026-06-04 15:11:14.833261"
5661,"山本 彩花","ayaka.yamamoto@example.com","ST03","非アクティブ","2026-06-04 15:11:14.833261"
5662,"渡辺 美咲","misaki.watanabe@example.com","ST01","新規","2026-06-04 15:11:14.833261"
5663,"山本 大輔","daisuke.yamamoto@example.com","ST01","新規","2026-06-04 15:11:14.833261"
5664,"渡辺 悠斗","yuto.watanabe@example.com","ST04","退会","2026-06-04 15:11:14.833261"
5665,"佐藤 蓮","ren.sato@example.com","ST04","退会","2026-06-04 15:11:14.833261"
5666,"山田 美咲","misaki.yamada@example.com","ST03","非アクティブ","2026-06-04 15:11:14.833261"
5667,"伊藤 健太","kenta.ito@example.com","ST04","退会","2026-06-04 15:11:14.833261"
5668,"田中 大輔","daisuke.tanaka@example.com","ST02","アクティブ","2026-06-04 15:11:14.833261"
5669,"小林 拓海","takumi.kobayashi@example.com","ST01","新規","2026-06-04 15:11:14.833261"
5670,"佐藤 大輔","daisuke.sato@example.com","ST04","退会","2026-06-04 15:11:14.833261"
5671,"佐藤 拓海","takumi.sato@example.com","ST03","非アクティブ","2026-06-04 15:11:14.833261"
5672,"小林 蓮","ren.kobayashi@example.com","ST01","新規","2026-06-04 15:11:14.833261"
5673,"田中 陽菜","hina.tanaka@example.com","ST02","アクティブ","2026-06-04 15:11:14.833261"
5674,"加藤 陽菜","hina.kato@example.com","ST04","退会","2026-06-04 15:11:14.833261"
5675,"伊藤 大輔","daisuke.ito@example.com","ST02","アクティブ","2026-06-04 15:11:14.833261"
5676,"田中 大輔","daisuke.tanaka@example.com","ST01","新規","2026-06-04 15:11:14.833261"
5677,"中村 悠斗","yuto.nakamura@example.com","ST04","退会","2026-06-04 15:11:14.833261"
5678,"伊藤 拓海","takumi.ito@example.com","ST04","退会","2026-06-04 15:11:14.833261"
5679,"渡辺 大輔","daisuke.watanabe@example.com","ST03","非アクティブ","2026-06-04 15:11:14.833261"
5680,"田中 健太","kenta.tanaka@example.com","ST01","新規","2026-06-04 15:11:14.833261"
5681,"山田 美咲","misaki.yamada@example.com","ST04","退会","2026-06-04 15:11:14.833261"
5682,"伊藤 葵","aoi.ito@example.com","ST04","退会","2026-06-04 15:11:14.833261"
5683,"高橋 美咲","misaki.takahashi@example.com","ST01","新規","2026-06-04 15:11:14.833261"
5684,"中村 蓮","ren.nakamura@example.com","ST01","新規","2026-06-04 15:11:14.833261"
5685,"鈴木 陽菜","hina.suzuki@example.com","ST04","退会","2026-06-04 15:11:14.833261"
5686,"鈴木 葵","aoi.suzuki@example.com","ST03","非アクティブ","2026-06-04 15:11:14.833261"
5687,"中村 美咲","misaki.nakamura@example.com","ST03","非アクティブ","2026-06-04 15:11:14.833261"
5688,"中村 彩花","ayaka.nakamura@example.com","ST03","非アクティブ","2026-06-04 15:11:14.833261"
5689,"伊藤 太郎","taro.ito@example.com","ST01","新規","2026-06-04 15:11:14.833261"
5690,"渡辺 大輔","daisuke.watanabe@example.com","ST01","新規","2026-06-04 15:11:14.833261"
5691,"山本 健太","kenta.yamamoto@example.com","ST03","非アクティブ","2026-06-04 15:11:14.833261"
5692,"田中 大輔","daisuke.tanaka@example.com","ST04","退会","2026-06-04 15:11:14.833261"
5693,"高橋 彩花","ayaka.takahashi@example.com","ST03","非アクティブ","2026-06-04 15:11:14.833261"
5694,"小林 悠斗","yuto.kobayashi@example.com","ST04","退会","2026-06-04 15:11:14.833261"
5695,"鈴木 彩花","ayaka.suzuki@example.com","ST02","アクティブ","2026-06-04 15:11:14.833261"
5696,"中村 結衣","yui.nakamura@example.com","ST01","新規","2026-06-04 15:11:14.833261"
5697,"中村 健太","kenta.nakamura@example.com","ST03","非アクティブ","2026-06-04 15:11:14.833261"
5698,"田中 大輔","daisuke.tanaka@example.com","ST04","退会","2026-06-04 15:11:14.833261"
5699,"吉田 葵","aoi.yoshida@example.com","ST04","退会","2026-06-04 15:11:14.833261"
5700,"伊藤 大輔","daisuke.ito@example.com","ST01","新規","2026-06-04 15:11:14.833261"
5701,"佐藤 結衣","yui.sato@example.com","ST04","退会","2026-06-04 15:11:14.833261"
5702,"山田 健太","kenta.yamada@example.com","ST02","アクティブ","2026-06-04 15:11:14.833261"
5703,"山本 彩花","ayaka.yamamoto@example.com","ST03","非アクティブ","2026-06-04 15:11:14.833261"
5704,"山田 太郎","taro.yamada@example.com","ST02","アクティブ","2026-06-04 15:11:14.833261"
5705,"伊藤 太郎","taro.ito@example.com","ST04","退会","2026-06-04 15:11:14.833261"
5706,"高橋 蓮","ren.takahashi@example.com","ST02","アクティブ","2026-06-04 15:11:14.833261"
5707,"山田 彩花","ayaka.yamada@example.com","ST02","アクティブ","2026-06-04 15:11:14.833261"
5708,"高橋 彩花","ayaka.takahashi@example.com","ST04","退会","2026-06-04 15:11:14.833261"
5709,"小林 健太","kenta.kobayashi@example.com","ST02","アクティブ","2026-06-04 15:11:14.833261"
5710,"伊藤 大輔","daisuke.ito@example.com","ST03","非アクティブ","2026-06-04 15:11:14.833261"
5711,"小林 大輔","daisuke.kobayashi@example.com","ST04","退会","2026-06-04 15:11:14.833261"
5712,"鈴木 陽菜","hina.suzuki@example.com","ST02","アクティブ","2026-06-04 15:11:14.833261"
5713,"田中 健太","kenta.tanaka@example.com","ST04","退会","2026-06-04 15:11:14.833261"
5714,"中村 陽菜","hina.nakamura@example.com","ST02","アクティブ","2026-06-04 15:11:14.833261"
5715,"鈴木 彩花","ayaka.suzuki@example.com","ST04","退会","2026-06-04 15:11:14.833261"
5716,"山田 陽菜","hina.yamada@example.com","ST03","非アクティブ","2026-06-04 15:11:14.833261"
5717,"高橋 蓮","ren.takahashi@example.com","ST03","非アクティブ","2026-06-04 15:11:14.833261"
5718,"山田 翔","sho.yamada@example.com","ST03","非アクティブ","2026-06-04 15:11:14.833261"
5719,"吉田 葵","aoi.yoshida@example.com","ST03","非アクティブ","2026-06-04 15:11:14.833261"
5720,"佐藤 陽菜","hina.sato@example.com","ST02","アクティブ","2026-06-04 15:11:14.833261"
5721,"田中 悠斗","yuto.tanaka@example.com","ST01","新規","2026-06-04 15:11:14.833261"
5722,"佐藤 葵","aoi.sato@example.com","ST03","非アクティブ","2026-06-04 15:11:14.833261"
5723,"山本 拓海","takumi.yamamoto@example.com","ST01","新規","2026-06-04 15:11:14.833261"
5724,"鈴木 悠斗","yuto.suzuki@example.com","ST02","アクティブ","2026-06-04 15:11:14.833261"
5725,"渡辺 結衣","yui.watanabe@example.com","ST01","新規","2026-06-04 15:11:14.833261"
5726,"鈴木 翔","sho.suzuki@example.com","ST02","アクティブ","2026-06-04 15:11:14.833261"
5727,"山田 陽菜","hina.yamada@example.com","ST04","退会","2026-06-04 15:11:14.833261"
5728,"山本 彩花","ayaka.yamamoto@example.com","ST02","アクティブ","2026-06-04 15:11:14.833261"
5729,"佐藤 彩花","ayaka.sato@example.com","ST01","新規","2026-06-04 15:11:14.833261"
5730,"高橋 葵","aoi.takahashi@example.com","ST01","新規","2026-06-04 15:11:14.833261"
5731,"高橋 結衣","yui.takahashi@example.com","ST02","アクティブ","2026-06-04 15:11:14.833261"
5732,"吉田 太郎","taro.yoshida@example.com","ST02","アクティブ","2026-06-04 15:11:14.833261"
5733,"伊藤 蓮","ren.ito@example.com","ST02","アクティブ","2026-06-04 15:11:14.833261"
5734,"高橋 蓮","ren.takahashi@example.com","ST03","非アクティブ","2026-06-04 15:11:14.833261"
5735,"山本 健太","kenta.yamamoto@example.com","ST04","退会","2026-06-04 15:11:14.833261"
5736,"田中 翔","sho.tanaka@example.com","ST01","新規","2026-06-04 15:11:14.833261"
5737,"佐藤 悠斗","yuto.sato@example.com","ST03","非アクティブ","2026-06-04 15:11:14.833261"
5738,"田中 蓮","ren.tanaka@example.com","ST03","非アクティブ","2026-06-04 15:11:14.833261"
5739,"吉田 彩花","ayaka.yoshida@example.com","ST01","新規","2026-06-04 15:11:14.833261"
5740,"田中 彩花","ayaka.tanaka@example.com","ST03","非アクティブ","2026-06-04 15:11:14.833261"
5741,"小林 蓮","ren.kobayashi@example.com","ST02","アクティブ","2026-06-04 15:11:14.833261"
5742,"加藤 陽菜","hina.kato@example.com","ST02","アクティブ","2026-06-04 15:11:14.833261"
5743,"伊藤 陽菜","hina.ito@example.com","ST04","退会","2026-06-04 15:11:14.833261"
5744,"鈴木 健太","kenta.suzuki@example.com","ST02","アクティブ","2026-06-04 15:11:14.833261"
5745,"田中 大輔","daisuke.tanaka@example.com","ST02","アクティブ","2026-06-04 15:11:14.833261"
5746,"小林 陽菜","hina.kobayashi@example.com","ST02","アクティブ","2026-06-04 15:11:14.833261"
5747,"加藤 葵","aoi.kato@example.com","ST03","非アクティブ","2026-06-04 15:11:14.833261"
5748,"鈴木 蓮","ren.suzuki@example.com","ST04","退会","2026-06-04 15:11:14.833261"
5749,"吉田 翔","sho.yoshida@example.com","ST02","アクティブ","2026-06-04 15:11:14.833261"
5750,"山田 美咲","misaki.yamada@example.com","ST01","新規","2026-06-04 15:11:14.833261"
5751,"中村 美咲","misaki.nakamura@example.com","ST03","非アクティブ","2026-06-04 15:11:14.833261"
5752,"山本 悠斗","yuto.yamamoto@example.com","ST02","アクティブ","2026-06-04 15:11:14.833261"
5753,"佐藤 結衣","yui.sato@example.com","ST04","退会","2026-06-04 15:11:14.833261"
5754,"山田 翔","sho.yamada@example.com","ST01","新規","2026-06-04 15:11:14.833261"
5755,"鈴木 蓮","ren.suzuki@example.com","ST02","アクティブ","2026-06-04 15:11:14.833261"
5756,"小林 悠斗","yuto.kobayashi@example.com","ST04","退会","2026-06-04 15:11:14.833261"
5757,"鈴木 葵","aoi.suzuki@example.com","ST01","新規","2026-06-04 15:11:14.833261"
5758,"伊藤 大輔","daisuke.ito@example.com","ST03","非アクティブ","2026-06-04 15:11:14.833261"
5759,"加藤 葵","aoi.kato@example.com","ST04","退会","2026-06-04 15:11:14.833261"
5760,"吉田 蓮","ren.yoshida@example.com","ST02","アクティブ","2026-06-04 15:11:14.833261"
5761,"鈴木 大輔","daisuke.suzuki@example.com","ST02","アクティブ","2026-06-04 15:11:14.833261"
5762,"加藤 拓海","takumi.kato@example.com","ST03","非アクティブ","2026-06-04 15:11:14.833261"
5763,"吉田 翔","sho.yoshida@example.com","ST04","退会","2026-06-04 15:11:14.833261"
5764,"田中 蓮","ren.tanaka@example.com","ST01","新規","2026-06-04 15:11:14.833261"
5765,"高橋 健太","kenta.takahashi@example.com","ST04","退会","2026-06-04 15:11:14.833261"
5766,"小林 太郎","taro.kobayashi@example.com","ST03","非アクティブ","2026-06-04 15:11:14.833261"
5767,"加藤 拓海","takumi.kato@example.com","ST01","新規","2026-06-04 15:11:14.833261"
5768,"吉田 翔","sho.yoshida@example.com","ST03","非アクティブ","2026-06-04 15:11:14.833261"
5769,"山田 葵","aoi.yamada@example.com","ST03","非アクティブ","2026-06-04 15:11:14.833261"
5770,"中村 健太","kenta.nakamura@example.com","ST02","アクティブ","2026-06-04 15:11:14.833261"
5771,"吉田 健太","kenta.yoshida@example.com","ST04","退会","2026-06-04 15:11:14.833261"
5772,"伊藤 大輔","daisuke.ito@example.com","ST02","アクティブ","2026-06-04 15:11:14.833261"
5773,"小林 陽菜","hina.kobayashi@example.com","ST04","退会","2026-06-04 15:11:14.833261"
5774,"加藤 太郎","taro.kato@example.com","ST03","非アクティブ","2026-06-04 15:11:14.833261"
5775,"佐藤 陽菜","hina.sato@example.com","ST02","アクティブ","2026-06-04 15:11:14.833261"
5776,"佐藤 悠斗","yuto.sato@example.com","ST01","新規","2026-06-04 15:11:14.833261"
5777,"中村 拓海","takumi.nakamura@example.com","ST03","非アクティブ","2026-06-04 15:11:14.833261"
5778,"吉田 拓海","takumi.yoshida@example.com","ST02","アクティブ","2026-06-04 15:11:14.833261"
5779,"渡辺 太郎","taro.watanabe@example.com","ST03","非アクティブ","2026-06-04 15:11:14.833261"
5780,"田中 拓海","takumi.tanaka@example.com","ST02","アクティブ","2026-06-04 15:11:14.833261"
5781,"高橋 太郎","taro.takahashi@example.com","ST01","新規","2026-06-04 15:11:14.833261"
5782,"中村 健太","kenta.nakamura@example.com","ST04","退会","2026-06-04 15:11:14.833261"
5783,"山田 悠斗","yuto.yamada@example.com","ST02","アクティブ","2026-06-04 15:11:14.833261"
5784,"吉田 太郎","taro.yoshida@example.com","ST03","非アクティブ","2026-06-04 15:11:14.833261"
5785,"渡辺 大輔","daisuke.watanabe@example.com","ST01","新規","2026-06-04 15:11:14.833261"
5786,"高橋 彩花","ayaka.takahashi@example.com","ST03","非アクティブ","2026-06-04 15:11:14.833261"
5787,"鈴木 健太","kenta.suzuki@example.com","ST03","非アクティブ","2026-06-04 15:11:14.833261"
5788,"田中 太郎","taro.tanaka@example.com","ST04","退会","2026-06-04 15:11:14.833261"
5789,"高橋 健太","kenta.takahashi@example.com","ST02","アクティブ","2026-06-04 15:11:14.833261"
5790,"吉田 拓海","takumi.yoshida@example.com","ST03","非アクティブ","2026-06-04 15:11:14.833261"
5791,"鈴木 美咲","misaki.suzuki@example.com","ST02","アクティブ","2026-06-04 15:11:14.833261"
5792,"加藤 太郎","taro.kato@example.com","ST04","退会","2026-06-04 15:11:14.833261"
5793,"高橋 葵","aoi.takahashi@example.com","ST02","アクティブ","2026-06-04 15:11:14.833261"
5794,"高橋 健太","kenta.takahashi@example.com","ST01","新規","2026-06-04 15:11:14.833261"
5795,"山田 大輔","daisuke.yamada@example.com","ST01","新規","2026-06-04 15:11:14.833261"
5796,"吉田 蓮","ren.yoshida@example.com","ST01","新規","2026-06-04 15:11:14.833261"
5797,"渡辺 太郎","taro.watanabe@example.com","ST03","非アクティブ","2026-06-04 15:11:14.833261"
5798,"山田 葵","aoi.yamada@example.com","ST03","非アクティブ","2026-06-04 15:11:14.833261"
5799,"中村 彩花","ayaka.nakamura@example.com","ST01","新規","2026-06-04 15:11:14.833261"
5800,"高橋 拓海","takumi.takahashi@example.com","ST04","退会","2026-06-04 15:11:14.833261"
5801,"山本 悠斗","yuto.yamamoto@example.com","ST03","非アクティブ","2026-06-04 15:11:14.833261"
5802,"渡辺 悠斗","yuto.watanabe@example.com","ST01","新規","2026-06-04 15:11:14.833261"
5803,"田中 太郎","taro.tanaka@example.com","ST01","新規","2026-06-04 15:11:14.833261"
5804,"佐藤 結衣","yui.sato@example.com","ST03","非アクティブ","2026-06-04 15:11:14.833261"
5805,"小林 彩花","ayaka.kobayashi@example.com","ST02","アクティブ","2026-06-04 15:11:14.833261"
5806,"中村 陽菜","hina.nakamura@example.com","ST02","アクティブ","2026-06-04 15:11:14.833261"
5807,"伊藤 拓海","takumi.ito@example.com","ST01","新規","2026-06-04 15:11:14.833261"
5808,"渡辺 悠斗","yuto.watanabe@example.com","ST03","非アクティブ","2026-06-04 15:11:14.833261"
5809,"高橋 美咲","misaki.takahashi@example.com","ST02","アクティブ","2026-06-04 15:11:14.833261"
5810,"田中 健太","kenta.tanaka@example.com","ST02","アクティブ","2026-06-04 15:11:14.833261"
5811,"高橋 拓海","takumi.takahashi@example.com","ST04","退会","2026-06-04 15:11:14.833261"
5812,"加藤 陽菜","hina.kato@example.com","ST03","非アクティブ","2026-06-04 15:11:14.833261"
5813,"渡辺 陽菜","hina.watanabe@example.com","ST01","新規","2026-06-04 15:11:14.833261"
5814,"鈴木 翔","sho.suzuki@example.com","ST01","新規","2026-06-04 15:11:14.833261"
5815,"山本 陽菜","hina.yamamoto@example.com","ST01","新規","2026-06-04 15:11:14.833261"
5816,"鈴木 健太","kenta.suzuki@example.com","ST03","非アクティブ","2026-06-04 15:11:14.833261"
5817,"田中 大輔","daisuke.tanaka@example.com","ST03","非アクティブ","2026-06-04 15:11:14.833261"
5818,"山本 美咲","misaki.yamamoto@example.com","ST01","新規","2026-06-04 15:11:14.833261"
5819,"鈴木 結衣","yui.suzuki@example.com","ST04","退会","2026-06-04 15:11:14.833261"
5820,"吉田 翔","sho.yoshida@example.com","ST02","アクティブ","2026-06-04 15:11:14.833261"
5821,"吉田 蓮","ren.yoshida@example.com","ST01","新規","2026-06-04 15:11:14.833261"
5822,"佐藤 太郎","taro.sato@example.com","ST03","非アクティブ","2026-06-04 15:11:14.833261"
5823,"鈴木 翔","sho.suzuki@example.com","ST04","退会","2026-06-04 15:11:14.833261"
5824,"加藤 拓海","takumi.kato@example.com","ST04","退会","2026-06-04 15:11:14.833261"
5825,"加藤 葵","aoi.kato@example.com","ST02","アクティブ","2026-06-04 15:11:14.833261"
5826,"伊藤 葵","aoi.ito@example.com","ST04","退会","2026-06-04 15:11:14.833261"
5827,"山田 蓮","ren.yamada@example.com","ST03","非アクティブ","2026-06-04 15:11:14.833261"
5828,"山本 大輔","daisuke.yamamoto@example.com","ST01","新規","2026-06-04 15:11:14.833261"
5829,"吉田 葵","aoi.yoshida@example.com","ST04","退会","2026-06-04 15:11:14.833261"
5830,"山田 拓海","takumi.yamada@example.com","ST01","新規","2026-06-04 15:11:14.833261"
5831,"高橋 翔","sho.takahashi@example.com","ST03","非アクティブ","2026-06-04 15:11:14.833261"
5832,"高橋 拓海","takumi.takahashi@example.com","ST04","退会","2026-06-04 15:11:14.833261"
5833,"佐藤 健太","kenta.sato@example.com","ST02","アクティブ","2026-06-04 15:11:14.833261"
5834,"渡辺 悠斗","yuto.watanabe@example.com","ST02","アクティブ","2026-06-04 15:11:14.833261"
5835,"鈴木 陽菜","hina.suzuki@example.com","ST03","非アクティブ","2026-06-04 15:11:14.833261"
5836,"佐藤 翔","sho.sato@example.com","ST02","アクティブ","2026-06-04 15:11:14.833261"
5837,"小林 陽菜","hina.kobayashi@example.com","ST03","非アクティブ","2026-06-04 15:11:14.833261"
5838,"山田 太郎","taro.yamada@example.com","ST02","アクティブ","2026-06-04 15:11:14.833261"
5839,"田中 太郎","taro.tanaka@example.com","ST02","アクティブ","2026-06-04 15:11:14.833261"
5840,"渡辺 蓮","ren.watanabe@example.com","ST03","非アクティブ","2026-06-04 15:11:14.833261"
5841,"佐藤 太郎","taro.sato@example.com","ST04","退会","2026-06-04 15:11:14.833261"
5842,"小林 彩花","ayaka.kobayashi@example.com","ST04","退会","2026-06-04 15:11:14.833261"
5843,"山田 拓海","takumi.yamada@example.com","ST03","非アクティブ","2026-06-04 15:11:14.833261"
5844,"渡辺 蓮","ren.watanabe@example.com","ST01","新規","2026-06-04 15:11:14.833261"
5845,"山本 拓海","takumi.yamamoto@example.com","ST03","非アクティブ","2026-06-04 15:11:14.833261"
5846,"山本 葵","aoi.yamamoto@example.com","ST03","非アクティブ","2026-06-04 15:11:14.833261"
5847,"渡辺 大輔","daisuke.watanabe@example.com","ST04","退会","2026-06-04 15:11:14.833261"
5848,"中村 太郎","taro.nakamura@example.com","ST01","新規","2026-06-04 15:11:14.833261"
5849,"吉田 葵","aoi.yoshida@example.com","ST01","新規","2026-06-04 15:11:14.833261"
5850,"伊藤 拓海","takumi.ito@example.com","ST01","新規","2026-06-04 15:11:14.833261"
5851,"伊藤 蓮","ren.ito@example.com","ST03","非アクティブ","2026-06-04 15:11:14.833261"
5852,"高橋 拓海","takumi.takahashi@example.com","ST02","アクティブ","2026-06-04 15:11:14.833261"
5853,"田中 太郎","taro.tanaka@example.com","ST01","新規","2026-06-04 15:11:14.833261"
5854,"小林 彩花","ayaka.kobayashi@example.com","ST04","退会","2026-06-04 15:11:14.833261"
5855,"高橋 蓮","ren.takahashi@example.com","ST02","アクティブ","2026-06-04 15:11:14.833261"
5856,"加藤 蓮","ren.kato@example.com","ST01","新規","2026-06-04 15:11:14.833261"
5857,"高橋 健太","kenta.takahashi@example.com","ST04","退会","2026-06-04 15:11:14.833261"
5858,"伊藤 翔","sho.ito@example.com","ST02","アクティブ","2026-06-04 15:11:14.833261"
5859,"吉田 悠斗","yuto.yoshida@example.com","ST02","アクティブ","2026-06-04 15:11:14.833261"
5860,"鈴木 太郎","taro.suzuki@example.com","ST01","新規","2026-06-04 15:11:14.833261"
5861,"山田 健太","kenta.yamada@example.com","ST02","アクティブ","2026-06-04 15:11:14.833261"
5862,"伊藤 悠斗","yuto.ito@example.com","ST03","非アクティブ","2026-06-04 15:11:14.833261"
5863,"小林 彩花","ayaka.kobayashi@example.com","ST01","新規","2026-06-04 15:11:14.833261"
5864,"佐藤 結衣","yui.sato@example.com","ST03","非アクティブ","2026-06-04 15:11:14.833261"
5865,"鈴木 葵","aoi.suzuki@example.com","ST01","新規","2026-06-04 15:11:14.833261"
5866,"山本 美咲","misaki.yamamoto@example.com","ST03","非アクティブ","2026-06-04 15:11:14.833261"
5867,"山田 美咲","misaki.yamada@example.com","ST01","新規","2026-06-04 15:11:14.833261"
5868,"山田 健太","kenta.yamada@example.com","ST03","非アクティブ","2026-06-04 15:11:14.833261"
5869,"渡辺 蓮","ren.watanabe@example.com","ST04","退会","2026-06-04 15:11:14.833261"
5870,"渡辺 悠斗","yuto.watanabe@example.com","ST01","新規","2026-06-04 15:11:14.833261"
5871,"渡辺 拓海","takumi.watanabe@example.com","ST04","退会","2026-06-04 15:11:14.833261"
5872,"吉田 美咲","misaki.yoshida@example.com","ST01","新規","2026-06-04 15:11:14.833261"
5873,"小林 大輔","daisuke.kobayashi@example.com","ST01","新規","2026-06-04 15:11:14.833261"
5874,"中村 蓮","ren.nakamura@example.com","ST02","アクティブ","2026-06-04 15:11:14.833261"
5875,"伊藤 美咲","misaki.ito@example.com","ST01","新規","2026-06-04 15:11:14.833261"
5876,"小林 健太","kenta.kobayashi@example.com","ST03","非アクティブ","2026-06-04 15:11:14.833261"
5877,"加藤 大輔","daisuke.kato@example.com","ST03","非アクティブ","2026-06-04 15:11:14.833261"
5878,"山本 悠斗","yuto.yamamoto@example.com","ST03","非アクティブ","2026-06-04 15:11:14.833261"
5879,"高橋 蓮","ren.takahashi@example.com","ST04","退会","2026-06-04 15:11:14.833261"
5880,"渡辺 陽菜","hina.watanabe@example.com","ST03","非アクティブ","2026-06-04 15:11:14.833261"
5881,"中村 健太","kenta.nakamura@example.com","ST01","新規","2026-06-04 15:11:14.833261"
5882,"加藤 健太","kenta.kato@example.com","ST04","退会","2026-06-04 15:11:14.833261"
5883,"渡辺 葵","aoi.watanabe@example.com","ST04","退会","2026-06-04 15:11:14.833261"
5884,"山本 健太","kenta.yamamoto@example.com","ST01","新規","2026-06-04 15:11:14.833261"
5885,"山田 太郎","taro.yamada@example.com","ST04","退会","2026-06-04 15:11:14.833261"
5886,"伊藤 拓海","takumi.ito@example.com","ST04","退会","2026-06-04 15:11:14.833261"
5887,"加藤 翔","sho.kato@example.com","ST01","新規","2026-06-04 15:11:14.833261"
5888,"伊藤 悠斗","yuto.ito@example.com","ST01","新規","2026-06-04 15:11:14.833261"
5889,"伊藤 結衣","yui.ito@example.com","ST04","退会","2026-06-04 15:11:14.833261"
5890,"渡辺 大輔","daisuke.watanabe@example.com","ST03","非アクティブ","2026-06-04 15:11:14.833261"
5891,"佐藤 蓮","ren.sato@example.com","ST02","アクティブ","2026-06-04 15:11:14.833261"
5892,"吉田 拓海","takumi.yoshida@example.com","ST04","退会","2026-06-04 15:11:14.833261"
5893,"高橋 陽菜","hina.takahashi@example.com","ST01","新規","2026-06-04 15:11:14.833261"
5894,"山田 健太","kenta.yamada@example.com","ST02","アクティブ","2026-06-04 15:11:14.833261"
5895,"加藤 拓海","takumi.kato@example.com","ST04","退会","2026-06-04 15:11:14.833261"
5896,"小林 陽菜","hina.kobayashi@example.com","ST02","アクティブ","2026-06-04 15:11:14.833261"
5897,"伊藤 彩花","ayaka.ito@example.com","ST04","退会","2026-06-04 15:11:14.833261"
5898,"小林 健太","kenta.kobayashi@example.com","ST01","新規","2026-06-04 15:11:14.833261"
5899,"高橋 彩花","ayaka.takahashi@example.com","ST03","非アクティブ","2026-06-04 15:11:14.833261"
5900,"佐藤 健太","kenta.sato@example.com","ST03","非アクティブ","2026-06-04 15:11:14.833261"
5901,"佐藤 悠斗","yuto.sato@example.com","ST03","非アクティブ","2026-06-04 15:11:14.833261"
5902,"鈴木 彩花","ayaka.suzuki@example.com","ST02","アクティブ","2026-06-04 15:11:14.833261"
5903,"伊藤 陽菜","hina.ito@example.com","ST03","非アクティブ","2026-06-04 15:11:14.833261"
5904,"加藤 太郎","taro.kato@example.com","ST02","アクティブ","2026-06-04 15:11:14.833261"
5905,"鈴木 太郎","taro.suzuki@example.com","ST01","新規","2026-06-04 15:11:14.833261"
5906,"伊藤 彩花","ayaka.ito@example.com","ST03","非アクティブ","2026-06-04 15:11:14.833261"
5907,"鈴木 健太","kenta.suzuki@example.com","ST01","新規","2026-06-04 15:11:14.833261"
5908,"渡辺 結衣","yui.watanabe@example.com","ST01","新規","2026-06-04 15:11:14.833261"
5909,"田中 太郎","taro.tanaka@example.com","ST03","非アクティブ","2026-06-04 15:11:14.833261"
5910,"田中 翔","sho.tanaka@example.com","ST01","新規","2026-06-04 15:11:14.833261"
5911,"加藤 結衣","yui.kato@example.com","ST02","アクティブ","2026-06-04 15:11:14.833261"
5912,"山本 美咲","misaki.yamamoto@example.com","ST01","新規","2026-06-04 15:11:14.833261"
5913,"加藤 翔","sho.kato@example.com","ST04","退会","2026-06-04 15:11:14.833261"
5914,"田中 翔","sho.tanaka@example.com","ST01","新規","2026-06-04 15:11:14.833261"
5915,"加藤 大輔","daisuke.kato@example.com","ST02","アクティブ","2026-06-04 15:11:14.833261"
5916,"高橋 結衣","yui.takahashi@example.com","ST04","退会","2026-06-04 15:11:14.833261"
5917,"高橋 大輔","daisuke.takahashi@example.com","ST02","アクティブ","2026-06-04 15:11:14.833261"
5918,"渡辺 美咲","misaki.watanabe@example.com","ST01","新規","2026-06-04 15:11:14.833261"
5919,"渡辺 結衣","yui.watanabe@example.com","ST03","非アクティブ","2026-06-04 15:11:14.833261"
5920,"吉田 結衣","yui.yoshida@example.com","ST03","非アクティブ","2026-06-04 15:11:14.833261"
5921,"佐藤 太郎","taro.sato@example.com","ST03","非アクティブ","2026-06-04 15:11:14.833261"
5922,"鈴木 大輔","daisuke.suzuki@example.com","ST02","アクティブ","2026-06-04 15:11:14.833261"
5923,"山田 葵","aoi.yamada@example.com","ST04","退会","2026-06-04 15:11:14.833261"
5924,"山本 陽菜","hina.yamamoto@example.com","ST03","非アクティブ","2026-06-04 15:11:14.833261"
5925,"加藤 大輔","daisuke.kato@example.com","ST03","非アクティブ","2026-06-04 15:11:14.833261"
5926,"吉田 拓海","takumi.yoshida@example.com","ST01","新規","2026-06-04 15:11:14.833261"
5927,"加藤 悠斗","yuto.kato@example.com","ST02","アクティブ","2026-06-04 15:11:14.833261"
5928,"渡辺 葵","aoi.watanabe@example.com","ST02","アクティブ","2026-06-04 15:11:14.833261"
5929,"伊藤 悠斗","yuto.ito@example.com","ST04","退会","2026-06-04 15:11:14.833261"
5930,"山本 蓮","ren.yamamoto@example.com","ST02","アクティブ","2026-06-04 15:11:14.833261"
5931,"山本 健太","kenta.yamamoto@example.com","ST01","新規","2026-06-04 15:11:14.833261"
5932,"高橋 大輔","daisuke.takahashi@example.com","ST04","退会","2026-06-04 15:11:14.833261"
5933,"渡辺 健太","kenta.watanabe@example.com","ST02","アクティブ","2026-06-04 15:11:14.833261"
5934,"高橋 拓海","takumi.takahashi@example.com","ST04","退会","2026-06-04 15:11:14.833261"
5935,"吉田 翔","sho.yoshida@example.com","ST01","新規","2026-06-04 15:11:14.833261"
5936,"山田 葵","aoi.yamada@example.com","ST01","新規","2026-06-04 15:11:14.833261"
5937,"佐藤 葵","aoi.sato@example.com","ST03","非アクティブ","2026-06-04 15:11:14.833261"
5938,"田中 翔","sho.tanaka@example.com","ST03","非アクティブ","2026-06-04 15:11:14.833261"
5939,"渡辺 美咲","misaki.watanabe@example.com","ST04","退会","2026-06-04 15:11:14.833261"
5940,"渡辺 美咲","misaki.watanabe@example.com","ST03","非アクティブ","2026-06-04 15:11:14.833261"
5941,"佐藤 美咲","misaki.sato@example.com","ST02","アクティブ","2026-06-04 15:11:14.833261"
5942,"伊藤 拓海","takumi.ito@example.com","ST01","新規","2026-06-04 15:11:14.833261"
5943,"山田 美咲","misaki.yamada@example.com","ST01","新規","2026-06-04 15:11:14.833261"
5944,"佐藤 拓海","takumi.sato@example.com","ST02","アクティブ","2026-06-04 15:11:14.833261"
5945,"鈴木 結衣","yui.suzuki@example.com","ST02","アクティブ","2026-06-04 15:11:14.833261"
5946,"吉田 結衣","yui.yoshida@example.com","ST01","新規","2026-06-04 15:11:14.833261"
5947,"佐藤 葵","aoi.sato@example.com","ST04","退会","2026-06-04 15:11:14.833261"
5948,"山田 葵","aoi.yamada@example.com","ST03","非アクティブ","2026-06-04 15:11:14.833261"
5949,"伊藤 蓮","ren.ito@example.com","ST04","退会","2026-06-04 15:11:14.833261"
5950,"山本 健太","kenta.yamamoto@example.com","ST04","退会","2026-06-04 15:11:14.833261"
5951,"小林 美咲","misaki.kobayashi@example.com","ST03","非アクティブ","2026-06-04 15:11:14.833261"
5952,"鈴木 彩花","ayaka.suzuki@example.com","ST01","新規","2026-06-04 15:11:14.833261"
5953,"山本 拓海","takumi.yamamoto@example.com","ST01","新規","2026-06-04 15:11:14.833261"
5954,"渡辺 大輔","daisuke.watanabe@example.com","ST03","非アクティブ","2026-06-04 15:11:14.833261"
5955,"佐藤 大輔","daisuke.sato@example.com","ST04","退会","2026-06-04 15:11:14.833261"
5956,"吉田 悠斗","yuto.yoshida@example.com","ST01","新規","2026-06-04 15:11:14.833261"
5957,"佐藤 太郎","taro.sato@example.com","ST01","新規","2026-06-04 15:11:14.833261"
5958,"加藤 拓海","takumi.kato@example.com","ST03","非アクティブ","2026-06-04 15:11:14.833261"
5959,"伊藤 結衣","yui.ito@example.com","ST02","アクティブ","2026-06-04 15:11:14.833261"
5960,"加藤 彩花","ayaka.kato@example.com","ST02","アクティブ","2026-06-04 15:11:14.833261"
5961,"中村 翔","sho.nakamura@example.com","ST03","非アクティブ","2026-06-04 15:11:14.833261"
5962,"小林 悠斗","yuto.kobayashi@example.com","ST04","退会","2026-06-04 15:11:14.833261"
5963,"佐藤 大輔","daisuke.sato@example.com","ST01","新規","2026-06-04 15:11:14.833261"
5964,"鈴木 健太","kenta.suzuki@example.com","ST01","新規","2026-06-04 15:11:14.833261"
5965,"佐藤 健太","kenta.sato@example.com","ST01","新規","2026-06-04 15:11:14.833261"
5966,"小林 太郎","taro.kobayashi@example.com","ST01","新規","2026-06-04 15:11:14.833261"
5967,"山田 健太","kenta.yamada@example.com","ST03","非アクティブ","2026-06-04 15:11:14.833261"
5968,"鈴木 拓海","takumi.suzuki@example.com","ST01","新規","2026-06-04 15:11:14.833261"
5969,"中村 陽菜","hina.nakamura@example.com","ST02","アクティブ","2026-06-04 15:11:14.833261"
5970,"渡辺 美咲","misaki.watanabe@example.com","ST04","退会","2026-06-04 15:11:14.833261"
5971,"高橋 葵","aoi.takahashi@example.com","ST04","退会","2026-06-04 15:11:14.833261"
5972,"佐藤 拓海","takumi.sato@example.com","ST04","退会","2026-06-04 15:11:14.833261"
5973,"山本 陽菜","hina.yamamoto@example.com","ST03","非アクティブ","2026-06-04 15:11:14.833261"
5974,"佐藤 結衣","yui.sato@example.com","ST01","新規","2026-06-04 15:11:14.833261"
5975,"田中 拓海","takumi.tanaka@example.com","ST04","退会","2026-06-04 15:11:14.833261"
5976,"小林 陽菜","hina.kobayashi@example.com","ST03","非アクティブ","2026-06-04 15:11:14.833261"
5977,"高橋 健太","kenta.takahashi@example.com","ST01","新規","2026-06-04 15:11:14.833261"
5978,"佐藤 結衣","yui.sato@example.com","ST04","退会","2026-06-04 15:11:14.833261"
5979,"山本 拓海","takumi.yamamoto@example.com","ST01","新規","2026-06-04 15:11:14.833261"
5980,"中村 悠斗","yuto.nakamura@example.com","ST02","アクティブ","2026-06-04 15:11:14.833261"
5981,"加藤 彩花","ayaka.kato@example.com","ST04","退会","2026-06-04 15:11:14.833261"
5982,"中村 太郎","taro.nakamura@example.com","ST01","新規","2026-06-04 15:11:14.833261"
5983,"田中 結衣","yui.tanaka@example.com","ST02","アクティブ","2026-06-04 15:11:14.833261"
5984,"吉田 大輔","daisuke.yoshida@example.com","ST01","新規","2026-06-04 15:11:14.833261"
5985,"伊藤 陽菜","hina.ito@example.com","ST04","退会","2026-06-04 15:11:14.833261"
5986,"伊藤 悠斗","yuto.ito@example.com","ST03","非アクティブ","2026-06-04 15:11:14.833261"
5987,"小林 彩花","ayaka.kobayashi@example.com","ST04","退会","2026-06-04 15:11:14.833261"
5988,"佐藤 美咲","misaki.sato@example.com","ST01","新規","2026-06-04 15:11:14.833261"
5989,"山本 健太","kenta.yamamoto@example.com","ST03","非アクティブ","2026-06-04 15:11:14.833261"
5990,"渡辺 翔","sho.watanabe@example.com","ST03","非アクティブ","2026-06-04 15:11:14.833261"
5991,"中村 拓海","takumi.nakamura@example.com","ST04","退会","2026-06-04 15:11:14.833261"
5992,"山本 彩花","ayaka.yamamoto@example.com","ST03","非アクティブ","2026-06-04 15:11:14.833261"
5993,"加藤 大輔","daisuke.kato@example.com","ST02","アクティブ","2026-06-04 15:11:14.833261"
5994,"中村 葵","aoi.nakamura@example.com","ST02","アクティブ","2026-06-04 15:11:14.833261"
5995,"鈴木 健太","kenta.suzuki@example.com","ST02","アクティブ","2026-06-04 15:11:14.833261"
5996,"中村 健太","kenta.nakamura@example.com","ST02","アクティブ","2026-06-04 15:11:14.833261"
5997,"山本 大輔","daisuke.yamamoto@example.com","ST02","アクティブ","2026-06-04 15:11:14.833261"
5998,"吉田 美咲","misaki.yoshida@example.com","ST01","新規","2026-06-04 15:11:14.833261"
5999,"田中 陽菜","hina.tanaka@example.com","ST03","非アクティブ","2026-06-04 15:11:14.833261"
6000,"田中 蓮","ren.tanaka@example.com","ST03","非アクティブ","2026-06-04 15:11:14.833261"
6001,"渡辺 拓海","takumi.watanabe@example.com","ST02","アクティブ","2026-06-04 15:11:14.833261"
6002,"中村 悠斗","yuto.nakamura@example.com","ST01","新規","2026-06-04 15:11:14.833261"
6003,"佐藤 彩花","ayaka.sato@example.com","ST02","アクティブ","2026-06-04 15:11:14.833261"
6004,"山田 葵","aoi.yamada@example.com","ST04","退会","2026-06-04 15:11:14.833261"
6005,"加藤 健太","kenta.kato@example.com","ST04","退会","2026-06-04 15:11:14.833261"
6006,"田中 葵","aoi.tanaka@example.com","ST02","アクティブ","2026-06-04 15:11:14.833261"
6007,"中村 葵","aoi.nakamura@example.com","ST04","退会","2026-06-04 15:11:14.833261"
6008,"小林 悠斗","yuto.kobayashi@example.com","ST02","アクティブ","2026-06-04 15:11:14.833261"
6009,"山本 悠斗","yuto.yamamoto@example.com","ST02","アクティブ","2026-06-04 15:11:14.833261"
6010,"渡辺 太郎","taro.watanabe@example.com","ST02","アクティブ","2026-06-04 15:11:14.833261"
6011,"鈴木 翔","sho.suzuki@example.com","ST04","退会","2026-06-04 15:11:14.833261"
6012,"山田 結衣","yui.yamada@example.com","ST03","非アクティブ","2026-06-04 15:11:14.833261"
6013,"高橋 彩花","ayaka.takahashi@example.com","ST01","新規","2026-06-04 15:11:14.833261"
6014,"伊藤 健太","kenta.ito@example.com","ST03","非アクティブ","2026-06-04 15:11:14.833261"
6015,"伊藤 拓海","takumi.ito@example.com","ST02","アクティブ","2026-06-04 15:11:14.833261"
6016,"中村 葵","aoi.nakamura@example.com","ST01","新規","2026-06-04 15:11:14.833261"
6017,"山田 結衣","yui.yamada@example.com","ST03","非アクティブ","2026-06-04 15:11:14.833261"
6018,"加藤 拓海","takumi.kato@example.com","ST04","退会","2026-06-04 15:11:14.833261"
6019,"山本 彩花","ayaka.yamamoto@example.com","ST04","退会","2026-06-04 15:11:14.833261"
6020,"山本 美咲","misaki.yamamoto@example.com","ST02","アクティブ","2026-06-04 15:11:14.833261"
6021,"田中 大輔","daisuke.tanaka@example.com","ST02","アクティブ","2026-06-04 15:11:14.833261"
6022,"渡辺 彩花","ayaka.watanabe@example.com","ST03","非アクティブ","2026-06-04 15:11:14.833261"
6023,"吉田 美咲","misaki.yoshida@example.com","ST04","退会","2026-06-04 15:11:14.833261"
6024,"伊藤 彩花","ayaka.ito@example.com","ST03","非アクティブ","2026-06-04 15:11:14.833261"
6025,"渡辺 健太","kenta.watanabe@example.com","ST04","退会","2026-06-04 15:11:14.833261"
6026,"山本 悠斗","yuto.yamamoto@example.com","ST04","退会","2026-06-04 15:11:14.833261"
6027,"渡辺 蓮","ren.watanabe@example.com","ST03","非アクティブ","2026-06-04 15:11:14.833261"
6028,"伊藤 翔","sho.ito@example.com","ST01","新規","2026-06-04 15:11:14.833261"
6029,"伊藤 蓮","ren.ito@example.com","ST04","退会","2026-06-04 15:11:14.833261"
6030,"吉田 翔","sho.yoshida@example.com","ST04","退会","2026-06-04 15:11:14.833261"
6031,"田中 陽菜","hina.tanaka@example.com","ST02","アクティブ","2026-06-04 15:11:14.833261"
6032,"伊藤 彩花","ayaka.ito@example.com","ST02","アクティブ","2026-06-04 15:11:14.833261"
6033,"鈴木 太郎","taro.suzuki@example.com","ST03","非アクティブ","2026-06-04 15:11:14.833261"
6034,"山田 結衣","yui.yamada@example.com","ST01","新規","2026-06-04 15:11:14.833261"
6035,"中村 翔","sho.nakamura@example.com","ST04","退会","2026-06-04 15:11:14.833261"
6036,"田中 美咲","misaki.tanaka@example.com","ST02","アクティブ","2026-06-04 15:11:14.833261"
6037,"加藤 大輔","daisuke.kato@example.com","ST02","アクティブ","2026-06-04 15:11:14.833261"
6038,"小林 大輔","daisuke.kobayashi@example.com","ST02","アクティブ","2026-06-04 15:11:14.833261"
6039,"中村 蓮","ren.nakamura@example.com","ST03","非アクティブ","2026-06-04 15:11:14.833261"
6040,"高橋 彩花","ayaka.takahashi@example.com","ST02","アクティブ","2026-06-04 15:11:14.833261"
6041,"渡辺 美咲","misaki.watanabe@example.com","ST03","非アクティブ","2026-06-04 15:11:14.833261"
6042,"伊藤 陽菜","hina.ito@example.com","ST01","新規","2026-06-04 15:11:14.833261"
6043,"伊藤 美咲","misaki.ito@example.com","ST02","アクティブ","2026-06-04 15:11:14.833261"
6044,"鈴木 健太","kenta.suzuki@example.com","ST02","アクティブ","2026-06-04 15:11:14.833261"
6045,"中村 悠斗","yuto.nakamura@example.com","ST01","新規","2026-06-04 15:11:14.833261"
6046,"佐藤 陽菜","hina.sato@example.com","ST02","アクティブ","2026-06-04 15:11:14.833261"
6047,"渡辺 悠斗","yuto.watanabe@example.com","ST02","アクティブ","2026-06-04 15:11:14.833261"
6048,"山田 葵","aoi.yamada@example.com","ST02","アクティブ","2026-06-04 15:11:14.833261"
6049,"山田 大輔","daisuke.yamada@example.com","ST03","非アクティブ","2026-06-04 15:11:14.833261"
6050,"山田 結衣","yui.yamada@example.com","ST02","アクティブ","2026-06-04 15:11:14.833261"
6051,"中村 陽菜","hina.nakamura@example.com","ST02","アクティブ","2026-06-04 15:11:14.833261"
6052,"伊藤 陽菜","hina.ito@example.com","ST01","新規","2026-06-04 15:11:14.833261"
6053,"山本 美咲","misaki.yamamoto@example.com","ST02","アクティブ","2026-06-04 15:11:14.833261"
6054,"小林 陽菜","hina.kobayashi@example.com","ST02","アクティブ","2026-06-04 15:11:14.833261"
6055,"田中 蓮","ren.tanaka@example.com","ST03","非アクティブ","2026-06-04 15:11:14.833261"
6056,"山田 彩花","ayaka.yamada@example.com","ST02","アクティブ","2026-06-04 15:11:14.833261"
6057,"佐藤 陽菜","hina.sato@example.com","ST04","退会","2026-06-04 15:11:14.833261"
6058,"小林 蓮","ren.kobayashi@example.com","ST04","退会","2026-06-04 15:11:14.833261"
6059,"伊藤 彩花","ayaka.ito@example.com","ST02","アクティブ","2026-06-04 15:11:14.833261"
6060,"加藤 結衣","yui.kato@example.com","ST01","新規","2026-06-04 15:11:14.833261"
6061,"山田 翔","sho.yamada@example.com","ST03","非アクティブ","2026-06-04 15:11:14.833261"
6062,"佐藤 葵","aoi.sato@example.com","ST04","退会","2026-06-04 15:11:14.833261"
6063,"高橋 太郎","taro.takahashi@example.com","ST01","新規","2026-06-04 15:11:14.833261"
6064,"中村 葵","aoi.nakamura@example.com","ST02","アクティブ","2026-06-04 15:11:14.833261"
6065,"山本 陽菜","hina.yamamoto@example.com","ST04","退会","2026-06-04 15:11:14.833261"
6066,"加藤 太郎","taro.kato@example.com","ST04","退会","2026-06-04 15:11:14.833261"
6067,"渡辺 陽菜","hina.watanabe@example.com","ST03","非アクティブ","2026-06-04 15:11:14.833261"
6068,"中村 美咲","misaki.nakamura@example.com","ST03","非アクティブ","2026-06-04 15:11:14.833261"
6069,"山田 健太","kenta.yamada@example.com","ST01","新規","2026-06-04 15:11:14.833261"
6070,"鈴木 美咲","misaki.suzuki@example.com","ST03","非アクティブ","2026-06-04 15:11:14.833261"
6071,"田中 翔","sho.tanaka@example.com","ST02","アクティブ","2026-06-04 15:11:14.833261"
6072,"佐藤 美咲","misaki.sato@example.com","ST04","退会","2026-06-04 15:11:14.833261"
6073,"鈴木 拓海","takumi.suzuki@example.com","ST01","新規","2026-06-04 15:11:14.833261"
6074,"山本 結衣","yui.yamamoto@example.com","ST01","新規","2026-06-04 15:11:14.833261"
6075,"加藤 拓海","takumi.kato@example.com","ST02","アクティブ","2026-06-04 15:11:14.833261"
6076,"加藤 美咲","misaki.kato@example.com","ST04","退会","2026-06-04 15:11:14.833261"
6077,"渡辺 太郎","taro.watanabe@example.com","ST02","アクティブ","2026-06-04 15:11:14.833261"
6078,"小林 大輔","daisuke.kobayashi@example.com","ST04","退会","2026-06-04 15:11:14.833261"
6079,"山田 彩花","ayaka.yamada@example.com","ST02","アクティブ","2026-06-04 15:11:14.833261"
6080,"吉田 結衣","yui.yoshida@example.com","ST03","非アクティブ","2026-06-04 15:11:14.833261"
6081,"中村 悠斗","yuto.nakamura@example.com","ST03","非アクティブ","2026-06-04 15:11:14.833261"
6082,"佐藤 葵","aoi.sato@example.com","ST04","退会","2026-06-04 15:11:14.833261"
6083,"田中 結衣","yui.tanaka@example.com","ST02","アクティブ","2026-06-04 15:11:14.833261"
6084,"伊藤 彩花","ayaka.ito@example.com","ST01","新規","2026-06-04 15:11:14.833261"
6085,"吉田 翔","sho.yoshida@example.com","ST04","退会","2026-06-04 15:11:14.833261"
6086,"加藤 太郎","taro.kato@example.com","ST03","非アクティブ","2026-06-04 15:11:14.833261"
6087,"伊藤 健太","kenta.ito@example.com","ST04","退会","2026-06-04 15:11:14.833261"
6088,"伊藤 大輔","daisuke.ito@example.com","ST02","アクティブ","2026-06-04 15:11:14.833261"
6089,"渡辺 大輔","daisuke.watanabe@example.com","ST04","退会","2026-06-04 15:11:14.833261"
6090,"小林 美咲","misaki.kobayashi@example.com","ST03","非アクティブ","2026-06-04 15:11:14.833261"
6091,"吉田 太郎","taro.yoshida@example.com","ST01","新規","2026-06-04 15:11:14.833261"
6092,"鈴木 彩花","ayaka.suzuki@example.com","ST03","非アクティブ","2026-06-04 15:11:14.833261"
6093,"山本 陽菜","hina.yamamoto@example.com","ST01","新規","2026-06-04 15:11:14.833261"
6094,"吉田 美咲","misaki.yoshida@example.com","ST03","非アクティブ","2026-06-04 15:11:14.833261"
6095,"田中 蓮","ren.tanaka@example.com","ST01","新規","2026-06-04 15:11:14.833261"
6096,"山田 拓海","takumi.yamada@example.com","ST02","アクティブ","2026-06-04 15:11:14.833261"
6097,"高橋 葵","aoi.takahashi@example.com","ST02","アクティブ","2026-06-04 15:11:14.833261"
6098,"渡辺 蓮","ren.watanabe@example.com","ST02","アクティブ","2026-06-04 15:11:14.833261"
6099,"山田 太郎","taro.yamada@example.com","ST03","非アクティブ","2026-06-04 15:11:14.833261"
6100,"佐藤 美咲","misaki.sato@example.com","ST02","アクティブ","2026-06-04 15:11:14.833261"
6101,"中村 美咲","misaki.nakamura@example.com","ST01","新規","2026-06-04 15:11:14.833261"
6102,"山本 結衣","yui.yamamoto@example.com","ST01","新規","2026-06-04 15:11:14.833261"
6103,"中村 蓮","ren.nakamura@example.com","ST02","アクティブ","2026-06-04 15:11:14.833261"
6104,"山本 陽菜","hina.yamamoto@example.com","ST01","新規","2026-06-04 15:11:14.833261"
6105,"佐藤 翔","sho.sato@example.com","ST04","退会","2026-06-04 15:11:14.833261"
6106,"山田 大輔","daisuke.yamada@example.com","ST02","アクティブ","2026-06-04 15:11:14.833261"
6107,"山田 結衣","yui.yamada@example.com","ST04","退会","2026-06-04 15:11:14.833261"
6108,"渡辺 太郎","taro.watanabe@example.com","ST03","非アクティブ","2026-06-04 15:11:14.833261"
6109,"渡辺 葵","aoi.watanabe@example.com","ST04","退会","2026-06-04 15:11:14.833261"
6110,"伊藤 結衣","yui.ito@example.com","ST01","新規","2026-06-04 15:11:14.833261"
6111,"田中 蓮","ren.tanaka@example.com","ST03","非アクティブ","2026-06-04 15:11:14.833261"
6112,"伊藤 健太","kenta.ito@example.com","ST02","アクティブ","2026-06-04 15:11:14.833261"
6113,"田中 太郎","taro.tanaka@example.com","ST03","非アクティブ","2026-06-04 15:11:14.833261"
6114,"伊藤 翔","sho.ito@example.com","ST02","アクティブ","2026-06-04 15:11:14.833261"
6115,"田中 陽菜","hina.tanaka@example.com","ST01","新規","2026-06-04 15:11:14.833261"
6116,"加藤 結衣","yui.kato@example.com","ST03","非アクティブ","2026-06-04 15:11:14.833261"
6117,"高橋 結衣","yui.takahashi@example.com","ST02","アクティブ","2026-06-04 15:11:14.833261"
6118,"渡辺 悠斗","yuto.watanabe@example.com","ST03","非アクティブ","2026-06-04 15:11:14.833261"
6119,"山田 翔","sho.yamada@example.com","ST01","新規","2026-06-04 15:11:14.833261"
6120,"渡辺 美咲","misaki.watanabe@example.com","ST04","退会","2026-06-04 15:11:14.833261"
6121,"小林 悠斗","yuto.kobayashi@example.com","ST02","アクティブ","2026-06-04 15:11:14.833261"
6122,"山本 太郎","taro.yamamoto@example.com","ST02","アクティブ","2026-06-04 15:11:14.833261"
6123,"加藤 陽菜","hina.kato@example.com","ST04","退会","2026-06-04 15:11:14.833261"
6124,"小林 拓海","takumi.kobayashi@example.com","ST03","非アクティブ","2026-06-04 15:11:14.833261"
6125,"吉田 拓海","takumi.yoshida@example.com","ST03","非アクティブ","2026-06-04 15:11:14.833261"
6126,"伊藤 彩花","ayaka.ito@example.com","ST03","非アクティブ","2026-06-04 15:11:14.833261"
6127,"加藤 蓮","ren.kato@example.com","ST03","非アクティブ","2026-06-04 15:11:14.833261"
6128,"田中 健太","kenta.tanaka@example.com","ST04","退会","2026-06-04 15:11:14.833261"
6129,"田中 翔","sho.tanaka@example.com","ST01","新規","2026-06-04 15:11:14.833261"
6130,"田中 蓮","ren.tanaka@example.com","ST04","退会","2026-06-04 15:11:14.833261"
6131,"鈴木 彩花","ayaka.suzuki@example.com","ST02","アクティブ","2026-06-04 15:11:14.833261"
6132,"伊藤 拓海","takumi.ito@example.com","ST01","新規","2026-06-04 15:11:14.833261"
6133,"吉田 彩花","ayaka.yoshida@example.com","ST04","退会","2026-06-04 15:11:14.833261"
6134,"吉田 美咲","misaki.yoshida@example.com","ST03","非アクティブ","2026-06-04 15:11:14.833261"
6135,"小林 太郎","taro.kobayashi@example.com","ST03","非アクティブ","2026-06-04 15:11:14.833261"
6136,"高橋 拓海","takumi.takahashi@example.com","ST01","新規","2026-06-04 15:11:14.833261"
6137,"中村 悠斗","yuto.nakamura@example.com","ST03","非アクティブ","2026-06-04 15:11:14.833261"
6138,"山田 美咲","misaki.yamada@example.com","ST02","アクティブ","2026-06-04 15:11:14.833261"
6139,"高橋 健太","kenta.takahashi@example.com","ST01","新規","2026-06-04 15:11:14.833261"
6140,"吉田 悠斗","yuto.yoshida@example.com","ST04","退会","2026-06-04 15:11:14.833261"
6141,"佐藤 太郎","taro.sato@example.com","ST02","アクティブ","2026-06-04 15:11:14.833261"
6142,"中村 葵","aoi.nakamura@example.com","ST04","退会","2026-06-04 15:11:14.833261"
6143,"鈴木 太郎","taro.suzuki@example.com","ST03","非アクティブ","2026-06-04 15:11:14.833261"
6144,"田中 美咲","misaki.tanaka@example.com","ST03","非アクティブ","2026-06-04 15:11:14.833261"
6145,"高橋 結衣","yui.takahashi@example.com","ST03","非アクティブ","2026-06-04 15:11:14.833261"
6146,"小林 翔","sho.kobayashi@example.com","ST02","アクティブ","2026-06-04 15:11:14.833261"
6147,"小林 結衣","yui.kobayashi@example.com","ST02","アクティブ","2026-06-04 15:11:14.833261"
6148,"小林 美咲","misaki.kobayashi@example.com","ST04","退会","2026-06-04 15:11:14.833261"
6149,"小林 健太","kenta.kobayashi@example.com","ST04","退会","2026-06-04 15:11:14.833261"
6150,"加藤 大輔","daisuke.kato@example.com","ST04","退会","2026-06-04 15:11:14.833261"
6151,"渡辺 悠斗","yuto.watanabe@example.com","ST02","アクティブ","2026-06-04 15:11:14.833261"
6152,"中村 葵","aoi.nakamura@example.com","ST03","非アクティブ","2026-06-04 15:11:14.833261"
6153,"山田 彩花","ayaka.yamada@example.com","ST01","新規","2026-06-04 15:11:14.833261"
6154,"田中 彩花","ayaka.tanaka@example.com","ST04","退会","2026-06-04 15:11:14.833261"
6155,"中村 拓海","takumi.nakamura@example.com","ST03","非アクティブ","2026-06-04 15:11:14.833261"
6156,"鈴木 悠斗","yuto.suzuki@example.com","ST02","アクティブ","2026-06-04 15:11:14.833261"
6157,"加藤 拓海","takumi.kato@example.com","ST04","退会","2026-06-04 15:11:14.833261"
6158,"山田 大輔","daisuke.yamada@example.com","ST02","アクティブ","2026-06-04 15:11:14.833261"
6159,"中村 悠斗","yuto.nakamura@example.com","ST01","新規","2026-06-04 15:11:14.833261"
6160,"加藤 蓮","ren.kato@example.com","ST03","非アクティブ","2026-06-04 15:11:14.833261"
6161,"加藤 拓海","takumi.kato@example.com","ST03","非アクティブ","2026-06-04 15:11:14.833261"
6162,"小林 拓海","takumi.kobayashi@example.com","ST04","退会","2026-06-04 15:11:14.833261"
6163,"渡辺 大輔","daisuke.watanabe@example.com","ST02","アクティブ","2026-06-04 15:11:14.833261"
6164,"鈴木 悠斗","yuto.suzuki@example.com","ST02","アクティブ","2026-06-04 15:11:14.833261"
6165,"田中 結衣","yui.tanaka@example.com","ST01","新規","2026-06-04 15:11:14.833261"
6166,"中村 太郎","taro.nakamura@example.com","ST04","退会","2026-06-04 15:11:14.833261"
6167,"田中 翔","sho.tanaka@example.com","ST01","新規","2026-06-04 15:11:14.833261"
6168,"小林 悠斗","yuto.kobayashi@example.com","ST04","退会","2026-06-04 15:11:14.833261"
6169,"渡辺 美咲","misaki.watanabe@example.com","ST01","新規","2026-06-04 15:11:14.833261"
6170,"伊藤 彩花","ayaka.ito@example.com","ST04","退会","2026-06-04 15:11:14.833261"
6171,"高橋 悠斗","yuto.takahashi@example.com","ST03","非アクティブ","2026-06-04 15:11:14.833261"
6172,"田中 大輔","daisuke.tanaka@example.com","ST01","新規","2026-06-04 15:11:14.833261"
6173,"渡辺 大輔","daisuke.watanabe@example.com","ST03","非アクティブ","2026-06-04 15:11:14.833261"
6174,"加藤 翔","sho.kato@example.com","ST02","アクティブ","2026-06-04 15:11:14.833261"
6175,"鈴木 太郎","taro.suzuki@example.com","ST02","アクティブ","2026-06-04 15:11:14.833261"
6176,"田中 大輔","daisuke.tanaka@example.com","ST04","退会","2026-06-04 15:11:14.833261"
6177,"田中 悠斗","yuto.tanaka@example.com","ST01","新規","2026-06-04 15:11:14.833261"
6178,"小林 陽菜","hina.kobayashi@example.com","ST02","アクティブ","2026-06-04 15:11:14.833261"
6179,"小林 悠斗","yuto.kobayashi@example.com","ST03","非アクティブ","2026-06-04 15:11:14.833261"
6180,"加藤 健太","kenta.kato@example.com","ST04","退会","2026-06-04 15:11:14.833261"
6181,"田中 健太","kenta.tanaka@example.com","ST01","新規","2026-06-04 15:11:14.833261"
6182,"小林 美咲","misaki.kobayashi@example.com","ST04","退会","2026-06-04 15:11:14.833261"
6183,"伊藤 健太","kenta.ito@example.com","ST03","非アクティブ","2026-06-04 15:11:14.833261"
6184,"伊藤 太郎","taro.ito@example.com","ST02","アクティブ","2026-06-04 15:11:14.833261"
6185,"伊藤 健太","kenta.ito@example.com","ST02","アクティブ","2026-06-04 15:11:14.833261"
6186,"山田 美咲","misaki.yamada@example.com","ST02","アクティブ","2026-06-04 15:11:14.833261"
6187,"鈴木 陽菜","hina.suzuki@example.com","ST03","非アクティブ","2026-06-04 15:11:14.833261"
6188,"小林 太郎","taro.kobayashi@example.com","ST03","非アクティブ","2026-06-04 15:11:14.833261"
6189,"小林 健太","kenta.kobayashi@example.com","ST04","退会","2026-06-04 15:11:14.833261"
6190,"伊藤 悠斗","yuto.ito@example.com","ST02","アクティブ","2026-06-04 15:11:14.833261"
6191,"山本 陽菜","hina.yamamoto@example.com","ST04","退会","2026-06-04 15:11:14.833261"
6192,"佐藤 悠斗","yuto.sato@example.com","ST03","非アクティブ","2026-06-04 15:11:14.833261"
6193,"加藤 葵","aoi.kato@example.com","ST03","非アクティブ","2026-06-04 15:11:14.833261"
6194,"吉田 拓海","takumi.yoshida@example.com","ST03","非アクティブ","2026-06-04 15:11:14.833261"
6195,"吉田 陽菜","hina.yoshida@example.com","ST02","アクティブ","2026-06-04 15:11:14.833261"
6196,"田中 大輔","daisuke.tanaka@example.com","ST04","退会","2026-06-04 15:11:14.833261"
6197,"渡辺 健太","kenta.watanabe@example.com","ST01","新規","2026-06-04 15:11:14.833261"
6198,"渡辺 拓海","takumi.watanabe@example.com","ST01","新規","2026-06-04 15:11:14.833261"
6199,"山田 彩花","ayaka.yamada@example.com","ST04","退会","2026-06-04 15:11:14.833261"
6200,"佐藤 蓮","ren.sato@example.com","ST01","新規","2026-06-04 15:11:14.833261"
6201,"渡辺 葵","aoi.watanabe@example.com","ST01","新規","2026-06-04 15:11:14.833261"
6202,"鈴木 葵","aoi.suzuki@example.com","ST02","アクティブ","2026-06-04 15:11:14.833261"
6203,"吉田 結衣","yui.yoshida@example.com","ST03","非アクティブ","2026-06-04 15:11:14.833261"
6204,"加藤 美咲","misaki.kato@example.com","ST04","退会","2026-06-04 15:11:14.833261"
6205,"吉田 葵","aoi.yoshida@example.com","ST01","新規","2026-06-04 15:11:14.833261"
6206,"山田 彩花","ayaka.yamada@example.com","ST02","アクティブ","2026-06-04 15:11:14.833261"
6207,"山田 葵","aoi.yamada@example.com","ST03","非アクティブ","2026-06-04 15:11:14.833261"
6208,"吉田 美咲","misaki.yoshida@example.com","ST01","新規","2026-06-04 15:11:14.833261"
6209,"渡辺 太郎","taro.watanabe@example.com","ST04","退会","2026-06-04 15:11:14.833261"
6210,"伊藤 大輔","daisuke.ito@example.com","ST03","非アクティブ","2026-06-04 15:11:14.833261"
6211,"鈴木 太郎","taro.suzuki@example.com","ST01","新規","2026-06-04 15:11:14.833261"
6212,"加藤 大輔","daisuke.kato@example.com","ST04","退会","2026-06-04 15:11:14.833261"
6213,"小林 大輔","daisuke.kobayashi@example.com","ST04","退会","2026-06-04 15:11:14.833261"
6214,"中村 拓海","takumi.nakamura@example.com","ST01","新規","2026-06-04 15:11:14.833261"
6215,"小林 結衣","yui.kobayashi@example.com","ST02","アクティブ","2026-06-04 15:11:14.833261"
6216,"鈴木 葵","aoi.suzuki@example.com","ST03","非アクティブ","2026-06-04 15:11:14.833261"
6217,"中村 葵","aoi.nakamura@example.com","ST01","新規","2026-06-04 15:11:14.833261"
6218,"鈴木 彩花","ayaka.suzuki@example.com","ST03","非アクティブ","2026-06-04 15:11:14.833261"
6219,"中村 太郎","taro.nakamura@example.com","ST01","新規","2026-06-04 15:11:14.833261"
6220,"佐藤 結衣","yui.sato@example.com","ST02","アクティブ","2026-06-04 15:11:14.833261"
6221,"田中 大輔","daisuke.tanaka@example.com","ST01","新規","2026-06-04 15:11:14.833261"
6222,"山田 陽菜","hina.yamada@example.com","ST04","退会","2026-06-04 15:11:14.833261"
6223,"山田 太郎","taro.yamada@example.com","ST03","非アクティブ","2026-06-04 15:11:14.833261"
6224,"渡辺 葵","aoi.watanabe@example.com","ST03","非アクティブ","2026-06-04 15:11:14.833261"
6225,"中村 拓海","takumi.nakamura@example.com","ST04","退会","2026-06-04 15:11:14.833261"
6226,"田中 拓海","takumi.tanaka@example.com","ST02","アクティブ","2026-06-04 15:11:14.833261"
6227,"鈴木 蓮","ren.suzuki@example.com","ST01","新規","2026-06-04 15:11:14.833261"
6228,"高橋 拓海","takumi.takahashi@example.com","ST04","退会","2026-06-04 15:11:14.833261"
6229,"吉田 翔","sho.yoshida@example.com","ST03","非アクティブ","2026-06-04 15:11:14.833261"
6230,"鈴木 陽菜","hina.suzuki@example.com","ST03","非アクティブ","2026-06-04 15:11:14.833261"
6231,"小林 太郎","taro.kobayashi@example.com","ST01","新規","2026-06-04 15:11:14.833261"
6232,"加藤 悠斗","yuto.kato@example.com","ST02","アクティブ","2026-06-04 15:11:14.833261"
6233,"佐藤 翔","sho.sato@example.com","ST02","アクティブ","2026-06-04 15:11:14.833261"
6234,"中村 翔","sho.nakamura@example.com","ST01","新規","2026-06-04 15:11:14.833261"
6235,"山田 健太","kenta.yamada@example.com","ST02","アクティブ","2026-06-04 15:11:14.833261"
6236,"山田 結衣","yui.yamada@example.com","ST04","退会","2026-06-04 15:11:14.833261"
6237,"山田 翔","sho.yamada@example.com","ST01","新規","2026-06-04 15:11:14.833261"
6238,"吉田 翔","sho.yoshida@example.com","ST03","非アクティブ","2026-06-04 15:11:14.833261"
6239,"佐藤 陽菜","hina.sato@example.com","ST03","非アクティブ","2026-06-04 15:11:14.833261"
6240,"小林 悠斗","yuto.kobayashi@example.com","ST02","アクティブ","2026-06-04 15:11:14.833261"
6241,"小林 太郎","taro.kobayashi@example.com","ST03","非アクティブ","2026-06-04 15:11:14.833261"
6242,"田中 美咲","misaki.tanaka@example.com","ST02","アクティブ","2026-06-04 15:11:14.833261"
6243,"田中 蓮","ren.tanaka@example.com","ST01","新規","2026-06-04 15:11:14.833261"
6244,"吉田 蓮","ren.yoshida@example.com","ST02","アクティブ","2026-06-04 15:11:14.833261"
6245,"山田 太郎","taro.yamada@example.com","ST02","アクティブ","2026-06-04 15:11:14.833261"
6246,"佐藤 翔","sho.sato@example.com","ST04","退会","2026-06-04 15:11:14.833261"
6247,"中村 結衣","yui.nakamura@example.com","ST04","退会","2026-06-04 15:11:14.833261"
6248,"鈴木 彩花","ayaka.suzuki@example.com","ST01","新規","2026-06-04 15:11:14.833261"
6249,"渡辺 葵","aoi.watanabe@example.com","ST01","新規","2026-06-04 15:11:14.833261"
6250,"高橋 翔","sho.takahashi@example.com","ST04","退会","2026-06-04 15:11:14.833261"
6251,"鈴木 太郎","taro.suzuki@example.com","ST04","退会","2026-06-04 15:11:14.833261"
6252,"渡辺 彩花","ayaka.watanabe@example.com","ST01","新規","2026-06-04 15:11:14.833261"
6253,"山田 蓮","ren.yamada@example.com","ST04","退会","2026-06-04 15:11:14.833261"
6254,"佐藤 彩花","ayaka.sato@example.com","ST01","新規","2026-06-04 15:11:14.833261"
6255,"田中 大輔","daisuke.tanaka@example.com","ST03","非アクティブ","2026-06-04 15:11:14.833261"
6256,"加藤 陽菜","hina.kato@example.com","ST01","新規","2026-06-04 15:11:14.833261"
6257,"山本 結衣","yui.yamamoto@example.com","ST04","退会","2026-06-04 15:11:14.833261"
6258,"田中 太郎","taro.tanaka@example.com","ST01","新規","2026-06-04 15:11:14.833261"
6259,"中村 大輔","daisuke.nakamura@example.com","ST03","非アクティブ","2026-06-04 15:11:14.833261"
6260,"山本 彩花","ayaka.yamamoto@example.com","ST01","新規","2026-06-04 15:11:14.833261"
6261,"鈴木 彩花","ayaka.suzuki@example.com","ST04","退会","2026-06-04 15:11:14.833261"
6262,"高橋 彩花","ayaka.takahashi@example.com","ST02","アクティブ","2026-06-04 15:11:14.833261"
6263,"中村 美咲","misaki.nakamura@example.com","ST03","非アクティブ","2026-06-04 15:11:14.833261"
6264,"山本 大輔","daisuke.yamamoto@example.com","ST04","退会","2026-06-04 15:11:14.833261"
6265,"加藤 悠斗","yuto.kato@example.com","ST02","アクティブ","2026-06-04 15:11:14.833261"
6266,"鈴木 翔","sho.suzuki@example.com","ST01","新規","2026-06-04 15:11:14.833261"
6267,"中村 大輔","daisuke.nakamura@example.com","ST04","退会","2026-06-04 15:11:14.833261"
6268,"山本 悠斗","yuto.yamamoto@example.com","ST02","アクティブ","2026-06-04 15:11:14.833261"
6269,"山本 大輔","daisuke.yamamoto@example.com","ST01","新規","2026-06-04 15:11:14.833261"
6270,"渡辺 彩花","ayaka.watanabe@example.com","ST01","新規","2026-06-04 15:11:14.833261"
6271,"加藤 悠斗","yuto.kato@example.com","ST02","アクティブ","2026-06-04 15:11:14.833261"
6272,"加藤 大輔","daisuke.kato@example.com","ST03","非アクティブ","2026-06-04 15:11:14.833261"
6273,"渡辺 彩花","ayaka.watanabe@example.com","ST02","アクティブ","2026-06-04 15:11:14.833261"
6274,"高橋 拓海","takumi.takahashi@example.com","ST03","非アクティブ","2026-06-04 15:11:14.833261"
6275,"鈴木 結衣","yui.suzuki@example.com","ST02","アクティブ","2026-06-04 15:11:14.833261"
6276,"佐藤 美咲","misaki.sato@example.com","ST04","退会","2026-06-04 15:11:14.833261"
6277,"吉田 葵","aoi.yoshida@example.com","ST02","アクティブ","2026-06-04 15:11:14.833261"
6278,"渡辺 彩花","ayaka.watanabe@example.com","ST04","退会","2026-06-04 15:11:14.833261"
6279,"小林 陽菜","hina.kobayashi@example.com","ST04","退会","2026-06-04 15:11:14.833261"
6280,"加藤 健太","kenta.kato@example.com","ST04","退会","2026-06-04 15:11:14.833261"
6281,"佐藤 大輔","daisuke.sato@example.com","ST02","アクティブ","2026-06-04 15:11:14.833261"
6282,"山本 彩花","ayaka.yamamoto@example.com","ST03","非アクティブ","2026-06-04 15:11:14.833261"
6283,"鈴木 蓮","ren.suzuki@example.com","ST01","新規","2026-06-04 15:11:14.833261"
6284,"鈴木 大輔","daisuke.suzuki@example.com","ST02","アクティブ","2026-06-04 15:11:14.833261"
6285,"田中 葵","aoi.tanaka@example.com","ST01","新規","2026-06-04 15:11:14.833261"
6286,"鈴木 葵","aoi.suzuki@example.com","ST03","非アクティブ","2026-06-04 15:11:14.833261"
6287,"伊藤 翔","sho.ito@example.com","ST04","退会","2026-06-04 15:11:14.833261"
6288,"加藤 美咲","misaki.kato@example.com","ST02","アクティブ","2026-06-04 15:11:14.833261"
6289,"加藤 拓海","takumi.kato@example.com","ST01","新規","2026-06-04 15:11:14.833261"
6290,"中村 拓海","takumi.nakamura@example.com","ST02","アクティブ","2026-06-04 15:11:14.833261"
6291,"佐藤 美咲","misaki.sato@example.com","ST03","非アクティブ","2026-06-04 15:11:14.833261"
6292,"吉田 葵","aoi.yoshida@example.com","ST02","アクティブ","2026-06-04 15:11:14.833261"
6293,"山本 大輔","daisuke.yamamoto@example.com","ST01","新規","2026-06-04 15:11:14.833261"
6294,"山田 太郎","taro.yamada@example.com","ST01","新規","2026-06-04 15:11:14.833261"
6295,"山田 健太","kenta.yamada@example.com","ST04","退会","2026-06-04 15:11:14.833261"
6296,"中村 美咲","misaki.nakamura@example.com","ST01","新規","2026-06-04 15:11:14.833261"
6297,"小林 拓海","takumi.kobayashi@example.com","ST02","アクティブ","2026-06-04 15:11:14.833261"
6298,"加藤 太郎","taro.kato@example.com","ST01","新規","2026-06-04 15:11:14.833261"
6299,"鈴木 蓮","ren.suzuki@example.com","ST04","退会","2026-06-04 15:11:14.833261"
6300,"小林 大輔","daisuke.kobayashi@example.com","ST02","アクティブ","2026-06-04 15:11:14.833261"
6301,"加藤 陽菜","hina.kato@example.com","ST04","退会","2026-06-04 15:11:14.833261"
6302,"小林 美咲","misaki.kobayashi@example.com","ST02","アクティブ","2026-06-04 15:11:14.833261"
6303,"渡辺 健太","kenta.watanabe@example.com","ST03","非アクティブ","2026-06-04 15:11:14.833261"
6304,"山本 葵","aoi.yamamoto@example.com","ST04","退会","2026-06-04 15:11:14.833261"
6305,"田中 健太","kenta.tanaka@example.com","ST03","非アクティブ","2026-06-04 15:11:14.833261"
6306,"伊藤 太郎","taro.ito@example.com","ST01","新規","2026-06-04 15:11:14.833261"
6307,"山田 葵","aoi.yamada@example.com","ST01","新規","2026-06-04 15:11:14.833261"
6308,"山田 葵","aoi.yamada@example.com","ST02","アクティブ","2026-06-04 15:11:14.833261"
6309,"山田 彩花","ayaka.yamada@example.com","ST04","退会","2026-06-04 15:11:14.833261"
6310,"渡辺 悠斗","yuto.watanabe@example.com","ST02","アクティブ","2026-06-04 15:11:14.833261"
6311,"田中 翔","sho.tanaka@example.com","ST03","非アクティブ","2026-06-04 15:11:14.833261"
6312,"吉田 彩花","ayaka.yoshida@example.com","ST02","アクティブ","2026-06-04 15:11:14.833261"
6313,"山本 拓海","takumi.yamamoto@example.com","ST03","非アクティブ","2026-06-04 15:11:14.833261"
6314,"伊藤 美咲","misaki.ito@example.com","ST04","退会","2026-06-04 15:11:14.833261"
6315,"小林 翔","sho.kobayashi@example.com","ST04","退会","2026-06-04 15:11:14.833261"
6316,"伊藤 結衣","yui.ito@example.com","ST03","非アクティブ","2026-06-04 15:11:14.833261"
6317,"小林 陽菜","hina.kobayashi@example.com","ST04","退会","2026-06-04 15:11:14.833261"
6318,"鈴木 悠斗","yuto.suzuki@example.com","ST03","非アクティブ","2026-06-04 15:11:14.833261"
6319,"田中 陽菜","hina.tanaka@example.com","ST02","アクティブ","2026-06-04 15:11:14.833261"
6320,"山田 翔","sho.yamada@example.com","ST03","非アクティブ","2026-06-04 15:11:14.833261"
6321,"渡辺 葵","aoi.watanabe@example.com","ST04","退会","2026-06-04 15:11:14.833261"
6322,"佐藤 太郎","taro.sato@example.com","ST01","新規","2026-06-04 15:11:14.833261"
6323,"伊藤 悠斗","yuto.ito@example.com","ST03","非アクティブ","2026-06-04 15:11:14.833261"
6324,"鈴木 健太","kenta.suzuki@example.com","ST03","非アクティブ","2026-06-04 15:11:14.833261"
6325,"中村 大輔","daisuke.nakamura@example.com","ST03","非アクティブ","2026-06-04 15:11:14.833261"
6326,"渡辺 大輔","daisuke.watanabe@example.com","ST02","アクティブ","2026-06-04 15:11:14.833261"
6327,"小林 翔","sho.kobayashi@example.com","ST04","退会","2026-06-04 15:11:14.833261"
6328,"山本 健太","kenta.yamamoto@example.com","ST01","新規","2026-06-04 15:11:14.833261"
6329,"山本 太郎","taro.yamamoto@example.com","ST03","非アクティブ","2026-06-04 15:11:14.833261"
6330,"山本 結衣","yui.yamamoto@example.com","ST03","非アクティブ","2026-06-04 15:11:14.833261"
6331,"佐藤 蓮","ren.sato@example.com","ST04","退会","2026-06-04 15:11:14.833261"
6332,"渡辺 大輔","daisuke.watanabe@example.com","ST03","非アクティブ","2026-06-04 15:11:14.833261"
6333,"田中 翔","sho.tanaka@example.com","ST03","非アクティブ","2026-06-04 15:11:14.833261"
6334,"高橋 美咲","misaki.takahashi@example.com","ST02","アクティブ","2026-06-04 15:11:14.833261"
6335,"加藤 彩花","ayaka.kato@example.com","ST01","新規","2026-06-04 15:11:14.833261"
6336,"山田 太郎","taro.yamada@example.com","ST01","新規","2026-06-04 15:11:14.833261"
6337,"伊藤 悠斗","yuto.ito@example.com","ST01","新規","2026-06-04 15:11:14.833261"
6338,"伊藤 結衣","yui.ito@example.com","ST03","非アクティブ","2026-06-04 15:11:14.833261"
6339,"田中 翔","sho.tanaka@example.com","ST03","非アクティブ","2026-06-04 15:11:14.833261"
6340,"山田 蓮","ren.yamada@example.com","ST03","非アクティブ","2026-06-04 15:11:14.833261"
6341,"山本 健太","kenta.yamamoto@example.com","ST03","非アクティブ","2026-06-04 15:11:14.833261"
6342,"高橋 彩花","ayaka.takahashi@example.com","ST02","アクティブ","2026-06-04 15:11:14.833261"
6343,"鈴木 陽菜","hina.suzuki@example.com","ST04","退会","2026-06-04 15:11:14.833261"
6344,"中村 結衣","yui.nakamura@example.com","ST02","アクティブ","2026-06-04 15:11:14.833261"
6345,"加藤 葵","aoi.kato@example.com","ST04","退会","2026-06-04 15:11:14.833261"
6346,"小林 葵","aoi.kobayashi@example.com","ST01","新規","2026-06-04 15:11:14.833261"
6347,"小林 美咲","misaki.kobayashi@example.com","ST03","非アクティブ","2026-06-04 15:11:14.833261"
6348,"田中 陽菜","hina.tanaka@example.com","ST04","退会","2026-06-04 15:11:14.833261"
6349,"高橋 蓮","ren.takahashi@example.com","ST04","退会","2026-06-04 15:11:14.833261"
6350,"吉田 健太","kenta.yoshida@example.com","ST02","アクティブ","2026-06-04 15:11:14.833261"
6351,"鈴木 太郎","taro.suzuki@example.com","ST04","退会","2026-06-04 15:11:14.833261"
6352,"山本 健太","kenta.yamamoto@example.com","ST03","非アクティブ","2026-06-04 15:11:14.833261"
6353,"鈴木 大輔","daisuke.suzuki@example.com","ST03","非アクティブ","2026-06-04 15:11:14.833261"
6354,"伊藤 美咲","misaki.ito@example.com","ST03","非アクティブ","2026-06-04 15:11:14.833261"
6355,"高橋 蓮","ren.takahashi@example.com","ST02","アクティブ","2026-06-04 15:11:14.833261"
6356,"鈴木 太郎","taro.suzuki@example.com","ST01","新規","2026-06-04 15:11:14.833261"
6357,"吉田 健太","kenta.yoshida@example.com","ST04","退会","2026-06-04 15:11:14.833261"
6358,"山田 結衣","yui.yamada@example.com","ST03","非アクティブ","2026-06-04 15:11:14.833261"
6359,"田中 蓮","ren.tanaka@example.com","ST03","非アクティブ","2026-06-04 15:11:14.833261"
6360,"渡辺 太郎","taro.watanabe@example.com","ST03","非アクティブ","2026-06-04 15:11:14.833261"
6361,"伊藤 太郎","taro.ito@example.com","ST02","アクティブ","2026-06-04 15:11:14.833261"
6362,"鈴木 翔","sho.suzuki@example.com","ST01","新規","2026-06-04 15:11:14.833261"
6363,"山田 翔","sho.yamada@example.com","ST03","非アクティブ","2026-06-04 15:11:14.833261"
6364,"田中 美咲","misaki.tanaka@example.com","ST02","アクティブ","2026-06-04 15:11:14.833261"
6365,"高橋 拓海","takumi.takahashi@example.com","ST01","新規","2026-06-04 15:11:14.833261"
6366,"山本 翔","sho.yamamoto@example.com","ST01","新規","2026-06-04 15:11:14.833261"
6367,"小林 陽菜","hina.kobayashi@example.com","ST04","退会","2026-06-04 15:11:14.833261"
6368,"鈴木 結衣","yui.suzuki@example.com","ST04","退会","2026-06-04 15:11:14.833261"
6369,"伊藤 大輔","daisuke.ito@example.com","ST03","非アクティブ","2026-06-04 15:11:14.833261"
6370,"渡辺 大輔","daisuke.watanabe@example.com","ST03","非アクティブ","2026-06-04 15:11:14.833261"
6371,"高橋 太郎","taro.takahashi@example.com","ST02","アクティブ","2026-06-04 15:11:14.833261"
6372,"渡辺 大輔","daisuke.watanabe@example.com","ST03","非アクティブ","2026-06-04 15:11:14.833261"
6373,"加藤 陽菜","hina.kato@example.com","ST03","非アクティブ","2026-06-04 15:11:14.833261"
6374,"渡辺 結衣","yui.watanabe@example.com","ST01","新規","2026-06-04 15:11:14.833261"
6375,"吉田 陽菜","hina.yoshida@example.com","ST01","新規","2026-06-04 15:11:14.833261"
6376,"高橋 健太","kenta.takahashi@example.com","ST01","新規","2026-06-04 15:11:14.833261"
6377,"山田 彩花","ayaka.yamada@example.com","ST04","退会","2026-06-04 15:11:14.833261"
6378,"田中 葵","aoi.tanaka@example.com","ST03","非アクティブ","2026-06-04 15:11:14.833261"
6379,"小林 健太","kenta.kobayashi@example.com","ST04","退会","2026-06-04 15:11:14.833261"
6380,"山本 彩花","ayaka.yamamoto@example.com","ST03","非アクティブ","2026-06-04 15:11:14.833261"
6381,"高橋 健太","kenta.takahashi@example.com","ST02","アクティブ","2026-06-04 15:11:14.833261"
6382,"山田 拓海","takumi.yamada@example.com","ST03","非アクティブ","2026-06-04 15:11:14.833261"
6383,"佐藤 太郎","taro.sato@example.com","ST01","新規","2026-06-04 15:11:14.833261"
6384,"田中 結衣","yui.tanaka@example.com","ST01","新規","2026-06-04 15:11:14.833261"
6385,"渡辺 悠斗","yuto.watanabe@example.com","ST02","アクティブ","2026-06-04 15:11:14.833261"
6386,"鈴木 葵","aoi.suzuki@example.com","ST01","新規","2026-06-04 15:11:14.833261"
6387,"中村 陽菜","hina.nakamura@example.com","ST04","退会","2026-06-04 15:11:14.833261"
6388,"渡辺 翔","sho.watanabe@example.com","ST03","非アクティブ","2026-06-04 15:11:14.833261"
6389,"山本 翔","sho.yamamoto@example.com","ST03","非アクティブ","2026-06-04 15:11:14.833261"
6390,"渡辺 悠斗","yuto.watanabe@example.com","ST01","新規","2026-06-04 15:11:14.833261"
6391,"中村 彩花","ayaka.nakamura@example.com","ST04","退会","2026-06-04 15:11:14.833261"
6392,"加藤 大輔","daisuke.kato@example.com","ST04","退会","2026-06-04 15:11:14.833261"
6393,"加藤 葵","aoi.kato@example.com","ST02","アクティブ","2026-06-04 15:11:14.833261"
6394,"中村 美咲","misaki.nakamura@example.com","ST02","アクティブ","2026-06-04 15:11:14.833261"
6395,"田中 大輔","daisuke.tanaka@example.com","ST04","退会","2026-06-04 15:11:14.833261"
6396,"鈴木 大輔","daisuke.suzuki@example.com","ST04","退会","2026-06-04 15:11:14.833261"
6397,"鈴木 健太","kenta.suzuki@example.com","ST03","非アクティブ","2026-06-04 15:11:14.833261"
6398,"中村 陽菜","hina.nakamura@example.com","ST04","退会","2026-06-04 15:11:14.833261"
6399,"渡辺 翔","sho.watanabe@example.com","ST03","非アクティブ","2026-06-04 15:11:14.833261"
6400,"渡辺 悠斗","yuto.watanabe@example.com","ST04","退会","2026-06-04 15:11:14.833261"
6401,"小林 拓海","takumi.kobayashi@example.com","ST03","非アクティブ","2026-06-04 15:11:14.833261"
6402,"高橋 大輔","daisuke.takahashi@example.com","ST03","非アクティブ","2026-06-04 15:11:14.833261"
6403,"佐藤 大輔","daisuke.sato@example.com","ST01","新規","2026-06-04 15:11:14.833261"
6404,"吉田 彩花","ayaka.yoshida@example.com","ST04","退会","2026-06-04 15:11:14.833261"
6405,"鈴木 彩花","ayaka.suzuki@example.com","ST02","アクティブ","2026-06-04 15:11:14.833261"
6406,"中村 彩花","ayaka.nakamura@example.com","ST01","新規","2026-06-04 15:11:14.833261"
6407,"高橋 拓海","takumi.takahashi@example.com","ST03","非アクティブ","2026-06-04 15:11:14.833261"
6408,"佐藤 蓮","ren.sato@example.com","ST02","アクティブ","2026-06-04 15:11:14.833261"
6409,"田中 結衣","yui.tanaka@example.com","ST04","退会","2026-06-04 15:11:14.833261"
6410,"吉田 拓海","takumi.yoshida@example.com","ST02","アクティブ","2026-06-04 15:11:14.833261"
6411,"伊藤 拓海","takumi.ito@example.com","ST04","退会","2026-06-04 15:11:14.833261"
6412,"吉田 結衣","yui.yoshida@example.com","ST03","非アクティブ","2026-06-04 15:11:14.833261"
6413,"伊藤 美咲","misaki.ito@example.com","ST02","アクティブ","2026-06-04 15:11:14.833261"
6414,"吉田 美咲","misaki.yoshida@example.com","ST03","非アクティブ","2026-06-04 15:11:14.833261"
6415,"高橋 大輔","daisuke.takahashi@example.com","ST04","退会","2026-06-04 15:11:14.833261"
6416,"山本 拓海","takumi.yamamoto@example.com","ST02","アクティブ","2026-06-04 15:11:14.833261"
6417,"山田 悠斗","yuto.yamada@example.com","ST03","非アクティブ","2026-06-04 15:11:14.833261"
6418,"佐藤 蓮","ren.sato@example.com","ST01","新規","2026-06-04 15:11:14.833261"
6419,"高橋 拓海","takumi.takahashi@example.com","ST03","非アクティブ","2026-06-04 15:11:14.833261"
6420,"山本 大輔","daisuke.yamamoto@example.com","ST04","退会","2026-06-04 15:11:14.833261"
6421,"山田 結衣","yui.yamada@example.com","ST01","新規","2026-06-04 15:11:14.833261"
6422,"山本 太郎","taro.yamamoto@example.com","ST02","アクティブ","2026-06-04 15:11:14.833261"
6423,"鈴木 蓮","ren.suzuki@example.com","ST02","アクティブ","2026-06-04 15:11:14.833261"
6424,"田中 美咲","misaki.tanaka@example.com","ST02","アクティブ","2026-06-04 15:11:14.833261"
6425,"山本 拓海","takumi.yamamoto@example.com","ST01","新規","2026-06-04 15:11:14.833261"
6426,"小林 陽菜","hina.kobayashi@example.com","ST02","アクティブ","2026-06-04 15:11:14.833261"
6427,"吉田 健太","kenta.yoshida@example.com","ST03","非アクティブ","2026-06-04 15:11:14.833261"
6428,"山田 結衣","yui.yamada@example.com","ST01","新規","2026-06-04 15:11:14.833261"
6429,"伊藤 彩花","ayaka.ito@example.com","ST03","非アクティブ","2026-06-04 15:11:14.833261"
6430,"加藤 翔","sho.kato@example.com","ST02","アクティブ","2026-06-04 15:11:14.833261"
6431,"山田 翔","sho.yamada@example.com","ST04","退会","2026-06-04 15:11:14.833261"
6432,"山田 美咲","misaki.yamada@example.com","ST04","退会","2026-06-04 15:11:14.833261"
6433,"高橋 翔","sho.takahashi@example.com","ST03","非アクティブ","2026-06-04 15:11:14.833261"
6434,"小林 太郎","taro.kobayashi@example.com","ST02","アクティブ","2026-06-04 15:11:14.833261"
6435,"中村 健太","kenta.nakamura@example.com","ST03","非アクティブ","2026-06-04 15:11:14.833261"
6436,"高橋 悠斗","yuto.takahashi@example.com","ST03","非アクティブ","2026-06-04 15:11:14.833261"
6437,"渡辺 葵","aoi.watanabe@example.com","ST03","非アクティブ","2026-06-04 15:11:14.833261"
6438,"鈴木 葵","aoi.suzuki@example.com","ST04","退会","2026-06-04 15:11:14.833261"
6439,"小林 彩花","ayaka.kobayashi@example.com","ST01","新規","2026-06-04 15:11:14.833261"
6440,"伊藤 蓮","ren.ito@example.com","ST01","新規","2026-06-04 15:11:14.833261"
6441,"中村 太郎","taro.nakamura@example.com","ST02","アクティブ","2026-06-04 15:11:14.833261"
6442,"小林 大輔","daisuke.kobayashi@example.com","ST04","退会","2026-06-04 15:11:14.833261"
6443,"山本 大輔","daisuke.yamamoto@example.com","ST04","退会","2026-06-04 15:11:14.833261"
6444,"吉田 大輔","daisuke.yoshida@example.com","ST01","新規","2026-06-04 15:11:14.833261"
6445,"山本 陽菜","hina.yamamoto@example.com","ST04","退会","2026-06-04 15:11:14.833261"
6446,"渡辺 翔","sho.watanabe@example.com","ST02","アクティブ","2026-06-04 15:11:14.833261"
6447,"伊藤 健太","kenta.ito@example.com","ST04","退会","2026-06-04 15:11:14.833261"
6448,"加藤 陽菜","hina.kato@example.com","ST02","アクティブ","2026-06-04 15:11:14.833261"
6449,"吉田 美咲","misaki.yoshida@example.com","ST03","非アクティブ","2026-06-04 15:11:14.833261"
6450,"吉田 翔","sho.yoshida@example.com","ST02","アクティブ","2026-06-04 15:11:14.833261"
6451,"山田 拓海","takumi.yamada@example.com","ST02","アクティブ","2026-06-04 15:11:14.833261"
6452,"高橋 美咲","misaki.takahashi@example.com","ST02","アクティブ","2026-06-04 15:11:14.833261"
6453,"山本 健太","kenta.yamamoto@example.com","ST04","退会","2026-06-04 15:11:14.833261"
6454,"中村 悠斗","yuto.nakamura@example.com","ST02","アクティブ","2026-06-04 15:11:14.833261"
6455,"加藤 蓮","ren.kato@example.com","ST04","退会","2026-06-04 15:11:14.833261"
6456,"小林 翔","sho.kobayashi@example.com","ST03","非アクティブ","2026-06-04 15:11:14.833261"
6457,"伊藤 拓海","takumi.ito@example.com","ST01","新規","2026-06-04 15:11:14.833261"
6458,"佐藤 翔","sho.sato@example.com","ST04","退会","2026-06-04 15:11:14.833261"
6459,"佐藤 美咲","misaki.sato@example.com","ST02","アクティブ","2026-06-04 15:11:14.833261"
6460,"山本 結衣","yui.yamamoto@example.com","ST01","新規","2026-06-04 15:11:14.833261"
6461,"伊藤 蓮","ren.ito@example.com","ST01","新規","2026-06-04 15:11:14.833261"
6462,"田中 彩花","ayaka.tanaka@example.com","ST01","新規","2026-06-04 15:11:14.833261"
6463,"佐藤 健太","kenta.sato@example.com","ST03","非アクティブ","2026-06-04 15:11:14.833261"
6464,"鈴木 蓮","ren.suzuki@example.com","ST01","新規","2026-06-04 15:11:14.833261"
6465,"伊藤 結衣","yui.ito@example.com","ST02","アクティブ","2026-06-04 15:11:14.833261"
6466,"加藤 彩花","ayaka.kato@example.com","ST04","退会","2026-06-04 15:11:14.833261"
6467,"高橋 悠斗","yuto.takahashi@example.com","ST03","非アクティブ","2026-06-04 15:11:14.833261"
6468,"渡辺 葵","aoi.watanabe@example.com","ST04","退会","2026-06-04 15:11:14.833261"
6469,"伊藤 大輔","daisuke.ito@example.com","ST02","アクティブ","2026-06-04 15:11:14.833261"
6470,"鈴木 陽菜","hina.suzuki@example.com","ST01","新規","2026-06-04 15:11:14.833261"
6471,"山本 彩花","ayaka.yamamoto@example.com","ST03","非アクティブ","2026-06-04 15:11:14.833261"
6472,"鈴木 太郎","taro.suzuki@example.com","ST02","アクティブ","2026-06-04 15:11:14.833261"
6473,"加藤 太郎","taro.kato@example.com","ST02","アクティブ","2026-06-04 15:11:14.833261"
6474,"渡辺 大輔","daisuke.watanabe@example.com","ST01","新規","2026-06-04 15:11:14.833261"
6475,"田中 翔","sho.tanaka@example.com","ST01","新規","2026-06-04 15:11:14.833261"
6476,"高橋 拓海","takumi.takahashi@example.com","ST01","新規","2026-06-04 15:11:14.833261"
6477,"伊藤 美咲","misaki.ito@example.com","ST03","非アクティブ","2026-06-04 15:11:14.833261"
6478,"佐藤 陽菜","hina.sato@example.com","ST02","アクティブ","2026-06-04 15:11:14.833261"
6479,"山本 葵","aoi.yamamoto@example.com","ST01","新規","2026-06-04 15:11:14.833261"
6480,"高橋 彩花","ayaka.takahashi@example.com","ST03","非アクティブ","2026-06-04 15:11:14.833261"
6481,"山本 大輔","daisuke.yamamoto@example.com","ST01","新規","2026-06-04 15:11:14.833261"
6482,"加藤 美咲","misaki.kato@example.com","ST02","アクティブ","2026-06-04 15:11:14.833261"
6483,"渡辺 悠斗","yuto.watanabe@example.com","ST03","非アクティブ","2026-06-04 15:11:14.833261"
6484,"佐藤 結衣","yui.sato@example.com","ST03","非アクティブ","2026-06-04 15:11:14.833261"
6485,"伊藤 健太","kenta.ito@example.com","ST04","退会","2026-06-04 15:11:14.833261"
6486,"佐藤 拓海","takumi.sato@example.com","ST01","新規","2026-06-04 15:11:14.833261"
6487,"中村 彩花","ayaka.nakamura@example.com","ST01","新規","2026-06-04 15:11:14.833261"
6488,"伊藤 太郎","taro.ito@example.com","ST03","非アクティブ","2026-06-04 15:11:14.833261"
6489,"加藤 大輔","daisuke.kato@example.com","ST01","新規","2026-06-04 15:11:14.833261"
6490,"山田 葵","aoi.yamada@example.com","ST04","退会","2026-06-04 15:11:14.833261"
6491,"渡辺 陽菜","hina.watanabe@example.com","ST02","アクティブ","2026-06-04 15:11:14.833261"
6492,"山田 翔","sho.yamada@example.com","ST01","新規","2026-06-04 15:11:14.833261"
6493,"山本 拓海","takumi.yamamoto@example.com","ST01","新規","2026-06-04 15:11:14.833261"
6494,"吉田 悠斗","yuto.yoshida@example.com","ST01","新規","2026-06-04 15:11:14.833261"
6495,"加藤 蓮","ren.kato@example.com","ST01","新規","2026-06-04 15:11:14.833261"
6496,"渡辺 陽菜","hina.watanabe@example.com","ST02","アクティブ","2026-06-04 15:11:14.833261"
6497,"渡辺 蓮","ren.watanabe@example.com","ST03","非アクティブ","2026-06-04 15:11:14.833261"
6498,"加藤 葵","aoi.kato@example.com","ST02","アクティブ","2026-06-04 15:11:14.833261"
6499,"鈴木 美咲","misaki.suzuki@example.com","ST01","新規","2026-06-04 15:11:14.833261"
6500,"伊藤 拓海","takumi.ito@example.com","ST02","アクティブ","2026-06-04 15:11:14.833261"
6501,"田中 健太","kenta.tanaka@example.com","ST01","新規","2026-06-04 15:11:14.833261"
6502,"田中 葵","aoi.tanaka@example.com","ST03","非アクティブ","2026-06-04 15:11:14.833261"
6503,"吉田 悠斗","yuto.yoshida@example.com","ST01","新規","2026-06-04 15:11:14.833261"
6504,"吉田 悠斗","yuto.yoshida@example.com","ST01","新規","2026-06-04 15:11:14.833261"
6505,"佐藤 悠斗","yuto.sato@example.com","ST04","退会","2026-06-04 15:11:14.833261"
6506,"鈴木 結衣","yui.suzuki@example.com","ST03","非アクティブ","2026-06-04 15:11:14.833261"
6507,"伊藤 結衣","yui.ito@example.com","ST04","退会","2026-06-04 15:11:14.833261"
6508,"小林 拓海","takumi.kobayashi@example.com","ST03","非アクティブ","2026-06-04 15:11:14.833261"
6509,"渡辺 彩花","ayaka.watanabe@example.com","ST03","非アクティブ","2026-06-04 15:11:14.833261"
6510,"高橋 蓮","ren.takahashi@example.com","ST01","新規","2026-06-04 15:11:14.833261"
6511,"高橋 太郎","taro.takahashi@example.com","ST03","非アクティブ","2026-06-04 15:11:14.833261"
6512,"田中 拓海","takumi.tanaka@example.com","ST04","退会","2026-06-04 15:11:14.833261"
6513,"小林 蓮","ren.kobayashi@example.com","ST03","非アクティブ","2026-06-04 15:11:14.833261"
6514,"山本 陽菜","hina.yamamoto@example.com","ST01","新規","2026-06-04 15:11:14.833261"
6515,"中村 陽菜","hina.nakamura@example.com","ST04","退会","2026-06-04 15:11:14.833261"
6516,"伊藤 葵","aoi.ito@example.com","ST03","非アクティブ","2026-06-04 15:11:14.833261"
6517,"吉田 悠斗","yuto.yoshida@example.com","ST03","非アクティブ","2026-06-04 15:11:14.833261"
6518,"鈴木 美咲","misaki.suzuki@example.com","ST04","退会","2026-06-04 15:11:14.833261"
6519,"鈴木 葵","aoi.suzuki@example.com","ST01","新規","2026-06-04 15:11:14.833261"
6520,"中村 蓮","ren.nakamura@example.com","ST02","アクティブ","2026-06-04 15:11:14.833261"
6521,"渡辺 陽菜","hina.watanabe@example.com","ST04","退会","2026-06-04 15:11:14.833261"
6522,"小林 太郎","taro.kobayashi@example.com","ST03","非アクティブ","2026-06-04 15:11:14.833261"
6523,"渡辺 健太","kenta.watanabe@example.com","ST04","退会","2026-06-04 15:11:14.833261"
6524,"吉田 美咲","misaki.yoshida@example.com","ST02","アクティブ","2026-06-04 15:11:14.833261"
6525,"渡辺 美咲","misaki.watanabe@example.com","ST03","非アクティブ","2026-06-04 15:11:14.833261"
6526,"田中 拓海","takumi.tanaka@example.com","ST03","非アクティブ","2026-06-04 15:11:14.833261"
6527,"鈴木 彩花","ayaka.suzuki@example.com","ST01","新規","2026-06-04 15:11:14.833261"
6528,"渡辺 大輔","daisuke.watanabe@example.com","ST02","アクティブ","2026-06-04 15:11:14.833261"
6529,"佐藤 陽菜","hina.sato@example.com","ST04","退会","2026-06-04 15:11:14.833261"
6530,"鈴木 蓮","ren.suzuki@example.com","ST01","新規","2026-06-04 15:11:14.833261"
6531,"伊藤 彩花","ayaka.ito@example.com","ST01","新規","2026-06-04 15:11:14.833261"
6532,"中村 陽菜","hina.nakamura@example.com","ST03","非アクティブ","2026-06-04 15:11:14.833261"
6533,"渡辺 陽菜","hina.watanabe@example.com","ST01","新規","2026-06-04 15:11:14.833261"
6534,"山田 陽菜","hina.yamada@example.com","ST01","新規","2026-06-04 15:11:14.833261"
6535,"渡辺 葵","aoi.watanabe@example.com","ST04","退会","2026-06-04 15:11:14.833261"
6536,"吉田 拓海","takumi.yoshida@example.com","ST02","アクティブ","2026-06-04 15:11:14.833261"
6537,"伊藤 悠斗","yuto.ito@example.com","ST04","退会","2026-06-04 15:11:14.833261"
6538,"高橋 大輔","daisuke.takahashi@example.com","ST03","非アクティブ","2026-06-04 15:11:14.833261"
6539,"山田 拓海","takumi.yamada@example.com","ST03","非アクティブ","2026-06-04 15:11:14.833261"
6540,"佐藤 太郎","taro.sato@example.com","ST02","アクティブ","2026-06-04 15:11:14.833261"
6541,"鈴木 健太","kenta.suzuki@example.com","ST03","非アクティブ","2026-06-04 15:11:14.833261"
6542,"加藤 拓海","takumi.kato@example.com","ST01","新規","2026-06-04 15:11:14.833261"
6543,"山本 葵","aoi.yamamoto@example.com","ST02","アクティブ","2026-06-04 15:11:14.833261"
6544,"佐藤 蓮","ren.sato@example.com","ST02","アクティブ","2026-06-04 15:11:14.833261"
6545,"吉田 太郎","taro.yoshida@example.com","ST03","非アクティブ","2026-06-04 15:11:14.833261"
6546,"伊藤 葵","aoi.ito@example.com","ST02","アクティブ","2026-06-04 15:11:14.833261"
6547,"山田 拓海","takumi.yamada@example.com","ST04","退会","2026-06-04 15:11:14.833261"
6548,"小林 美咲","misaki.kobayashi@example.com","ST04","退会","2026-06-04 15:11:14.833261"
6549,"山田 蓮","ren.yamada@example.com","ST04","退会","2026-06-04 15:11:14.833261"
6550,"佐藤 大輔","daisuke.sato@example.com","ST01","新規","2026-06-04 15:11:14.833261"
6551,"中村 翔","sho.nakamura@example.com","ST01","新規","2026-06-04 15:11:14.833261"
6552,"高橋 陽菜","hina.takahashi@example.com","ST04","退会","2026-06-04 15:11:14.833261"
6553,"山田 陽菜","hina.yamada@example.com","ST01","新規","2026-06-04 15:11:14.833261"
6554,"小林 葵","aoi.kobayashi@example.com","ST02","アクティブ","2026-06-04 15:11:14.833261"
6555,"山田 健太","kenta.yamada@example.com","ST03","非アクティブ","2026-06-04 15:11:14.833261"
6556,"佐藤 翔","sho.sato@example.com","ST01","新規","2026-06-04 15:11:14.833261"
6557,"吉田 葵","aoi.yoshida@example.com","ST03","非アクティブ","2026-06-04 15:11:14.833261"
6558,"小林 結衣","yui.kobayashi@example.com","ST04","退会","2026-06-04 15:11:14.833261"
6559,"山田 翔","sho.yamada@example.com","ST02","アクティブ","2026-06-04 15:11:14.833261"
6560,"鈴木 拓海","takumi.suzuki@example.com","ST01","新規","2026-06-04 15:11:14.833261"
6561,"伊藤 葵","aoi.ito@example.com","ST01","新規","2026-06-04 15:11:14.833261"
6562,"高橋 悠斗","yuto.takahashi@example.com","ST02","アクティブ","2026-06-04 15:11:14.833261"
6563,"佐藤 結衣","yui.sato@example.com","ST02","アクティブ","2026-06-04 15:11:14.833261"
6564,"渡辺 美咲","misaki.watanabe@example.com","ST02","アクティブ","2026-06-04 15:11:14.833261"
6565,"佐藤 健太","kenta.sato@example.com","ST04","退会","2026-06-04 15:11:14.833261"
6566,"田中 拓海","takumi.tanaka@example.com","ST04","退会","2026-06-04 15:11:14.833261"
6567,"高橋 太郎","taro.takahashi@example.com","ST03","非アクティブ","2026-06-04 15:11:14.833261"
6568,"田中 葵","aoi.tanaka@example.com","ST02","アクティブ","2026-06-04 15:11:14.833261"
6569,"山本 拓海","takumi.yamamoto@example.com","ST04","退会","2026-06-04 15:11:14.833261"
6570,"佐藤 結衣","yui.sato@example.com","ST01","新規","2026-06-04 15:11:14.833261"
6571,"吉田 太郎","taro.yoshida@example.com","ST03","非アクティブ","2026-06-04 15:11:14.833261"
6572,"中村 拓海","takumi.nakamura@example.com","ST04","退会","2026-06-04 15:11:14.833261"
6573,"田中 葵","aoi.tanaka@example.com","ST01","新規","2026-06-04 15:11:14.833261"
6574,"山本 健太","kenta.yamamoto@example.com","ST02","アクティブ","2026-06-04 15:11:14.833261"
6575,"鈴木 健太","kenta.suzuki@example.com","ST03","非アクティブ","2026-06-04 15:11:14.833261"
6576,"加藤 翔","sho.kato@example.com","ST04","退会","2026-06-04 15:11:14.833261"
6577,"小林 悠斗","yuto.kobayashi@example.com","ST03","非アクティブ","2026-06-04 15:11:14.833261"
6578,"田中 美咲","misaki.tanaka@example.com","ST01","新規","2026-06-04 15:11:14.833261"
6579,"伊藤 拓海","takumi.ito@example.com","ST02","アクティブ","2026-06-04 15:11:14.833261"
6580,"佐藤 陽菜","hina.sato@example.com","ST01","新規","2026-06-04 15:11:14.833261"
6581,"田中 彩花","ayaka.tanaka@example.com","ST01","新規","2026-06-04 15:11:14.833261"
6582,"山田 悠斗","yuto.yamada@example.com","ST02","アクティブ","2026-06-04 15:11:14.833261"
6583,"山本 美咲","misaki.yamamoto@example.com","ST01","新規","2026-06-04 15:11:14.833261"
6584,"佐藤 陽菜","hina.sato@example.com","ST02","アクティブ","2026-06-04 15:11:14.833261"
6585,"伊藤 結衣","yui.ito@example.com","ST02","アクティブ","2026-06-04 15:11:14.833261"
6586,"加藤 彩花","ayaka.kato@example.com","ST02","アクティブ","2026-06-04 15:11:14.833261"
6587,"田中 美咲","misaki.tanaka@example.com","ST04","退会","2026-06-04 15:11:14.833261"
6588,"小林 美咲","misaki.kobayashi@example.com","ST03","非アクティブ","2026-06-04 15:11:14.833261"
6589,"鈴木 蓮","ren.suzuki@example.com","ST02","アクティブ","2026-06-04 15:11:14.833261"
6590,"小林 葵","aoi.kobayashi@example.com","ST03","非アクティブ","2026-06-04 15:11:14.833261"
6591,"加藤 健太","kenta.kato@example.com","ST04","退会","2026-06-04 15:11:14.833261"
6592,"吉田 健太","kenta.yoshida@example.com","ST03","非アクティブ","2026-06-04 15:11:14.833261"
6593,"加藤 葵","aoi.kato@example.com","ST03","非アクティブ","2026-06-04 15:11:14.833261"
6594,"吉田 美咲","misaki.yoshida@example.com","ST04","退会","2026-06-04 15:11:14.833261"
6595,"渡辺 悠斗","yuto.watanabe@example.com","ST04","退会","2026-06-04 15:11:14.833261"
6596,"加藤 大輔","daisuke.kato@example.com","ST04","退会","2026-06-04 15:11:14.833261"
6597,"中村 陽菜","hina.nakamura@example.com","ST03","非アクティブ","2026-06-04 15:11:14.833261"
6598,"高橋 美咲","misaki.takahashi@example.com","ST01","新規","2026-06-04 15:11:14.833261"
6599,"伊藤 翔","sho.ito@example.com","ST03","非アクティブ","2026-06-04 15:11:14.833261"
6600,"小林 翔","sho.kobayashi@example.com","ST03","非アクティブ","2026-06-04 15:11:14.833261"
6601,"伊藤 翔","sho.ito@example.com","ST04","退会","2026-06-04 15:11:14.833261"
6602,"加藤 美咲","misaki.kato@example.com","ST03","非アクティブ","2026-06-04 15:11:14.833261"
6603,"加藤 結衣","yui.kato@example.com","ST03","非アクティブ","2026-06-04 15:11:14.833261"
6604,"中村 美咲","misaki.nakamura@example.com","ST03","非アクティブ","2026-06-04 15:11:14.833261"
6605,"伊藤 陽菜","hina.ito@example.com","ST01","新規","2026-06-04 15:11:14.833261"
6606,"渡辺 健太","kenta.watanabe@example.com","ST03","非アクティブ","2026-06-04 15:11:14.833261"
6607,"佐藤 美咲","misaki.sato@example.com","ST02","アクティブ","2026-06-04 15:11:14.833261"
6608,"小林 蓮","ren.kobayashi@example.com","ST03","非アクティブ","2026-06-04 15:11:14.833261"
6609,"吉田 大輔","daisuke.yoshida@example.com","ST04","退会","2026-06-04 15:11:14.833261"
6610,"渡辺 陽菜","hina.watanabe@example.com","ST04","退会","2026-06-04 15:11:14.833261"
6611,"中村 美咲","misaki.nakamura@example.com","ST01","新規","2026-06-04 15:11:14.833261"
6612,"山田 拓海","takumi.yamada@example.com","ST04","退会","2026-06-04 15:11:14.833261"
6613,"小林 蓮","ren.kobayashi@example.com","ST01","新規","2026-06-04 15:11:14.833261"
6614,"山本 翔","sho.yamamoto@example.com","ST01","新規","2026-06-04 15:11:14.833261"
6615,"渡辺 結衣","yui.watanabe@example.com","ST04","退会","2026-06-04 15:11:14.833261"
6616,"吉田 悠斗","yuto.yoshida@example.com","ST02","アクティブ","2026-06-04 15:11:14.833261"
6617,"渡辺 悠斗","yuto.watanabe@example.com","ST01","新規","2026-06-04 15:11:14.833261"
6618,"中村 悠斗","yuto.nakamura@example.com","ST04","退会","2026-06-04 15:11:14.833261"
6619,"吉田 結衣","yui.yoshida@example.com","ST03","非アクティブ","2026-06-04 15:11:14.833261"
6620,"吉田 蓮","ren.yoshida@example.com","ST04","退会","2026-06-04 15:11:14.833261"
6621,"山田 結衣","yui.yamada@example.com","ST04","退会","2026-06-04 15:11:14.833261"
6622,"田中 葵","aoi.tanaka@example.com","ST03","非アクティブ","2026-06-04 15:11:14.833261"
6623,"小林 葵","aoi.kobayashi@example.com","ST01","新規","2026-06-04 15:11:14.833261"
6624,"田中 太郎","taro.tanaka@example.com","ST03","非アクティブ","2026-06-04 15:11:14.833261"
6625,"中村 太郎","taro.nakamura@example.com","ST03","非アクティブ","2026-06-04 15:11:14.833261"
6626,"渡辺 葵","aoi.watanabe@example.com","ST04","退会","2026-06-04 15:11:14.833261"
6627,"加藤 太郎","taro.kato@example.com","ST04","退会","2026-06-04 15:11:14.833261"
6628,"山本 太郎","taro.yamamoto@example.com","ST03","非アクティブ","2026-06-04 15:11:14.833261"
6629,"小林 彩花","ayaka.kobayashi@example.com","ST02","アクティブ","2026-06-04 15:11:14.833261"
6630,"山本 葵","aoi.yamamoto@example.com","ST01","新規","2026-06-04 15:11:14.833261"
6631,"山田 美咲","misaki.yamada@example.com","ST04","退会","2026-06-04 15:11:14.833261"
6632,"吉田 美咲","misaki.yoshida@example.com","ST01","新規","2026-06-04 15:11:14.833261"
6633,"吉田 翔","sho.yoshida@example.com","ST02","アクティブ","2026-06-04 15:11:14.833261"
6634,"加藤 大輔","daisuke.kato@example.com","ST03","非アクティブ","2026-06-04 15:11:14.833261"
6635,"鈴木 大輔","daisuke.suzuki@example.com","ST03","非アクティブ","2026-06-04 15:11:14.833261"
6636,"吉田 葵","aoi.yoshida@example.com","ST01","新規","2026-06-04 15:11:14.833261"
6637,"小林 彩花","ayaka.kobayashi@example.com","ST01","新規","2026-06-04 15:11:14.833261"
6638,"鈴木 健太","kenta.suzuki@example.com","ST02","アクティブ","2026-06-04 15:11:14.833261"
6639,"小林 結衣","yui.kobayashi@example.com","ST02","アクティブ","2026-06-04 15:11:14.833261"
6640,"佐藤 彩花","ayaka.sato@example.com","ST01","新規","2026-06-04 15:11:14.833261"
6641,"高橋 葵","aoi.takahashi@example.com","ST02","アクティブ","2026-06-04 15:11:14.833261"
6642,"加藤 大輔","daisuke.kato@example.com","ST04","退会","2026-06-04 15:11:14.833261"
6643,"吉田 蓮","ren.yoshida@example.com","ST01","新規","2026-06-04 15:11:14.833261"
6644,"山本 葵","aoi.yamamoto@example.com","ST01","新規","2026-06-04 15:11:14.833261"
6645,"田中 結衣","yui.tanaka@example.com","ST01","新規","2026-06-04 15:11:14.833261"
6646,"田中 結衣","yui.tanaka@example.com","ST01","新規","2026-06-04 15:11:14.833261"
6647,"佐藤 健太","kenta.sato@example.com","ST02","アクティブ","2026-06-04 15:11:14.833261"
6648,"鈴木 陽菜","hina.suzuki@example.com","ST03","非アクティブ","2026-06-04 15:11:14.833261"
6649,"小林 悠斗","yuto.kobayashi@example.com","ST02","アクティブ","2026-06-04 15:11:14.833261"
6650,"佐藤 美咲","misaki.sato@example.com","ST02","アクティブ","2026-06-04 15:11:14.833261"
6651,"吉田 太郎","taro.yoshida@example.com","ST04","退会","2026-06-04 15:11:14.833261"
6652,"佐藤 結衣","yui.sato@example.com","ST02","アクティブ","2026-06-04 15:11:14.833261"
6653,"山田 大輔","daisuke.yamada@example.com","ST03","非アクティブ","2026-06-04 15:11:14.833261"
6654,"山本 美咲","misaki.yamamoto@example.com","ST04","退会","2026-06-04 15:11:14.833261"
6655,"伊藤 大輔","daisuke.ito@example.com","ST03","非アクティブ","2026-06-04 15:11:14.833261"
6656,"伊藤 陽菜","hina.ito@example.com","ST01","新規","2026-06-04 15:11:14.833261"
6657,"中村 健太","kenta.nakamura@example.com","ST03","非アクティブ","2026-06-04 15:11:14.833261"
6658,"小林 蓮","ren.kobayashi@example.com","ST03","非アクティブ","2026-06-04 15:11:14.833261"
6659,"加藤 美咲","misaki.kato@example.com","ST03","非アクティブ","2026-06-04 15:11:14.833261"
6660,"田中 拓海","takumi.tanaka@example.com","ST04","退会","2026-06-04 15:11:14.833261"
6661,"佐藤 悠斗","yuto.sato@example.com","ST04","退会","2026-06-04 15:11:14.833261"
6662,"田中 彩花","ayaka.tanaka@example.com","ST03","非アクティブ","2026-06-04 15:11:14.833261"
6663,"伊藤 太郎","taro.ito@example.com","ST03","非アクティブ","2026-06-04 15:11:14.833261"
6664,"加藤 太郎","taro.kato@example.com","ST03","非アクティブ","2026-06-04 15:11:14.833261"
6665,"山本 美咲","misaki.yamamoto@example.com","ST01","新規","2026-06-04 15:11:14.833261"
6666,"加藤 拓海","takumi.kato@example.com","ST03","非アクティブ","2026-06-04 15:11:14.833261"
6667,"吉田 健太","kenta.yoshida@example.com","ST01","新規","2026-06-04 15:11:14.833261"
6668,"吉田 健太","kenta.yoshida@example.com","ST04","退会","2026-06-04 15:11:14.833261"
6669,"山本 美咲","misaki.yamamoto@example.com","ST04","退会","2026-06-04 15:11:14.833261"
6670,"田中 翔","sho.tanaka@example.com","ST01","新規","2026-06-04 15:11:14.833261"
6671,"小林 太郎","taro.kobayashi@example.com","ST04","退会","2026-06-04 15:11:14.833261"
6672,"田中 結衣","yui.tanaka@example.com","ST02","アクティブ","2026-06-04 15:11:14.833261"
6673,"佐藤 健太","kenta.sato@example.com","ST04","退会","2026-06-04 15:11:14.833261"
6674,"伊藤 翔","sho.ito@example.com","ST04","退会","2026-06-04 15:11:14.833261"
6675,"吉田 美咲","misaki.yoshida@example.com","ST01","新規","2026-06-04 15:11:14.833261"
6676,"渡辺 美咲","misaki.watanabe@example.com","ST02","アクティブ","2026-06-04 15:11:14.833261"
6677,"伊藤 陽菜","hina.ito@example.com","ST02","アクティブ","2026-06-04 15:11:14.833261"
6678,"渡辺 彩花","ayaka.watanabe@example.com","ST03","非アクティブ","2026-06-04 15:11:14.833261"
6679,"吉田 蓮","ren.yoshida@example.com","ST04","退会","2026-06-04 15:11:14.833261"
6680,"吉田 陽菜","hina.yoshida@example.com","ST03","非アクティブ","2026-06-04 15:11:14.833261"
6681,"加藤 美咲","misaki.kato@example.com","ST03","非アクティブ","2026-06-04 15:11:14.833261"
6682,"高橋 翔","sho.takahashi@example.com","ST04","退会","2026-06-04 15:11:14.833261"
6683,"加藤 健太","kenta.kato@example.com","ST04","退会","2026-06-04 15:11:14.833261"
6684,"鈴木 結衣","yui.suzuki@example.com","ST02","アクティブ","2026-06-04 15:11:14.833261"
6685,"伊藤 葵","aoi.ito@example.com","ST03","非アクティブ","2026-06-04 15:11:14.833261"
6686,"鈴木 大輔","daisuke.suzuki@example.com","ST04","退会","2026-06-04 15:11:14.833261"
6687,"佐藤 蓮","ren.sato@example.com","ST01","新規","2026-06-04 15:11:14.833261"
6688,"小林 拓海","takumi.kobayashi@example.com","ST04","退会","2026-06-04 15:11:14.833261"
6689,"渡辺 悠斗","yuto.watanabe@example.com","ST01","新規","2026-06-04 15:11:14.833261"
6690,"小林 美咲","misaki.kobayashi@example.com","ST03","非アクティブ","2026-06-04 15:11:14.833261"
6691,"小林 結衣","yui.kobayashi@example.com","ST02","アクティブ","2026-06-04 15:11:14.833261"
6692,"渡辺 蓮","ren.watanabe@example.com","ST02","アクティブ","2026-06-04 15:11:14.833261"
6693,"田中 美咲","misaki.tanaka@example.com","ST04","退会","2026-06-04 15:11:14.833261"
6694,"渡辺 拓海","takumi.watanabe@example.com","ST04","退会","2026-06-04 15:11:14.833261"
6695,"山田 悠斗","yuto.yamada@example.com","ST03","非アクティブ","2026-06-04 15:11:14.833261"
6696,"吉田 翔","sho.yoshida@example.com","ST02","アクティブ","2026-06-04 15:11:14.833261"
6697,"山田 彩花","ayaka.yamada@example.com","ST02","アクティブ","2026-06-04 15:11:14.833261"
6698,"山本 陽菜","hina.yamamoto@example.com","ST04","退会","2026-06-04 15:11:14.833261"
6699,"中村 彩花","ayaka.nakamura@example.com","ST01","新規","2026-06-04 15:11:14.833261"
6700,"渡辺 翔","sho.watanabe@example.com","ST03","非アクティブ","2026-06-04 15:11:14.833261"
6701,"山本 彩花","ayaka.yamamoto@example.com","ST02","アクティブ","2026-06-04 15:11:14.833261"
6702,"吉田 翔","sho.yoshida@example.com","ST04","退会","2026-06-04 15:11:14.833261"
6703,"高橋 翔","sho.takahashi@example.com","ST01","新規","2026-06-04 15:11:14.833261"
6704,"吉田 彩花","ayaka.yoshida@example.com","ST01","新規","2026-06-04 15:11:14.833261"
6705,"吉田 葵","aoi.yoshida@example.com","ST03","非アクティブ","2026-06-04 15:11:14.833261"
6706,"渡辺 陽菜","hina.watanabe@example.com","ST04","退会","2026-06-04 15:11:14.833261"
6707,"山田 葵","aoi.yamada@example.com","ST04","退会","2026-06-04 15:11:14.833261"
6708,"渡辺 蓮","ren.watanabe@example.com","ST03","非アクティブ","2026-06-04 15:11:14.833261"
6709,"吉田 拓海","takumi.yoshida@example.com","ST04","退会","2026-06-04 15:11:14.833261"
6710,"山田 美咲","misaki.yamada@example.com","ST04","退会","2026-06-04 15:11:14.833261"
6711,"山田 翔","sho.yamada@example.com","ST04","退会","2026-06-04 15:11:14.833261"
6712,"吉田 葵","aoi.yoshida@example.com","ST03","非アクティブ","2026-06-04 15:11:14.833261"
6713,"山田 蓮","ren.yamada@example.com","ST04","退会","2026-06-04 15:11:14.833261"
6714,"小林 彩花","ayaka.kobayashi@example.com","ST01","新規","2026-06-04 15:11:14.833261"
6715,"中村 蓮","ren.nakamura@example.com","ST01","新規","2026-06-04 15:11:14.833261"
6716,"伊藤 翔","sho.ito@example.com","ST02","アクティブ","2026-06-04 15:11:14.833261"
6717,"鈴木 葵","aoi.suzuki@example.com","ST01","新規","2026-06-04 15:11:14.833261"
6718,"鈴木 大輔","daisuke.suzuki@example.com","ST03","非アクティブ","2026-06-04 15:11:14.833261"
6719,"山田 悠斗","yuto.yamada@example.com","ST03","非アクティブ","2026-06-04 15:11:14.833261"
6720,"中村 健太","kenta.nakamura@example.com","ST04","退会","2026-06-04 15:11:14.833261"
6721,"高橋 葵","aoi.takahashi@example.com","ST01","新規","2026-06-04 15:11:14.833261"
6722,"渡辺 蓮","ren.watanabe@example.com","ST02","アクティブ","2026-06-04 15:11:14.833261"
6723,"佐藤 陽菜","hina.sato@example.com","ST02","アクティブ","2026-06-04 15:11:14.833261"
6724,"田中 結衣","yui.tanaka@example.com","ST03","非アクティブ","2026-06-04 15:11:14.833261"
6725,"田中 健太","kenta.tanaka@example.com","ST03","非アクティブ","2026-06-04 15:11:14.833261"
6726,"鈴木 翔","sho.suzuki@example.com","ST02","アクティブ","2026-06-04 15:11:14.833261"
6727,"佐藤 大輔","daisuke.sato@example.com","ST01","新規","2026-06-04 15:11:14.833261"
6728,"小林 悠斗","yuto.kobayashi@example.com","ST01","新規","2026-06-04 15:11:14.833261"
6729,"鈴木 美咲","misaki.suzuki@example.com","ST04","退会","2026-06-04 15:11:14.833261"
6730,"渡辺 陽菜","hina.watanabe@example.com","ST03","非アクティブ","2026-06-04 15:11:14.833261"
6731,"田中 蓮","ren.tanaka@example.com","ST04","退会","2026-06-04 15:11:14.833261"
6732,"高橋 結衣","yui.takahashi@example.com","ST04","退会","2026-06-04 15:11:14.833261"
6733,"田中 美咲","misaki.tanaka@example.com","ST03","非アクティブ","2026-06-04 15:11:14.833261"
6734,"渡辺 美咲","misaki.watanabe@example.com","ST03","非アクティブ","2026-06-04 15:11:14.833261"
6735,"山田 大輔","daisuke.yamada@example.com","ST02","アクティブ","2026-06-04 15:11:14.833261"
6736,"山本 太郎","taro.yamamoto@example.com","ST02","アクティブ","2026-06-04 15:11:14.833261"
6737,"高橋 陽菜","hina.takahashi@example.com","ST02","アクティブ","2026-06-04 15:11:14.833261"
6738,"小林 美咲","misaki.kobayashi@example.com","ST02","アクティブ","2026-06-04 15:11:14.833261"
6739,"吉田 美咲","misaki.yoshida@example.com","ST04","退会","2026-06-04 15:11:14.833261"
6740,"田中 彩花","ayaka.tanaka@example.com","ST02","アクティブ","2026-06-04 15:11:14.833261"
6741,"佐藤 拓海","takumi.sato@example.com","ST03","非アクティブ","2026-06-04 15:11:14.833261"
6742,"小林 健太","kenta.kobayashi@example.com","ST01","新規","2026-06-04 15:11:14.833261"
6743,"高橋 翔","sho.takahashi@example.com","ST01","新規","2026-06-04 15:11:14.833261"
6744,"渡辺 翔","sho.watanabe@example.com","ST01","新規","2026-06-04 15:11:14.833261"
6745,"吉田 彩花","ayaka.yoshida@example.com","ST02","アクティブ","2026-06-04 15:11:14.833261"
6746,"佐藤 美咲","misaki.sato@example.com","ST01","新規","2026-06-04 15:11:14.833261"
6747,"高橋 太郎","taro.takahashi@example.com","ST03","非アクティブ","2026-06-04 15:11:14.833261"
6748,"小林 葵","aoi.kobayashi@example.com","ST02","アクティブ","2026-06-04 15:11:14.833261"
6749,"佐藤 翔","sho.sato@example.com","ST04","退会","2026-06-04 15:11:14.833261"
6750,"山田 葵","aoi.yamada@example.com","ST04","退会","2026-06-04 15:11:14.833261"
6751,"高橋 葵","aoi.takahashi@example.com","ST01","新規","2026-06-04 15:11:14.833261"
6752,"山本 拓海","takumi.yamamoto@example.com","ST02","アクティブ","2026-06-04 15:11:14.833261"
6753,"吉田 蓮","ren.yoshida@example.com","ST01","新規","2026-06-04 15:11:14.833261"
6754,"中村 悠斗","yuto.nakamura@example.com","ST01","新規","2026-06-04 15:11:14.833261"
6755,"山田 結衣","yui.yamada@example.com","ST04","退会","2026-06-04 15:11:14.833261"
6756,"田中 美咲","misaki.tanaka@example.com","ST04","退会","2026-06-04 15:11:14.833261"
6757,"鈴木 悠斗","yuto.suzuki@example.com","ST03","非アクティブ","2026-06-04 15:11:14.833261"
6758,"小林 健太","kenta.kobayashi@example.com","ST01","新規","2026-06-04 15:11:14.833261"
6759,"山田 彩花","ayaka.yamada@example.com","ST04","退会","2026-06-04 15:11:14.833261"
6760,"伊藤 拓海","takumi.ito@example.com","ST01","新規","2026-06-04 15:11:14.833261"
6761,"渡辺 太郎","taro.watanabe@example.com","ST01","新規","2026-06-04 15:11:14.833261"
6762,"渡辺 太郎","taro.watanabe@example.com","ST03","非アクティブ","2026-06-04 15:11:14.833261"
6763,"高橋 陽菜","hina.takahashi@example.com","ST02","アクティブ","2026-06-04 15:11:14.833261"
6764,"渡辺 葵","aoi.watanabe@example.com","ST01","新規","2026-06-04 15:11:14.833261"
6765,"吉田 拓海","takumi.yoshida@example.com","ST01","新規","2026-06-04 15:11:14.833261"
6766,"渡辺 結衣","yui.watanabe@example.com","ST02","アクティブ","2026-06-04 15:11:14.833261"
6767,"佐藤 陽菜","hina.sato@example.com","ST03","非アクティブ","2026-06-04 15:11:14.833261"
6768,"山本 健太","kenta.yamamoto@example.com","ST04","退会","2026-06-04 15:11:14.833261"
6769,"吉田 蓮","ren.yoshida@example.com","ST02","アクティブ","2026-06-04 15:11:14.833261"
6770,"中村 大輔","daisuke.nakamura@example.com","ST01","新規","2026-06-04 15:11:14.833261"
6771,"佐藤 拓海","takumi.sato@example.com","ST04","退会","2026-06-04 15:11:14.833261"
6772,"小林 健太","kenta.kobayashi@example.com","ST04","退会","2026-06-04 15:11:14.833261"
6773,"伊藤 蓮","ren.ito@example.com","ST02","アクティブ","2026-06-04 15:11:14.833261"
6774,"加藤 拓海","takumi.kato@example.com","ST04","退会","2026-06-04 15:11:14.833261"
6775,"小林 悠斗","yuto.kobayashi@example.com","ST01","新規","2026-06-04 15:11:14.833261"
6776,"高橋 翔","sho.takahashi@example.com","ST01","新規","2026-06-04 15:11:14.833261"
6777,"小林 彩花","ayaka.kobayashi@example.com","ST02","アクティブ","2026-06-04 15:11:14.833261"
6778,"加藤 葵","aoi.kato@example.com","ST02","アクティブ","2026-06-04 15:11:14.833261"
6779,"中村 太郎","taro.nakamura@example.com","ST02","アクティブ","2026-06-04 15:11:14.833261"
6780,"渡辺 悠斗","yuto.watanabe@example.com","ST03","非アクティブ","2026-06-04 15:11:14.833261"
6781,"加藤 葵","aoi.kato@example.com","ST04","退会","2026-06-04 15:11:14.833261"
6782,"小林 結衣","yui.kobayashi@example.com","ST03","非アクティブ","2026-06-04 15:11:14.833261"
6783,"佐藤 拓海","takumi.sato@example.com","ST01","新規","2026-06-04 15:11:14.833261"
6784,"小林 拓海","takumi.kobayashi@example.com","ST04","退会","2026-06-04 15:11:14.833261"
6785,"鈴木 結衣","yui.suzuki@example.com","ST01","新規","2026-06-04 15:11:14.833261"
6786,"山本 結衣","yui.yamamoto@example.com","ST03","非アクティブ","2026-06-04 15:11:14.833261"
6787,"山本 拓海","takumi.yamamoto@example.com","ST04","退会","2026-06-04 15:11:14.833261"
6788,"中村 結衣","yui.nakamura@example.com","ST02","アクティブ","2026-06-04 15:11:14.833261"
6789,"鈴木 太郎","taro.suzuki@example.com","ST01","新規","2026-06-04 15:11:14.833261"
6790,"山田 太郎","taro.yamada@example.com","ST03","非アクティブ","2026-06-04 15:11:14.833261"
6791,"伊藤 拓海","takumi.ito@example.com","ST01","新規","2026-06-04 15:11:14.833261"
6792,"山本 美咲","misaki.yamamoto@example.com","ST04","退会","2026-06-04 15:11:14.833261"
6793,"加藤 翔","sho.kato@example.com","ST01","新規","2026-06-04 15:11:14.833261"
6794,"佐藤 蓮","ren.sato@example.com","ST03","非アクティブ","2026-06-04 15:11:14.833261"
6795,"加藤 蓮","ren.kato@example.com","ST04","退会","2026-06-04 15:11:14.833261"
6796,"高橋 陽菜","hina.takahashi@example.com","ST04","退会","2026-06-04 15:11:14.833261"
6797,"佐藤 彩花","ayaka.sato@example.com","ST03","非アクティブ","2026-06-04 15:11:14.833261"
6798,"鈴木 結衣","yui.suzuki@example.com","ST04","退会","2026-06-04 15:11:14.833261"
6799,"中村 美咲","misaki.nakamura@example.com","ST02","アクティブ","2026-06-04 15:11:14.833261"
6800,"小林 蓮","ren.kobayashi@example.com","ST01","新規","2026-06-04 15:11:14.833261"
6801,"山田 彩花","ayaka.yamada@example.com","ST04","退会","2026-06-04 15:11:14.833261"
6802,"伊藤 蓮","ren.ito@example.com","ST03","非アクティブ","2026-06-04 15:11:14.833261"
6803,"田中 大輔","daisuke.tanaka@example.com","ST02","アクティブ","2026-06-04 15:11:14.833261"
6804,"吉田 悠斗","yuto.yoshida@example.com","ST04","退会","2026-06-04 15:11:14.833261"
6805,"田中 陽菜","hina.tanaka@example.com","ST04","退会","2026-06-04 15:11:14.833261"
6806,"中村 葵","aoi.nakamura@example.com","ST04","退会","2026-06-04 15:11:14.833261"
6807,"山田 健太","kenta.yamada@example.com","ST03","非アクティブ","2026-06-04 15:11:14.833261"
6808,"小林 彩花","ayaka.kobayashi@example.com","ST02","アクティブ","2026-06-04 15:11:14.833261"
6809,"高橋 大輔","daisuke.takahashi@example.com","ST01","新規","2026-06-04 15:11:14.833261"
6810,"伊藤 翔","sho.ito@example.com","ST02","アクティブ","2026-06-04 15:11:14.833261"
6811,"佐藤 大輔","daisuke.sato@example.com","ST01","新規","2026-06-04 15:11:14.833261"
6812,"鈴木 美咲","misaki.suzuki@example.com","ST01","新規","2026-06-04 15:11:14.833261"
6813,"小林 翔","sho.kobayashi@example.com","ST03","非アクティブ","2026-06-04 15:11:14.833261"
6814,"高橋 陽菜","hina.takahashi@example.com","ST04","退会","2026-06-04 15:11:14.833261"
6815,"高橋 結衣","yui.takahashi@example.com","ST02","アクティブ","2026-06-04 15:11:14.833261"
6816,"鈴木 翔","sho.suzuki@example.com","ST03","非アクティブ","2026-06-04 15:11:14.833261"
6817,"中村 悠斗","yuto.nakamura@example.com","ST04","退会","2026-06-04 15:11:14.833261"
6818,"伊藤 蓮","ren.ito@example.com","ST03","非アクティブ","2026-06-04 15:11:14.833261"
6819,"田中 葵","aoi.tanaka@example.com","ST03","非アクティブ","2026-06-04 15:11:14.833261"
6820,"渡辺 太郎","taro.watanabe@example.com","ST02","アクティブ","2026-06-04 15:11:14.833261"
6821,"田中 美咲","misaki.tanaka@example.com","ST04","退会","2026-06-04 15:11:14.833261"
6822,"中村 悠斗","yuto.nakamura@example.com","ST01","新規","2026-06-04 15:11:14.833261"
6823,"田中 健太","kenta.tanaka@example.com","ST01","新規","2026-06-04 15:11:14.833261"
6824,"鈴木 翔","sho.suzuki@example.com","ST03","非アクティブ","2026-06-04 15:11:14.833261"
6825,"吉田 悠斗","yuto.yoshida@example.com","ST04","退会","2026-06-04 15:11:14.833261"
6826,"山田 健太","kenta.yamada@example.com","ST04","退会","2026-06-04 15:11:14.833261"
6827,"中村 悠斗","yuto.nakamura@example.com","ST04","退会","2026-06-04 15:11:14.833261"
6828,"佐藤 悠斗","yuto.sato@example.com","ST03","非アクティブ","2026-06-04 15:11:14.833261"
6829,"山本 太郎","taro.yamamoto@example.com","ST04","退会","2026-06-04 15:11:14.833261"
6830,"鈴木 彩花","ayaka.suzuki@example.com","ST03","非アクティブ","2026-06-04 15:11:14.833261"
6831,"山本 美咲","misaki.yamamoto@example.com","ST04","退会","2026-06-04 15:11:14.833261"
6832,"伊藤 葵","aoi.ito@example.com","ST01","新規","2026-06-04 15:11:14.833261"
6833,"渡辺 陽菜","hina.watanabe@example.com","ST02","アクティブ","2026-06-04 15:11:14.833261"
6834,"中村 結衣","yui.nakamura@example.com","ST01","新規","2026-06-04 15:11:14.833261"
6835,"田中 美咲","misaki.tanaka@example.com","ST01","新規","2026-06-04 15:11:14.833261"
6836,"山本 美咲","misaki.yamamoto@example.com","ST01","新規","2026-06-04 15:11:14.833261"
6837,"加藤 結衣","yui.kato@example.com","ST04","退会","2026-06-04 15:11:14.833261"
6838,"鈴木 太郎","taro.suzuki@example.com","ST03","非アクティブ","2026-06-04 15:11:14.833261"
6839,"高橋 結衣","yui.takahashi@example.com","ST04","退会","2026-06-04 15:11:14.833261"
6840,"佐藤 悠斗","yuto.sato@example.com","ST02","アクティブ","2026-06-04 15:11:14.833261"
6841,"加藤 陽菜","hina.kato@example.com","ST02","アクティブ","2026-06-04 15:11:14.833261"
6842,"加藤 葵","aoi.kato@example.com","ST04","退会","2026-06-04 15:11:14.833261"
6843,"小林 拓海","takumi.kobayashi@example.com","ST04","退会","2026-06-04 15:11:14.833261"
6844,"渡辺 拓海","takumi.watanabe@example.com","ST01","新規","2026-06-04 15:11:14.833261"
6845,"渡辺 彩花","ayaka.watanabe@example.com","ST04","退会","2026-06-04 15:11:14.833261"
6846,"渡辺 拓海","takumi.watanabe@example.com","ST02","アクティブ","2026-06-04 15:11:14.833261"
6847,"加藤 彩花","ayaka.kato@example.com","ST04","退会","2026-06-04 15:11:14.833261"
6848,"鈴木 美咲","misaki.suzuki@example.com","ST03","非アクティブ","2026-06-04 15:11:14.833261"
6849,"田中 結衣","yui.tanaka@example.com","ST02","アクティブ","2026-06-04 15:11:14.833261"
6850,"山田 結衣","yui.yamada@example.com","ST04","退会","2026-06-04 15:11:14.833261"
6851,"高橋 拓海","takumi.takahashi@example.com","ST03","非アクティブ","2026-06-04 15:11:14.833261"
6852,"中村 大輔","daisuke.nakamura@example.com","ST04","退会","2026-06-04 15:11:14.833261"
6853,"伊藤 大輔","daisuke.ito@example.com","ST04","退会","2026-06-04 15:11:14.833261"
6854,"鈴木 太郎","taro.suzuki@example.com","ST01","新規","2026-06-04 15:11:14.833261"
6855,"渡辺 美咲","misaki.watanabe@example.com","ST04","退会","2026-06-04 15:11:14.833261"
6856,"加藤 結衣","yui.kato@example.com","ST03","非アクティブ","2026-06-04 15:11:14.833261"
6857,"中村 蓮","ren.nakamura@example.com","ST04","退会","2026-06-04 15:11:14.833261"
6858,"高橋 健太","kenta.takahashi@example.com","ST01","新規","2026-06-04 15:11:14.833261"
6859,"鈴木 陽菜","hina.suzuki@example.com","ST02","アクティブ","2026-06-04 15:11:14.833261"
6860,"佐藤 陽菜","hina.sato@example.com","ST02","アクティブ","2026-06-04 15:11:14.833261"
6861,"吉田 悠斗","yuto.yoshida@example.com","ST02","アクティブ","2026-06-04 15:11:14.833261"
6862,"佐藤 悠斗","yuto.sato@example.com","ST04","退会","2026-06-04 15:11:14.833261"
6863,"中村 美咲","misaki.nakamura@example.com","ST03","非アクティブ","2026-06-04 15:11:14.833261"
6864,"渡辺 拓海","takumi.watanabe@example.com","ST01","新規","2026-06-04 15:11:14.833261"
6865,"山本 美咲","misaki.yamamoto@example.com","ST02","アクティブ","2026-06-04 15:11:14.833261"
6866,"山田 翔","sho.yamada@example.com","ST02","アクティブ","2026-06-04 15:11:14.833261"
6867,"加藤 結衣","yui.kato@example.com","ST02","アクティブ","2026-06-04 15:11:14.833261"
6868,"渡辺 大輔","daisuke.watanabe@example.com","ST04","退会","2026-06-04 15:11:14.833261"
6869,"吉田 健太","kenta.yoshida@example.com","ST02","アクティブ","2026-06-04 15:11:14.833261"
6870,"鈴木 翔","sho.suzuki@example.com","ST01","新規","2026-06-04 15:11:14.833261"
6871,"加藤 美咲","misaki.kato@example.com","ST04","退会","2026-06-04 15:11:14.833261"
6872,"中村 美咲","misaki.nakamura@example.com","ST03","非アクティブ","2026-06-04 15:11:14.833261"
6873,"山田 翔","sho.yamada@example.com","ST03","非アクティブ","2026-06-04 15:11:14.833261"
6874,"吉田 彩花","ayaka.yoshida@example.com","ST01","新規","2026-06-04 15:11:14.833261"
6875,"伊藤 結衣","yui.ito@example.com","ST01","新規","2026-06-04 15:11:14.833261"
6876,"鈴木 翔","sho.suzuki@example.com","ST04","退会","2026-06-04 15:11:14.833261"
6877,"高橋 健太","kenta.takahashi@example.com","ST02","アクティブ","2026-06-04 15:11:14.833261"
6878,"山本 葵","aoi.yamamoto@example.com","ST02","アクティブ","2026-06-04 15:11:14.833261"
6879,"伊藤 悠斗","yuto.ito@example.com","ST02","アクティブ","2026-06-04 15:11:14.833261"
6880,"加藤 太郎","taro.kato@example.com","ST01","新規","2026-06-04 15:11:14.833261"
6881,"佐藤 悠斗","yuto.sato@example.com","ST03","非アクティブ","2026-06-04 15:11:14.833261"
6882,"加藤 結衣","yui.kato@example.com","ST04","退会","2026-06-04 15:11:14.833261"
6883,"鈴木 悠斗","yuto.suzuki@example.com","ST03","非アクティブ","2026-06-04 15:11:14.833261"
6884,"鈴木 葵","aoi.suzuki@example.com","ST01","新規","2026-06-04 15:11:14.833261"
6885,"山本 悠斗","yuto.yamamoto@example.com","ST04","退会","2026-06-04 15:11:14.833261"
6886,"加藤 蓮","ren.kato@example.com","ST03","非アクティブ","2026-06-04 15:11:14.833261"
6887,"中村 美咲","misaki.nakamura@example.com","ST03","非アクティブ","2026-06-04 15:11:14.833261"
6888,"佐藤 葵","aoi.sato@example.com","ST04","退会","2026-06-04 15:11:14.833261"
6889,"高橋 拓海","takumi.takahashi@example.com","ST03","非アクティブ","2026-06-04 15:11:14.833261"
6890,"伊藤 太郎","taro.ito@example.com","ST02","アクティブ","2026-06-04 15:11:14.833261"
6891,"吉田 結衣","yui.yoshida@example.com","ST02","アクティブ","2026-06-04 15:11:14.833261"
6892,"中村 健太","kenta.nakamura@example.com","ST01","新規","2026-06-04 15:11:14.833261"
6893,"鈴木 太郎","taro.suzuki@example.com","ST03","非アクティブ","2026-06-04 15:11:14.833261"
6894,"伊藤 蓮","ren.ito@example.com","ST02","アクティブ","2026-06-04 15:11:14.833261"
6895,"吉田 葵","aoi.yoshida@example.com","ST04","退会","2026-06-04 15:11:14.833261"
6896,"田中 健太","kenta.tanaka@example.com","ST01","新規","2026-06-04 15:11:14.833261"
6897,"山田 悠斗","yuto.yamada@example.com","ST02","アクティブ","2026-06-04 15:11:14.833261"
6898,"高橋 大輔","daisuke.takahashi@example.com","ST04","退会","2026-06-04 15:11:14.833261"
6899,"小林 翔","sho.kobayashi@example.com","ST03","非アクティブ","2026-06-04 15:11:14.833261"
6900,"加藤 葵","aoi.kato@example.com","ST03","非アクティブ","2026-06-04 15:11:14.833261"
6901,"山本 葵","aoi.yamamoto@example.com","ST04","退会","2026-06-04 15:11:14.833261"
6902,"鈴木 蓮","ren.suzuki@example.com","ST04","退会","2026-06-04 15:11:14.833261"
6903,"田中 大輔","daisuke.tanaka@example.com","ST04","退会","2026-06-04 15:11:14.833261"
6904,"山本 健太","kenta.yamamoto@example.com","ST01","新規","2026-06-04 15:11:14.833261"
6905,"渡辺 大輔","daisuke.watanabe@example.com","ST02","アクティブ","2026-06-04 15:11:14.833261"
6906,"加藤 悠斗","yuto.kato@example.com","ST04","退会","2026-06-04 15:11:14.833261"
6907,"鈴木 太郎","taro.suzuki@example.com","ST01","新規","2026-06-04 15:11:14.833261"
6908,"鈴木 結衣","yui.suzuki@example.com","ST03","非アクティブ","2026-06-04 15:11:14.833261"
6909,"佐藤 大輔","daisuke.sato@example.com","ST01","新規","2026-06-04 15:11:14.833261"
6910,"山本 葵","aoi.yamamoto@example.com","ST02","アクティブ","2026-06-04 15:11:14.833261"
6911,"伊藤 結衣","yui.ito@example.com","ST02","アクティブ","2026-06-04 15:11:14.833261"
6912,"渡辺 健太","kenta.watanabe@example.com","ST02","アクティブ","2026-06-04 15:11:14.833261"
6913,"渡辺 拓海","takumi.watanabe@example.com","ST04","退会","2026-06-04 15:11:14.833261"
6914,"田中 拓海","takumi.tanaka@example.com","ST01","新規","2026-06-04 15:11:14.833261"
6915,"山本 健太","kenta.yamamoto@example.com","ST03","非アクティブ","2026-06-04 15:11:14.833261"
6916,"吉田 健太","kenta.yoshida@example.com","ST01","新規","2026-06-04 15:11:14.833261"
6917,"伊藤 拓海","takumi.ito@example.com","ST02","アクティブ","2026-06-04 15:11:14.833261"
6918,"小林 翔","sho.kobayashi@example.com","ST03","非アクティブ","2026-06-04 15:11:14.833261"
6919,"渡辺 太郎","taro.watanabe@example.com","ST02","アクティブ","2026-06-04 15:11:14.833261"
6920,"渡辺 蓮","ren.watanabe@example.com","ST02","アクティブ","2026-06-04 15:11:14.833261"
6921,"田中 葵","aoi.tanaka@example.com","ST04","退会","2026-06-04 15:11:14.833261"
6922,"鈴木 陽菜","hina.suzuki@example.com","ST01","新規","2026-06-04 15:11:14.833261"
6923,"山本 翔","sho.yamamoto@example.com","ST01","新規","2026-06-04 15:11:14.833261"
6924,"山田 彩花","ayaka.yamada@example.com","ST04","退会","2026-06-04 15:11:14.833261"
6925,"小林 健太","kenta.kobayashi@example.com","ST02","アクティブ","2026-06-04 15:11:14.833261"
6926,"佐藤 太郎","taro.sato@example.com","ST01","新規","2026-06-04 15:11:14.833261"
6927,"加藤 健太","kenta.kato@example.com","ST02","アクティブ","2026-06-04 15:11:14.833261"
6928,"佐藤 葵","aoi.sato@example.com","ST04","退会","2026-06-04 15:11:14.833261"
6929,"小林 美咲","misaki.kobayashi@example.com","ST03","非アクティブ","2026-06-04 15:11:14.833261"
6930,"高橋 結衣","yui.takahashi@example.com","ST04","退会","2026-06-04 15:11:14.833261"
6931,"高橋 太郎","taro.takahashi@example.com","ST02","アクティブ","2026-06-04 15:11:14.833261"
6932,"加藤 陽菜","hina.kato@example.com","ST03","非アクティブ","2026-06-04 15:11:14.833261"
6933,"田中 大輔","daisuke.tanaka@example.com","ST01","新規","2026-06-04 15:11:14.833261"
6934,"加藤 拓海","takumi.kato@example.com","ST03","非アクティブ","2026-06-04 15:11:14.833261"
6935,"田中 翔","sho.tanaka@example.com","ST02","アクティブ","2026-06-04 15:11:14.833261"
6936,"高橋 翔","sho.takahashi@example.com","ST04","退会","2026-06-04 15:11:14.833261"
6937,"中村 彩花","ayaka.nakamura@example.com","ST03","非アクティブ","2026-06-04 15:11:14.833261"
6938,"佐藤 蓮","ren.sato@example.com","ST03","非アクティブ","2026-06-04 15:11:14.833261"
6939,"鈴木 陽菜","hina.suzuki@example.com","ST03","非アクティブ","2026-06-04 15:11:14.833261"
6940,"佐藤 蓮","ren.sato@example.com","ST02","アクティブ","2026-06-04 15:11:14.833261"
6941,"吉田 結衣","yui.yoshida@example.com","ST03","非アクティブ","2026-06-04 15:11:14.833261"
6942,"高橋 彩花","ayaka.takahashi@example.com","ST02","アクティブ","2026-06-04 15:11:14.833261"
6943,"山田 陽菜","hina.yamada@example.com","ST02","アクティブ","2026-06-04 15:11:14.833261"
6944,"高橋 彩花","ayaka.takahashi@example.com","ST01","新規","2026-06-04 15:11:14.833261"
6945,"伊藤 陽菜","hina.ito@example.com","ST03","非アクティブ","2026-06-04 15:11:14.833261"
6946,"山本 大輔","daisuke.yamamoto@example.com","ST01","新規","2026-06-04 15:11:14.833261"
6947,"鈴木 彩花","ayaka.suzuki@example.com","ST02","アクティブ","2026-06-04 15:11:14.833261"
6948,"吉田 大輔","daisuke.yoshida@example.com","ST01","新規","2026-06-04 15:11:14.833261"
6949,"佐藤 結衣","yui.sato@example.com","ST01","新規","2026-06-04 15:11:14.833261"
6950,"小林 葵","aoi.kobayashi@example.com","ST02","アクティブ","2026-06-04 15:11:14.833261"
6951,"小林 太郎","taro.kobayashi@example.com","ST02","アクティブ","2026-06-04 15:11:14.833261"
6952,"小林 美咲","misaki.kobayashi@example.com","ST01","新規","2026-06-04 15:11:14.833261"
6953,"山田 結衣","yui.yamada@example.com","ST02","アクティブ","2026-06-04 15:11:14.833261"
6954,"佐藤 結衣","yui.sato@example.com","ST01","新規","2026-06-04 15:11:14.833261"
6955,"山本 美咲","misaki.yamamoto@example.com","ST02","アクティブ","2026-06-04 15:11:14.833261"
6956,"渡辺 翔","sho.watanabe@example.com","ST02","アクティブ","2026-06-04 15:11:14.833261"
6957,"田中 陽菜","hina.tanaka@example.com","ST02","アクティブ","2026-06-04 15:11:14.833261"
6958,"佐藤 健太","kenta.sato@example.com","ST03","非アクティブ","2026-06-04 15:11:14.833261"
6959,"小林 太郎","taro.kobayashi@example.com","ST02","アクティブ","2026-06-04 15:11:14.833261"
6960,"高橋 大輔","daisuke.takahashi@example.com","ST04","退会","2026-06-04 15:11:14.833261"
6961,"佐藤 拓海","takumi.sato@example.com","ST01","新規","2026-06-04 15:11:14.833261"
6962,"渡辺 太郎","taro.watanabe@example.com","ST03","非アクティブ","2026-06-04 15:11:14.833261"
6963,"伊藤 彩花","ayaka.ito@example.com","ST03","非アクティブ","2026-06-04 15:11:14.833261"
6964,"加藤 翔","sho.kato@example.com","ST02","アクティブ","2026-06-04 15:11:14.833261"
6965,"高橋 翔","sho.takahashi@example.com","ST04","退会","2026-06-04 15:11:14.833261"
6966,"小林 蓮","ren.kobayashi@example.com","ST02","アクティブ","2026-06-04 15:11:14.833261"
6967,"高橋 美咲","misaki.takahashi@example.com","ST04","退会","2026-06-04 15:11:14.833261"
6968,"山本 彩花","ayaka.yamamoto@example.com","ST03","非アクティブ","2026-06-04 15:11:14.833261"
6969,"渡辺 彩花","ayaka.watanabe@example.com","ST02","アクティブ","2026-06-04 15:11:14.833261"
6970,"高橋 陽菜","hina.takahashi@example.com","ST03","非アクティブ","2026-06-04 15:11:14.833261"
6971,"中村 悠斗","yuto.nakamura@example.com","ST02","アクティブ","2026-06-04 15:11:14.833261"
6972,"山本 悠斗","yuto.yamamoto@example.com","ST04","退会","2026-06-04 15:11:14.833261"
6973,"高橋 拓海","takumi.takahashi@example.com","ST01","新規","2026-06-04 15:11:14.833261"
6974,"加藤 葵","aoi.kato@example.com","ST02","アクティブ","2026-06-04 15:11:14.833261"
6975,"山田 彩花","ayaka.yamada@example.com","ST02","アクティブ","2026-06-04 15:11:14.833261"
6976,"小林 陽菜","hina.kobayashi@example.com","ST02","アクティブ","2026-06-04 15:11:14.833261"
6977,"高橋 拓海","takumi.takahashi@example.com","ST02","アクティブ","2026-06-04 15:11:14.833261"
6978,"鈴木 健太","kenta.suzuki@example.com","ST01","新規","2026-06-04 15:11:14.833261"
6979,"山田 蓮","ren.yamada@example.com","ST04","退会","2026-06-04 15:11:14.833261"
6980,"小林 蓮","ren.kobayashi@example.com","ST04","退会","2026-06-04 15:11:14.833261"
6981,"鈴木 拓海","takumi.suzuki@example.com","ST03","非アクティブ","2026-06-04 15:11:14.833261"
6982,"加藤 太郎","taro.kato@example.com","ST02","アクティブ","2026-06-04 15:11:14.833261"
6983,"加藤 健太","kenta.kato@example.com","ST02","アクティブ","2026-06-04 15:11:14.833261"
6984,"佐藤 陽菜","hina.sato@example.com","ST04","退会","2026-06-04 15:11:14.833261"
6985,"山田 彩花","ayaka.yamada@example.com","ST01","新規","2026-06-04 15:11:14.833261"
6986,"吉田 悠斗","yuto.yoshida@example.com","ST04","退会","2026-06-04 15:11:14.833261"
6987,"吉田 美咲","misaki.yoshida@example.com","ST04","退会","2026-06-04 15:11:14.833261"
6988,"佐藤 健太","kenta.sato@example.com","ST01","新規","2026-06-04 15:11:14.833261"
6989,"鈴木 悠斗","yuto.suzuki@example.com","ST02","アクティブ","2026-06-04 15:11:14.833261"
6990,"加藤 蓮","ren.kato@example.com","ST01","新規","2026-06-04 15:11:14.833261"
6991,"吉田 拓海","takumi.yoshida@example.com","ST03","非アクティブ","2026-06-04 15:11:14.833261"
6992,"田中 拓海","takumi.tanaka@example.com","ST04","退会","2026-06-04 15:11:14.833261"
6993,"山田 健太","kenta.yamada@example.com","ST04","退会","2026-06-04 15:11:14.833261"
6994,"渡辺 美咲","misaki.watanabe@example.com","ST04","退会","2026-06-04 15:11:14.833261"
6995,"中村 陽菜","hina.nakamura@example.com","ST01","新規","2026-06-04 15:11:14.833261"
6996,"佐藤 陽菜","hina.sato@example.com","ST02","アクティブ","2026-06-04 15:11:14.833261"
6997,"田中 美咲","misaki.tanaka@example.com","ST04","退会","2026-06-04 15:11:14.833261"
6998,"伊藤 健太","kenta.ito@example.com","ST04","退会","2026-06-04 15:11:14.833261"
6999,"山田 蓮","ren.yamada@example.com","ST04","退会","2026-06-04 15:11:14.833261"
7000,"加藤 悠斗","yuto.kato@example.com","ST03","非アクティブ","2026-06-04 15:11:14.833261"
7001,"鈴木 拓海","takumi.suzuki@example.com","ST03","非アクティブ","2026-06-04 15:11:14.833261"
7002,"鈴木 蓮","ren.suzuki@example.com","ST01","新規","2026-06-04 15:11:14.833261"
7003,"佐藤 拓海","takumi.sato@example.com","ST02","アクティブ","2026-06-04 15:11:14.833261"
7004,"高橋 葵","aoi.takahashi@example.com","ST03","非アクティブ","2026-06-04 15:11:14.833261"
7005,"加藤 拓海","takumi.kato@example.com","ST03","非アクティブ","2026-06-04 15:11:14.833261"
7006,"加藤 拓海","takumi.kato@example.com","ST03","非アクティブ","2026-06-04 15:11:14.833261"
7007,"中村 悠斗","yuto.nakamura@example.com","ST01","新規","2026-06-04 15:11:14.833261"
7008,"佐藤 拓海","takumi.sato@example.com","ST01","新規","2026-06-04 15:11:14.833261"
7009,"伊藤 彩花","ayaka.ito@example.com","ST01","新規","2026-06-04 15:11:14.833261"
7010,"鈴木 葵","aoi.suzuki@example.com","ST01","新規","2026-06-04 15:11:14.833261"
7011,"佐藤 彩花","ayaka.sato@example.com","ST01","新規","2026-06-04 15:11:14.833261"
7012,"加藤 健太","kenta.kato@example.com","ST01","新規","2026-06-04 15:11:14.833261"
7013,"田中 大輔","daisuke.tanaka@example.com","ST03","非アクティブ","2026-06-04 15:11:14.833261"
7014,"佐藤 葵","aoi.sato@example.com","ST01","新規","2026-06-04 15:11:14.833261"
7015,"鈴木 結衣","yui.suzuki@example.com","ST04","退会","2026-06-04 15:11:14.833261"
7016,"渡辺 太郎","taro.watanabe@example.com","ST03","非アクティブ","2026-06-04 15:11:14.833261"
7017,"佐藤 美咲","misaki.sato@example.com","ST04","退会","2026-06-04 15:11:14.833261"
7018,"小林 大輔","daisuke.kobayashi@example.com","ST02","アクティブ","2026-06-04 15:11:14.833261"
7019,"渡辺 翔","sho.watanabe@example.com","ST03","非アクティブ","2026-06-04 15:11:14.833261"
7020,"山本 翔","sho.yamamoto@example.com","ST04","退会","2026-06-04 15:11:14.833261"
7021,"高橋 葵","aoi.takahashi@example.com","ST02","アクティブ","2026-06-04 15:11:14.833261"
7022,"中村 拓海","takumi.nakamura@example.com","ST01","新規","2026-06-04 15:11:14.833261"
7023,"伊藤 陽菜","hina.ito@example.com","ST02","アクティブ","2026-06-04 15:11:14.833261"
7024,"伊藤 彩花","ayaka.ito@example.com","ST02","アクティブ","2026-06-04 15:11:14.833261"
7025,"山田 大輔","daisuke.yamada@example.com","ST01","新規","2026-06-04 15:11:14.833261"
7026,"鈴木 悠斗","yuto.suzuki@example.com","ST04","退会","2026-06-04 15:11:14.833261"
7027,"吉田 健太","kenta.yoshida@example.com","ST03","非アクティブ","2026-06-04 15:11:14.833261"
7028,"中村 悠斗","yuto.nakamura@example.com","ST04","退会","2026-06-04 15:11:14.833261"
7029,"中村 大輔","daisuke.nakamura@example.com","ST01","新規","2026-06-04 15:11:14.833261"
7030,"吉田 葵","aoi.yoshida@example.com","ST01","新規","2026-06-04 15:11:14.833261"
7031,"渡辺 葵","aoi.watanabe@example.com","ST01","新規","2026-06-04 15:11:14.833261"
7032,"鈴木 葵","aoi.suzuki@example.com","ST03","非アクティブ","2026-06-04 15:11:14.833261"
7033,"山田 翔","sho.yamada@example.com","ST04","退会","2026-06-04 15:11:14.833261"
7034,"山田 拓海","takumi.yamada@example.com","ST02","アクティブ","2026-06-04 15:11:14.833261"
7035,"中村 陽菜","hina.nakamura@example.com","ST04","退会","2026-06-04 15:11:14.833261"
7036,"鈴木 結衣","yui.suzuki@example.com","ST02","アクティブ","2026-06-04 15:11:14.833261"
7037,"田中 翔","sho.tanaka@example.com","ST01","新規","2026-06-04 15:11:14.833261"
7038,"小林 蓮","ren.kobayashi@example.com","ST04","退会","2026-06-04 15:11:14.833261"
7039,"小林 悠斗","yuto.kobayashi@example.com","ST01","新規","2026-06-04 15:11:14.833261"
7040,"加藤 美咲","misaki.kato@example.com","ST02","アクティブ","2026-06-04 15:11:14.833261"
7041,"田中 美咲","misaki.tanaka@example.com","ST04","退会","2026-06-04 15:11:14.833261"
7042,"山田 彩花","ayaka.yamada@example.com","ST03","非アクティブ","2026-06-04 15:11:14.833261"
7043,"中村 蓮","ren.nakamura@example.com","ST02","アクティブ","2026-06-04 15:11:14.833261"
7044,"佐藤 結衣","yui.sato@example.com","ST01","新規","2026-06-04 15:11:14.833261"
7045,"高橋 健太","kenta.takahashi@example.com","ST01","新規","2026-06-04 15:11:14.833261"
7046,"高橋 彩花","ayaka.takahashi@example.com","ST03","非アクティブ","2026-06-04 15:11:14.833261"
7047,"伊藤 陽菜","hina.ito@example.com","ST03","非アクティブ","2026-06-04 15:11:14.833261"
7048,"山田 陽菜","hina.yamada@example.com","ST03","非アクティブ","2026-06-04 15:11:14.833261"
7049,"田中 太郎","taro.tanaka@example.com","ST03","非アクティブ","2026-06-04 15:11:14.833261"
7050,"田中 翔","sho.tanaka@example.com","ST01","新規","2026-06-04 15:11:14.833261"
7051,"加藤 悠斗","yuto.kato@example.com","ST01","新規","2026-06-04 15:11:14.833261"
7052,"田中 結衣","yui.tanaka@example.com","ST03","非アクティブ","2026-06-04 15:11:14.833261"
7053,"山本 太郎","taro.yamamoto@example.com","ST04","退会","2026-06-04 15:11:14.833261"
7054,"加藤 結衣","yui.kato@example.com","ST02","アクティブ","2026-06-04 15:11:14.833261"
7055,"加藤 健太","kenta.kato@example.com","ST04","退会","2026-06-04 15:11:14.833261"
7056,"小林 太郎","taro.kobayashi@example.com","ST01","新規","2026-06-04 15:11:14.833261"
7057,"田中 結衣","yui.tanaka@example.com","ST01","新規","2026-06-04 15:11:14.833261"
7058,"山本 結衣","yui.yamamoto@example.com","ST02","アクティブ","2026-06-04 15:11:14.833261"
7059,"小林 結衣","yui.kobayashi@example.com","ST02","アクティブ","2026-06-04 15:11:14.833261"
7060,"小林 太郎","taro.kobayashi@example.com","ST01","新規","2026-06-04 15:11:14.833261"
7061,"山本 悠斗","yuto.yamamoto@example.com","ST01","新規","2026-06-04 15:11:14.833261"
7062,"吉田 太郎","taro.yoshida@example.com","ST01","新規","2026-06-04 15:11:14.833261"
7063,"加藤 結衣","yui.kato@example.com","ST04","退会","2026-06-04 15:11:14.833261"
7064,"吉田 彩花","ayaka.yoshida@example.com","ST01","新規","2026-06-04 15:11:14.833261"
7065,"山田 結衣","yui.yamada@example.com","ST01","新規","2026-06-04 15:11:14.833261"
7066,"小林 彩花","ayaka.kobayashi@example.com","ST01","新規","2026-06-04 15:11:14.833261"
7067,"高橋 拓海","takumi.takahashi@example.com","ST04","退会","2026-06-04 15:11:14.833261"
7068,"吉田 陽菜","hina.yoshida@example.com","ST03","非アクティブ","2026-06-04 15:11:14.833261"
7069,"加藤 蓮","ren.kato@example.com","ST01","新規","2026-06-04 15:11:14.833261"
7070,"吉田 拓海","takumi.yoshida@example.com","ST04","退会","2026-06-04 15:11:14.833261"
7071,"小林 翔","sho.kobayashi@example.com","ST01","新規","2026-06-04 15:11:14.833261"
7072,"小林 太郎","taro.kobayashi@example.com","ST03","非アクティブ","2026-06-04 15:11:14.833261"
7073,"小林 翔","sho.kobayashi@example.com","ST04","退会","2026-06-04 15:11:14.833261"
7074,"鈴木 大輔","daisuke.suzuki@example.com","ST02","アクティブ","2026-06-04 15:11:14.833261"
7075,"加藤 陽菜","hina.kato@example.com","ST02","アクティブ","2026-06-04 15:11:14.833261"
7076,"山田 葵","aoi.yamada@example.com","ST01","新規","2026-06-04 15:11:14.833261"
7077,"山田 蓮","ren.yamada@example.com","ST01","新規","2026-06-04 15:11:14.833261"
7078,"田中 翔","sho.tanaka@example.com","ST01","新規","2026-06-04 15:11:14.833261"
7079,"加藤 蓮","ren.kato@example.com","ST04","退会","2026-06-04 15:11:14.833261"
7080,"小林 拓海","takumi.kobayashi@example.com","ST02","アクティブ","2026-06-04 15:11:14.833261"
7081,"吉田 結衣","yui.yoshida@example.com","ST04","退会","2026-06-04 15:11:14.833261"
7082,"高橋 美咲","misaki.takahashi@example.com","ST01","新規","2026-06-04 15:11:14.833261"
7083,"山田 蓮","ren.yamada@example.com","ST01","新規","2026-06-04 15:11:14.833261"
7084,"鈴木 葵","aoi.suzuki@example.com","ST01","新規","2026-06-04 15:11:14.833261"
7085,"田中 蓮","ren.tanaka@example.com","ST04","退会","2026-06-04 15:11:14.833261"
7086,"小林 健太","kenta.kobayashi@example.com","ST04","退会","2026-06-04 15:11:14.833261"
7087,"渡辺 大輔","daisuke.watanabe@example.com","ST03","非アクティブ","2026-06-04 15:11:14.833261"
7088,"高橋 結衣","yui.takahashi@example.com","ST01","新規","2026-06-04 15:11:14.833261"
7089,"高橋 蓮","ren.takahashi@example.com","ST01","新規","2026-06-04 15:11:14.833261"
7090,"中村 健太","kenta.nakamura@example.com","ST02","アクティブ","2026-06-04 15:11:14.833261"
7091,"高橋 陽菜","hina.takahashi@example.com","ST03","非アクティブ","2026-06-04 15:11:14.833261"
7092,"吉田 蓮","ren.yoshida@example.com","ST02","アクティブ","2026-06-04 15:11:14.833261"
7093,"吉田 拓海","takumi.yoshida@example.com","ST01","新規","2026-06-04 15:11:14.833261"
7094,"吉田 彩花","ayaka.yoshida@example.com","ST03","非アクティブ","2026-06-04 15:11:14.833261"
7095,"鈴木 彩花","ayaka.suzuki@example.com","ST04","退会","2026-06-04 15:11:14.833261"
7096,"山田 太郎","taro.yamada@example.com","ST03","非アクティブ","2026-06-04 15:11:14.833261"
7097,"山田 拓海","takumi.yamada@example.com","ST01","新規","2026-06-04 15:11:14.833261"
7098,"佐藤 悠斗","yuto.sato@example.com","ST02","アクティブ","2026-06-04 15:11:14.833261"
7099,"加藤 悠斗","yuto.kato@example.com","ST02","アクティブ","2026-06-04 15:11:14.833261"
7100,"伊藤 陽菜","hina.ito@example.com","ST01","新規","2026-06-04 15:11:14.833261"
7101,"吉田 結衣","yui.yoshida@example.com","ST01","新規","2026-06-04 15:11:14.833261"
7102,"佐藤 太郎","taro.sato@example.com","ST02","アクティブ","2026-06-04 15:11:14.833261"
7103,"山田 結衣","yui.yamada@example.com","ST01","新規","2026-06-04 15:11:14.833261"
7104,"小林 拓海","takumi.kobayashi@example.com","ST02","アクティブ","2026-06-04 15:11:14.833261"
7105,"鈴木 拓海","takumi.suzuki@example.com","ST02","アクティブ","2026-06-04 15:11:14.833261"
7106,"渡辺 翔","sho.watanabe@example.com","ST03","非アクティブ","2026-06-04 15:11:14.833261"
7107,"田中 葵","aoi.tanaka@example.com","ST01","新規","2026-06-04 15:11:14.833261"
7108,"佐藤 悠斗","yuto.sato@example.com","ST04","退会","2026-06-04 15:11:14.833261"
7109,"高橋 葵","aoi.takahashi@example.com","ST01","新規","2026-06-04 15:11:14.833261"
7110,"加藤 大輔","daisuke.kato@example.com","ST02","アクティブ","2026-06-04 15:11:14.833261"
7111,"渡辺 葵","aoi.watanabe@example.com","ST03","非アクティブ","2026-06-04 15:11:14.833261"
7112,"吉田 彩花","ayaka.yoshida@example.com","ST01","新規","2026-06-04 15:11:14.833261"
7113,"佐藤 健太","kenta.sato@example.com","ST04","退会","2026-06-04 15:11:14.833261"
7114,"渡辺 太郎","taro.watanabe@example.com","ST02","アクティブ","2026-06-04 15:11:14.833261"
7115,"佐藤 大輔","daisuke.sato@example.com","ST03","非アクティブ","2026-06-04 15:11:14.833261"
7116,"渡辺 葵","aoi.watanabe@example.com","ST02","アクティブ","2026-06-04 15:11:14.833261"
7117,"佐藤 彩花","ayaka.sato@example.com","ST01","新規","2026-06-04 15:11:14.833261"
7118,"佐藤 翔","sho.sato@example.com","ST01","新規","2026-06-04 15:11:14.833261"
7119,"小林 悠斗","yuto.kobayashi@example.com","ST01","新規","2026-06-04 15:11:14.833261"
7120,"田中 蓮","ren.tanaka@example.com","ST04","退会","2026-06-04 15:11:14.833261"
7121,"中村 拓海","takumi.nakamura@example.com","ST03","非アクティブ","2026-06-04 15:11:14.833261"
7122,"伊藤 陽菜","hina.ito@example.com","ST03","非アクティブ","2026-06-04 15:11:14.833261"
7123,"山田 彩花","ayaka.yamada@example.com","ST04","退会","2026-06-04 15:11:14.833261"
7124,"伊藤 翔","sho.ito@example.com","ST04","退会","2026-06-04 15:11:14.833261"
7125,"佐藤 翔","sho.sato@example.com","ST01","新規","2026-06-04 15:11:14.833261"
7126,"小林 翔","sho.kobayashi@example.com","ST02","アクティブ","2026-06-04 15:11:14.833261"
7127,"小林 陽菜","hina.kobayashi@example.com","ST04","退会","2026-06-04 15:11:14.833261"
7128,"中村 翔","sho.nakamura@example.com","ST03","非アクティブ","2026-06-04 15:11:14.833261"
7129,"渡辺 結衣","yui.watanabe@example.com","ST03","非アクティブ","2026-06-04 15:11:14.833261"
7130,"加藤 結衣","yui.kato@example.com","ST04","退会","2026-06-04 15:11:14.833261"
7131,"渡辺 彩花","ayaka.watanabe@example.com","ST04","退会","2026-06-04 15:11:14.833261"
7132,"小林 拓海","takumi.kobayashi@example.com","ST03","非アクティブ","2026-06-04 15:11:14.833261"
7133,"鈴木 健太","kenta.suzuki@example.com","ST01","新規","2026-06-04 15:11:14.833261"
7134,"佐藤 悠斗","yuto.sato@example.com","ST03","非アクティブ","2026-06-04 15:11:14.833261"
7135,"高橋 彩花","ayaka.takahashi@example.com","ST03","非アクティブ","2026-06-04 15:11:14.833261"
7136,"中村 大輔","daisuke.nakamura@example.com","ST02","アクティブ","2026-06-04 15:11:14.833261"
7137,"渡辺 健太","kenta.watanabe@example.com","ST03","非アクティブ","2026-06-04 15:11:14.833261"
7138,"中村 結衣","yui.nakamura@example.com","ST03","非アクティブ","2026-06-04 15:11:14.833261"
7139,"高橋 大輔","daisuke.takahashi@example.com","ST01","新規","2026-06-04 15:11:14.833261"
7140,"吉田 葵","aoi.yoshida@example.com","ST01","新規","2026-06-04 15:11:14.833261"
7141,"吉田 健太","kenta.yoshida@example.com","ST04","退会","2026-06-04 15:11:14.833261"
7142,"吉田 大輔","daisuke.yoshida@example.com","ST01","新規","2026-06-04 15:11:14.833261"
7143,"鈴木 健太","kenta.suzuki@example.com","ST01","新規","2026-06-04 15:11:14.833261"
7144,"山田 太郎","taro.yamada@example.com","ST03","非アクティブ","2026-06-04 15:11:14.833261"
7145,"吉田 健太","kenta.yoshida@example.com","ST01","新規","2026-06-04 15:11:14.833261"
7146,"加藤 葵","aoi.kato@example.com","ST01","新規","2026-06-04 15:11:14.833261"
7147,"加藤 翔","sho.kato@example.com","ST01","新規","2026-06-04 15:11:14.833261"
7148,"高橋 大輔","daisuke.takahashi@example.com","ST04","退会","2026-06-04 15:11:14.833261"
7149,"田中 健太","kenta.tanaka@example.com","ST03","非アクティブ","2026-06-04 15:11:14.833261"
7150,"渡辺 太郎","taro.watanabe@example.com","ST02","アクティブ","2026-06-04 15:11:14.833261"
7151,"中村 蓮","ren.nakamura@example.com","ST02","アクティブ","2026-06-04 15:11:14.833261"
7152,"小林 健太","kenta.kobayashi@example.com","ST03","非アクティブ","2026-06-04 15:11:14.833261"
7153,"伊藤 太郎","taro.ito@example.com","ST04","退会","2026-06-04 15:11:14.833261"
7154,"中村 結衣","yui.nakamura@example.com","ST04","退会","2026-06-04 15:11:14.833261"
7155,"鈴木 蓮","ren.suzuki@example.com","ST01","新規","2026-06-04 15:11:14.833261"
7156,"高橋 太郎","taro.takahashi@example.com","ST03","非アクティブ","2026-06-04 15:11:14.833261"
7157,"山本 太郎","taro.yamamoto@example.com","ST03","非アクティブ","2026-06-04 15:11:14.833261"
7158,"佐藤 大輔","daisuke.sato@example.com","ST02","アクティブ","2026-06-04 15:11:14.833261"
7159,"加藤 葵","aoi.kato@example.com","ST03","非アクティブ","2026-06-04 15:11:14.833261"
7160,"中村 蓮","ren.nakamura@example.com","ST02","アクティブ","2026-06-04 15:11:14.833261"
7161,"高橋 拓海","takumi.takahashi@example.com","ST02","アクティブ","2026-06-04 15:11:14.833261"
7162,"田中 陽菜","hina.tanaka@example.com","ST03","非アクティブ","2026-06-04 15:11:14.833261"
7163,"山田 大輔","daisuke.yamada@example.com","ST02","アクティブ","2026-06-04 15:11:14.833261"
7164,"伊藤 健太","kenta.ito@example.com","ST01","新規","2026-06-04 15:11:14.833261"
7165,"山本 結衣","yui.yamamoto@example.com","ST03","非アクティブ","2026-06-04 15:11:14.833261"
7166,"小林 大輔","daisuke.kobayashi@example.com","ST02","アクティブ","2026-06-04 15:11:14.833261"
7167,"伊藤 悠斗","yuto.ito@example.com","ST04","退会","2026-06-04 15:11:14.833261"
7168,"鈴木 健太","kenta.suzuki@example.com","ST03","非アクティブ","2026-06-04 15:11:14.833261"
7169,"渡辺 陽菜","hina.watanabe@example.com","ST03","非アクティブ","2026-06-04 15:11:14.833261"
7170,"小林 翔","sho.kobayashi@example.com","ST02","アクティブ","2026-06-04 15:11:14.833261"
7171,"鈴木 太郎","taro.suzuki@example.com","ST01","新規","2026-06-04 15:11:14.833261"
7172,"山本 彩花","ayaka.yamamoto@example.com","ST02","アクティブ","2026-06-04 15:11:14.833261"
7173,"吉田 翔","sho.yoshida@example.com","ST01","新規","2026-06-04 15:11:14.833261"
7174,"山本 結衣","yui.yamamoto@example.com","ST04","退会","2026-06-04 15:11:14.833261"
7175,"田中 彩花","ayaka.tanaka@example.com","ST04","退会","2026-06-04 15:11:14.833261"
7176,"山本 大輔","daisuke.yamamoto@example.com","ST04","退会","2026-06-04 15:11:14.833261"
7177,"田中 美咲","misaki.tanaka@example.com","ST02","アクティブ","2026-06-04 15:11:14.833261"
7178,"高橋 大輔","daisuke.takahashi@example.com","ST04","退会","2026-06-04 15:11:14.833261"
7179,"山田 大輔","daisuke.yamada@example.com","ST03","非アクティブ","2026-06-04 15:11:14.833261"
7180,"吉田 太郎","taro.yoshida@example.com","ST03","非アクティブ","2026-06-04 15:11:14.833261"
7181,"山田 美咲","misaki.yamada@example.com","ST02","アクティブ","2026-06-04 15:11:14.833261"
7182,"田中 太郎","taro.tanaka@example.com","ST04","退会","2026-06-04 15:11:14.833261"
7183,"山田 翔","sho.yamada@example.com","ST02","アクティブ","2026-06-04 15:11:14.833261"
7184,"渡辺 悠斗","yuto.watanabe@example.com","ST04","退会","2026-06-04 15:11:14.833261"
7185,"伊藤 拓海","takumi.ito@example.com","ST04","退会","2026-06-04 15:11:14.833261"
7186,"山田 陽菜","hina.yamada@example.com","ST03","非アクティブ","2026-06-04 15:11:14.833261"
7187,"佐藤 蓮","ren.sato@example.com","ST02","アクティブ","2026-06-04 15:11:14.833261"
7188,"小林 彩花","ayaka.kobayashi@example.com","ST01","新規","2026-06-04 15:11:14.833261"
7189,"佐藤 拓海","takumi.sato@example.com","ST04","退会","2026-06-04 15:11:14.833261"
7190,"佐藤 翔","sho.sato@example.com","ST03","非アクティブ","2026-06-04 15:11:14.833261"
7191,"中村 大輔","daisuke.nakamura@example.com","ST02","アクティブ","2026-06-04 15:11:14.833261"
7192,"山本 大輔","daisuke.yamamoto@example.com","ST04","退会","2026-06-04 15:11:14.833261"
7193,"中村 葵","aoi.nakamura@example.com","ST04","退会","2026-06-04 15:11:14.833261"
7194,"伊藤 蓮","ren.ito@example.com","ST01","新規","2026-06-04 15:11:14.833261"
7195,"田中 彩花","ayaka.tanaka@example.com","ST01","新規","2026-06-04 15:11:14.833261"
7196,"佐藤 葵","aoi.sato@example.com","ST03","非アクティブ","2026-06-04 15:11:14.833261"
7197,"田中 結衣","yui.tanaka@example.com","ST04","退会","2026-06-04 15:11:14.833261"
7198,"佐藤 拓海","takumi.sato@example.com","ST04","退会","2026-06-04 15:11:14.833261"
7199,"伊藤 大輔","daisuke.ito@example.com","ST02","アクティブ","2026-06-04 15:11:14.833261"
7200,"小林 太郎","taro.kobayashi@example.com","ST01","新規","2026-06-04 15:11:14.833261"
7201,"吉田 彩花","ayaka.yoshida@example.com","ST04","退会","2026-06-04 15:11:14.833261"
7202,"鈴木 葵","aoi.suzuki@example.com","ST01","新規","2026-06-04 15:11:14.833261"
7203,"高橋 悠斗","yuto.takahashi@example.com","ST03","非アクティブ","2026-06-04 15:11:14.833261"
7204,"伊藤 陽菜","hina.ito@example.com","ST04","退会","2026-06-04 15:11:14.833261"
7205,"渡辺 健太","kenta.watanabe@example.com","ST02","アクティブ","2026-06-04 15:11:14.833261"
7206,"渡辺 葵","aoi.watanabe@example.com","ST02","アクティブ","2026-06-04 15:11:14.833261"
7207,"加藤 葵","aoi.kato@example.com","ST03","非アクティブ","2026-06-04 15:11:14.833261"
7208,"佐藤 健太","kenta.sato@example.com","ST04","退会","2026-06-04 15:11:14.833261"
7209,"山本 翔","sho.yamamoto@example.com","ST04","退会","2026-06-04 15:11:14.833261"
7210,"吉田 美咲","misaki.yoshida@example.com","ST01","新規","2026-06-04 15:11:14.833261"
7211,"田中 蓮","ren.tanaka@example.com","ST01","新規","2026-06-04 15:11:14.833261"
7212,"伊藤 葵","aoi.ito@example.com","ST02","アクティブ","2026-06-04 15:11:14.833261"
7213,"山田 太郎","taro.yamada@example.com","ST03","非アクティブ","2026-06-04 15:11:14.833261"
7214,"渡辺 拓海","takumi.watanabe@example.com","ST01","新規","2026-06-04 15:11:14.833261"
7215,"中村 彩花","ayaka.nakamura@example.com","ST04","退会","2026-06-04 15:11:14.833261"
7216,"小林 葵","aoi.kobayashi@example.com","ST02","アクティブ","2026-06-04 15:11:14.833261"
7217,"高橋 陽菜","hina.takahashi@example.com","ST02","アクティブ","2026-06-04 15:11:14.833261"
7218,"山田 悠斗","yuto.yamada@example.com","ST03","非アクティブ","2026-06-04 15:11:14.833261"
7219,"中村 陽菜","hina.nakamura@example.com","ST04","退会","2026-06-04 15:11:14.833261"
7220,"山田 悠斗","yuto.yamada@example.com","ST02","アクティブ","2026-06-04 15:11:14.833261"
7221,"渡辺 陽菜","hina.watanabe@example.com","ST01","新規","2026-06-04 15:11:14.833261"
7222,"鈴木 蓮","ren.suzuki@example.com","ST02","アクティブ","2026-06-04 15:11:14.833261"
7223,"佐藤 美咲","misaki.sato@example.com","ST04","退会","2026-06-04 15:11:14.833261"
7224,"小林 結衣","yui.kobayashi@example.com","ST03","非アクティブ","2026-06-04 15:11:14.833261"
7225,"吉田 悠斗","yuto.yoshida@example.com","ST03","非アクティブ","2026-06-04 15:11:14.833261"
7226,"田中 悠斗","yuto.tanaka@example.com","ST03","非アクティブ","2026-06-04 15:11:14.833261"
7227,"鈴木 葵","aoi.suzuki@example.com","ST02","アクティブ","2026-06-04 15:11:14.833261"
7228,"中村 悠斗","yuto.nakamura@example.com","ST03","非アクティブ","2026-06-04 15:11:14.833261"
7229,"渡辺 彩花","ayaka.watanabe@example.com","ST02","アクティブ","2026-06-04 15:11:14.833261"
7230,"山田 彩花","ayaka.yamada@example.com","ST04","退会","2026-06-04 15:11:14.833261"
7231,"加藤 太郎","taro.kato@example.com","ST02","アクティブ","2026-06-04 15:11:14.833261"
7232,"山本 蓮","ren.yamamoto@example.com","ST03","非アクティブ","2026-06-04 15:11:14.833261"
7233,"鈴木 結衣","yui.suzuki@example.com","ST02","アクティブ","2026-06-04 15:11:14.833261"
7234,"高橋 美咲","misaki.takahashi@example.com","ST04","退会","2026-06-04 15:11:14.833261"
7235,"高橋 悠斗","yuto.takahashi@example.com","ST01","新規","2026-06-04 15:11:14.833261"
7236,"山本 翔","sho.yamamoto@example.com","ST01","新規","2026-06-04 15:11:14.833261"
7237,"伊藤 翔","sho.ito@example.com","ST03","非アクティブ","2026-06-04 15:11:14.833261"
7238,"山田 健太","kenta.yamada@example.com","ST04","退会","2026-06-04 15:11:14.833261"
7239,"田中 大輔","daisuke.tanaka@example.com","ST04","退会","2026-06-04 15:11:14.833261"
7240,"中村 結衣","yui.nakamura@example.com","ST04","退会","2026-06-04 15:11:14.833261"
7241,"高橋 葵","aoi.takahashi@example.com","ST02","アクティブ","2026-06-04 15:11:14.833261"
7242,"山本 健太","kenta.yamamoto@example.com","ST02","アクティブ","2026-06-04 15:11:14.833261"
7243,"田中 彩花","ayaka.tanaka@example.com","ST04","退会","2026-06-04 15:11:14.833261"
7244,"吉田 拓海","takumi.yoshida@example.com","ST02","アクティブ","2026-06-04 15:11:14.833261"
7245,"加藤 蓮","ren.kato@example.com","ST03","非アクティブ","2026-06-04 15:11:14.833261"
7246,"吉田 結衣","yui.yoshida@example.com","ST02","アクティブ","2026-06-04 15:11:14.833261"
7247,"吉田 拓海","takumi.yoshida@example.com","ST01","新規","2026-06-04 15:11:14.833261"
7248,"山田 太郎","taro.yamada@example.com","ST04","退会","2026-06-04 15:11:14.833261"
7249,"田中 悠斗","yuto.tanaka@example.com","ST03","非アクティブ","2026-06-04 15:11:14.833261"
7250,"吉田 太郎","taro.yoshida@example.com","ST02","アクティブ","2026-06-04 15:11:14.833261"
7251,"伊藤 美咲","misaki.ito@example.com","ST03","非アクティブ","2026-06-04 15:11:14.833261"
7252,"中村 葵","aoi.nakamura@example.com","ST03","非アクティブ","2026-06-04 15:11:14.833261"
7253,"高橋 太郎","taro.takahashi@example.com","ST04","退会","2026-06-04 15:11:14.833261"
7254,"山本 健太","kenta.yamamoto@example.com","ST02","アクティブ","2026-06-04 15:11:14.833261"
7255,"吉田 葵","aoi.yoshida@example.com","ST03","非アクティブ","2026-06-04 15:11:14.833261"
7256,"加藤 太郎","taro.kato@example.com","ST04","退会","2026-06-04 15:11:14.833261"
7257,"高橋 拓海","takumi.takahashi@example.com","ST03","非アクティブ","2026-06-04 15:11:14.833261"
7258,"山本 太郎","taro.yamamoto@example.com","ST01","新規","2026-06-04 15:11:14.833261"
7259,"吉田 悠斗","yuto.yoshida@example.com","ST03","非アクティブ","2026-06-04 15:11:14.833261"
7260,"渡辺 彩花","ayaka.watanabe@example.com","ST01","新規","2026-06-04 15:11:14.833261"
7261,"高橋 葵","aoi.takahashi@example.com","ST02","アクティブ","2026-06-04 15:11:14.833261"
7262,"小林 太郎","taro.kobayashi@example.com","ST03","非アクティブ","2026-06-04 15:11:14.833261"
7263,"鈴木 蓮","ren.suzuki@example.com","ST04","退会","2026-06-04 15:11:14.833261"
7264,"加藤 彩花","ayaka.kato@example.com","ST02","アクティブ","2026-06-04 15:11:14.833261"
7265,"加藤 健太","kenta.kato@example.com","ST03","非アクティブ","2026-06-04 15:11:14.833261"
7266,"渡辺 大輔","daisuke.watanabe@example.com","ST03","非アクティブ","2026-06-04 15:11:14.833261"
7267,"渡辺 翔","sho.watanabe@example.com","ST03","非アクティブ","2026-06-04 15:11:14.833261"
7268,"伊藤 葵","aoi.ito@example.com","ST04","退会","2026-06-04 15:11:14.833261"
7269,"高橋 太郎","taro.takahashi@example.com","ST03","非アクティブ","2026-06-04 15:11:14.833261"
7270,"中村 健太","kenta.nakamura@example.com","ST03","非アクティブ","2026-06-04 15:11:14.833261"
7271,"高橋 蓮","ren.takahashi@example.com","ST04","退会","2026-06-04 15:11:14.833261"
7272,"小林 拓海","takumi.kobayashi@example.com","ST03","非アクティブ","2026-06-04 15:11:14.833261"
7273,"伊藤 葵","aoi.ito@example.com","ST04","退会","2026-06-04 15:11:14.833261"
7274,"山本 美咲","misaki.yamamoto@example.com","ST03","非アクティブ","2026-06-04 15:11:14.833261"
7275,"山田 拓海","takumi.yamada@example.com","ST04","退会","2026-06-04 15:11:14.833261"
7276,"山田 健太","kenta.yamada@example.com","ST03","非アクティブ","2026-06-04 15:11:14.833261"
7277,"田中 蓮","ren.tanaka@example.com","ST04","退会","2026-06-04 15:11:14.833261"
7278,"渡辺 太郎","taro.watanabe@example.com","ST03","非アクティブ","2026-06-04 15:11:14.833261"
7279,"山本 健太","kenta.yamamoto@example.com","ST02","アクティブ","2026-06-04 15:11:14.833261"
7280,"加藤 結衣","yui.kato@example.com","ST02","アクティブ","2026-06-04 15:11:14.833261"
7281,"吉田 美咲","misaki.yoshida@example.com","ST04","退会","2026-06-04 15:11:14.833261"
7282,"高橋 翔","sho.takahashi@example.com","ST04","退会","2026-06-04 15:11:14.833261"
7283,"吉田 彩花","ayaka.yoshida@example.com","ST03","非アクティブ","2026-06-04 15:11:14.833261"
7284,"伊藤 健太","kenta.ito@example.com","ST03","非アクティブ","2026-06-04 15:11:14.833261"
7285,"渡辺 悠斗","yuto.watanabe@example.com","ST01","新規","2026-06-04 15:11:14.833261"
7286,"高橋 翔","sho.takahashi@example.com","ST01","新規","2026-06-04 15:11:14.833261"
7287,"小林 太郎","taro.kobayashi@example.com","ST01","新規","2026-06-04 15:11:14.833261"
7288,"伊藤 美咲","misaki.ito@example.com","ST04","退会","2026-06-04 15:11:14.833261"
7289,"山田 結衣","yui.yamada@example.com","ST01","新規","2026-06-04 15:11:14.833261"
7290,"小林 彩花","ayaka.kobayashi@example.com","ST04","退会","2026-06-04 15:11:14.833261"
7291,"山田 蓮","ren.yamada@example.com","ST02","アクティブ","2026-06-04 15:11:14.833261"
7292,"鈴木 拓海","takumi.suzuki@example.com","ST02","アクティブ","2026-06-04 15:11:14.833261"
7293,"中村 健太","kenta.nakamura@example.com","ST02","アクティブ","2026-06-04 15:11:14.833261"
7294,"渡辺 拓海","takumi.watanabe@example.com","ST01","新規","2026-06-04 15:11:14.833261"
7295,"渡辺 結衣","yui.watanabe@example.com","ST01","新規","2026-06-04 15:11:14.833261"
7296,"山田 彩花","ayaka.yamada@example.com","ST01","新規","2026-06-04 15:11:14.833261"
7297,"山本 太郎","taro.yamamoto@example.com","ST01","新規","2026-06-04 15:11:14.833261"
7298,"鈴木 健太","kenta.suzuki@example.com","ST03","非アクティブ","2026-06-04 15:11:14.833261"
7299,"中村 翔","sho.nakamura@example.com","ST03","非アクティブ","2026-06-04 15:11:14.833261"
7300,"鈴木 健太","kenta.suzuki@example.com","ST04","退会","2026-06-04 15:11:14.833261"
7301,"田中 悠斗","yuto.tanaka@example.com","ST03","非アクティブ","2026-06-04 15:11:14.833261"
7302,"加藤 翔","sho.kato@example.com","ST01","新規","2026-06-04 15:11:14.833261"
7303,"高橋 彩花","ayaka.takahashi@example.com","ST02","アクティブ","2026-06-04 15:11:14.833261"
7304,"加藤 悠斗","yuto.kato@example.com","ST03","非アクティブ","2026-06-04 15:11:14.833261"
7305,"渡辺 太郎","taro.watanabe@example.com","ST01","新規","2026-06-04 15:11:14.833261"
7306,"加藤 大輔","daisuke.kato@example.com","ST02","アクティブ","2026-06-04 15:11:14.833261"
7307,"中村 陽菜","hina.nakamura@example.com","ST03","非アクティブ","2026-06-04 15:11:14.833261"
7308,"中村 拓海","takumi.nakamura@example.com","ST01","新規","2026-06-04 15:11:14.833261"
7309,"山田 蓮","ren.yamada@example.com","ST01","新規","2026-06-04 15:11:14.833261"
7310,"渡辺 拓海","takumi.watanabe@example.com","ST01","新規","2026-06-04 15:11:14.833261"
7311,"伊藤 彩花","ayaka.ito@example.com","ST01","新規","2026-06-04 15:11:14.833261"
7312,"中村 蓮","ren.nakamura@example.com","ST02","アクティブ","2026-06-04 15:11:14.833261"
7313,"佐藤 健太","kenta.sato@example.com","ST01","新規","2026-06-04 15:11:14.833261"
7314,"加藤 翔","sho.kato@example.com","ST02","アクティブ","2026-06-04 15:11:14.833261"
7315,"渡辺 彩花","ayaka.watanabe@example.com","ST02","アクティブ","2026-06-04 15:11:14.833261"
7316,"加藤 拓海","takumi.kato@example.com","ST04","退会","2026-06-04 15:11:14.833261"
7317,"高橋 悠斗","yuto.takahashi@example.com","ST02","アクティブ","2026-06-04 15:11:14.833261"
7318,"伊藤 彩花","ayaka.ito@example.com","ST02","アクティブ","2026-06-04 15:11:14.833261"
7319,"加藤 美咲","misaki.kato@example.com","ST04","退会","2026-06-04 15:11:14.833261"
7320,"小林 大輔","daisuke.kobayashi@example.com","ST04","退会","2026-06-04 15:11:14.833261"
7321,"山田 健太","kenta.yamada@example.com","ST02","アクティブ","2026-06-04 15:11:14.833261"
7322,"鈴木 太郎","taro.suzuki@example.com","ST01","新規","2026-06-04 15:11:14.833261"
7323,"佐藤 蓮","ren.sato@example.com","ST02","アクティブ","2026-06-04 15:11:14.833261"
7324,"渡辺 翔","sho.watanabe@example.com","ST02","アクティブ","2026-06-04 15:11:14.833261"
7325,"吉田 太郎","taro.yoshida@example.com","ST04","退会","2026-06-04 15:11:14.833261"
7326,"鈴木 太郎","taro.suzuki@example.com","ST02","アクティブ","2026-06-04 15:11:14.833261"
7327,"加藤 悠斗","yuto.kato@example.com","ST02","アクティブ","2026-06-04 15:11:14.833261"
7328,"小林 悠斗","yuto.kobayashi@example.com","ST02","アクティブ","2026-06-04 15:11:14.833261"
7329,"田中 健太","kenta.tanaka@example.com","ST01","新規","2026-06-04 15:11:14.833261"
7330,"佐藤 大輔","daisuke.sato@example.com","ST04","退会","2026-06-04 15:11:14.833261"
7331,"吉田 翔","sho.yoshida@example.com","ST01","新規","2026-06-04 15:11:14.833261"
7332,"小林 太郎","taro.kobayashi@example.com","ST04","退会","2026-06-04 15:11:14.833261"
7333,"渡辺 陽菜","hina.watanabe@example.com","ST03","非アクティブ","2026-06-04 15:11:14.833261"
7334,"高橋 健太","kenta.takahashi@example.com","ST04","退会","2026-06-04 15:11:14.833261"
7335,"佐藤 蓮","ren.sato@example.com","ST03","非アクティブ","2026-06-04 15:11:14.833261"
7336,"中村 葵","aoi.nakamura@example.com","ST01","新規","2026-06-04 15:11:14.833261"
7337,"伊藤 大輔","daisuke.ito@example.com","ST03","非アクティブ","2026-06-04 15:11:14.833261"
7338,"山田 健太","kenta.yamada@example.com","ST02","アクティブ","2026-06-04 15:11:14.833261"
7339,"田中 蓮","ren.tanaka@example.com","ST02","アクティブ","2026-06-04 15:11:14.833261"
7340,"高橋 美咲","misaki.takahashi@example.com","ST03","非アクティブ","2026-06-04 15:11:14.833261"
7341,"吉田 大輔","daisuke.yoshida@example.com","ST02","アクティブ","2026-06-04 15:11:14.833261"
7342,"小林 美咲","misaki.kobayashi@example.com","ST03","非アクティブ","2026-06-04 15:11:14.833261"
7343,"伊藤 陽菜","hina.ito@example.com","ST04","退会","2026-06-04 15:11:14.833261"
7344,"鈴木 翔","sho.suzuki@example.com","ST01","新規","2026-06-04 15:11:14.833261"
7345,"吉田 大輔","daisuke.yoshida@example.com","ST02","アクティブ","2026-06-04 15:11:14.833261"
7346,"加藤 健太","kenta.kato@example.com","ST02","アクティブ","2026-06-04 15:11:14.833261"
7347,"山田 悠斗","yuto.yamada@example.com","ST03","非アクティブ","2026-06-04 15:11:14.833261"
7348,"田中 翔","sho.tanaka@example.com","ST02","アクティブ","2026-06-04 15:11:14.833261"
7349,"鈴木 悠斗","yuto.suzuki@example.com","ST02","アクティブ","2026-06-04 15:11:14.833261"
7350,"渡辺 悠斗","yuto.watanabe@example.com","ST01","新規","2026-06-04 15:11:14.833261"
7351,"伊藤 太郎","taro.ito@example.com","ST04","退会","2026-06-04 15:11:14.833261"
7352,"伊藤 彩花","ayaka.ito@example.com","ST04","退会","2026-06-04 15:11:14.833261"
7353,"加藤 葵","aoi.kato@example.com","ST01","新規","2026-06-04 15:11:14.833261"
7354,"鈴木 美咲","misaki.suzuki@example.com","ST01","新規","2026-06-04 15:11:14.833261"
7355,"鈴木 悠斗","yuto.suzuki@example.com","ST03","非アクティブ","2026-06-04 15:11:14.833261"
7356,"吉田 太郎","taro.yoshida@example.com","ST02","アクティブ","2026-06-04 15:11:14.833261"
7357,"小林 葵","aoi.kobayashi@example.com","ST04","退会","2026-06-04 15:11:14.833261"
7358,"佐藤 翔","sho.sato@example.com","ST03","非アクティブ","2026-06-04 15:11:14.833261"
7359,"山本 大輔","daisuke.yamamoto@example.com","ST03","非アクティブ","2026-06-04 15:11:14.833261"
7360,"渡辺 結衣","yui.watanabe@example.com","ST04","退会","2026-06-04 15:11:14.833261"
7361,"鈴木 大輔","daisuke.suzuki@example.com","ST01","新規","2026-06-04 15:11:14.833261"
7362,"渡辺 葵","aoi.watanabe@example.com","ST03","非アクティブ","2026-06-04 15:11:14.833261"
7363,"加藤 結衣","yui.kato@example.com","ST02","アクティブ","2026-06-04 15:11:14.833261"
7364,"佐藤 翔","sho.sato@example.com","ST03","非アクティブ","2026-06-04 15:11:14.833261"
7365,"中村 陽菜","hina.nakamura@example.com","ST02","アクティブ","2026-06-04 15:11:14.833261"
7366,"伊藤 拓海","takumi.ito@example.com","ST01","新規","2026-06-04 15:11:14.833261"
7367,"中村 美咲","misaki.nakamura@example.com","ST01","新規","2026-06-04 15:11:14.833261"
7368,"中村 翔","sho.nakamura@example.com","ST03","非アクティブ","2026-06-04 15:11:14.833261"
7369,"中村 蓮","ren.nakamura@example.com","ST04","退会","2026-06-04 15:11:14.833261"
7370,"渡辺 太郎","taro.watanabe@example.com","ST02","アクティブ","2026-06-04 15:11:14.833261"
7371,"伊藤 大輔","daisuke.ito@example.com","ST04","退会","2026-06-04 15:11:14.833261"
7372,"田中 健太","kenta.tanaka@example.com","ST01","新規","2026-06-04 15:11:14.833261"
7373,"吉田 大輔","daisuke.yoshida@example.com","ST02","アクティブ","2026-06-04 15:11:14.833261"
7374,"山本 太郎","taro.yamamoto@example.com","ST03","非アクティブ","2026-06-04 15:11:14.833261"
7375,"高橋 結衣","yui.takahashi@example.com","ST03","非アクティブ","2026-06-04 15:11:14.833261"
7376,"吉田 結衣","yui.yoshida@example.com","ST02","アクティブ","2026-06-04 15:11:14.833261"
7377,"佐藤 葵","aoi.sato@example.com","ST04","退会","2026-06-04 15:11:14.833261"
7378,"田中 翔","sho.tanaka@example.com","ST04","退会","2026-06-04 15:11:14.833261"
7379,"伊藤 悠斗","yuto.ito@example.com","ST04","退会","2026-06-04 15:11:14.833261"
7380,"吉田 太郎","taro.yoshida@example.com","ST03","非アクティブ","2026-06-04 15:11:14.833261"
7381,"小林 蓮","ren.kobayashi@example.com","ST02","アクティブ","2026-06-04 15:11:14.833261"
7382,"小林 大輔","daisuke.kobayashi@example.com","ST04","退会","2026-06-04 15:11:14.833261"
7383,"伊藤 大輔","daisuke.ito@example.com","ST02","アクティブ","2026-06-04 15:11:14.833261"
7384,"小林 悠斗","yuto.kobayashi@example.com","ST04","退会","2026-06-04 15:11:14.833261"
7385,"伊藤 彩花","ayaka.ito@example.com","ST01","新規","2026-06-04 15:11:14.833261"
7386,"小林 大輔","daisuke.kobayashi@example.com","ST02","アクティブ","2026-06-04 15:11:14.833261"
7387,"中村 健太","kenta.nakamura@example.com","ST03","非アクティブ","2026-06-04 15:11:14.833261"
7388,"山田 陽菜","hina.yamada@example.com","ST02","アクティブ","2026-06-04 15:11:14.833261"
7389,"渡辺 結衣","yui.watanabe@example.com","ST03","非アクティブ","2026-06-04 15:11:14.833261"
7390,"山本 結衣","yui.yamamoto@example.com","ST04","退会","2026-06-04 15:11:14.833261"
7391,"加藤 太郎","taro.kato@example.com","ST02","アクティブ","2026-06-04 15:11:14.833261"
7392,"伊藤 翔","sho.ito@example.com","ST02","アクティブ","2026-06-04 15:11:14.833261"
7393,"伊藤 拓海","takumi.ito@example.com","ST03","非アクティブ","2026-06-04 15:11:14.833261"
7394,"吉田 健太","kenta.yoshida@example.com","ST03","非アクティブ","2026-06-04 15:11:14.833261"
7395,"中村 美咲","misaki.nakamura@example.com","ST04","退会","2026-06-04 15:11:14.833261"
7396,"渡辺 翔","sho.watanabe@example.com","ST03","非アクティブ","2026-06-04 15:11:14.833261"
7397,"小林 葵","aoi.kobayashi@example.com","ST01","新規","2026-06-04 15:11:14.833261"
7398,"伊藤 太郎","taro.ito@example.com","ST03","非アクティブ","2026-06-04 15:11:14.833261"
7399,"伊藤 悠斗","yuto.ito@example.com","ST04","退会","2026-06-04 15:11:14.833261"
7400,"小林 結衣","yui.kobayashi@example.com","ST02","アクティブ","2026-06-04 15:11:14.833261"
7401,"佐藤 美咲","misaki.sato@example.com","ST04","退会","2026-06-04 15:11:14.833261"
7402,"吉田 悠斗","yuto.yoshida@example.com","ST04","退会","2026-06-04 15:11:14.833261"
7403,"小林 葵","aoi.kobayashi@example.com","ST02","アクティブ","2026-06-04 15:11:14.833261"
7404,"山本 美咲","misaki.yamamoto@example.com","ST03","非アクティブ","2026-06-04 15:11:14.833261"
7405,"吉田 翔","sho.yoshida@example.com","ST01","新規","2026-06-04 15:11:14.833261"
7406,"山田 健太","kenta.yamada@example.com","ST02","アクティブ","2026-06-04 15:11:14.833261"
7407,"吉田 結衣","yui.yoshida@example.com","ST03","非アクティブ","2026-06-04 15:11:14.833261"
7408,"山田 美咲","misaki.yamada@example.com","ST03","非アクティブ","2026-06-04 15:11:14.833261"
7409,"伊藤 美咲","misaki.ito@example.com","ST03","非アクティブ","2026-06-04 15:11:14.833261"
7410,"伊藤 葵","aoi.ito@example.com","ST04","退会","2026-06-04 15:11:14.833261"
7411,"加藤 蓮","ren.kato@example.com","ST02","アクティブ","2026-06-04 15:11:14.833261"
7412,"高橋 結衣","yui.takahashi@example.com","ST04","退会","2026-06-04 15:11:14.833261"
7413,"吉田 健太","kenta.yoshida@example.com","ST02","アクティブ","2026-06-04 15:11:14.833261"
7414,"中村 結衣","yui.nakamura@example.com","ST01","新規","2026-06-04 15:11:14.833261"
7415,"伊藤 美咲","misaki.ito@example.com","ST04","退会","2026-06-04 15:11:14.833261"
7416,"高橋 結衣","yui.takahashi@example.com","ST04","退会","2026-06-04 15:11:14.833261"
7417,"山田 太郎","taro.yamada@example.com","ST04","退会","2026-06-04 15:11:14.833261"
7418,"中村 太郎","taro.nakamura@example.com","ST01","新規","2026-06-04 15:11:14.833261"
7419,"伊藤 拓海","takumi.ito@example.com","ST02","アクティブ","2026-06-04 15:11:14.833261"
7420,"伊藤 葵","aoi.ito@example.com","ST02","アクティブ","2026-06-04 15:11:14.833261"
7421,"山本 結衣","yui.yamamoto@example.com","ST02","アクティブ","2026-06-04 15:11:14.833261"
7422,"鈴木 悠斗","yuto.suzuki@example.com","ST01","新規","2026-06-04 15:11:14.833261"
7423,"鈴木 美咲","misaki.suzuki@example.com","ST03","非アクティブ","2026-06-04 15:11:14.833261"
7424,"伊藤 大輔","daisuke.ito@example.com","ST04","退会","2026-06-04 15:11:14.833261"
7425,"田中 葵","aoi.tanaka@example.com","ST03","非アクティブ","2026-06-04 15:11:14.833261"
7426,"山田 翔","sho.yamada@example.com","ST03","非アクティブ","2026-06-04 15:11:14.833261"
7427,"加藤 太郎","taro.kato@example.com","ST01","新規","2026-06-04 15:11:14.833261"
7428,"中村 悠斗","yuto.nakamura@example.com","ST03","非アクティブ","2026-06-04 15:11:14.833261"
7429,"高橋 美咲","misaki.takahashi@example.com","ST01","新規","2026-06-04 15:11:14.833261"
7430,"吉田 拓海","takumi.yoshida@example.com","ST01","新規","2026-06-04 15:11:14.833261"
7431,"山田 大輔","daisuke.yamada@example.com","ST03","非アクティブ","2026-06-04 15:11:14.833261"
7432,"山本 翔","sho.yamamoto@example.com","ST01","新規","2026-06-04 15:11:14.833261"
7433,"鈴木 彩花","ayaka.suzuki@example.com","ST04","退会","2026-06-04 15:11:14.833261"
7434,"田中 葵","aoi.tanaka@example.com","ST04","退会","2026-06-04 15:11:14.833261"
7435,"山本 彩花","ayaka.yamamoto@example.com","ST03","非アクティブ","2026-06-04 15:11:14.833261"
7436,"鈴木 美咲","misaki.suzuki@example.com","ST01","新規","2026-06-04 15:11:14.833261"
7437,"渡辺 悠斗","yuto.watanabe@example.com","ST04","退会","2026-06-04 15:11:14.833261"
7438,"加藤 健太","kenta.kato@example.com","ST04","退会","2026-06-04 15:11:14.833261"
7439,"加藤 美咲","misaki.kato@example.com","ST02","アクティブ","2026-06-04 15:11:14.833261"
7440,"渡辺 彩花","ayaka.watanabe@example.com","ST03","非アクティブ","2026-06-04 15:11:14.833261"
7441,"山本 陽菜","hina.yamamoto@example.com","ST02","アクティブ","2026-06-04 15:11:14.833261"
7442,"山本 結衣","yui.yamamoto@example.com","ST02","アクティブ","2026-06-04 15:11:14.833261"
7443,"伊藤 美咲","misaki.ito@example.com","ST04","退会","2026-06-04 15:11:14.833261"
7444,"佐藤 大輔","daisuke.sato@example.com","ST03","非アクティブ","2026-06-04 15:11:14.833261"
7445,"渡辺 翔","sho.watanabe@example.com","ST01","新規","2026-06-04 15:11:14.833261"
7446,"鈴木 結衣","yui.suzuki@example.com","ST03","非アクティブ","2026-06-04 15:11:14.833261"
7447,"小林 大輔","daisuke.kobayashi@example.com","ST04","退会","2026-06-04 15:11:14.833261"
7448,"田中 葵","aoi.tanaka@example.com","ST02","アクティブ","2026-06-04 15:11:14.833261"
7449,"田中 健太","kenta.tanaka@example.com","ST01","新規","2026-06-04 15:11:14.833261"
7450,"渡辺 結衣","yui.watanabe@example.com","ST04","退会","2026-06-04 15:11:14.833261"
7451,"鈴木 美咲","misaki.suzuki@example.com","ST03","非アクティブ","2026-06-04 15:11:14.833261"
7452,"吉田 結衣","yui.yoshida@example.com","ST04","退会","2026-06-04 15:11:14.833261"
7453,"渡辺 拓海","takumi.watanabe@example.com","ST04","退会","2026-06-04 15:11:14.833261"
7454,"田中 蓮","ren.tanaka@example.com","ST03","非アクティブ","2026-06-04 15:11:14.833261"
7455,"小林 彩花","ayaka.kobayashi@example.com","ST02","アクティブ","2026-06-04 15:11:14.833261"
7456,"伊藤 翔","sho.ito@example.com","ST01","新規","2026-06-04 15:11:14.833261"
7457,"高橋 大輔","daisuke.takahashi@example.com","ST01","新規","2026-06-04 15:11:14.833261"
7458,"伊藤 葵","aoi.ito@example.com","ST03","非アクティブ","2026-06-04 15:11:14.833261"
7459,"加藤 葵","aoi.kato@example.com","ST02","アクティブ","2026-06-04 15:11:14.833261"
7460,"渡辺 拓海","takumi.watanabe@example.com","ST03","非アクティブ","2026-06-04 15:11:14.833261"
7461,"加藤 蓮","ren.kato@example.com","ST03","非アクティブ","2026-06-04 15:11:14.833261"
7462,"加藤 蓮","ren.kato@example.com","ST01","新規","2026-06-04 15:11:14.833261"
7463,"中村 彩花","ayaka.nakamura@example.com","ST01","新規","2026-06-04 15:11:14.833261"
7464,"渡辺 健太","kenta.watanabe@example.com","ST02","アクティブ","2026-06-04 15:11:14.833261"
7465,"小林 美咲","misaki.kobayashi@example.com","ST01","新規","2026-06-04 15:11:14.833261"
7466,"渡辺 蓮","ren.watanabe@example.com","ST01","新規","2026-06-04 15:11:14.833261"
7467,"山本 悠斗","yuto.yamamoto@example.com","ST04","退会","2026-06-04 15:11:14.833261"
7468,"田中 葵","aoi.tanaka@example.com","ST02","アクティブ","2026-06-04 15:11:14.833261"
7469,"山田 陽菜","hina.yamada@example.com","ST01","新規","2026-06-04 15:11:14.833261"
7470,"小林 翔","sho.kobayashi@example.com","ST04","退会","2026-06-04 15:11:14.833261"
7471,"佐藤 彩花","ayaka.sato@example.com","ST04","退会","2026-06-04 15:11:14.833261"
7472,"鈴木 陽菜","hina.suzuki@example.com","ST03","非アクティブ","2026-06-04 15:11:14.833261"
7473,"加藤 陽菜","hina.kato@example.com","ST02","アクティブ","2026-06-04 15:11:14.833261"
7474,"山本 悠斗","yuto.yamamoto@example.com","ST04","退会","2026-06-04 15:11:14.833261"
7475,"高橋 拓海","takumi.takahashi@example.com","ST03","非アクティブ","2026-06-04 15:11:14.833261"
7476,"山田 結衣","yui.yamada@example.com","ST02","アクティブ","2026-06-04 15:11:14.833261"
7477,"加藤 結衣","yui.kato@example.com","ST03","非アクティブ","2026-06-04 15:11:14.833261"
7478,"鈴木 拓海","takumi.suzuki@example.com","ST04","退会","2026-06-04 15:11:14.833261"
7479,"加藤 拓海","takumi.kato@example.com","ST04","退会","2026-06-04 15:11:14.833261"
7480,"伊藤 大輔","daisuke.ito@example.com","ST04","退会","2026-06-04 15:11:14.833261"
7481,"渡辺 美咲","misaki.watanabe@example.com","ST03","非アクティブ","2026-06-04 15:11:14.833261"
7482,"高橋 葵","aoi.takahashi@example.com","ST02","アクティブ","2026-06-04 15:11:14.833261"
7483,"田中 蓮","ren.tanaka@example.com","ST04","退会","2026-06-04 15:11:14.833261"
7484,"渡辺 美咲","misaki.watanabe@example.com","ST03","非アクティブ","2026-06-04 15:11:14.833261"
7485,"中村 太郎","taro.nakamura@example.com","ST04","退会","2026-06-04 15:11:14.833261"
7486,"山田 葵","aoi.yamada@example.com","ST04","退会","2026-06-04 15:11:14.833261"
7487,"小林 美咲","misaki.kobayashi@example.com","ST03","非アクティブ","2026-06-04 15:11:14.833261"
7488,"中村 美咲","misaki.nakamura@example.com","ST03","非アクティブ","2026-06-04 15:11:14.833261"
7489,"高橋 陽菜","hina.takahashi@example.com","ST02","アクティブ","2026-06-04 15:11:14.833261"
7490,"加藤 太郎","taro.kato@example.com","ST01","新規","2026-06-04 15:11:14.833261"
7491,"吉田 美咲","misaki.yoshida@example.com","ST02","アクティブ","2026-06-04 15:11:14.833261"
7492,"山田 陽菜","hina.yamada@example.com","ST03","非アクティブ","2026-06-04 15:11:14.833261"
7493,"佐藤 彩花","ayaka.sato@example.com","ST01","新規","2026-06-04 15:11:14.833261"
7494,"加藤 拓海","takumi.kato@example.com","ST02","アクティブ","2026-06-04 15:11:14.833261"
7495,"加藤 美咲","misaki.kato@example.com","ST04","退会","2026-06-04 15:11:14.833261"
7496,"佐藤 悠斗","yuto.sato@example.com","ST03","非アクティブ","2026-06-04 15:11:14.833261"
7497,"山本 健太","kenta.yamamoto@example.com","ST04","退会","2026-06-04 15:11:14.833261"
7498,"小林 拓海","takumi.kobayashi@example.com","ST04","退会","2026-06-04 15:11:14.833261"
7499,"中村 悠斗","yuto.nakamura@example.com","ST01","新規","2026-06-04 15:11:14.833261"
7500,"渡辺 悠斗","yuto.watanabe@example.com","ST03","非アクティブ","2026-06-04 15:11:14.833261"
7501,"吉田 翔","sho.yoshida@example.com","ST03","非アクティブ","2026-06-04 15:11:14.833261"
7502,"高橋 健太","kenta.takahashi@example.com","ST01","新規","2026-06-04 15:11:14.833261"
7503,"山田 美咲","misaki.yamada@example.com","ST04","退会","2026-06-04 15:11:14.833261"
7504,"田中 葵","aoi.tanaka@example.com","ST01","新規","2026-06-04 15:11:14.833261"
7505,"渡辺 太郎","taro.watanabe@example.com","ST01","新規","2026-06-04 15:11:14.833261"
7506,"小林 彩花","ayaka.kobayashi@example.com","ST03","非アクティブ","2026-06-04 15:11:14.833261"
7507,"山田 彩花","ayaka.yamada@example.com","ST04","退会","2026-06-04 15:11:14.833261"
7508,"中村 陽菜","hina.nakamura@example.com","ST01","新規","2026-06-04 15:11:14.833261"
7509,"田中 翔","sho.tanaka@example.com","ST02","アクティブ","2026-06-04 15:11:14.833261"
7510,"山田 蓮","ren.yamada@example.com","ST04","退会","2026-06-04 15:11:14.833261"
7511,"吉田 彩花","ayaka.yoshida@example.com","ST01","新規","2026-06-04 15:11:14.833261"
7512,"吉田 蓮","ren.yoshida@example.com","ST03","非アクティブ","2026-06-04 15:11:14.833261"
7513,"田中 彩花","ayaka.tanaka@example.com","ST03","非アクティブ","2026-06-04 15:11:14.833261"
7514,"山田 拓海","takumi.yamada@example.com","ST01","新規","2026-06-04 15:11:14.833261"
7515,"中村 美咲","misaki.nakamura@example.com","ST02","アクティブ","2026-06-04 15:11:14.833261"
7516,"鈴木 太郎","taro.suzuki@example.com","ST03","非アクティブ","2026-06-04 15:11:14.833261"
7517,"中村 蓮","ren.nakamura@example.com","ST01","新規","2026-06-04 15:11:14.833261"
7518,"小林 葵","aoi.kobayashi@example.com","ST02","アクティブ","2026-06-04 15:11:14.833261"
7519,"加藤 陽菜","hina.kato@example.com","ST04","退会","2026-06-04 15:11:14.833261"
7520,"伊藤 健太","kenta.ito@example.com","ST02","アクティブ","2026-06-04 15:11:14.833261"
7521,"山田 結衣","yui.yamada@example.com","ST02","アクティブ","2026-06-04 15:11:14.833261"
7522,"山本 彩花","ayaka.yamamoto@example.com","ST04","退会","2026-06-04 15:11:14.833261"
7523,"吉田 翔","sho.yoshida@example.com","ST01","新規","2026-06-04 15:11:14.833261"
7524,"山本 彩花","ayaka.yamamoto@example.com","ST02","アクティブ","2026-06-04 15:11:14.833261"
7525,"渡辺 悠斗","yuto.watanabe@example.com","ST02","アクティブ","2026-06-04 15:11:14.833261"
7526,"小林 彩花","ayaka.kobayashi@example.com","ST02","アクティブ","2026-06-04 15:11:14.833261"
7527,"伊藤 彩花","ayaka.ito@example.com","ST03","非アクティブ","2026-06-04 15:11:14.833261"
7528,"田中 翔","sho.tanaka@example.com","ST04","退会","2026-06-04 15:11:14.833261"
7529,"小林 陽菜","hina.kobayashi@example.com","ST02","アクティブ","2026-06-04 15:11:14.833261"
7530,"鈴木 拓海","takumi.suzuki@example.com","ST02","アクティブ","2026-06-04 15:11:14.833261"
7531,"山田 彩花","ayaka.yamada@example.com","ST02","アクティブ","2026-06-04 15:11:14.833261"
7532,"山田 彩花","ayaka.yamada@example.com","ST04","退会","2026-06-04 15:11:14.833261"
7533,"高橋 美咲","misaki.takahashi@example.com","ST01","新規","2026-06-04 15:11:14.833261"
7534,"伊藤 太郎","taro.ito@example.com","ST02","アクティブ","2026-06-04 15:11:14.833261"
7535,"小林 結衣","yui.kobayashi@example.com","ST03","非アクティブ","2026-06-04 15:11:14.833261"
7536,"佐藤 太郎","taro.sato@example.com","ST04","退会","2026-06-04 15:11:14.833261"
7537,"伊藤 太郎","taro.ito@example.com","ST04","退会","2026-06-04 15:11:14.833261"
7538,"鈴木 結衣","yui.suzuki@example.com","ST03","非アクティブ","2026-06-04 15:11:14.833261"
7539,"吉田 蓮","ren.yoshida@example.com","ST02","アクティブ","2026-06-04 15:11:14.833261"
7540,"高橋 大輔","daisuke.takahashi@example.com","ST04","退会","2026-06-04 15:11:14.833261"
7541,"田中 結衣","yui.tanaka@example.com","ST03","非アクティブ","2026-06-04 15:11:14.833261"
7542,"中村 悠斗","yuto.nakamura@example.com","ST03","非アクティブ","2026-06-04 15:11:14.833261"
7543,"伊藤 悠斗","yuto.ito@example.com","ST03","非アクティブ","2026-06-04 15:11:14.833261"
7544,"高橋 健太","kenta.takahashi@example.com","ST01","新規","2026-06-04 15:11:14.833261"
7545,"山田 結衣","yui.yamada@example.com","ST04","退会","2026-06-04 15:11:14.833261"
7546,"佐藤 彩花","ayaka.sato@example.com","ST03","非アクティブ","2026-06-04 15:11:14.833261"
7547,"佐藤 拓海","takumi.sato@example.com","ST01","新規","2026-06-04 15:11:14.833261"
7548,"吉田 太郎","taro.yoshida@example.com","ST03","非アクティブ","2026-06-04 15:11:14.833261"
7549,"加藤 美咲","misaki.kato@example.com","ST03","非アクティブ","2026-06-04 15:11:14.833261"
7550,"小林 翔","sho.kobayashi@example.com","ST04","退会","2026-06-04 15:11:14.833261"
7551,"鈴木 葵","aoi.suzuki@example.com","ST02","アクティブ","2026-06-04 15:11:14.833261"
7552,"山田 翔","sho.yamada@example.com","ST03","非アクティブ","2026-06-04 15:11:14.833261"
7553,"小林 太郎","taro.kobayashi@example.com","ST04","退会","2026-06-04 15:11:14.833261"
7554,"鈴木 美咲","misaki.suzuki@example.com","ST02","アクティブ","2026-06-04 15:11:14.833261"
7555,"佐藤 美咲","misaki.sato@example.com","ST02","アクティブ","2026-06-04 15:11:14.833261"
7556,"加藤 大輔","daisuke.kato@example.com","ST04","退会","2026-06-04 15:11:14.833261"
7557,"高橋 葵","aoi.takahashi@example.com","ST03","非アクティブ","2026-06-04 15:11:14.833261"
7558,"田中 健太","kenta.tanaka@example.com","ST01","新規","2026-06-04 15:11:14.833261"
7559,"中村 彩花","ayaka.nakamura@example.com","ST03","非アクティブ","2026-06-04 15:11:14.833261"
7560,"伊藤 美咲","misaki.ito@example.com","ST03","非アクティブ","2026-06-04 15:11:14.833261"
7561,"高橋 拓海","takumi.takahashi@example.com","ST02","アクティブ","2026-06-04 15:11:14.833261"
7562,"中村 葵","aoi.nakamura@example.com","ST02","アクティブ","2026-06-04 15:11:14.833261"
7563,"田中 健太","kenta.tanaka@example.com","ST03","非アクティブ","2026-06-04 15:11:14.833261"
7564,"中村 蓮","ren.nakamura@example.com","ST04","退会","2026-06-04 15:11:14.833261"
7565,"田中 陽菜","hina.tanaka@example.com","ST04","退会","2026-06-04 15:11:14.833261"
7566,"伊藤 健太","kenta.ito@example.com","ST04","退会","2026-06-04 15:11:14.833261"
7567,"高橋 彩花","ayaka.takahashi@example.com","ST03","非アクティブ","2026-06-04 15:11:14.833261"
7568,"小林 美咲","misaki.kobayashi@example.com","ST01","新規","2026-06-04 15:11:14.833261"
7569,"田中 彩花","ayaka.tanaka@example.com","ST03","非アクティブ","2026-06-04 15:11:14.833261"
7570,"吉田 大輔","daisuke.yoshida@example.com","ST01","新規","2026-06-04 15:11:14.833261"
7571,"加藤 蓮","ren.kato@example.com","ST01","新規","2026-06-04 15:11:14.833261"
7572,"佐藤 健太","kenta.sato@example.com","ST01","新規","2026-06-04 15:11:14.833261"
7573,"加藤 拓海","takumi.kato@example.com","ST01","新規","2026-06-04 15:11:14.833261"
7574,"吉田 悠斗","yuto.yoshida@example.com","ST03","非アクティブ","2026-06-04 15:11:14.833261"
7575,"渡辺 結衣","yui.watanabe@example.com","ST03","非アクティブ","2026-06-04 15:11:14.833261"
7576,"田中 悠斗","yuto.tanaka@example.com","ST01","新規","2026-06-04 15:11:14.833261"
7577,"加藤 悠斗","yuto.kato@example.com","ST03","非アクティブ","2026-06-04 15:11:14.833261"
7578,"伊藤 葵","aoi.ito@example.com","ST04","退会","2026-06-04 15:11:14.833261"
7579,"鈴木 太郎","taro.suzuki@example.com","ST03","非アクティブ","2026-06-04 15:11:14.833261"
7580,"佐藤 太郎","taro.sato@example.com","ST04","退会","2026-06-04 15:11:14.833261"
7581,"田中 陽菜","hina.tanaka@example.com","ST03","非アクティブ","2026-06-04 15:11:14.833261"
7582,"加藤 大輔","daisuke.kato@example.com","ST01","新規","2026-06-04 15:11:14.833261"
7583,"山田 翔","sho.yamada@example.com","ST01","新規","2026-06-04 15:11:14.833261"
7584,"渡辺 彩花","ayaka.watanabe@example.com","ST01","新規","2026-06-04 15:11:14.833261"
7585,"高橋 葵","aoi.takahashi@example.com","ST01","新規","2026-06-04 15:11:14.833261"
7586,"中村 健太","kenta.nakamura@example.com","ST02","アクティブ","2026-06-04 15:11:14.833261"
7587,"小林 美咲","misaki.kobayashi@example.com","ST03","非アクティブ","2026-06-04 15:11:14.833261"
7588,"渡辺 陽菜","hina.watanabe@example.com","ST02","アクティブ","2026-06-04 15:11:14.833261"
7589,"加藤 翔","sho.kato@example.com","ST01","新規","2026-06-04 15:11:14.833261"
7590,"吉田 拓海","takumi.yoshida@example.com","ST04","退会","2026-06-04 15:11:14.833261"
7591,"田中 彩花","ayaka.tanaka@example.com","ST03","非アクティブ","2026-06-04 15:11:14.833261"
7592,"伊藤 彩花","ayaka.ito@example.com","ST01","新規","2026-06-04 15:11:14.833261"
7593,"渡辺 蓮","ren.watanabe@example.com","ST04","退会","2026-06-04 15:11:14.833261"
7594,"小林 美咲","misaki.kobayashi@example.com","ST04","退会","2026-06-04 15:11:14.833261"
7595,"小林 葵","aoi.kobayashi@example.com","ST03","非アクティブ","2026-06-04 15:11:14.833261"
7596,"田中 結衣","yui.tanaka@example.com","ST01","新規","2026-06-04 15:11:14.833261"
7597,"加藤 翔","sho.kato@example.com","ST03","非アクティブ","2026-06-04 15:11:14.833261"
7598,"伊藤 悠斗","yuto.ito@example.com","ST01","新規","2026-06-04 15:11:14.833261"
7599,"高橋 悠斗","yuto.takahashi@example.com","ST03","非アクティブ","2026-06-04 15:11:14.833261"
7600,"渡辺 翔","sho.watanabe@example.com","ST02","アクティブ","2026-06-04 15:11:14.833261"
7601,"加藤 太郎","taro.kato@example.com","ST03","非アクティブ","2026-06-04 15:11:14.833261"
7602,"吉田 美咲","misaki.yoshida@example.com","ST01","新規","2026-06-04 15:11:14.833261"
7603,"加藤 拓海","takumi.kato@example.com","ST03","非アクティブ","2026-06-04 15:11:14.833261"
7604,"高橋 拓海","takumi.takahashi@example.com","ST04","退会","2026-06-04 15:11:14.833261"
7605,"吉田 大輔","daisuke.yoshida@example.com","ST03","非アクティブ","2026-06-04 15:11:14.833261"
7606,"中村 健太","kenta.nakamura@example.com","ST04","退会","2026-06-04 15:11:14.833261"
7607,"渡辺 結衣","yui.watanabe@example.com","ST04","退会","2026-06-04 15:11:14.833261"
7608,"高橋 結衣","yui.takahashi@example.com","ST01","新規","2026-06-04 15:11:14.833261"
7609,"山本 翔","sho.yamamoto@example.com","ST01","新規","2026-06-04 15:11:14.833261"
7610,"高橋 翔","sho.takahashi@example.com","ST02","アクティブ","2026-06-04 15:11:14.833261"
7611,"渡辺 大輔","daisuke.watanabe@example.com","ST04","退会","2026-06-04 15:11:14.833261"
7612,"山田 蓮","ren.yamada@example.com","ST04","退会","2026-06-04 15:11:14.833261"
7613,"中村 大輔","daisuke.nakamura@example.com","ST03","非アクティブ","2026-06-04 15:11:14.833261"
7614,"中村 健太","kenta.nakamura@example.com","ST03","非アクティブ","2026-06-04 15:11:14.833261"
7615,"佐藤 太郎","taro.sato@example.com","ST02","アクティブ","2026-06-04 15:11:14.833261"
7616,"高橋 陽菜","hina.takahashi@example.com","ST04","退会","2026-06-04 15:11:14.833261"
7617,"中村 蓮","ren.nakamura@example.com","ST02","アクティブ","2026-06-04 15:11:14.833261"
7618,"佐藤 彩花","ayaka.sato@example.com","ST04","退会","2026-06-04 15:11:14.833261"
7619,"加藤 陽菜","hina.kato@example.com","ST02","アクティブ","2026-06-04 15:11:14.833261"
7620,"吉田 彩花","ayaka.yoshida@example.com","ST04","退会","2026-06-04 15:11:14.833261"
7621,"山本 美咲","misaki.yamamoto@example.com","ST02","アクティブ","2026-06-04 15:11:14.833261"
7622,"伊藤 翔","sho.ito@example.com","ST02","アクティブ","2026-06-04 15:11:14.833261"
7623,"吉田 美咲","misaki.yoshida@example.com","ST01","新規","2026-06-04 15:11:14.833261"
7624,"小林 悠斗","yuto.kobayashi@example.com","ST01","新規","2026-06-04 15:11:14.833261"
7625,"山本 健太","kenta.yamamoto@example.com","ST02","アクティブ","2026-06-04 15:11:14.833261"
7626,"鈴木 拓海","takumi.suzuki@example.com","ST01","新規","2026-06-04 15:11:14.833261"
7627,"加藤 陽菜","hina.kato@example.com","ST04","退会","2026-06-04 15:11:14.833261"
7628,"渡辺 葵","aoi.watanabe@example.com","ST02","アクティブ","2026-06-04 15:11:14.833261"
7629,"鈴木 彩花","ayaka.suzuki@example.com","ST01","新規","2026-06-04 15:11:14.833261"
7630,"渡辺 太郎","taro.watanabe@example.com","ST03","非アクティブ","2026-06-04 15:11:14.833261"
7631,"山本 健太","kenta.yamamoto@example.com","ST04","退会","2026-06-04 15:11:14.833261"
7632,"吉田 陽菜","hina.yoshida@example.com","ST04","退会","2026-06-04 15:11:14.833261"
7633,"小林 翔","sho.kobayashi@example.com","ST03","非アクティブ","2026-06-04 15:11:14.833261"
7634,"山田 彩花","ayaka.yamada@example.com","ST02","アクティブ","2026-06-04 15:11:14.833261"
7635,"加藤 拓海","takumi.kato@example.com","ST04","退会","2026-06-04 15:11:14.833261"
7636,"小林 太郎","taro.kobayashi@example.com","ST03","非アクティブ","2026-06-04 15:11:14.833261"
7637,"吉田 彩花","ayaka.yoshida@example.com","ST04","退会","2026-06-04 15:11:14.833261"
7638,"山本 蓮","ren.yamamoto@example.com","ST03","非アクティブ","2026-06-04 15:11:14.833261"
7639,"山田 美咲","misaki.yamada@example.com","ST01","新規","2026-06-04 15:11:14.833261"
7640,"加藤 太郎","taro.kato@example.com","ST01","新規","2026-06-04 15:11:14.833261"
7641,"中村 拓海","takumi.nakamura@example.com","ST04","退会","2026-06-04 15:11:14.833261"
7642,"佐藤 蓮","ren.sato@example.com","ST02","アクティブ","2026-06-04 15:11:14.833261"
7643,"加藤 蓮","ren.kato@example.com","ST01","新規","2026-06-04 15:11:14.833261"
7644,"中村 悠斗","yuto.nakamura@example.com","ST03","非アクティブ","2026-06-04 15:11:14.833261"
7645,"高橋 大輔","daisuke.takahashi@example.com","ST02","アクティブ","2026-06-04 15:11:14.833261"
7646,"高橋 健太","kenta.takahashi@example.com","ST01","新規","2026-06-04 15:11:14.833261"
7647,"高橋 蓮","ren.takahashi@example.com","ST03","非アクティブ","2026-06-04 15:11:14.833261"
7648,"渡辺 蓮","ren.watanabe@example.com","ST03","非アクティブ","2026-06-04 15:11:14.833261"
7649,"吉田 結衣","yui.yoshida@example.com","ST01","新規","2026-06-04 15:11:14.833261"
7650,"中村 翔","sho.nakamura@example.com","ST03","非アクティブ","2026-06-04 15:11:14.833261"
7651,"田中 陽菜","hina.tanaka@example.com","ST02","アクティブ","2026-06-04 15:11:14.833261"
7652,"山本 太郎","taro.yamamoto@example.com","ST02","アクティブ","2026-06-04 15:11:14.833261"
7653,"山本 大輔","daisuke.yamamoto@example.com","ST04","退会","2026-06-04 15:11:14.833261"
7654,"伊藤 大輔","daisuke.ito@example.com","ST02","アクティブ","2026-06-04 15:11:14.833261"
7655,"吉田 太郎","taro.yoshida@example.com","ST03","非アクティブ","2026-06-04 15:11:14.833261"
7656,"山田 結衣","yui.yamada@example.com","ST03","非アクティブ","2026-06-04 15:11:14.833261"
7657,"鈴木 蓮","ren.suzuki@example.com","ST04","退会","2026-06-04 15:11:14.833261"
7658,"渡辺 健太","kenta.watanabe@example.com","ST04","退会","2026-06-04 15:11:14.833261"
7659,"田中 大輔","daisuke.tanaka@example.com","ST03","非アクティブ","2026-06-04 15:11:14.833261"
7660,"鈴木 葵","aoi.suzuki@example.com","ST01","新規","2026-06-04 15:11:14.833261"
7661,"山田 悠斗","yuto.yamada@example.com","ST04","退会","2026-06-04 15:11:14.833261"
7662,"田中 結衣","yui.tanaka@example.com","ST03","非アクティブ","2026-06-04 15:11:14.833261"
7663,"小林 悠斗","yuto.kobayashi@example.com","ST02","アクティブ","2026-06-04 15:11:14.833261"
7664,"山本 大輔","daisuke.yamamoto@example.com","ST02","アクティブ","2026-06-04 15:11:14.833261"
7665,"渡辺 大輔","daisuke.watanabe@example.com","ST01","新規","2026-06-04 15:11:14.833261"
7666,"加藤 健太","kenta.kato@example.com","ST01","新規","2026-06-04 15:11:14.833261"
7667,"佐藤 美咲","misaki.sato@example.com","ST02","アクティブ","2026-06-04 15:11:14.833261"
7668,"加藤 彩花","ayaka.kato@example.com","ST04","退会","2026-06-04 15:11:14.833261"
7669,"鈴木 葵","aoi.suzuki@example.com","ST03","非アクティブ","2026-06-04 15:11:14.833261"
7670,"佐藤 太郎","taro.sato@example.com","ST04","退会","2026-06-04 15:11:14.833261"
7671,"山本 悠斗","yuto.yamamoto@example.com","ST04","退会","2026-06-04 15:11:14.833261"
7672,"吉田 悠斗","yuto.yoshida@example.com","ST02","アクティブ","2026-06-04 15:11:14.833261"
7673,"小林 彩花","ayaka.kobayashi@example.com","ST04","退会","2026-06-04 15:11:14.833261"
7674,"中村 悠斗","yuto.nakamura@example.com","ST01","新規","2026-06-04 15:11:14.833261"
7675,"高橋 葵","aoi.takahashi@example.com","ST01","新規","2026-06-04 15:11:14.833261"
7676,"伊藤 美咲","misaki.ito@example.com","ST02","アクティブ","2026-06-04 15:11:14.833261"
7677,"田中 美咲","misaki.tanaka@example.com","ST02","アクティブ","2026-06-04 15:11:14.833261"
7678,"伊藤 大輔","daisuke.ito@example.com","ST04","退会","2026-06-04 15:11:14.833261"
7679,"佐藤 結衣","yui.sato@example.com","ST03","非アクティブ","2026-06-04 15:11:14.833261"
7680,"中村 結衣","yui.nakamura@example.com","ST04","退会","2026-06-04 15:11:14.833261"
7681,"田中 結衣","yui.tanaka@example.com","ST01","新規","2026-06-04 15:11:14.833261"
7682,"加藤 翔","sho.kato@example.com","ST04","退会","2026-06-04 15:11:14.833261"
7683,"佐藤 美咲","misaki.sato@example.com","ST04","退会","2026-06-04 15:11:14.833261"
7684,"吉田 陽菜","hina.yoshida@example.com","ST03","非アクティブ","2026-06-04 15:11:14.833261"
7685,"鈴木 太郎","taro.suzuki@example.com","ST04","退会","2026-06-04 15:11:14.833261"
7686,"山田 彩花","ayaka.yamada@example.com","ST01","新規","2026-06-04 15:11:14.833261"
7687,"伊藤 悠斗","yuto.ito@example.com","ST02","アクティブ","2026-06-04 15:11:14.833261"
7688,"加藤 美咲","misaki.kato@example.com","ST02","アクティブ","2026-06-04 15:11:14.833261"
7689,"吉田 蓮","ren.yoshida@example.com","ST02","アクティブ","2026-06-04 15:11:14.833261"
7690,"加藤 悠斗","yuto.kato@example.com","ST01","新規","2026-06-04 15:11:14.833261"
7691,"吉田 翔","sho.yoshida@example.com","ST04","退会","2026-06-04 15:11:14.833261"
7692,"佐藤 美咲","misaki.sato@example.com","ST04","退会","2026-06-04 15:11:14.833261"
7693,"山本 大輔","daisuke.yamamoto@example.com","ST02","アクティブ","2026-06-04 15:11:14.833261"
7694,"中村 彩花","ayaka.nakamura@example.com","ST01","新規","2026-06-04 15:11:14.833261"
7695,"山田 美咲","misaki.yamada@example.com","ST03","非アクティブ","2026-06-04 15:11:14.833261"
7696,"中村 悠斗","yuto.nakamura@example.com","ST02","アクティブ","2026-06-04 15:11:14.833261"
7697,"中村 悠斗","yuto.nakamura@example.com","ST04","退会","2026-06-04 15:11:14.833261"
7698,"加藤 葵","aoi.kato@example.com","ST03","非アクティブ","2026-06-04 15:11:14.833261"
7699,"佐藤 健太","kenta.sato@example.com","ST03","非アクティブ","2026-06-04 15:11:14.833261"
7700,"山本 葵","aoi.yamamoto@example.com","ST01","新規","2026-06-04 15:11:14.833261"
7701,"山本 彩花","ayaka.yamamoto@example.com","ST03","非アクティブ","2026-06-04 15:11:14.833261"
7702,"鈴木 陽菜","hina.suzuki@example.com","ST03","非アクティブ","2026-06-04 15:11:14.833261"
7703,"鈴木 翔","sho.suzuki@example.com","ST02","アクティブ","2026-06-04 15:11:14.833261"
7704,"伊藤 彩花","ayaka.ito@example.com","ST03","非アクティブ","2026-06-04 15:11:14.833261"
7705,"鈴木 翔","sho.suzuki@example.com","ST04","退会","2026-06-04 15:11:14.833261"
7706,"渡辺 美咲","misaki.watanabe@example.com","ST03","非アクティブ","2026-06-04 15:11:14.833261"
7707,"吉田 翔","sho.yoshida@example.com","ST02","アクティブ","2026-06-04 15:11:14.833261"
7708,"田中 結衣","yui.tanaka@example.com","ST03","非アクティブ","2026-06-04 15:11:14.833261"
7709,"高橋 太郎","taro.takahashi@example.com","ST04","退会","2026-06-04 15:11:14.833261"
7710,"加藤 陽菜","hina.kato@example.com","ST04","退会","2026-06-04 15:11:14.833261"
7711,"渡辺 美咲","misaki.watanabe@example.com","ST01","新規","2026-06-04 15:11:14.833261"
7712,"吉田 大輔","daisuke.yoshida@example.com","ST03","非アクティブ","2026-06-04 15:11:14.833261"
7713,"鈴木 太郎","taro.suzuki@example.com","ST02","アクティブ","2026-06-04 15:11:14.833261"
7714,"山本 蓮","ren.yamamoto@example.com","ST02","アクティブ","2026-06-04 15:11:14.833261"
7715,"山本 太郎","taro.yamamoto@example.com","ST02","アクティブ","2026-06-04 15:11:14.833261"
7716,"佐藤 大輔","daisuke.sato@example.com","ST01","新規","2026-06-04 15:11:14.833261"
7717,"中村 陽菜","hina.nakamura@example.com","ST02","アクティブ","2026-06-04 15:11:14.833261"
7718,"渡辺 悠斗","yuto.watanabe@example.com","ST01","新規","2026-06-04 15:11:14.833261"
7719,"伊藤 拓海","takumi.ito@example.com","ST03","非アクティブ","2026-06-04 15:11:14.833261"
7720,"山田 健太","kenta.yamada@example.com","ST03","非アクティブ","2026-06-04 15:11:14.833261"
7721,"鈴木 翔","sho.suzuki@example.com","ST02","アクティブ","2026-06-04 15:11:14.833261"
7722,"鈴木 美咲","misaki.suzuki@example.com","ST03","非アクティブ","2026-06-04 15:11:14.833261"
7723,"中村 悠斗","yuto.nakamura@example.com","ST04","退会","2026-06-04 15:11:14.833261"
7724,"佐藤 拓海","takumi.sato@example.com","ST04","退会","2026-06-04 15:11:14.833261"
7725,"小林 太郎","taro.kobayashi@example.com","ST04","退会","2026-06-04 15:11:14.833261"
7726,"山本 翔","sho.yamamoto@example.com","ST04","退会","2026-06-04 15:11:14.833261"
7727,"中村 拓海","takumi.nakamura@example.com","ST01","新規","2026-06-04 15:11:14.833261"
7728,"加藤 悠斗","yuto.kato@example.com","ST02","アクティブ","2026-06-04 15:11:14.833261"
7729,"吉田 陽菜","hina.yoshida@example.com","ST03","非アクティブ","2026-06-04 15:11:14.833261"
7730,"佐藤 拓海","takumi.sato@example.com","ST04","退会","2026-06-04 15:11:14.833261"
7731,"山本 悠斗","yuto.yamamoto@example.com","ST01","新規","2026-06-04 15:11:14.833261"
7732,"中村 健太","kenta.nakamura@example.com","ST02","アクティブ","2026-06-04 15:11:14.833261"
7733,"山本 蓮","ren.yamamoto@example.com","ST01","新規","2026-06-04 15:11:14.833261"
7734,"山田 健太","kenta.yamada@example.com","ST01","新規","2026-06-04 15:11:14.833261"
7735,"佐藤 悠斗","yuto.sato@example.com","ST04","退会","2026-06-04 15:11:14.833261"
7736,"小林 彩花","ayaka.kobayashi@example.com","ST02","アクティブ","2026-06-04 15:11:14.833261"
7737,"小林 美咲","misaki.kobayashi@example.com","ST01","新規","2026-06-04 15:11:14.833261"
7738,"中村 太郎","taro.nakamura@example.com","ST01","新規","2026-06-04 15:11:14.833261"
7739,"小林 健太","kenta.kobayashi@example.com","ST04","退会","2026-06-04 15:11:14.833261"
7740,"伊藤 彩花","ayaka.ito@example.com","ST04","退会","2026-06-04 15:11:14.833261"
7741,"中村 悠斗","yuto.nakamura@example.com","ST03","非アクティブ","2026-06-04 15:11:14.833261"
7742,"吉田 拓海","takumi.yoshida@example.com","ST01","新規","2026-06-04 15:11:14.833261"
7743,"山田 陽菜","hina.yamada@example.com","ST02","アクティブ","2026-06-04 15:11:14.833261"
7744,"山田 拓海","takumi.yamada@example.com","ST01","新規","2026-06-04 15:11:14.833261"
7745,"高橋 太郎","taro.takahashi@example.com","ST01","新規","2026-06-04 15:11:14.833261"
7746,"渡辺 彩花","ayaka.watanabe@example.com","ST02","アクティブ","2026-06-04 15:11:14.833261"
7747,"鈴木 拓海","takumi.suzuki@example.com","ST01","新規","2026-06-04 15:11:14.833261"
7748,"渡辺 美咲","misaki.watanabe@example.com","ST03","非アクティブ","2026-06-04 15:11:14.833261"
7749,"佐藤 陽菜","hina.sato@example.com","ST03","非アクティブ","2026-06-04 15:11:14.833261"
7750,"田中 悠斗","yuto.tanaka@example.com","ST02","アクティブ","2026-06-04 15:11:14.833261"
7751,"山田 大輔","daisuke.yamada@example.com","ST03","非アクティブ","2026-06-04 15:11:14.833261"
7752,"高橋 健太","kenta.takahashi@example.com","ST03","非アクティブ","2026-06-04 15:11:14.833261"
7753,"伊藤 悠斗","yuto.ito@example.com","ST01","新規","2026-06-04 15:11:14.833261"
7754,"中村 翔","sho.nakamura@example.com","ST01","新規","2026-06-04 15:11:14.833261"
7755,"高橋 美咲","misaki.takahashi@example.com","ST02","アクティブ","2026-06-04 15:11:14.833261"
7756,"渡辺 健太","kenta.watanabe@example.com","ST01","新規","2026-06-04 15:11:14.833261"
7757,"小林 彩花","ayaka.kobayashi@example.com","ST01","新規","2026-06-04 15:11:14.833261"
7758,"中村 健太","kenta.nakamura@example.com","ST02","アクティブ","2026-06-04 15:11:14.833261"
7759,"伊藤 葵","aoi.ito@example.com","ST01","新規","2026-06-04 15:11:14.833261"
7760,"鈴木 結衣","yui.suzuki@example.com","ST04","退会","2026-06-04 15:11:14.833261"
7761,"吉田 蓮","ren.yoshida@example.com","ST03","非アクティブ","2026-06-04 15:11:14.833261"
7762,"佐藤 葵","aoi.sato@example.com","ST02","アクティブ","2026-06-04 15:11:14.833261"
7763,"鈴木 翔","sho.suzuki@example.com","ST01","新規","2026-06-04 15:11:14.833261"
7764,"中村 結衣","yui.nakamura@example.com","ST04","退会","2026-06-04 15:11:14.833261"
7765,"加藤 蓮","ren.kato@example.com","ST03","非アクティブ","2026-06-04 15:11:14.833261"
7766,"渡辺 蓮","ren.watanabe@example.com","ST01","新規","2026-06-04 15:11:14.833261"
7767,"吉田 彩花","ayaka.yoshida@example.com","ST01","新規","2026-06-04 15:11:14.833261"
7768,"渡辺 健太","kenta.watanabe@example.com","ST02","アクティブ","2026-06-04 15:11:14.833261"
7769,"鈴木 蓮","ren.suzuki@example.com","ST04","退会","2026-06-04 15:11:14.833261"
7770,"中村 葵","aoi.nakamura@example.com","ST02","アクティブ","2026-06-04 15:11:14.833261"
7771,"田中 葵","aoi.tanaka@example.com","ST03","非アクティブ","2026-06-04 15:11:14.833261"
7772,"加藤 結衣","yui.kato@example.com","ST02","アクティブ","2026-06-04 15:11:14.833261"
7773,"山本 悠斗","yuto.yamamoto@example.com","ST03","非アクティブ","2026-06-04 15:11:14.833261"
7774,"山田 翔","sho.yamada@example.com","ST04","退会","2026-06-04 15:11:14.833261"
7775,"山本 悠斗","yuto.yamamoto@example.com","ST04","退会","2026-06-04 15:11:14.833261"
7776,"吉田 悠斗","yuto.yoshida@example.com","ST03","非アクティブ","2026-06-04 15:11:14.833261"
7777,"吉田 結衣","yui.yoshida@example.com","ST01","新規","2026-06-04 15:11:14.833261"
7778,"山田 悠斗","yuto.yamada@example.com","ST04","退会","2026-06-04 15:11:14.833261"
7779,"鈴木 美咲","misaki.suzuki@example.com","ST01","新規","2026-06-04 15:11:14.833261"
7780,"高橋 悠斗","yuto.takahashi@example.com","ST01","新規","2026-06-04 15:11:14.833261"
7781,"佐藤 彩花","ayaka.sato@example.com","ST02","アクティブ","2026-06-04 15:11:14.833261"
7782,"田中 翔","sho.tanaka@example.com","ST02","アクティブ","2026-06-04 15:11:14.833261"
7783,"加藤 陽菜","hina.kato@example.com","ST02","アクティブ","2026-06-04 15:11:14.833261"
7784,"伊藤 翔","sho.ito@example.com","ST04","退会","2026-06-04 15:11:14.833261"
7785,"山田 結衣","yui.yamada@example.com","ST04","退会","2026-06-04 15:11:14.833261"
7786,"鈴木 結衣","yui.suzuki@example.com","ST01","新規","2026-06-04 15:11:14.833261"
7787,"中村 太郎","taro.nakamura@example.com","ST02","アクティブ","2026-06-04 15:11:14.833261"
7788,"渡辺 拓海","takumi.watanabe@example.com","ST03","非アクティブ","2026-06-04 15:11:14.833261"
7789,"佐藤 翔","sho.sato@example.com","ST02","アクティブ","2026-06-04 15:11:14.833261"
7790,"鈴木 美咲","misaki.suzuki@example.com","ST02","アクティブ","2026-06-04 15:11:14.833261"
7791,"佐藤 蓮","ren.sato@example.com","ST03","非アクティブ","2026-06-04 15:11:14.833261"
7792,"山本 太郎","taro.yamamoto@example.com","ST04","退会","2026-06-04 15:11:14.833261"
7793,"佐藤 太郎","taro.sato@example.com","ST01","新規","2026-06-04 15:11:14.833261"
7794,"小林 太郎","taro.kobayashi@example.com","ST03","非アクティブ","2026-06-04 15:11:14.833261"
7795,"加藤 美咲","misaki.kato@example.com","ST02","アクティブ","2026-06-04 15:11:14.833261"
7796,"高橋 拓海","takumi.takahashi@example.com","ST01","新規","2026-06-04 15:11:14.833261"
7797,"渡辺 蓮","ren.watanabe@example.com","ST03","非アクティブ","2026-06-04 15:11:14.833261"
7798,"佐藤 健太","kenta.sato@example.com","ST04","退会","2026-06-04 15:11:14.833261"
7799,"中村 美咲","misaki.nakamura@example.com","ST01","新規","2026-06-04 15:11:14.833261"
7800,"渡辺 翔","sho.watanabe@example.com","ST04","退会","2026-06-04 15:11:14.833261"
7801,"渡辺 翔","sho.watanabe@example.com","ST02","アクティブ","2026-06-04 15:11:14.833261"
7802,"佐藤 美咲","misaki.sato@example.com","ST02","アクティブ","2026-06-04 15:11:14.833261"
7803,"小林 彩花","ayaka.kobayashi@example.com","ST03","非アクティブ","2026-06-04 15:11:14.833261"
7804,"山本 健太","kenta.yamamoto@example.com","ST01","新規","2026-06-04 15:11:14.833261"
7805,"伊藤 大輔","daisuke.ito@example.com","ST01","新規","2026-06-04 15:11:14.833261"
7806,"佐藤 拓海","takumi.sato@example.com","ST03","非アクティブ","2026-06-04 15:11:14.833261"
7807,"渡辺 大輔","daisuke.watanabe@example.com","ST04","退会","2026-06-04 15:11:14.833261"
7808,"小林 結衣","yui.kobayashi@example.com","ST03","非アクティブ","2026-06-04 15:11:14.833261"
7809,"田中 蓮","ren.tanaka@example.com","ST04","退会","2026-06-04 15:11:14.833261"
7810,"加藤 美咲","misaki.kato@example.com","ST02","アクティブ","2026-06-04 15:11:14.833261"
7811,"高橋 悠斗","yuto.takahashi@example.com","ST03","非アクティブ","2026-06-04 15:11:14.833261"
7812,"中村 太郎","taro.nakamura@example.com","ST03","非アクティブ","2026-06-04 15:11:14.833261"
7813,"渡辺 大輔","daisuke.watanabe@example.com","ST02","アクティブ","2026-06-04 15:11:14.833261"
7814,"佐藤 大輔","daisuke.sato@example.com","ST04","退会","2026-06-04 15:11:14.833261"
7815,"中村 大輔","daisuke.nakamura@example.com","ST02","アクティブ","2026-06-04 15:11:14.833261"
7816,"山田 彩花","ayaka.yamada@example.com","ST03","非アクティブ","2026-06-04 15:11:14.833261"
7817,"佐藤 彩花","ayaka.sato@example.com","ST03","非アクティブ","2026-06-04 15:11:14.833261"
7818,"中村 結衣","yui.nakamura@example.com","ST03","非アクティブ","2026-06-04 15:11:14.833261"
7819,"田中 悠斗","yuto.tanaka@example.com","ST04","退会","2026-06-04 15:11:14.833261"
7820,"田中 健太","kenta.tanaka@example.com","ST01","新規","2026-06-04 15:11:14.833261"
7821,"佐藤 葵","aoi.sato@example.com","ST02","アクティブ","2026-06-04 15:11:14.833261"
7822,"伊藤 太郎","taro.ito@example.com","ST03","非アクティブ","2026-06-04 15:11:14.833261"
7823,"中村 葵","aoi.nakamura@example.com","ST04","退会","2026-06-04 15:11:14.833261"
7824,"田中 彩花","ayaka.tanaka@example.com","ST02","アクティブ","2026-06-04 15:11:14.833261"
7825,"山田 健太","kenta.yamada@example.com","ST01","新規","2026-06-04 15:11:14.833261"
7826,"山本 葵","aoi.yamamoto@example.com","ST03","非アクティブ","2026-06-04 15:11:14.833261"
7827,"伊藤 結衣","yui.ito@example.com","ST04","退会","2026-06-04 15:11:14.833261"
7828,"田中 葵","aoi.tanaka@example.com","ST01","新規","2026-06-04 15:11:14.833261"
7829,"小林 大輔","daisuke.kobayashi@example.com","ST01","新規","2026-06-04 15:11:14.833261"
7830,"山田 彩花","ayaka.yamada@example.com","ST01","新規","2026-06-04 15:11:14.833261"
7831,"吉田 美咲","misaki.yoshida@example.com","ST04","退会","2026-06-04 15:11:14.833261"
7832,"伊藤 結衣","yui.ito@example.com","ST01","新規","2026-06-04 15:11:14.833261"
7833,"鈴木 健太","kenta.suzuki@example.com","ST02","アクティブ","2026-06-04 15:11:14.833261"
7834,"山田 彩花","ayaka.yamada@example.com","ST04","退会","2026-06-04 15:11:14.833261"
7835,"鈴木 彩花","ayaka.suzuki@example.com","ST01","新規","2026-06-04 15:11:14.833261"
7836,"田中 結衣","yui.tanaka@example.com","ST04","退会","2026-06-04 15:11:14.833261"
7837,"小林 美咲","misaki.kobayashi@example.com","ST02","アクティブ","2026-06-04 15:11:14.833261"
7838,"吉田 健太","kenta.yoshida@example.com","ST01","新規","2026-06-04 15:11:14.833261"
7839,"高橋 拓海","takumi.takahashi@example.com","ST02","アクティブ","2026-06-04 15:11:14.833261"
7840,"佐藤 結衣","yui.sato@example.com","ST03","非アクティブ","2026-06-04 15:11:14.833261"
7841,"山田 陽菜","hina.yamada@example.com","ST04","退会","2026-06-04 15:11:14.833261"
7842,"鈴木 大輔","daisuke.suzuki@example.com","ST04","退会","2026-06-04 15:11:14.833261"
7843,"山本 太郎","taro.yamamoto@example.com","ST03","非アクティブ","2026-06-04 15:11:14.833261"
7844,"小林 蓮","ren.kobayashi@example.com","ST04","退会","2026-06-04 15:11:14.833261"
7845,"小林 結衣","yui.kobayashi@example.com","ST04","退会","2026-06-04 15:11:14.833261"
7846,"小林 陽菜","hina.kobayashi@example.com","ST02","アクティブ","2026-06-04 15:11:14.833261"
7847,"小林 陽菜","hina.kobayashi@example.com","ST02","アクティブ","2026-06-04 15:11:14.833261"
7848,"加藤 悠斗","yuto.kato@example.com","ST04","退会","2026-06-04 15:11:14.833261"
7849,"吉田 悠斗","yuto.yoshida@example.com","ST02","アクティブ","2026-06-04 15:11:14.833261"
7850,"高橋 蓮","ren.takahashi@example.com","ST03","非アクティブ","2026-06-04 15:11:14.833261"
7851,"渡辺 翔","sho.watanabe@example.com","ST01","新規","2026-06-04 15:11:14.833261"
7852,"中村 蓮","ren.nakamura@example.com","ST01","新規","2026-06-04 15:11:14.833261"
7853,"加藤 結衣","yui.kato@example.com","ST03","非アクティブ","2026-06-04 15:11:14.833261"
7854,"渡辺 美咲","misaki.watanabe@example.com","ST01","新規","2026-06-04 15:11:14.833261"
7855,"吉田 蓮","ren.yoshida@example.com","ST01","新規","2026-06-04 15:11:14.833261"
7856,"山本 陽菜","hina.yamamoto@example.com","ST01","新規","2026-06-04 15:11:14.833261"
7857,"佐藤 陽菜","hina.sato@example.com","ST02","アクティブ","2026-06-04 15:11:14.833261"
7858,"吉田 蓮","ren.yoshida@example.com","ST03","非アクティブ","2026-06-04 15:11:14.833261"
7859,"佐藤 大輔","daisuke.sato@example.com","ST04","退会","2026-06-04 15:11:14.833261"
7860,"渡辺 翔","sho.watanabe@example.com","ST01","新規","2026-06-04 15:11:14.833261"
7861,"渡辺 蓮","ren.watanabe@example.com","ST03","非アクティブ","2026-06-04 15:11:14.833261"
7862,"伊藤 太郎","taro.ito@example.com","ST03","非アクティブ","2026-06-04 15:11:14.833261"
7863,"田中 葵","aoi.tanaka@example.com","ST02","アクティブ","2026-06-04 15:11:14.833261"
7864,"田中 健太","kenta.tanaka@example.com","ST01","新規","2026-06-04 15:11:14.833261"
7865,"加藤 彩花","ayaka.kato@example.com","ST02","アクティブ","2026-06-04 15:11:14.833261"
7866,"鈴木 拓海","takumi.suzuki@example.com","ST03","非アクティブ","2026-06-04 15:11:14.833261"
7867,"佐藤 葵","aoi.sato@example.com","ST04","退会","2026-06-04 15:11:14.833261"
7868,"吉田 太郎","taro.yoshida@example.com","ST03","非アクティブ","2026-06-04 15:11:14.833261"
7869,"小林 美咲","misaki.kobayashi@example.com","ST02","アクティブ","2026-06-04 15:11:14.833261"
7870,"中村 美咲","misaki.nakamura@example.com","ST04","退会","2026-06-04 15:11:14.833261"
7871,"山本 健太","kenta.yamamoto@example.com","ST03","非アクティブ","2026-06-04 15:11:14.833261"
7872,"吉田 葵","aoi.yoshida@example.com","ST02","アクティブ","2026-06-04 15:11:14.833261"
7873,"山本 葵","aoi.yamamoto@example.com","ST04","退会","2026-06-04 15:11:14.833261"
7874,"小林 健太","kenta.kobayashi@example.com","ST03","非アクティブ","2026-06-04 15:11:14.833261"
7875,"高橋 葵","aoi.takahashi@example.com","ST02","アクティブ","2026-06-04 15:11:14.833261"
7876,"加藤 陽菜","hina.kato@example.com","ST03","非アクティブ","2026-06-04 15:11:14.833261"
7877,"山本 大輔","daisuke.yamamoto@example.com","ST03","非アクティブ","2026-06-04 15:11:14.833261"
7878,"小林 健太","kenta.kobayashi@example.com","ST03","非アクティブ","2026-06-04 15:11:14.833261"
7879,"伊藤 翔","sho.ito@example.com","ST01","新規","2026-06-04 15:11:14.833261"
7880,"中村 結衣","yui.nakamura@example.com","ST03","非アクティブ","2026-06-04 15:11:14.833261"
7881,"山田 美咲","misaki.yamada@example.com","ST02","アクティブ","2026-06-04 15:11:14.833261"
7882,"小林 美咲","misaki.kobayashi@example.com","ST01","新規","2026-06-04 15:11:14.833261"
7883,"小林 陽菜","hina.kobayashi@example.com","ST02","アクティブ","2026-06-04 15:11:14.833261"
7884,"山田 太郎","taro.yamada@example.com","ST02","アクティブ","2026-06-04 15:11:14.833261"
7885,"高橋 悠斗","yuto.takahashi@example.com","ST02","アクティブ","2026-06-04 15:11:14.833261"
7886,"渡辺 葵","aoi.watanabe@example.com","ST01","新規","2026-06-04 15:11:14.833261"
7887,"渡辺 健太","kenta.watanabe@example.com","ST03","非アクティブ","2026-06-04 15:11:14.833261"
7888,"加藤 陽菜","hina.kato@example.com","ST03","非アクティブ","2026-06-04 15:11:14.833261"
7889,"田中 健太","kenta.tanaka@example.com","ST02","アクティブ","2026-06-04 15:11:14.833261"
7890,"山本 大輔","daisuke.yamamoto@example.com","ST04","退会","2026-06-04 15:11:14.833261"
7891,"加藤 葵","aoi.kato@example.com","ST03","非アクティブ","2026-06-04 15:11:14.833261"
7892,"吉田 翔","sho.yoshida@example.com","ST03","非アクティブ","2026-06-04 15:11:14.833261"
7893,"田中 陽菜","hina.tanaka@example.com","ST02","アクティブ","2026-06-04 15:11:14.833261"
7894,"佐藤 美咲","misaki.sato@example.com","ST02","アクティブ","2026-06-04 15:11:14.833261"
7895,"高橋 美咲","misaki.takahashi@example.com","ST03","非アクティブ","2026-06-04 15:11:14.833261"
7896,"小林 美咲","misaki.kobayashi@example.com","ST01","新規","2026-06-04 15:11:14.833261"
7897,"山田 翔","sho.yamada@example.com","ST04","退会","2026-06-04 15:11:14.833261"
7898,"伊藤 翔","sho.ito@example.com","ST04","退会","2026-06-04 15:11:14.833261"
7899,"鈴木 蓮","ren.suzuki@example.com","ST02","アクティブ","2026-06-04 15:11:14.833261"
7900,"加藤 美咲","misaki.kato@example.com","ST03","非アクティブ","2026-06-04 15:11:14.833261"
7901,"鈴木 結衣","yui.suzuki@example.com","ST03","非アクティブ","2026-06-04 15:11:14.833261"
7902,"中村 美咲","misaki.nakamura@example.com","ST02","アクティブ","2026-06-04 15:11:14.833261"
7903,"高橋 蓮","ren.takahashi@example.com","ST03","非アクティブ","2026-06-04 15:11:14.833261"
7904,"佐藤 葵","aoi.sato@example.com","ST01","新規","2026-06-04 15:11:14.833261"
7905,"伊藤 悠斗","yuto.ito@example.com","ST04","退会","2026-06-04 15:11:14.833261"
7906,"田中 陽菜","hina.tanaka@example.com","ST01","新規","2026-06-04 15:11:14.833261"
7907,"山田 葵","aoi.yamada@example.com","ST01","新規","2026-06-04 15:11:14.833261"
7908,"山田 拓海","takumi.yamada@example.com","ST02","アクティブ","2026-06-04 15:11:14.833261"
7909,"鈴木 美咲","misaki.suzuki@example.com","ST04","退会","2026-06-04 15:11:14.833261"
7910,"吉田 葵","aoi.yoshida@example.com","ST04","退会","2026-06-04 15:11:14.833261"
7911,"中村 葵","aoi.nakamura@example.com","ST01","新規","2026-06-04 15:11:14.833261"
7912,"中村 大輔","daisuke.nakamura@example.com","ST04","退会","2026-06-04 15:11:14.833261"
7913,"小林 翔","sho.kobayashi@example.com","ST02","アクティブ","2026-06-04 15:11:14.833261"
7914,"鈴木 美咲","misaki.suzuki@example.com","ST04","退会","2026-06-04 15:11:14.833261"
7915,"佐藤 葵","aoi.sato@example.com","ST01","新規","2026-06-04 15:11:14.833261"
7916,"高橋 翔","sho.takahashi@example.com","ST03","非アクティブ","2026-06-04 15:11:14.833261"
7917,"中村 太郎","taro.nakamura@example.com","ST04","退会","2026-06-04 15:11:14.833261"
7918,"佐藤 結衣","yui.sato@example.com","ST03","非アクティブ","2026-06-04 15:11:14.833261"
7919,"小林 大輔","daisuke.kobayashi@example.com","ST01","新規","2026-06-04 15:11:14.833261"
7920,"小林 彩花","ayaka.kobayashi@example.com","ST02","アクティブ","2026-06-04 15:11:14.833261"
7921,"小林 蓮","ren.kobayashi@example.com","ST02","アクティブ","2026-06-04 15:11:14.833261"
7922,"佐藤 蓮","ren.sato@example.com","ST01","新規","2026-06-04 15:11:14.833261"
7923,"渡辺 大輔","daisuke.watanabe@example.com","ST03","非アクティブ","2026-06-04 15:11:14.833261"
7924,"高橋 翔","sho.takahashi@example.com","ST02","アクティブ","2026-06-04 15:11:14.833261"
7925,"山田 大輔","daisuke.yamada@example.com","ST03","非アクティブ","2026-06-04 15:11:14.833261"
7926,"加藤 結衣","yui.kato@example.com","ST02","アクティブ","2026-06-04 15:11:14.833261"
7927,"伊藤 結衣","yui.ito@example.com","ST03","非アクティブ","2026-06-04 15:11:14.833261"
7928,"小林 蓮","ren.kobayashi@example.com","ST02","アクティブ","2026-06-04 15:11:14.833261"
7929,"山本 蓮","ren.yamamoto@example.com","ST01","新規","2026-06-04 15:11:14.833261"
7930,"佐藤 蓮","ren.sato@example.com","ST04","退会","2026-06-04 15:11:14.833261"
7931,"山本 美咲","misaki.yamamoto@example.com","ST03","非アクティブ","2026-06-04 15:11:14.833261"
7932,"田中 健太","kenta.tanaka@example.com","ST02","アクティブ","2026-06-04 15:11:14.833261"
7933,"田中 翔","sho.tanaka@example.com","ST02","アクティブ","2026-06-04 15:11:14.833261"
7934,"小林 結衣","yui.kobayashi@example.com","ST01","新規","2026-06-04 15:11:14.833261"
7935,"佐藤 蓮","ren.sato@example.com","ST02","アクティブ","2026-06-04 15:11:14.833261"
7936,"山本 蓮","ren.yamamoto@example.com","ST02","アクティブ","2026-06-04 15:11:14.833261"
7937,"山本 陽菜","hina.yamamoto@example.com","ST01","新規","2026-06-04 15:11:14.833261"
7938,"鈴木 美咲","misaki.suzuki@example.com","ST03","非アクティブ","2026-06-04 15:11:14.833261"
7939,"渡辺 陽菜","hina.watanabe@example.com","ST03","非アクティブ","2026-06-04 15:11:14.833261"
7940,"伊藤 美咲","misaki.ito@example.com","ST03","非アクティブ","2026-06-04 15:11:14.833261"
7941,"山田 美咲","misaki.yamada@example.com","ST02","アクティブ","2026-06-04 15:11:14.833261"
7942,"高橋 陽菜","hina.takahashi@example.com","ST01","新規","2026-06-04 15:11:14.833261"
7943,"吉田 翔","sho.yoshida@example.com","ST03","非アクティブ","2026-06-04 15:11:14.833261"
7944,"吉田 翔","sho.yoshida@example.com","ST04","退会","2026-06-04 15:11:14.833261"
7945,"渡辺 悠斗","yuto.watanabe@example.com","ST01","新規","2026-06-04 15:11:14.833261"
7946,"伊藤 美咲","misaki.ito@example.com","ST03","非アクティブ","2026-06-04 15:11:14.833261"
7947,"伊藤 大輔","daisuke.ito@example.com","ST04","退会","2026-06-04 15:11:14.833261"
7948,"山田 蓮","ren.yamada@example.com","ST04","退会","2026-06-04 15:11:14.833261"
7949,"中村 大輔","daisuke.nakamura@example.com","ST01","新規","2026-06-04 15:11:14.833261"
7950,"山田 蓮","ren.yamada@example.com","ST01","新規","2026-06-04 15:11:14.833261"
7951,"田中 葵","aoi.tanaka@example.com","ST01","新規","2026-06-04 15:11:14.833261"
7952,"山田 蓮","ren.yamada@example.com","ST02","アクティブ","2026-06-04 15:11:14.833261"
7953,"伊藤 拓海","takumi.ito@example.com","ST02","アクティブ","2026-06-04 15:11:14.833261"
7954,"加藤 翔","sho.kato@example.com","ST02","アクティブ","2026-06-04 15:11:14.833261"
7955,"山田 悠斗","yuto.yamada@example.com","ST03","非アクティブ","2026-06-04 15:11:14.833261"
7956,"田中 悠斗","yuto.tanaka@example.com","ST03","非アクティブ","2026-06-04 15:11:14.833261"
7957,"吉田 彩花","ayaka.yoshida@example.com","ST04","退会","2026-06-04 15:11:14.833261"
7958,"渡辺 結衣","yui.watanabe@example.com","ST03","非アクティブ","2026-06-04 15:11:14.833261"
7959,"伊藤 悠斗","yuto.ito@example.com","ST01","新規","2026-06-04 15:11:14.833261"
7960,"小林 太郎","taro.kobayashi@example.com","ST01","新規","2026-06-04 15:11:14.833261"
7961,"小林 健太","kenta.kobayashi@example.com","ST04","退会","2026-06-04 15:11:14.833261"
7962,"鈴木 蓮","ren.suzuki@example.com","ST04","退会","2026-06-04 15:11:14.833261"
7963,"鈴木 悠斗","yuto.suzuki@example.com","ST02","アクティブ","2026-06-04 15:11:14.833261"
7964,"鈴木 翔","sho.suzuki@example.com","ST02","アクティブ","2026-06-04 15:11:14.833261"
7965,"田中 葵","aoi.tanaka@example.com","ST04","退会","2026-06-04 15:11:14.833261"
7966,"中村 結衣","yui.nakamura@example.com","ST03","非アクティブ","2026-06-04 15:11:14.833261"
7967,"吉田 拓海","takumi.yoshida@example.com","ST03","非アクティブ","2026-06-04 15:11:14.833261"
7968,"山田 美咲","misaki.yamada@example.com","ST01","新規","2026-06-04 15:11:14.833261"
7969,"山本 翔","sho.yamamoto@example.com","ST03","非アクティブ","2026-06-04 15:11:14.833261"
7970,"田中 拓海","takumi.tanaka@example.com","ST01","新規","2026-06-04 15:11:14.833261"
7971,"山本 健太","kenta.yamamoto@example.com","ST02","アクティブ","2026-06-04 15:11:14.833261"
7972,"山本 大輔","daisuke.yamamoto@example.com","ST01","新規","2026-06-04 15:11:14.833261"
7973,"山田 結衣","yui.yamada@example.com","ST01","新規","2026-06-04 15:11:14.833261"
7974,"吉田 陽菜","hina.yoshida@example.com","ST04","退会","2026-06-04 15:11:14.833261"
7975,"渡辺 葵","aoi.watanabe@example.com","ST03","非アクティブ","2026-06-04 15:11:14.833261"
7976,"加藤 彩花","ayaka.kato@example.com","ST01","新規","2026-06-04 15:11:14.833261"
7977,"吉田 美咲","misaki.yoshida@example.com","ST03","非アクティブ","2026-06-04 15:11:14.833261"
7978,"高橋 美咲","misaki.takahashi@example.com","ST03","非アクティブ","2026-06-04 15:11:14.833261"
7979,"吉田 翔","sho.yoshida@example.com","ST02","アクティブ","2026-06-04 15:11:14.833261"
7980,"鈴木 大輔","daisuke.suzuki@example.com","ST01","新規","2026-06-04 15:11:14.833261"
7981,"小林 悠斗","yuto.kobayashi@example.com","ST04","退会","2026-06-04 15:11:14.833261"
7982,"山田 大輔","daisuke.yamada@example.com","ST01","新規","2026-06-04 15:11:14.833261"
7983,"山田 悠斗","yuto.yamada@example.com","ST02","アクティブ","2026-06-04 15:11:14.833261"
7984,"小林 大輔","daisuke.kobayashi@example.com","ST01","新規","2026-06-04 15:11:14.833261"
7985,"伊藤 太郎","taro.ito@example.com","ST03","非アクティブ","2026-06-04 15:11:14.833261"
7986,"伊藤 彩花","ayaka.ito@example.com","ST03","非アクティブ","2026-06-04 15:11:14.833261"
7987,"伊藤 結衣","yui.ito@example.com","ST01","新規","2026-06-04 15:11:14.833261"
7988,"鈴木 陽菜","hina.suzuki@example.com","ST03","非アクティブ","2026-06-04 15:11:14.833261"
7989,"高橋 陽菜","hina.takahashi@example.com","ST03","非アクティブ","2026-06-04 15:11:14.833261"
7990,"吉田 美咲","misaki.yoshida@example.com","ST03","非アクティブ","2026-06-04 15:11:14.833261"
7991,"吉田 翔","sho.yoshida@example.com","ST01","新規","2026-06-04 15:11:14.833261"
7992,"田中 大輔","daisuke.tanaka@example.com","ST02","アクティブ","2026-06-04 15:11:14.833261"
7993,"佐藤 陽菜","hina.sato@example.com","ST02","アクティブ","2026-06-04 15:11:14.833261"
7994,"加藤 結衣","yui.kato@example.com","ST04","退会","2026-06-04 15:11:14.833261"
7995,"中村 大輔","daisuke.nakamura@example.com","ST01","新規","2026-06-04 15:11:14.833261"
7996,"伊藤 葵","aoi.ito@example.com","ST01","新規","2026-06-04 15:11:14.833261"
7997,"高橋 拓海","takumi.takahashi@example.com","ST04","退会","2026-06-04 15:11:14.833261"
7998,"佐藤 陽菜","hina.sato@example.com","ST01","新規","2026-06-04 15:11:14.833261"
7999,"田中 結衣","yui.tanaka@example.com","ST03","非アクティブ","2026-06-04 15:11:14.833261"
8000,"鈴木 葵","aoi.suzuki@example.com","ST04","退会","2026-06-04 15:11:14.833261"
8001,"山田 拓海","takumi.yamada@example.com","ST02","アクティブ","2026-06-04 15:11:14.833261"
8002,"佐藤 悠斗","yuto.sato@example.com","ST02","アクティブ","2026-06-04 15:11:14.833261"
8003,"小林 彩花","ayaka.kobayashi@example.com","ST01","新規","2026-06-04 15:11:14.833261"
8004,"加藤 大輔","daisuke.kato@example.com","ST02","アクティブ","2026-06-04 15:11:14.833261"
8005,"伊藤 結衣","yui.ito@example.com","ST03","非アクティブ","2026-06-04 15:11:14.833261"
8006,"吉田 拓海","takumi.yoshida@example.com","ST03","非アクティブ","2026-06-04 15:11:14.833261"
8007,"高橋 翔","sho.takahashi@example.com","ST03","非アクティブ","2026-06-04 15:11:14.833261"
8008,"中村 大輔","daisuke.nakamura@example.com","ST02","アクティブ","2026-06-04 15:11:14.833261"
8009,"山田 翔","sho.yamada@example.com","ST01","新規","2026-06-04 15:11:14.833261"
8010,"山田 彩花","ayaka.yamada@example.com","ST03","非アクティブ","2026-06-04 15:11:14.833261"
8011,"中村 翔","sho.nakamura@example.com","ST02","アクティブ","2026-06-04 15:11:14.833261"
8012,"高橋 彩花","ayaka.takahashi@example.com","ST02","アクティブ","2026-06-04 15:11:14.833261"
8013,"中村 蓮","ren.nakamura@example.com","ST04","退会","2026-06-04 15:11:14.833261"
8014,"渡辺 葵","aoi.watanabe@example.com","ST03","非アクティブ","2026-06-04 15:11:14.833261"
8015,"田中 蓮","ren.tanaka@example.com","ST01","新規","2026-06-04 15:11:14.833261"
8016,"吉田 拓海","takumi.yoshida@example.com","ST03","非アクティブ","2026-06-04 15:11:14.833261"
8017,"加藤 拓海","takumi.kato@example.com","ST02","アクティブ","2026-06-04 15:11:14.833261"
8018,"佐藤 翔","sho.sato@example.com","ST02","アクティブ","2026-06-04 15:11:14.833261"
8019,"伊藤 結衣","yui.ito@example.com","ST01","新規","2026-06-04 15:11:14.833261"
8020,"高橋 健太","kenta.takahashi@example.com","ST04","退会","2026-06-04 15:11:14.833261"
8021,"佐藤 美咲","misaki.sato@example.com","ST02","アクティブ","2026-06-04 15:11:14.833261"
8022,"小林 悠斗","yuto.kobayashi@example.com","ST04","退会","2026-06-04 15:11:14.833261"
8023,"山本 陽菜","hina.yamamoto@example.com","ST01","新規","2026-06-04 15:11:14.833261"
8024,"高橋 翔","sho.takahashi@example.com","ST02","アクティブ","2026-06-04 15:11:14.833261"
8025,"佐藤 悠斗","yuto.sato@example.com","ST04","退会","2026-06-04 15:11:14.833261"
8026,"伊藤 結衣","yui.ito@example.com","ST02","アクティブ","2026-06-04 15:11:14.833261"
8027,"山本 拓海","takumi.yamamoto@example.com","ST03","非アクティブ","2026-06-04 15:11:14.833261"
8028,"田中 結衣","yui.tanaka@example.com","ST03","非アクティブ","2026-06-04 15:11:14.833261"
8029,"加藤 拓海","takumi.kato@example.com","ST04","退会","2026-06-04 15:11:14.833261"
8030,"渡辺 翔","sho.watanabe@example.com","ST01","新規","2026-06-04 15:11:14.833261"
8031,"加藤 健太","kenta.kato@example.com","ST04","退会","2026-06-04 15:11:14.833261"
8032,"渡辺 悠斗","yuto.watanabe@example.com","ST01","新規","2026-06-04 15:11:14.833261"
8033,"山本 健太","kenta.yamamoto@example.com","ST02","アクティブ","2026-06-04 15:11:14.833261"
8034,"吉田 健太","kenta.yoshida@example.com","ST04","退会","2026-06-04 15:11:14.833261"
8035,"田中 大輔","daisuke.tanaka@example.com","ST01","新規","2026-06-04 15:11:14.833261"
8036,"田中 結衣","yui.tanaka@example.com","ST01","新規","2026-06-04 15:11:14.833261"
8037,"佐藤 結衣","yui.sato@example.com","ST04","退会","2026-06-04 15:11:14.833261"
8038,"山田 大輔","daisuke.yamada@example.com","ST01","新規","2026-06-04 15:11:14.833261"
8039,"中村 拓海","takumi.nakamura@example.com","ST04","退会","2026-06-04 15:11:14.833261"
8040,"高橋 拓海","takumi.takahashi@example.com","ST02","アクティブ","2026-06-04 15:11:14.833261"
8041,"小林 結衣","yui.kobayashi@example.com","ST02","アクティブ","2026-06-04 15:11:14.833261"
8042,"伊藤 拓海","takumi.ito@example.com","ST01","新規","2026-06-04 15:11:14.833261"
8043,"加藤 蓮","ren.kato@example.com","ST04","退会","2026-06-04 15:11:14.833261"
8044,"小林 葵","aoi.kobayashi@example.com","ST04","退会","2026-06-04 15:11:14.833261"
8045,"吉田 悠斗","yuto.yoshida@example.com","ST01","新規","2026-06-04 15:11:14.833261"
8046,"佐藤 彩花","ayaka.sato@example.com","ST03","非アクティブ","2026-06-04 15:11:14.833261"
8047,"山田 結衣","yui.yamada@example.com","ST01","新規","2026-06-04 15:11:14.833261"
8048,"中村 太郎","taro.nakamura@example.com","ST02","アクティブ","2026-06-04 15:11:14.833261"
8049,"吉田 美咲","misaki.yoshida@example.com","ST04","退会","2026-06-04 15:11:14.833261"
8050,"渡辺 美咲","misaki.watanabe@example.com","ST04","退会","2026-06-04 15:11:14.833261"
8051,"山本 彩花","ayaka.yamamoto@example.com","ST03","非アクティブ","2026-06-04 15:11:14.833261"
8052,"佐藤 葵","aoi.sato@example.com","ST04","退会","2026-06-04 15:11:14.833261"
8053,"鈴木 陽菜","hina.suzuki@example.com","ST04","退会","2026-06-04 15:11:14.833261"
8054,"吉田 太郎","taro.yoshida@example.com","ST03","非アクティブ","2026-06-04 15:11:14.833261"
8055,"加藤 陽菜","hina.kato@example.com","ST02","アクティブ","2026-06-04 15:11:14.833261"
8056,"渡辺 陽菜","hina.watanabe@example.com","ST02","アクティブ","2026-06-04 15:11:14.833261"
8057,"吉田 彩花","ayaka.yoshida@example.com","ST01","新規","2026-06-04 15:11:14.833261"
8058,"加藤 翔","sho.kato@example.com","ST01","新規","2026-06-04 15:11:14.833261"
8059,"中村 彩花","ayaka.nakamura@example.com","ST04","退会","2026-06-04 15:11:14.833261"
8060,"加藤 美咲","misaki.kato@example.com","ST02","アクティブ","2026-06-04 15:11:14.833261"
8061,"中村 大輔","daisuke.nakamura@example.com","ST03","非アクティブ","2026-06-04 15:11:14.833261"
8062,"田中 美咲","misaki.tanaka@example.com","ST04","退会","2026-06-04 15:11:14.833261"
8063,"田中 結衣","yui.tanaka@example.com","ST04","退会","2026-06-04 15:11:14.833261"
8064,"中村 翔","sho.nakamura@example.com","ST02","アクティブ","2026-06-04 15:11:14.833261"
8065,"加藤 蓮","ren.kato@example.com","ST02","アクティブ","2026-06-04 15:11:14.833261"
8066,"小林 翔","sho.kobayashi@example.com","ST04","退会","2026-06-04 15:11:14.833261"
8067,"佐藤 悠斗","yuto.sato@example.com","ST02","アクティブ","2026-06-04 15:11:14.833261"
8068,"鈴木 結衣","yui.suzuki@example.com","ST02","アクティブ","2026-06-04 15:11:14.833261"
8069,"山本 美咲","misaki.yamamoto@example.com","ST01","新規","2026-06-04 15:11:14.833261"
8070,"加藤 蓮","ren.kato@example.com","ST01","新規","2026-06-04 15:11:14.833261"
8071,"山田 太郎","taro.yamada@example.com","ST03","非アクティブ","2026-06-04 15:11:14.833261"
8072,"吉田 結衣","yui.yoshida@example.com","ST01","新規","2026-06-04 15:11:14.833261"
8073,"高橋 翔","sho.takahashi@example.com","ST03","非アクティブ","2026-06-04 15:11:14.833261"
8074,"佐藤 健太","kenta.sato@example.com","ST01","新規","2026-06-04 15:11:14.833261"
8075,"佐藤 葵","aoi.sato@example.com","ST01","新規","2026-06-04 15:11:14.833261"
8076,"鈴木 健太","kenta.suzuki@example.com","ST03","非アクティブ","2026-06-04 15:11:14.833261"
8077,"山田 悠斗","yuto.yamada@example.com","ST02","アクティブ","2026-06-04 15:11:14.833261"
8078,"高橋 彩花","ayaka.takahashi@example.com","ST04","退会","2026-06-04 15:11:14.833261"
8079,"渡辺 結衣","yui.watanabe@example.com","ST02","アクティブ","2026-06-04 15:11:14.833261"
8080,"加藤 陽菜","hina.kato@example.com","ST03","非アクティブ","2026-06-04 15:11:14.833261"
8081,"伊藤 大輔","daisuke.ito@example.com","ST01","新規","2026-06-04 15:11:14.833261"
8082,"中村 蓮","ren.nakamura@example.com","ST04","退会","2026-06-04 15:11:14.833261"
8083,"佐藤 大輔","daisuke.sato@example.com","ST04","退会","2026-06-04 15:11:14.833261"
8084,"高橋 拓海","takumi.takahashi@example.com","ST04","退会","2026-06-04 15:11:14.833261"
8085,"吉田 翔","sho.yoshida@example.com","ST04","退会","2026-06-04 15:11:14.833261"
8086,"中村 美咲","misaki.nakamura@example.com","ST04","退会","2026-06-04 15:11:14.833261"
8087,"伊藤 翔","sho.ito@example.com","ST03","非アクティブ","2026-06-04 15:11:14.833261"
8088,"田中 悠斗","yuto.tanaka@example.com","ST03","非アクティブ","2026-06-04 15:11:14.833261"
8089,"田中 葵","aoi.tanaka@example.com","ST03","非アクティブ","2026-06-04 15:11:14.833261"
8090,"佐藤 拓海","takumi.sato@example.com","ST01","新規","2026-06-04 15:11:14.833261"
8091,"伊藤 健太","kenta.ito@example.com","ST01","新規","2026-06-04 15:11:14.833261"
8092,"高橋 葵","aoi.takahashi@example.com","ST03","非アクティブ","2026-06-04 15:11:14.833261"
8093,"加藤 結衣","yui.kato@example.com","ST02","アクティブ","2026-06-04 15:11:14.833261"
8094,"山田 彩花","ayaka.yamada@example.com","ST02","アクティブ","2026-06-04 15:11:14.833261"
8095,"小林 蓮","ren.kobayashi@example.com","ST01","新規","2026-06-04 15:11:14.833261"
8096,"高橋 結衣","yui.takahashi@example.com","ST01","新規","2026-06-04 15:11:14.833261"
8097,"中村 拓海","takumi.nakamura@example.com","ST01","新規","2026-06-04 15:11:14.833261"
8098,"山田 翔","sho.yamada@example.com","ST02","アクティブ","2026-06-04 15:11:14.833261"
8099,"田中 美咲","misaki.tanaka@example.com","ST03","非アクティブ","2026-06-04 15:11:14.833261"
8100,"伊藤 葵","aoi.ito@example.com","ST03","非アクティブ","2026-06-04 15:11:14.833261"
8101,"渡辺 葵","aoi.watanabe@example.com","ST04","退会","2026-06-04 15:11:14.833261"
8102,"鈴木 蓮","ren.suzuki@example.com","ST01","新規","2026-06-04 15:11:14.833261"
8103,"渡辺 太郎","taro.watanabe@example.com","ST01","新規","2026-06-04 15:11:14.833261"
8104,"高橋 大輔","daisuke.takahashi@example.com","ST01","新規","2026-06-04 15:11:14.833261"
8105,"鈴木 太郎","taro.suzuki@example.com","ST03","非アクティブ","2026-06-04 15:11:14.833261"
8106,"鈴木 結衣","yui.suzuki@example.com","ST03","非アクティブ","2026-06-04 15:11:14.833261"
8107,"吉田 陽菜","hina.yoshida@example.com","ST01","新規","2026-06-04 15:11:14.833261"
8108,"渡辺 悠斗","yuto.watanabe@example.com","ST04","退会","2026-06-04 15:11:14.833261"
8109,"渡辺 蓮","ren.watanabe@example.com","ST03","非アクティブ","2026-06-04 15:11:14.833261"
8110,"山田 太郎","taro.yamada@example.com","ST04","退会","2026-06-04 15:11:14.833261"
8111,"加藤 蓮","ren.kato@example.com","ST04","退会","2026-06-04 15:11:14.833261"
8112,"渡辺 拓海","takumi.watanabe@example.com","ST01","新規","2026-06-04 15:11:14.833261"
8113,"鈴木 拓海","takumi.suzuki@example.com","ST01","新規","2026-06-04 15:11:14.833261"
8114,"渡辺 翔","sho.watanabe@example.com","ST04","退会","2026-06-04 15:11:14.833261"
8115,"渡辺 結衣","yui.watanabe@example.com","ST02","アクティブ","2026-06-04 15:11:14.833261"
8116,"伊藤 美咲","misaki.ito@example.com","ST01","新規","2026-06-04 15:11:14.833261"
8117,"中村 美咲","misaki.nakamura@example.com","ST04","退会","2026-06-04 15:11:14.833261"
8118,"山本 太郎","taro.yamamoto@example.com","ST04","退会","2026-06-04 15:11:14.833261"
8119,"高橋 陽菜","hina.takahashi@example.com","ST01","新規","2026-06-04 15:11:14.833261"
8120,"中村 拓海","takumi.nakamura@example.com","ST01","新規","2026-06-04 15:11:14.833261"
8121,"渡辺 葵","aoi.watanabe@example.com","ST03","非アクティブ","2026-06-04 15:11:14.833261"
8122,"渡辺 美咲","misaki.watanabe@example.com","ST04","退会","2026-06-04 15:11:14.833261"
8123,"山本 蓮","ren.yamamoto@example.com","ST01","新規","2026-06-04 15:11:14.833261"
8124,"吉田 結衣","yui.yoshida@example.com","ST01","新規","2026-06-04 15:11:14.833261"
8125,"伊藤 彩花","ayaka.ito@example.com","ST01","新規","2026-06-04 15:11:14.833261"
8126,"加藤 陽菜","hina.kato@example.com","ST04","退会","2026-06-04 15:11:14.833261"
8127,"渡辺 美咲","misaki.watanabe@example.com","ST04","退会","2026-06-04 15:11:14.833261"
8128,"中村 結衣","yui.nakamura@example.com","ST04","退会","2026-06-04 15:11:14.833261"
8129,"中村 拓海","takumi.nakamura@example.com","ST03","非アクティブ","2026-06-04 15:11:14.833261"
8130,"加藤 大輔","daisuke.kato@example.com","ST01","新規","2026-06-04 15:11:14.833261"
8131,"伊藤 拓海","takumi.ito@example.com","ST01","新規","2026-06-04 15:11:14.833261"
8132,"伊藤 拓海","takumi.ito@example.com","ST01","新規","2026-06-04 15:11:14.833261"
8133,"加藤 結衣","yui.kato@example.com","ST01","新規","2026-06-04 15:11:14.833261"
8134,"吉田 蓮","ren.yoshida@example.com","ST01","新規","2026-06-04 15:11:14.833261"
8135,"吉田 美咲","misaki.yoshida@example.com","ST04","退会","2026-06-04 15:11:14.833261"
8136,"中村 葵","aoi.nakamura@example.com","ST04","退会","2026-06-04 15:11:14.833261"
8137,"中村 彩花","ayaka.nakamura@example.com","ST03","非アクティブ","2026-06-04 15:11:14.833261"
8138,"渡辺 結衣","yui.watanabe@example.com","ST04","退会","2026-06-04 15:11:14.833261"
8139,"鈴木 陽菜","hina.suzuki@example.com","ST01","新規","2026-06-04 15:11:14.833261"
8140,"田中 大輔","daisuke.tanaka@example.com","ST04","退会","2026-06-04 15:11:14.833261"
8141,"加藤 翔","sho.kato@example.com","ST04","退会","2026-06-04 15:11:14.833261"
8142,"山本 葵","aoi.yamamoto@example.com","ST01","新規","2026-06-04 15:11:14.833261"
8143,"小林 美咲","misaki.kobayashi@example.com","ST04","退会","2026-06-04 15:11:14.833261"
8144,"山田 葵","aoi.yamada@example.com","ST03","非アクティブ","2026-06-04 15:11:14.833261"
8145,"高橋 悠斗","yuto.takahashi@example.com","ST01","新規","2026-06-04 15:11:14.833261"
8146,"中村 結衣","yui.nakamura@example.com","ST04","退会","2026-06-04 15:11:14.833261"
8147,"加藤 蓮","ren.kato@example.com","ST04","退会","2026-06-04 15:11:14.833261"
8148,"加藤 悠斗","yuto.kato@example.com","ST04","退会","2026-06-04 15:11:14.833261"
8149,"鈴木 美咲","misaki.suzuki@example.com","ST01","新規","2026-06-04 15:11:14.833261"
8150,"小林 悠斗","yuto.kobayashi@example.com","ST04","退会","2026-06-04 15:11:14.833261"
8151,"田中 結衣","yui.tanaka@example.com","ST04","退会","2026-06-04 15:11:14.833261"
8152,"鈴木 彩花","ayaka.suzuki@example.com","ST04","退会","2026-06-04 15:11:14.833261"
8153,"山本 結衣","yui.yamamoto@example.com","ST04","退会","2026-06-04 15:11:14.833261"
8154,"山本 葵","aoi.yamamoto@example.com","ST01","新規","2026-06-04 15:11:14.833261"
8155,"吉田 悠斗","yuto.yoshida@example.com","ST04","退会","2026-06-04 15:11:14.833261"
8156,"佐藤 大輔","daisuke.sato@example.com","ST04","退会","2026-06-04 15:11:14.833261"
8157,"渡辺 美咲","misaki.watanabe@example.com","ST03","非アクティブ","2026-06-04 15:11:14.833261"
8158,"吉田 彩花","ayaka.yoshida@example.com","ST01","新規","2026-06-04 15:11:14.833261"
8159,"小林 陽菜","hina.kobayashi@example.com","ST02","アクティブ","2026-06-04 15:11:14.833261"
8160,"鈴木 陽菜","hina.suzuki@example.com","ST01","新規","2026-06-04 15:11:14.833261"
8161,"田中 彩花","ayaka.tanaka@example.com","ST02","アクティブ","2026-06-04 15:11:14.833261"
8162,"高橋 翔","sho.takahashi@example.com","ST02","アクティブ","2026-06-04 15:11:14.833261"
8163,"吉田 大輔","daisuke.yoshida@example.com","ST02","アクティブ","2026-06-04 15:11:14.833261"
8164,"伊藤 美咲","misaki.ito@example.com","ST02","アクティブ","2026-06-04 15:11:14.833261"
8165,"小林 太郎","taro.kobayashi@example.com","ST03","非アクティブ","2026-06-04 15:11:14.833261"
8166,"伊藤 美咲","misaki.ito@example.com","ST04","退会","2026-06-04 15:11:14.833261"
8167,"吉田 蓮","ren.yoshida@example.com","ST04","退会","2026-06-04 15:11:14.833261"
8168,"渡辺 大輔","daisuke.watanabe@example.com","ST02","アクティブ","2026-06-04 15:11:14.833261"
8169,"鈴木 葵","aoi.suzuki@example.com","ST02","アクティブ","2026-06-04 15:11:14.833261"
8170,"山本 結衣","yui.yamamoto@example.com","ST03","非アクティブ","2026-06-04 15:11:14.833261"
8171,"山田 悠斗","yuto.yamada@example.com","ST04","退会","2026-06-04 15:11:14.833261"
8172,"小林 翔","sho.kobayashi@example.com","ST02","アクティブ","2026-06-04 15:11:14.833261"
8173,"吉田 健太","kenta.yoshida@example.com","ST02","アクティブ","2026-06-04 15:11:14.833261"
8174,"加藤 太郎","taro.kato@example.com","ST02","アクティブ","2026-06-04 15:11:14.833261"
8175,"中村 悠斗","yuto.nakamura@example.com","ST04","退会","2026-06-04 15:11:14.833261"
8176,"伊藤 大輔","daisuke.ito@example.com","ST01","新規","2026-06-04 15:11:14.833261"
8177,"鈴木 葵","aoi.suzuki@example.com","ST02","アクティブ","2026-06-04 15:11:14.833261"
8178,"小林 太郎","taro.kobayashi@example.com","ST01","新規","2026-06-04 15:11:14.833261"
8179,"鈴木 結衣","yui.suzuki@example.com","ST02","アクティブ","2026-06-04 15:11:14.833261"
8180,"山本 美咲","misaki.yamamoto@example.com","ST03","非アクティブ","2026-06-04 15:11:14.833261"
8181,"田中 大輔","daisuke.tanaka@example.com","ST02","アクティブ","2026-06-04 15:11:14.833261"
8182,"田中 美咲","misaki.tanaka@example.com","ST02","アクティブ","2026-06-04 15:11:14.833261"
8183,"吉田 悠斗","yuto.yoshida@example.com","ST01","新規","2026-06-04 15:11:14.833261"
8184,"小林 蓮","ren.kobayashi@example.com","ST01","新規","2026-06-04 15:11:14.833261"
8185,"渡辺 翔","sho.watanabe@example.com","ST04","退会","2026-06-04 15:11:14.833261"
8186,"高橋 彩花","ayaka.takahashi@example.com","ST04","退会","2026-06-04 15:11:14.833261"
8187,"田中 彩花","ayaka.tanaka@example.com","ST03","非アクティブ","2026-06-04 15:11:14.833261"
8188,"中村 結衣","yui.nakamura@example.com","ST04","退会","2026-06-04 15:11:14.833261"
8189,"山本 美咲","misaki.yamamoto@example.com","ST04","退会","2026-06-04 15:11:14.833261"
8190,"山本 太郎","taro.yamamoto@example.com","ST01","新規","2026-06-04 15:11:14.833261"
8191,"田中 翔","sho.tanaka@example.com","ST03","非アクティブ","2026-06-04 15:11:14.833261"
8192,"中村 太郎","taro.nakamura@example.com","ST03","非アクティブ","2026-06-04 15:11:14.833261"
8193,"佐藤 翔","sho.sato@example.com","ST01","新規","2026-06-04 15:11:14.833261"
8194,"小林 美咲","misaki.kobayashi@example.com","ST04","退会","2026-06-04 15:11:14.833261"
8195,"加藤 太郎","taro.kato@example.com","ST02","アクティブ","2026-06-04 15:11:14.833261"
8196,"加藤 葵","aoi.kato@example.com","ST01","新規","2026-06-04 15:11:14.833261"
8197,"田中 太郎","taro.tanaka@example.com","ST01","新規","2026-06-04 15:11:14.833261"
8198,"吉田 悠斗","yuto.yoshida@example.com","ST04","退会","2026-06-04 15:11:14.833261"
8199,"加藤 大輔","daisuke.kato@example.com","ST01","新規","2026-06-04 15:11:14.833261"
8200,"田中 太郎","taro.tanaka@example.com","ST03","非アクティブ","2026-06-04 15:11:14.833261"
8201,"高橋 彩花","ayaka.takahashi@example.com","ST04","退会","2026-06-04 15:11:14.833261"
8202,"伊藤 結衣","yui.ito@example.com","ST03","非アクティブ","2026-06-04 15:11:14.833261"
8203,"伊藤 拓海","takumi.ito@example.com","ST01","新規","2026-06-04 15:11:14.833261"
8204,"田中 結衣","yui.tanaka@example.com","ST04","退会","2026-06-04 15:11:14.833261"
8205,"渡辺 陽菜","hina.watanabe@example.com","ST01","新規","2026-06-04 15:11:14.833261"
8206,"鈴木 悠斗","yuto.suzuki@example.com","ST04","退会","2026-06-04 15:11:14.833261"
8207,"佐藤 翔","sho.sato@example.com","ST04","退会","2026-06-04 15:11:14.833261"
8208,"山田 悠斗","yuto.yamada@example.com","ST02","アクティブ","2026-06-04 15:11:14.833261"
8209,"渡辺 美咲","misaki.watanabe@example.com","ST01","新規","2026-06-04 15:11:14.833261"
8210,"渡辺 彩花","ayaka.watanabe@example.com","ST01","新規","2026-06-04 15:11:14.833261"
8211,"小林 美咲","misaki.kobayashi@example.com","ST02","アクティブ","2026-06-04 15:11:14.833261"
8212,"吉田 太郎","taro.yoshida@example.com","ST02","アクティブ","2026-06-04 15:11:14.833261"
8213,"中村 結衣","yui.nakamura@example.com","ST04","退会","2026-06-04 15:11:14.833261"
8214,"小林 陽菜","hina.kobayashi@example.com","ST03","非アクティブ","2026-06-04 15:11:14.833261"
8215,"山本 美咲","misaki.yamamoto@example.com","ST04","退会","2026-06-04 15:11:14.833261"
8216,"伊藤 陽菜","hina.ito@example.com","ST01","新規","2026-06-04 15:11:14.833261"
8217,"田中 結衣","yui.tanaka@example.com","ST01","新規","2026-06-04 15:11:14.833261"
8218,"高橋 結衣","yui.takahashi@example.com","ST03","非アクティブ","2026-06-04 15:11:14.833261"
8219,"田中 蓮","ren.tanaka@example.com","ST01","新規","2026-06-04 15:11:14.833261"
8220,"山田 葵","aoi.yamada@example.com","ST03","非アクティブ","2026-06-04 15:11:14.833261"
8221,"加藤 陽菜","hina.kato@example.com","ST04","退会","2026-06-04 15:11:14.833261"
8222,"加藤 彩花","ayaka.kato@example.com","ST04","退会","2026-06-04 15:11:14.833261"
8223,"伊藤 太郎","taro.ito@example.com","ST04","退会","2026-06-04 15:11:14.833261"
8224,"鈴木 健太","kenta.suzuki@example.com","ST02","アクティブ","2026-06-04 15:11:14.833261"
8225,"吉田 健太","kenta.yoshida@example.com","ST01","新規","2026-06-04 15:11:14.833261"
8226,"田中 美咲","misaki.tanaka@example.com","ST01","新規","2026-06-04 15:11:14.833261"
8227,"加藤 陽菜","hina.kato@example.com","ST04","退会","2026-06-04 15:11:14.833261"
8228,"加藤 翔","sho.kato@example.com","ST02","アクティブ","2026-06-04 15:11:14.833261"
8229,"佐藤 葵","aoi.sato@example.com","ST01","新規","2026-06-04 15:11:14.833261"
8230,"山本 美咲","misaki.yamamoto@example.com","ST03","非アクティブ","2026-06-04 15:11:14.833261"
8231,"山本 大輔","daisuke.yamamoto@example.com","ST02","アクティブ","2026-06-04 15:11:14.833261"
8232,"中村 蓮","ren.nakamura@example.com","ST01","新規","2026-06-04 15:11:14.833261"
8233,"中村 蓮","ren.nakamura@example.com","ST02","アクティブ","2026-06-04 15:11:14.833261"
8234,"佐藤 太郎","taro.sato@example.com","ST04","退会","2026-06-04 15:11:14.833261"
8235,"渡辺 美咲","misaki.watanabe@example.com","ST03","非アクティブ","2026-06-04 15:11:14.833261"
8236,"伊藤 翔","sho.ito@example.com","ST04","退会","2026-06-04 15:11:14.833261"
8237,"山田 蓮","ren.yamada@example.com","ST03","非アクティブ","2026-06-04 15:11:14.833261"
8238,"中村 美咲","misaki.nakamura@example.com","ST02","アクティブ","2026-06-04 15:11:14.833261"
8239,"鈴木 悠斗","yuto.suzuki@example.com","ST03","非アクティブ","2026-06-04 15:11:14.833261"
8240,"吉田 陽菜","hina.yoshida@example.com","ST02","アクティブ","2026-06-04 15:11:14.833261"
8241,"加藤 葵","aoi.kato@example.com","ST02","アクティブ","2026-06-04 15:11:14.833261"
8242,"中村 葵","aoi.nakamura@example.com","ST02","アクティブ","2026-06-04 15:11:14.833261"
8243,"田中 陽菜","hina.tanaka@example.com","ST02","アクティブ","2026-06-04 15:11:14.833261"
8244,"加藤 結衣","yui.kato@example.com","ST02","アクティブ","2026-06-04 15:11:14.833261"
8245,"高橋 葵","aoi.takahashi@example.com","ST04","退会","2026-06-04 15:11:14.833261"
8246,"山本 拓海","takumi.yamamoto@example.com","ST04","退会","2026-06-04 15:11:14.833261"
8247,"小林 結衣","yui.kobayashi@example.com","ST04","退会","2026-06-04 15:11:14.833261"
8248,"山本 結衣","yui.yamamoto@example.com","ST01","新規","2026-06-04 15:11:14.833261"
8249,"中村 悠斗","yuto.nakamura@example.com","ST01","新規","2026-06-04 15:11:14.833261"
8250,"高橋 大輔","daisuke.takahashi@example.com","ST03","非アクティブ","2026-06-04 15:11:14.833261"
8251,"吉田 葵","aoi.yoshida@example.com","ST03","非アクティブ","2026-06-04 15:11:14.833261"
8252,"中村 結衣","yui.nakamura@example.com","ST03","非アクティブ","2026-06-04 15:11:14.833261"
8253,"吉田 太郎","taro.yoshida@example.com","ST04","退会","2026-06-04 15:11:14.833261"
8254,"伊藤 結衣","yui.ito@example.com","ST04","退会","2026-06-04 15:11:14.833261"
8255,"田中 拓海","takumi.tanaka@example.com","ST01","新規","2026-06-04 15:11:14.833261"
8256,"中村 太郎","taro.nakamura@example.com","ST04","退会","2026-06-04 15:11:14.833261"
8257,"山本 葵","aoi.yamamoto@example.com","ST04","退会","2026-06-04 15:11:14.833261"
8258,"山田 彩花","ayaka.yamada@example.com","ST04","退会","2026-06-04 15:11:14.833261"
8259,"山本 蓮","ren.yamamoto@example.com","ST04","退会","2026-06-04 15:11:14.833261"
8260,"伊藤 大輔","daisuke.ito@example.com","ST02","アクティブ","2026-06-04 15:11:14.833261"
8261,"山田 彩花","ayaka.yamada@example.com","ST03","非アクティブ","2026-06-04 15:11:14.833261"
8262,"山田 太郎","taro.yamada@example.com","ST01","新規","2026-06-04 15:11:14.833261"
8263,"田中 葵","aoi.tanaka@example.com","ST04","退会","2026-06-04 15:11:14.833261"
8264,"渡辺 蓮","ren.watanabe@example.com","ST01","新規","2026-06-04 15:11:14.833261"
8265,"山田 大輔","daisuke.yamada@example.com","ST04","退会","2026-06-04 15:11:14.833261"
8266,"高橋 蓮","ren.takahashi@example.com","ST03","非アクティブ","2026-06-04 15:11:14.833261"
8267,"加藤 健太","kenta.kato@example.com","ST03","非アクティブ","2026-06-04 15:11:14.833261"
8268,"中村 彩花","ayaka.nakamura@example.com","ST03","非アクティブ","2026-06-04 15:11:14.833261"
8269,"山田 葵","aoi.yamada@example.com","ST04","退会","2026-06-04 15:11:14.833261"
8270,"山本 悠斗","yuto.yamamoto@example.com","ST01","新規","2026-06-04 15:11:14.833261"
8271,"小林 結衣","yui.kobayashi@example.com","ST02","アクティブ","2026-06-04 15:11:14.833261"
8272,"高橋 葵","aoi.takahashi@example.com","ST04","退会","2026-06-04 15:11:14.833261"
8273,"田中 翔","sho.tanaka@example.com","ST03","非アクティブ","2026-06-04 15:11:14.833261"
8274,"高橋 美咲","misaki.takahashi@example.com","ST02","アクティブ","2026-06-04 15:11:14.833261"
8275,"吉田 陽菜","hina.yoshida@example.com","ST04","退会","2026-06-04 15:11:14.833261"
8276,"田中 太郎","taro.tanaka@example.com","ST01","新規","2026-06-04 15:11:14.833261"
8277,"小林 大輔","daisuke.kobayashi@example.com","ST03","非アクティブ","2026-06-04 15:11:14.833261"
8278,"中村 翔","sho.nakamura@example.com","ST04","退会","2026-06-04 15:11:14.833261"
8279,"鈴木 美咲","misaki.suzuki@example.com","ST04","退会","2026-06-04 15:11:14.833261"
8280,"加藤 彩花","ayaka.kato@example.com","ST04","退会","2026-06-04 15:11:14.833261"
8281,"山田 陽菜","hina.yamada@example.com","ST01","新規","2026-06-04 15:11:14.833261"
8282,"山本 葵","aoi.yamamoto@example.com","ST01","新規","2026-06-04 15:11:14.833261"
8283,"小林 蓮","ren.kobayashi@example.com","ST01","新規","2026-06-04 15:11:14.833261"
8284,"加藤 蓮","ren.kato@example.com","ST03","非アクティブ","2026-06-04 15:11:14.833261"
8285,"伊藤 蓮","ren.ito@example.com","ST04","退会","2026-06-04 15:11:14.833261"
8286,"鈴木 結衣","yui.suzuki@example.com","ST01","新規","2026-06-04 15:11:14.833261"
8287,"田中 健太","kenta.tanaka@example.com","ST04","退会","2026-06-04 15:11:14.833261"
8288,"佐藤 蓮","ren.sato@example.com","ST01","新規","2026-06-04 15:11:14.833261"
8289,"佐藤 拓海","takumi.sato@example.com","ST03","非アクティブ","2026-06-04 15:11:14.833261"
8290,"佐藤 結衣","yui.sato@example.com","ST02","アクティブ","2026-06-04 15:11:14.833261"
8291,"鈴木 蓮","ren.suzuki@example.com","ST02","アクティブ","2026-06-04 15:11:14.833261"
8292,"田中 結衣","yui.tanaka@example.com","ST01","新規","2026-06-04 15:11:14.833261"
8293,"山本 結衣","yui.yamamoto@example.com","ST02","アクティブ","2026-06-04 15:11:14.833261"
8294,"山本 結衣","yui.yamamoto@example.com","ST03","非アクティブ","2026-06-04 15:11:14.833261"
8295,"山本 大輔","daisuke.yamamoto@example.com","ST01","新規","2026-06-04 15:11:14.833261"
8296,"山本 健太","kenta.yamamoto@example.com","ST02","アクティブ","2026-06-04 15:11:14.833261"
8297,"渡辺 翔","sho.watanabe@example.com","ST04","退会","2026-06-04 15:11:14.833261"
8298,"山田 健太","kenta.yamada@example.com","ST03","非アクティブ","2026-06-04 15:11:14.833261"
8299,"高橋 悠斗","yuto.takahashi@example.com","ST01","新規","2026-06-04 15:11:14.833261"
8300,"伊藤 健太","kenta.ito@example.com","ST04","退会","2026-06-04 15:11:14.833261"
8301,"山田 美咲","misaki.yamada@example.com","ST03","非アクティブ","2026-06-04 15:11:14.833261"
8302,"佐藤 陽菜","hina.sato@example.com","ST04","退会","2026-06-04 15:11:14.833261"
8303,"小林 翔","sho.kobayashi@example.com","ST02","アクティブ","2026-06-04 15:11:14.833261"
8304,"伊藤 拓海","takumi.ito@example.com","ST04","退会","2026-06-04 15:11:14.833261"
8305,"伊藤 結衣","yui.ito@example.com","ST03","非アクティブ","2026-06-04 15:11:14.833261"
8306,"伊藤 拓海","takumi.ito@example.com","ST01","新規","2026-06-04 15:11:14.833261"
8307,"鈴木 美咲","misaki.suzuki@example.com","ST03","非アクティブ","2026-06-04 15:11:14.833261"
8308,"佐藤 蓮","ren.sato@example.com","ST02","アクティブ","2026-06-04 15:11:14.833261"
8309,"吉田 悠斗","yuto.yoshida@example.com","ST02","アクティブ","2026-06-04 15:11:14.833261"
8310,"田中 結衣","yui.tanaka@example.com","ST01","新規","2026-06-04 15:11:14.833261"
8311,"鈴木 健太","kenta.suzuki@example.com","ST03","非アクティブ","2026-06-04 15:11:14.833261"
8312,"佐藤 彩花","ayaka.sato@example.com","ST01","新規","2026-06-04 15:11:14.833261"
8313,"渡辺 拓海","takumi.watanabe@example.com","ST04","退会","2026-06-04 15:11:14.833261"
8314,"鈴木 大輔","daisuke.suzuki@example.com","ST01","新規","2026-06-04 15:11:14.833261"
8315,"吉田 拓海","takumi.yoshida@example.com","ST02","アクティブ","2026-06-04 15:11:14.833261"
8316,"小林 彩花","ayaka.kobayashi@example.com","ST02","アクティブ","2026-06-04 15:11:14.833261"
8317,"高橋 陽菜","hina.takahashi@example.com","ST04","退会","2026-06-04 15:11:14.833261"
8318,"加藤 葵","aoi.kato@example.com","ST04","退会","2026-06-04 15:11:14.833261"
8319,"高橋 太郎","taro.takahashi@example.com","ST03","非アクティブ","2026-06-04 15:11:14.833261"
8320,"山本 悠斗","yuto.yamamoto@example.com","ST04","退会","2026-06-04 15:11:14.833261"
8321,"中村 悠斗","yuto.nakamura@example.com","ST03","非アクティブ","2026-06-04 15:11:14.833261"
8322,"山田 彩花","ayaka.yamada@example.com","ST04","退会","2026-06-04 15:11:14.833261"
8323,"高橋 美咲","misaki.takahashi@example.com","ST02","アクティブ","2026-06-04 15:11:14.833261"
8324,"加藤 翔","sho.kato@example.com","ST04","退会","2026-06-04 15:11:14.833261"
8325,"加藤 太郎","taro.kato@example.com","ST04","退会","2026-06-04 15:11:14.833261"
8326,"加藤 悠斗","yuto.kato@example.com","ST02","アクティブ","2026-06-04 15:11:14.833261"
8327,"伊藤 彩花","ayaka.ito@example.com","ST03","非アクティブ","2026-06-04 15:11:14.833261"
8328,"中村 大輔","daisuke.nakamura@example.com","ST01","新規","2026-06-04 15:11:14.833261"
8329,"加藤 悠斗","yuto.kato@example.com","ST01","新規","2026-06-04 15:11:14.833261"
8330,"山本 美咲","misaki.yamamoto@example.com","ST04","退会","2026-06-04 15:11:14.833261"
8331,"中村 健太","kenta.nakamura@example.com","ST04","退会","2026-06-04 15:11:14.833261"
8332,"田中 太郎","taro.tanaka@example.com","ST01","新規","2026-06-04 15:11:14.833261"
8333,"佐藤 結衣","yui.sato@example.com","ST01","新規","2026-06-04 15:11:14.833261"
8334,"伊藤 陽菜","hina.ito@example.com","ST03","非アクティブ","2026-06-04 15:11:14.833261"
8335,"伊藤 陽菜","hina.ito@example.com","ST03","非アクティブ","2026-06-04 15:11:14.833261"
8336,"加藤 結衣","yui.kato@example.com","ST01","新規","2026-06-04 15:11:14.833261"
8337,"高橋 陽菜","hina.takahashi@example.com","ST02","アクティブ","2026-06-04 15:11:14.833261"
8338,"加藤 悠斗","yuto.kato@example.com","ST04","退会","2026-06-04 15:11:14.833261"
8339,"佐藤 葵","aoi.sato@example.com","ST02","アクティブ","2026-06-04 15:11:14.833261"
8340,"小林 翔","sho.kobayashi@example.com","ST02","アクティブ","2026-06-04 15:11:14.833261"
8341,"渡辺 拓海","takumi.watanabe@example.com","ST01","新規","2026-06-04 15:11:14.833261"
8342,"渡辺 陽菜","hina.watanabe@example.com","ST01","新規","2026-06-04 15:11:14.833261"
8343,"山本 蓮","ren.yamamoto@example.com","ST01","新規","2026-06-04 15:11:14.833261"
8344,"山田 拓海","takumi.yamada@example.com","ST04","退会","2026-06-04 15:11:14.833261"
8345,"加藤 陽菜","hina.kato@example.com","ST02","アクティブ","2026-06-04 15:11:14.833261"
8346,"高橋 結衣","yui.takahashi@example.com","ST04","退会","2026-06-04 15:11:14.833261"
8347,"加藤 蓮","ren.kato@example.com","ST01","新規","2026-06-04 15:11:14.833261"
8348,"山本 彩花","ayaka.yamamoto@example.com","ST04","退会","2026-06-04 15:11:14.833261"
8349,"高橋 陽菜","hina.takahashi@example.com","ST02","アクティブ","2026-06-04 15:11:14.833261"
8350,"伊藤 陽菜","hina.ito@example.com","ST03","非アクティブ","2026-06-04 15:11:14.833261"
8351,"小林 葵","aoi.kobayashi@example.com","ST02","アクティブ","2026-06-04 15:11:14.833261"
8352,"鈴木 大輔","daisuke.suzuki@example.com","ST01","新規","2026-06-04 15:11:14.833261"
8353,"山本 拓海","takumi.yamamoto@example.com","ST02","アクティブ","2026-06-04 15:11:14.833261"
8354,"田中 蓮","ren.tanaka@example.com","ST03","非アクティブ","2026-06-04 15:11:14.833261"
8355,"中村 健太","kenta.nakamura@example.com","ST03","非アクティブ","2026-06-04 15:11:14.833261"
8356,"佐藤 健太","kenta.sato@example.com","ST01","新規","2026-06-04 15:11:14.833261"
8357,"吉田 翔","sho.yoshida@example.com","ST01","新規","2026-06-04 15:11:14.833261"
8358,"吉田 陽菜","hina.yoshida@example.com","ST02","アクティブ","2026-06-04 15:11:14.833261"
8359,"小林 葵","aoi.kobayashi@example.com","ST02","アクティブ","2026-06-04 15:11:14.833261"
8360,"山田 蓮","ren.yamada@example.com","ST01","新規","2026-06-04 15:11:14.833261"
8361,"吉田 大輔","daisuke.yoshida@example.com","ST03","非アクティブ","2026-06-04 15:11:14.833261"
8362,"伊藤 翔","sho.ito@example.com","ST04","退会","2026-06-04 15:11:14.833261"
8363,"小林 陽菜","hina.kobayashi@example.com","ST04","退会","2026-06-04 15:11:14.833261"
8364,"伊藤 悠斗","yuto.ito@example.com","ST01","新規","2026-06-04 15:11:14.833261"
8365,"高橋 翔","sho.takahashi@example.com","ST03","非アクティブ","2026-06-04 15:11:14.833261"
8366,"佐藤 彩花","ayaka.sato@example.com","ST04","退会","2026-06-04 15:11:14.833261"
8367,"渡辺 太郎","taro.watanabe@example.com","ST01","新規","2026-06-04 15:11:14.833261"
8368,"山田 陽菜","hina.yamada@example.com","ST01","新規","2026-06-04 15:11:14.833261"
8369,"高橋 翔","sho.takahashi@example.com","ST04","退会","2026-06-04 15:11:14.833261"
8370,"吉田 翔","sho.yoshida@example.com","ST02","アクティブ","2026-06-04 15:11:14.833261"
8371,"山田 美咲","misaki.yamada@example.com","ST04","退会","2026-06-04 15:11:14.833261"
8372,"中村 葵","aoi.nakamura@example.com","ST04","退会","2026-06-04 15:11:14.833261"
8373,"中村 葵","aoi.nakamura@example.com","ST02","アクティブ","2026-06-04 15:11:14.833261"
8374,"中村 彩花","ayaka.nakamura@example.com","ST01","新規","2026-06-04 15:11:14.833261"
8375,"田中 拓海","takumi.tanaka@example.com","ST04","退会","2026-06-04 15:11:14.833261"
8376,"小林 健太","kenta.kobayashi@example.com","ST01","新規","2026-06-04 15:11:14.833261"
8377,"高橋 大輔","daisuke.takahashi@example.com","ST02","アクティブ","2026-06-04 15:11:14.833261"
8378,"田中 結衣","yui.tanaka@example.com","ST02","アクティブ","2026-06-04 15:11:14.833261"
8379,"佐藤 結衣","yui.sato@example.com","ST04","退会","2026-06-04 15:11:14.833261"
8380,"加藤 翔","sho.kato@example.com","ST03","非アクティブ","2026-06-04 15:11:14.833261"
8381,"佐藤 美咲","misaki.sato@example.com","ST01","新規","2026-06-04 15:11:14.833261"
8382,"山本 翔","sho.yamamoto@example.com","ST01","新規","2026-06-04 15:11:14.833261"
8383,"吉田 翔","sho.yoshida@example.com","ST02","アクティブ","2026-06-04 15:11:14.833261"
8384,"渡辺 大輔","daisuke.watanabe@example.com","ST03","非アクティブ","2026-06-04 15:11:14.833261"
8385,"小林 太郎","taro.kobayashi@example.com","ST01","新規","2026-06-04 15:11:14.833261"
8386,"吉田 拓海","takumi.yoshida@example.com","ST02","アクティブ","2026-06-04 15:11:14.833261"
8387,"鈴木 蓮","ren.suzuki@example.com","ST04","退会","2026-06-04 15:11:14.833261"
8388,"中村 太郎","taro.nakamura@example.com","ST04","退会","2026-06-04 15:11:14.833261"
8389,"高橋 拓海","takumi.takahashi@example.com","ST03","非アクティブ","2026-06-04 15:11:14.833261"
8390,"小林 悠斗","yuto.kobayashi@example.com","ST03","非アクティブ","2026-06-04 15:11:14.833261"
8391,"吉田 葵","aoi.yoshida@example.com","ST03","非アクティブ","2026-06-04 15:11:14.833261"
8392,"田中 彩花","ayaka.tanaka@example.com","ST02","アクティブ","2026-06-04 15:11:14.833261"
8393,"佐藤 彩花","ayaka.sato@example.com","ST02","アクティブ","2026-06-04 15:11:14.833261"
8394,"高橋 健太","kenta.takahashi@example.com","ST04","退会","2026-06-04 15:11:14.833261"
8395,"吉田 彩花","ayaka.yoshida@example.com","ST02","アクティブ","2026-06-04 15:11:14.833261"
8396,"鈴木 悠斗","yuto.suzuki@example.com","ST04","退会","2026-06-04 15:11:14.833261"
8397,"田中 結衣","yui.tanaka@example.com","ST03","非アクティブ","2026-06-04 15:11:14.833261"
8398,"伊藤 結衣","yui.ito@example.com","ST02","アクティブ","2026-06-04 15:11:14.833261"
8399,"山本 翔","sho.yamamoto@example.com","ST01","新規","2026-06-04 15:11:14.833261"
8400,"高橋 大輔","daisuke.takahashi@example.com","ST04","退会","2026-06-04 15:11:14.833261"
8401,"加藤 結衣","yui.kato@example.com","ST02","アクティブ","2026-06-04 15:11:14.833261"
8402,"佐藤 太郎","taro.sato@example.com","ST01","新規","2026-06-04 15:11:14.833261"
8403,"佐藤 健太","kenta.sato@example.com","ST02","アクティブ","2026-06-04 15:11:14.833261"
8404,"高橋 美咲","misaki.takahashi@example.com","ST03","非アクティブ","2026-06-04 15:11:14.833261"
8405,"山田 大輔","daisuke.yamada@example.com","ST04","退会","2026-06-04 15:11:14.833261"
8406,"渡辺 拓海","takumi.watanabe@example.com","ST03","非アクティブ","2026-06-04 15:11:14.833261"
8407,"山本 美咲","misaki.yamamoto@example.com","ST02","アクティブ","2026-06-04 15:11:14.833261"
8408,"小林 彩花","ayaka.kobayashi@example.com","ST02","アクティブ","2026-06-04 15:11:14.833261"
8409,"高橋 拓海","takumi.takahashi@example.com","ST04","退会","2026-06-04 15:11:14.833261"
8410,"鈴木 大輔","daisuke.suzuki@example.com","ST03","非アクティブ","2026-06-04 15:11:14.833261"
8411,"高橋 葵","aoi.takahashi@example.com","ST02","アクティブ","2026-06-04 15:11:14.833261"
8412,"山本 健太","kenta.yamamoto@example.com","ST03","非アクティブ","2026-06-04 15:11:14.833261"
8413,"伊藤 彩花","ayaka.ito@example.com","ST04","退会","2026-06-04 15:11:14.833261"
8414,"鈴木 悠斗","yuto.suzuki@example.com","ST02","アクティブ","2026-06-04 15:11:14.833261"
8415,"田中 拓海","takumi.tanaka@example.com","ST03","非アクティブ","2026-06-04 15:11:14.833261"
8416,"高橋 結衣","yui.takahashi@example.com","ST01","新規","2026-06-04 15:11:14.833261"
8417,"渡辺 翔","sho.watanabe@example.com","ST01","新規","2026-06-04 15:11:14.833261"
8418,"田中 健太","kenta.tanaka@example.com","ST02","アクティブ","2026-06-04 15:11:14.833261"
8419,"伊藤 葵","aoi.ito@example.com","ST04","退会","2026-06-04 15:11:14.833261"
8420,"高橋 蓮","ren.takahashi@example.com","ST03","非アクティブ","2026-06-04 15:11:14.833261"
8421,"鈴木 蓮","ren.suzuki@example.com","ST01","新規","2026-06-04 15:11:14.833261"
8422,"佐藤 陽菜","hina.sato@example.com","ST01","新規","2026-06-04 15:11:14.833261"
8423,"小林 大輔","daisuke.kobayashi@example.com","ST03","非アクティブ","2026-06-04 15:11:14.833261"
8424,"田中 大輔","daisuke.tanaka@example.com","ST02","アクティブ","2026-06-04 15:11:14.833261"
8425,"田中 翔","sho.tanaka@example.com","ST04","退会","2026-06-04 15:11:14.833261"
8426,"高橋 悠斗","yuto.takahashi@example.com","ST01","新規","2026-06-04 15:11:14.833261"
8427,"渡辺 結衣","yui.watanabe@example.com","ST03","非アクティブ","2026-06-04 15:11:14.833261"
8428,"山田 翔","sho.yamada@example.com","ST02","アクティブ","2026-06-04 15:11:14.833261"
8429,"鈴木 彩花","ayaka.suzuki@example.com","ST04","退会","2026-06-04 15:11:14.833261"
8430,"中村 健太","kenta.nakamura@example.com","ST04","退会","2026-06-04 15:11:14.833261"
8431,"渡辺 蓮","ren.watanabe@example.com","ST01","新規","2026-06-04 15:11:14.833261"
8432,"伊藤 大輔","daisuke.ito@example.com","ST04","退会","2026-06-04 15:11:14.833261"
8433,"田中 拓海","takumi.tanaka@example.com","ST01","新規","2026-06-04 15:11:14.833261"
8434,"渡辺 結衣","yui.watanabe@example.com","ST03","非アクティブ","2026-06-04 15:11:14.833261"
8435,"山本 葵","aoi.yamamoto@example.com","ST03","非アクティブ","2026-06-04 15:11:14.833261"
8436,"吉田 葵","aoi.yoshida@example.com","ST02","アクティブ","2026-06-04 15:11:14.833261"
8437,"中村 葵","aoi.nakamura@example.com","ST01","新規","2026-06-04 15:11:14.833261"
8438,"山本 拓海","takumi.yamamoto@example.com","ST03","非アクティブ","2026-06-04 15:11:14.833261"
8439,"佐藤 太郎","taro.sato@example.com","ST01","新規","2026-06-04 15:11:14.833261"
8440,"伊藤 拓海","takumi.ito@example.com","ST04","退会","2026-06-04 15:11:14.833261"
8441,"山本 結衣","yui.yamamoto@example.com","ST03","非アクティブ","2026-06-04 15:11:14.833261"
8442,"渡辺 拓海","takumi.watanabe@example.com","ST02","アクティブ","2026-06-04 15:11:14.833261"
8443,"吉田 拓海","takumi.yoshida@example.com","ST01","新規","2026-06-04 15:11:14.833261"
8444,"山田 葵","aoi.yamada@example.com","ST01","新規","2026-06-04 15:11:14.833261"
8445,"小林 翔","sho.kobayashi@example.com","ST01","新規","2026-06-04 15:11:14.833261"
8446,"吉田 蓮","ren.yoshida@example.com","ST01","新規","2026-06-04 15:11:14.833261"
8447,"山田 悠斗","yuto.yamada@example.com","ST04","退会","2026-06-04 15:11:14.833261"
8448,"吉田 美咲","misaki.yoshida@example.com","ST02","アクティブ","2026-06-04 15:11:14.833261"
8449,"田中 結衣","yui.tanaka@example.com","ST03","非アクティブ","2026-06-04 15:11:14.833261"
8450,"高橋 美咲","misaki.takahashi@example.com","ST03","非アクティブ","2026-06-04 15:11:14.833261"
8451,"鈴木 拓海","takumi.suzuki@example.com","ST03","非アクティブ","2026-06-04 15:11:14.833261"
8452,"吉田 蓮","ren.yoshida@example.com","ST01","新規","2026-06-04 15:11:14.833261"
8453,"渡辺 結衣","yui.watanabe@example.com","ST02","アクティブ","2026-06-04 15:11:14.833261"
8454,"山田 葵","aoi.yamada@example.com","ST03","非アクティブ","2026-06-04 15:11:14.833261"
8455,"山田 彩花","ayaka.yamada@example.com","ST02","アクティブ","2026-06-04 15:11:14.833261"
8456,"山田 太郎","taro.yamada@example.com","ST03","非アクティブ","2026-06-04 15:11:14.833261"
8457,"高橋 拓海","takumi.takahashi@example.com","ST04","退会","2026-06-04 15:11:14.833261"
8458,"加藤 拓海","takumi.kato@example.com","ST02","アクティブ","2026-06-04 15:11:14.833261"
8459,"佐藤 彩花","ayaka.sato@example.com","ST04","退会","2026-06-04 15:11:14.833261"
8460,"佐藤 結衣","yui.sato@example.com","ST04","退会","2026-06-04 15:11:14.833261"
8461,"吉田 大輔","daisuke.yoshida@example.com","ST02","アクティブ","2026-06-04 15:11:14.833261"
8462,"佐藤 健太","kenta.sato@example.com","ST03","非アクティブ","2026-06-04 15:11:14.833261"
8463,"鈴木 陽菜","hina.suzuki@example.com","ST03","非アクティブ","2026-06-04 15:11:14.833261"
8464,"伊藤 大輔","daisuke.ito@example.com","ST04","退会","2026-06-04 15:11:14.833261"
8465,"加藤 悠斗","yuto.kato@example.com","ST03","非アクティブ","2026-06-04 15:11:14.833261"
8466,"佐藤 健太","kenta.sato@example.com","ST03","非アクティブ","2026-06-04 15:11:14.833261"
8467,"田中 葵","aoi.tanaka@example.com","ST01","新規","2026-06-04 15:11:14.833261"
8468,"中村 葵","aoi.nakamura@example.com","ST01","新規","2026-06-04 15:11:14.833261"
8469,"吉田 悠斗","yuto.yoshida@example.com","ST01","新規","2026-06-04 15:11:14.833261"
8470,"山田 太郎","taro.yamada@example.com","ST04","退会","2026-06-04 15:11:14.833261"
8471,"高橋 結衣","yui.takahashi@example.com","ST02","アクティブ","2026-06-04 15:11:14.833261"
8472,"鈴木 美咲","misaki.suzuki@example.com","ST01","新規","2026-06-04 15:11:14.833261"
8473,"山田 大輔","daisuke.yamada@example.com","ST04","退会","2026-06-04 15:11:14.833261"
8474,"佐藤 彩花","ayaka.sato@example.com","ST02","アクティブ","2026-06-04 15:11:14.833261"
8475,"小林 葵","aoi.kobayashi@example.com","ST03","非アクティブ","2026-06-04 15:11:14.833261"
8476,"佐藤 拓海","takumi.sato@example.com","ST04","退会","2026-06-04 15:11:14.833261"
8477,"中村 陽菜","hina.nakamura@example.com","ST04","退会","2026-06-04 15:11:14.833261"
8478,"伊藤 結衣","yui.ito@example.com","ST02","アクティブ","2026-06-04 15:11:14.833261"
8479,"佐藤 彩花","ayaka.sato@example.com","ST04","退会","2026-06-04 15:11:14.833261"
8480,"伊藤 翔","sho.ito@example.com","ST02","アクティブ","2026-06-04 15:11:14.833261"
8481,"渡辺 悠斗","yuto.watanabe@example.com","ST01","新規","2026-06-04 15:11:14.833261"
8482,"高橋 大輔","daisuke.takahashi@example.com","ST01","新規","2026-06-04 15:11:14.833261"
8483,"鈴木 健太","kenta.suzuki@example.com","ST01","新規","2026-06-04 15:11:14.833261"
8484,"佐藤 太郎","taro.sato@example.com","ST03","非アクティブ","2026-06-04 15:11:14.833261"
8485,"吉田 葵","aoi.yoshida@example.com","ST04","退会","2026-06-04 15:11:14.833261"
8486,"山田 悠斗","yuto.yamada@example.com","ST02","アクティブ","2026-06-04 15:11:14.833261"
8487,"渡辺 拓海","takumi.watanabe@example.com","ST03","非アクティブ","2026-06-04 15:11:14.833261"
8488,"吉田 大輔","daisuke.yoshida@example.com","ST04","退会","2026-06-04 15:11:14.833261"
8489,"山田 悠斗","yuto.yamada@example.com","ST02","アクティブ","2026-06-04 15:11:14.833261"
8490,"山田 拓海","takumi.yamada@example.com","ST04","退会","2026-06-04 15:11:14.833261"
8491,"山田 太郎","taro.yamada@example.com","ST02","アクティブ","2026-06-04 15:11:14.833261"
8492,"山田 悠斗","yuto.yamada@example.com","ST01","新規","2026-06-04 15:11:14.833261"
8493,"加藤 美咲","misaki.kato@example.com","ST02","アクティブ","2026-06-04 15:11:14.833261"
8494,"山田 陽菜","hina.yamada@example.com","ST02","アクティブ","2026-06-04 15:11:14.833261"
8495,"佐藤 蓮","ren.sato@example.com","ST02","アクティブ","2026-06-04 15:11:14.833261"
8496,"佐藤 蓮","ren.sato@example.com","ST03","非アクティブ","2026-06-04 15:11:14.833261"
8497,"渡辺 健太","kenta.watanabe@example.com","ST03","非アクティブ","2026-06-04 15:11:14.833261"
8498,"中村 陽菜","hina.nakamura@example.com","ST01","新規","2026-06-04 15:11:14.833261"
8499,"高橋 葵","aoi.takahashi@example.com","ST04","退会","2026-06-04 15:11:14.833261"
8500,"中村 陽菜","hina.nakamura@example.com","ST03","非アクティブ","2026-06-04 15:11:14.833261"
8501,"渡辺 陽菜","hina.watanabe@example.com","ST02","アクティブ","2026-06-04 15:11:14.833261"
8502,"小林 美咲","misaki.kobayashi@example.com","ST04","退会","2026-06-04 15:11:14.833261"
8503,"加藤 拓海","takumi.kato@example.com","ST02","アクティブ","2026-06-04 15:11:14.833261"
8504,"鈴木 彩花","ayaka.suzuki@example.com","ST04","退会","2026-06-04 15:11:14.833261"
8505,"伊藤 葵","aoi.ito@example.com","ST04","退会","2026-06-04 15:11:14.833261"
8506,"小林 健太","kenta.kobayashi@example.com","ST04","退会","2026-06-04 15:11:14.833261"
8507,"中村 結衣","yui.nakamura@example.com","ST03","非アクティブ","2026-06-04 15:11:14.833261"
8508,"吉田 翔","sho.yoshida@example.com","ST04","退会","2026-06-04 15:11:14.833261"
8509,"中村 彩花","ayaka.nakamura@example.com","ST02","アクティブ","2026-06-04 15:11:14.833261"
8510,"伊藤 蓮","ren.ito@example.com","ST01","新規","2026-06-04 15:11:14.833261"
8511,"伊藤 悠斗","yuto.ito@example.com","ST03","非アクティブ","2026-06-04 15:11:14.833261"
8512,"鈴木 陽菜","hina.suzuki@example.com","ST01","新規","2026-06-04 15:11:14.833261"
8513,"加藤 葵","aoi.kato@example.com","ST02","アクティブ","2026-06-04 15:11:14.833261"
8514,"中村 健太","kenta.nakamura@example.com","ST03","非アクティブ","2026-06-04 15:11:14.833261"
8515,"鈴木 美咲","misaki.suzuki@example.com","ST04","退会","2026-06-04 15:11:14.833261"
8516,"佐藤 大輔","daisuke.sato@example.com","ST01","新規","2026-06-04 15:11:14.833261"
8517,"高橋 悠斗","yuto.takahashi@example.com","ST02","アクティブ","2026-06-04 15:11:14.833261"
8518,"高橋 美咲","misaki.takahashi@example.com","ST02","アクティブ","2026-06-04 15:11:14.833261"
8519,"吉田 太郎","taro.yoshida@example.com","ST03","非アクティブ","2026-06-04 15:11:14.833261"
8520,"小林 健太","kenta.kobayashi@example.com","ST02","アクティブ","2026-06-04 15:11:14.833261"
8521,"渡辺 悠斗","yuto.watanabe@example.com","ST03","非アクティブ","2026-06-04 15:11:14.833261"
8522,"加藤 陽菜","hina.kato@example.com","ST03","非アクティブ","2026-06-04 15:11:14.833261"
8523,"佐藤 結衣","yui.sato@example.com","ST03","非アクティブ","2026-06-04 15:11:14.833261"
8524,"田中 翔","sho.tanaka@example.com","ST01","新規","2026-06-04 15:11:14.833261"
8525,"渡辺 葵","aoi.watanabe@example.com","ST01","新規","2026-06-04 15:11:14.833261"
8526,"吉田 陽菜","hina.yoshida@example.com","ST02","アクティブ","2026-06-04 15:11:14.833261"
8527,"渡辺 彩花","ayaka.watanabe@example.com","ST01","新規","2026-06-04 15:11:14.833261"
8528,"渡辺 陽菜","hina.watanabe@example.com","ST02","アクティブ","2026-06-04 15:11:14.833261"
8529,"吉田 美咲","misaki.yoshida@example.com","ST02","アクティブ","2026-06-04 15:11:14.833261"
8530,"鈴木 健太","kenta.suzuki@example.com","ST01","新規","2026-06-04 15:11:14.833261"
8531,"小林 葵","aoi.kobayashi@example.com","ST01","新規","2026-06-04 15:11:14.833261"
8532,"佐藤 翔","sho.sato@example.com","ST04","退会","2026-06-04 15:11:14.833261"
8533,"高橋 陽菜","hina.takahashi@example.com","ST04","退会","2026-06-04 15:11:14.833261"
8534,"山本 悠斗","yuto.yamamoto@example.com","ST01","新規","2026-06-04 15:11:14.833261"
8535,"伊藤 健太","kenta.ito@example.com","ST04","退会","2026-06-04 15:11:14.833261"
8536,"吉田 拓海","takumi.yoshida@example.com","ST02","アクティブ","2026-06-04 15:11:14.833261"
8537,"加藤 彩花","ayaka.kato@example.com","ST01","新規","2026-06-04 15:11:14.833261"
8538,"吉田 美咲","misaki.yoshida@example.com","ST02","アクティブ","2026-06-04 15:11:14.833261"
8539,"佐藤 葵","aoi.sato@example.com","ST02","アクティブ","2026-06-04 15:11:14.833261"
8540,"渡辺 悠斗","yuto.watanabe@example.com","ST01","新規","2026-06-04 15:11:14.833261"
8541,"加藤 翔","sho.kato@example.com","ST04","退会","2026-06-04 15:11:14.833261"
8542,"伊藤 太郎","taro.ito@example.com","ST03","非アクティブ","2026-06-04 15:11:14.833261"
8543,"佐藤 大輔","daisuke.sato@example.com","ST02","アクティブ","2026-06-04 15:11:14.833261"
8544,"伊藤 美咲","misaki.ito@example.com","ST02","アクティブ","2026-06-04 15:11:14.833261"
8545,"小林 太郎","taro.kobayashi@example.com","ST04","退会","2026-06-04 15:11:14.833261"
8546,"中村 蓮","ren.nakamura@example.com","ST04","退会","2026-06-04 15:11:14.833261"
8547,"佐藤 太郎","taro.sato@example.com","ST01","新規","2026-06-04 15:11:14.833261"
8548,"山田 美咲","misaki.yamada@example.com","ST01","新規","2026-06-04 15:11:14.833261"
8549,"高橋 蓮","ren.takahashi@example.com","ST04","退会","2026-06-04 15:11:14.833261"
8550,"田中 彩花","ayaka.tanaka@example.com","ST04","退会","2026-06-04 15:11:14.833261"
8551,"加藤 翔","sho.kato@example.com","ST04","退会","2026-06-04 15:11:14.833261"
8552,"渡辺 大輔","daisuke.watanabe@example.com","ST01","新規","2026-06-04 15:11:14.833261"
8553,"山本 結衣","yui.yamamoto@example.com","ST01","新規","2026-06-04 15:11:14.833261"
8554,"高橋 葵","aoi.takahashi@example.com","ST01","新規","2026-06-04 15:11:14.833261"
8555,"高橋 翔","sho.takahashi@example.com","ST04","退会","2026-06-04 15:11:14.833261"
8556,"小林 太郎","taro.kobayashi@example.com","ST03","非アクティブ","2026-06-04 15:11:14.833261"
8557,"高橋 葵","aoi.takahashi@example.com","ST04","退会","2026-06-04 15:11:14.833261"
8558,"小林 結衣","yui.kobayashi@example.com","ST01","新規","2026-06-04 15:11:14.833261"
8559,"高橋 悠斗","yuto.takahashi@example.com","ST01","新規","2026-06-04 15:11:14.833261"
8560,"加藤 健太","kenta.kato@example.com","ST03","非アクティブ","2026-06-04 15:11:14.833261"
8561,"田中 結衣","yui.tanaka@example.com","ST02","アクティブ","2026-06-04 15:11:14.833261"
8562,"小林 美咲","misaki.kobayashi@example.com","ST02","アクティブ","2026-06-04 15:11:14.833261"
8563,"山本 拓海","takumi.yamamoto@example.com","ST01","新規","2026-06-04 15:11:14.833261"
8564,"田中 悠斗","yuto.tanaka@example.com","ST02","アクティブ","2026-06-04 15:11:14.833261"
8565,"田中 結衣","yui.tanaka@example.com","ST01","新規","2026-06-04 15:11:14.833261"
8566,"高橋 陽菜","hina.takahashi@example.com","ST02","アクティブ","2026-06-04 15:11:14.833261"
8567,"鈴木 大輔","daisuke.suzuki@example.com","ST03","非アクティブ","2026-06-04 15:11:14.833261"
8568,"山田 健太","kenta.yamada@example.com","ST04","退会","2026-06-04 15:11:14.833261"
8569,"高橋 蓮","ren.takahashi@example.com","ST01","新規","2026-06-04 15:11:14.833261"
8570,"伊藤 彩花","ayaka.ito@example.com","ST01","新規","2026-06-04 15:11:14.833261"
8571,"吉田 葵","aoi.yoshida@example.com","ST01","新規","2026-06-04 15:11:14.833261"
8572,"山本 拓海","takumi.yamamoto@example.com","ST02","アクティブ","2026-06-04 15:11:14.833261"
8573,"小林 大輔","daisuke.kobayashi@example.com","ST04","退会","2026-06-04 15:11:14.833261"
8574,"小林 大輔","daisuke.kobayashi@example.com","ST02","アクティブ","2026-06-04 15:11:14.833261"
8575,"山本 太郎","taro.yamamoto@example.com","ST03","非アクティブ","2026-06-04 15:11:14.833261"
8576,"渡辺 悠斗","yuto.watanabe@example.com","ST01","新規","2026-06-04 15:11:14.833261"
8577,"伊藤 太郎","taro.ito@example.com","ST01","新規","2026-06-04 15:11:14.833261"
8578,"伊藤 太郎","taro.ito@example.com","ST04","退会","2026-06-04 15:11:14.833261"
8579,"山田 美咲","misaki.yamada@example.com","ST01","新規","2026-06-04 15:11:14.833261"
8580,"山田 拓海","takumi.yamada@example.com","ST03","非アクティブ","2026-06-04 15:11:14.833261"
8581,"山田 彩花","ayaka.yamada@example.com","ST02","アクティブ","2026-06-04 15:11:14.833261"
8582,"高橋 健太","kenta.takahashi@example.com","ST04","退会","2026-06-04 15:11:14.833261"
8583,"山田 美咲","misaki.yamada@example.com","ST01","新規","2026-06-04 15:11:14.833261"
8584,"山田 結衣","yui.yamada@example.com","ST03","非アクティブ","2026-06-04 15:11:14.833261"
8585,"吉田 葵","aoi.yoshida@example.com","ST03","非アクティブ","2026-06-04 15:11:14.833261"
8586,"田中 悠斗","yuto.tanaka@example.com","ST02","アクティブ","2026-06-04 15:11:14.833261"
8587,"吉田 悠斗","yuto.yoshida@example.com","ST02","アクティブ","2026-06-04 15:11:14.833261"
8588,"高橋 美咲","misaki.takahashi@example.com","ST03","非アクティブ","2026-06-04 15:11:14.833261"
8589,"佐藤 拓海","takumi.sato@example.com","ST03","非アクティブ","2026-06-04 15:11:14.833261"
8590,"山田 悠斗","yuto.yamada@example.com","ST04","退会","2026-06-04 15:11:14.833261"
8591,"小林 拓海","takumi.kobayashi@example.com","ST01","新規","2026-06-04 15:11:14.833261"
8592,"山田 葵","aoi.yamada@example.com","ST04","退会","2026-06-04 15:11:14.833261"
8593,"加藤 太郎","taro.kato@example.com","ST03","非アクティブ","2026-06-04 15:11:14.833261"
8594,"中村 太郎","taro.nakamura@example.com","ST03","非アクティブ","2026-06-04 15:11:14.833261"
8595,"佐藤 翔","sho.sato@example.com","ST02","アクティブ","2026-06-04 15:11:14.833261"
8596,"伊藤 悠斗","yuto.ito@example.com","ST01","新規","2026-06-04 15:11:14.833261"
8597,"田中 彩花","ayaka.tanaka@example.com","ST04","退会","2026-06-04 15:11:14.833261"
8598,"山本 彩花","ayaka.yamamoto@example.com","ST03","非アクティブ","2026-06-04 15:11:14.833261"
8599,"田中 拓海","takumi.tanaka@example.com","ST01","新規","2026-06-04 15:11:14.833261"
8600,"中村 蓮","ren.nakamura@example.com","ST03","非アクティブ","2026-06-04 15:11:14.833261"
8601,"吉田 太郎","taro.yoshida@example.com","ST04","退会","2026-06-04 15:11:14.833261"
8602,"田中 結衣","yui.tanaka@example.com","ST04","退会","2026-06-04 15:11:14.833261"
8603,"高橋 彩花","ayaka.takahashi@example.com","ST03","非アクティブ","2026-06-04 15:11:14.833261"
8604,"田中 葵","aoi.tanaka@example.com","ST01","新規","2026-06-04 15:11:14.833261"
8605,"加藤 大輔","daisuke.kato@example.com","ST02","アクティブ","2026-06-04 15:11:14.833261"
8606,"山田 拓海","takumi.yamada@example.com","ST02","アクティブ","2026-06-04 15:11:14.833261"
8607,"鈴木 健太","kenta.suzuki@example.com","ST03","非アクティブ","2026-06-04 15:11:14.833261"
8608,"渡辺 健太","kenta.watanabe@example.com","ST01","新規","2026-06-04 15:11:14.833261"
8609,"吉田 美咲","misaki.yoshida@example.com","ST02","アクティブ","2026-06-04 15:11:14.833261"
8610,"田中 拓海","takumi.tanaka@example.com","ST04","退会","2026-06-04 15:11:14.833261"
8611,"山本 拓海","takumi.yamamoto@example.com","ST04","退会","2026-06-04 15:11:14.833261"
8612,"加藤 美咲","misaki.kato@example.com","ST03","非アクティブ","2026-06-04 15:11:14.833261"
8613,"高橋 彩花","ayaka.takahashi@example.com","ST01","新規","2026-06-04 15:11:14.833261"
8614,"田中 結衣","yui.tanaka@example.com","ST04","退会","2026-06-04 15:11:14.833261"
8615,"吉田 拓海","takumi.yoshida@example.com","ST01","新規","2026-06-04 15:11:14.833261"
8616,"佐藤 悠斗","yuto.sato@example.com","ST01","新規","2026-06-04 15:11:14.833261"
8617,"中村 彩花","ayaka.nakamura@example.com","ST04","退会","2026-06-04 15:11:14.833261"
8618,"小林 蓮","ren.kobayashi@example.com","ST03","非アクティブ","2026-06-04 15:11:14.833261"
8619,"吉田 葵","aoi.yoshida@example.com","ST03","非アクティブ","2026-06-04 15:11:14.833261"
8620,"小林 陽菜","hina.kobayashi@example.com","ST04","退会","2026-06-04 15:11:14.833261"
8621,"山本 大輔","daisuke.yamamoto@example.com","ST02","アクティブ","2026-06-04 15:11:14.833261"
8622,"山田 翔","sho.yamada@example.com","ST03","非アクティブ","2026-06-04 15:11:14.833261"
8623,"吉田 美咲","misaki.yoshida@example.com","ST03","非アクティブ","2026-06-04 15:11:14.833261"
8624,"佐藤 拓海","takumi.sato@example.com","ST02","アクティブ","2026-06-04 15:11:14.833261"
8625,"渡辺 大輔","daisuke.watanabe@example.com","ST02","アクティブ","2026-06-04 15:11:14.833261"
8626,"田中 美咲","misaki.tanaka@example.com","ST02","アクティブ","2026-06-04 15:11:14.833261"
8627,"中村 悠斗","yuto.nakamura@example.com","ST01","新規","2026-06-04 15:11:14.833261"
8628,"加藤 太郎","taro.kato@example.com","ST02","アクティブ","2026-06-04 15:11:14.833261"
8629,"山田 結衣","yui.yamada@example.com","ST02","アクティブ","2026-06-04 15:11:14.833261"
8630,"小林 拓海","takumi.kobayashi@example.com","ST01","新規","2026-06-04 15:11:14.833261"
8631,"伊藤 悠斗","yuto.ito@example.com","ST01","新規","2026-06-04 15:11:14.833261"
8632,"渡辺 大輔","daisuke.watanabe@example.com","ST03","非アクティブ","2026-06-04 15:11:14.833261"
8633,"渡辺 大輔","daisuke.watanabe@example.com","ST02","アクティブ","2026-06-04 15:11:14.833261"
8634,"佐藤 葵","aoi.sato@example.com","ST03","非アクティブ","2026-06-04 15:11:14.833261"
8635,"山田 陽菜","hina.yamada@example.com","ST01","新規","2026-06-04 15:11:14.833261"
8636,"鈴木 悠斗","yuto.suzuki@example.com","ST02","アクティブ","2026-06-04 15:11:14.833261"
8637,"佐藤 太郎","taro.sato@example.com","ST03","非アクティブ","2026-06-04 15:11:14.833261"
8638,"山田 彩花","ayaka.yamada@example.com","ST04","退会","2026-06-04 15:11:14.833261"
8639,"高橋 太郎","taro.takahashi@example.com","ST02","アクティブ","2026-06-04 15:11:14.833261"
8640,"山田 美咲","misaki.yamada@example.com","ST04","退会","2026-06-04 15:11:14.833261"
8641,"伊藤 蓮","ren.ito@example.com","ST04","退会","2026-06-04 15:11:14.833261"
8642,"渡辺 悠斗","yuto.watanabe@example.com","ST04","退会","2026-06-04 15:11:14.833261"
8643,"中村 健太","kenta.nakamura@example.com","ST03","非アクティブ","2026-06-04 15:11:14.833261"
8644,"伊藤 彩花","ayaka.ito@example.com","ST02","アクティブ","2026-06-04 15:11:14.833261"
8645,"田中 大輔","daisuke.tanaka@example.com","ST02","アクティブ","2026-06-04 15:11:14.833261"
8646,"佐藤 彩花","ayaka.sato@example.com","ST04","退会","2026-06-04 15:11:14.833261"
8647,"中村 太郎","taro.nakamura@example.com","ST02","アクティブ","2026-06-04 15:11:14.833261"
8648,"小林 健太","kenta.kobayashi@example.com","ST04","退会","2026-06-04 15:11:14.833261"
8649,"佐藤 拓海","takumi.sato@example.com","ST03","非アクティブ","2026-06-04 15:11:14.833261"
8650,"佐藤 結衣","yui.sato@example.com","ST01","新規","2026-06-04 15:11:14.833261"
8651,"高橋 葵","aoi.takahashi@example.com","ST01","新規","2026-06-04 15:11:14.833261"
8652,"吉田 葵","aoi.yoshida@example.com","ST03","非アクティブ","2026-06-04 15:11:14.833261"
8653,"高橋 結衣","yui.takahashi@example.com","ST01","新規","2026-06-04 15:11:14.833261"
8654,"渡辺 蓮","ren.watanabe@example.com","ST04","退会","2026-06-04 15:11:14.833261"
8655,"山本 彩花","ayaka.yamamoto@example.com","ST04","退会","2026-06-04 15:11:14.833261"
8656,"山本 拓海","takumi.yamamoto@example.com","ST01","新規","2026-06-04 15:11:14.833261"
8657,"伊藤 翔","sho.ito@example.com","ST01","新規","2026-06-04 15:11:14.833261"
8658,"佐藤 美咲","misaki.sato@example.com","ST03","非アクティブ","2026-06-04 15:11:14.833261"
8659,"田中 大輔","daisuke.tanaka@example.com","ST02","アクティブ","2026-06-04 15:11:14.833261"
8660,"山田 美咲","misaki.yamada@example.com","ST04","退会","2026-06-04 15:11:14.833261"
8661,"加藤 大輔","daisuke.kato@example.com","ST01","新規","2026-06-04 15:11:14.833261"
8662,"高橋 健太","kenta.takahashi@example.com","ST01","新規","2026-06-04 15:11:14.833261"
8663,"中村 大輔","daisuke.nakamura@example.com","ST03","非アクティブ","2026-06-04 15:11:14.833261"
8664,"加藤 蓮","ren.kato@example.com","ST02","アクティブ","2026-06-04 15:11:14.833261"
8665,"山田 太郎","taro.yamada@example.com","ST01","新規","2026-06-04 15:11:14.833261"
8666,"吉田 大輔","daisuke.yoshida@example.com","ST02","アクティブ","2026-06-04 15:11:14.833261"
8667,"渡辺 拓海","takumi.watanabe@example.com","ST04","退会","2026-06-04 15:11:14.833261"
8668,"山田 大輔","daisuke.yamada@example.com","ST03","非アクティブ","2026-06-04 15:11:14.833261"
8669,"鈴木 太郎","taro.suzuki@example.com","ST02","アクティブ","2026-06-04 15:11:14.833261"
8670,"鈴木 翔","sho.suzuki@example.com","ST01","新規","2026-06-04 15:11:14.833261"
8671,"中村 悠斗","yuto.nakamura@example.com","ST01","新規","2026-06-04 15:11:14.833261"
8672,"田中 蓮","ren.tanaka@example.com","ST01","新規","2026-06-04 15:11:14.833261"
8673,"鈴木 悠斗","yuto.suzuki@example.com","ST04","退会","2026-06-04 15:11:14.833261"
8674,"山本 蓮","ren.yamamoto@example.com","ST04","退会","2026-06-04 15:11:14.833261"
8675,"小林 葵","aoi.kobayashi@example.com","ST03","非アクティブ","2026-06-04 15:11:14.833261"
8676,"鈴木 陽菜","hina.suzuki@example.com","ST03","非アクティブ","2026-06-04 15:11:14.833261"
8677,"中村 大輔","daisuke.nakamura@example.com","ST02","アクティブ","2026-06-04 15:11:14.833261"
8678,"佐藤 翔","sho.sato@example.com","ST02","アクティブ","2026-06-04 15:11:14.833261"
8679,"田中 健太","kenta.tanaka@example.com","ST03","非アクティブ","2026-06-04 15:11:14.833261"
8680,"山本 翔","sho.yamamoto@example.com","ST04","退会","2026-06-04 15:11:14.833261"
8681,"加藤 悠斗","yuto.kato@example.com","ST01","新規","2026-06-04 15:11:14.833261"
8682,"中村 美咲","misaki.nakamura@example.com","ST03","非アクティブ","2026-06-04 15:11:14.833261"
8683,"伊藤 葵","aoi.ito@example.com","ST03","非アクティブ","2026-06-04 15:11:14.833261"
8684,"中村 拓海","takumi.nakamura@example.com","ST03","非アクティブ","2026-06-04 15:11:14.833261"
8685,"吉田 翔","sho.yoshida@example.com","ST04","退会","2026-06-04 15:11:14.833261"
8686,"伊藤 翔","sho.ito@example.com","ST03","非アクティブ","2026-06-04 15:11:14.833261"
8687,"渡辺 太郎","taro.watanabe@example.com","ST03","非アクティブ","2026-06-04 15:11:14.833261"
8688,"伊藤 結衣","yui.ito@example.com","ST02","アクティブ","2026-06-04 15:11:14.833261"
8689,"山田 彩花","ayaka.yamada@example.com","ST03","非アクティブ","2026-06-04 15:11:14.833261"
8690,"中村 大輔","daisuke.nakamura@example.com","ST04","退会","2026-06-04 15:11:14.833261"
8691,"山田 太郎","taro.yamada@example.com","ST01","新規","2026-06-04 15:11:14.833261"
8692,"吉田 結衣","yui.yoshida@example.com","ST02","アクティブ","2026-06-04 15:11:14.833261"
8693,"中村 美咲","misaki.nakamura@example.com","ST04","退会","2026-06-04 15:11:14.833261"
8694,"加藤 悠斗","yuto.kato@example.com","ST04","退会","2026-06-04 15:11:14.833261"
8695,"吉田 葵","aoi.yoshida@example.com","ST03","非アクティブ","2026-06-04 15:11:14.833261"
8696,"鈴木 翔","sho.suzuki@example.com","ST01","新規","2026-06-04 15:11:14.833261"
8697,"伊藤 太郎","taro.ito@example.com","ST03","非アクティブ","2026-06-04 15:11:14.833261"
8698,"中村 美咲","misaki.nakamura@example.com","ST04","退会","2026-06-04 15:11:14.833261"
8699,"田中 拓海","takumi.tanaka@example.com","ST01","新規","2026-06-04 15:11:14.833261"
8700,"吉田 美咲","misaki.yoshida@example.com","ST03","非アクティブ","2026-06-04 15:11:14.833261"
8701,"鈴木 蓮","ren.suzuki@example.com","ST03","非アクティブ","2026-06-04 15:11:14.833261"
8702,"山田 健太","kenta.yamada@example.com","ST03","非アクティブ","2026-06-04 15:11:14.833261"
8703,"渡辺 蓮","ren.watanabe@example.com","ST03","非アクティブ","2026-06-04 15:11:14.833261"
8704,"中村 結衣","yui.nakamura@example.com","ST02","アクティブ","2026-06-04 15:11:14.833261"
8705,"中村 拓海","takumi.nakamura@example.com","ST02","アクティブ","2026-06-04 15:11:14.833261"
8706,"吉田 太郎","taro.yoshida@example.com","ST03","非アクティブ","2026-06-04 15:11:14.833261"
8707,"小林 悠斗","yuto.kobayashi@example.com","ST02","アクティブ","2026-06-04 15:11:14.833261"
8708,"小林 翔","sho.kobayashi@example.com","ST04","退会","2026-06-04 15:11:14.833261"
8709,"伊藤 蓮","ren.ito@example.com","ST01","新規","2026-06-04 15:11:14.833261"
8710,"伊藤 健太","kenta.ito@example.com","ST04","退会","2026-06-04 15:11:14.833261"
8711,"吉田 拓海","takumi.yoshida@example.com","ST04","退会","2026-06-04 15:11:14.833261"
8712,"小林 太郎","taro.kobayashi@example.com","ST01","新規","2026-06-04 15:11:14.833261"
8713,"渡辺 陽菜","hina.watanabe@example.com","ST01","新規","2026-06-04 15:11:14.833261"
8714,"伊藤 美咲","misaki.ito@example.com","ST02","アクティブ","2026-06-04 15:11:14.833261"
8715,"加藤 結衣","yui.kato@example.com","ST01","新規","2026-06-04 15:11:14.833261"
8716,"加藤 太郎","taro.kato@example.com","ST03","非アクティブ","2026-06-04 15:11:14.833261"
8717,"山田 彩花","ayaka.yamada@example.com","ST04","退会","2026-06-04 15:11:14.833261"
8718,"高橋 太郎","taro.takahashi@example.com","ST03","非アクティブ","2026-06-04 15:11:14.833261"
8719,"小林 太郎","taro.kobayashi@example.com","ST02","アクティブ","2026-06-04 15:11:14.833261"
8720,"田中 健太","kenta.tanaka@example.com","ST02","アクティブ","2026-06-04 15:11:14.833261"
8721,"田中 悠斗","yuto.tanaka@example.com","ST02","アクティブ","2026-06-04 15:11:14.833261"
8722,"中村 彩花","ayaka.nakamura@example.com","ST01","新規","2026-06-04 15:11:14.833261"
8723,"中村 陽菜","hina.nakamura@example.com","ST02","アクティブ","2026-06-04 15:11:14.833261"
8724,"山本 蓮","ren.yamamoto@example.com","ST02","アクティブ","2026-06-04 15:11:14.833261"
8725,"伊藤 彩花","ayaka.ito@example.com","ST02","アクティブ","2026-06-04 15:11:14.833261"
8726,"渡辺 陽菜","hina.watanabe@example.com","ST02","アクティブ","2026-06-04 15:11:14.833261"
8727,"佐藤 大輔","daisuke.sato@example.com","ST04","退会","2026-06-04 15:11:14.833261"
8728,"小林 大輔","daisuke.kobayashi@example.com","ST04","退会","2026-06-04 15:11:14.833261"
8729,"佐藤 蓮","ren.sato@example.com","ST02","アクティブ","2026-06-04 15:11:14.833261"
8730,"伊藤 翔","sho.ito@example.com","ST04","退会","2026-06-04 15:11:14.833261"
8731,"山田 太郎","taro.yamada@example.com","ST02","アクティブ","2026-06-04 15:11:14.833261"
8732,"高橋 蓮","ren.takahashi@example.com","ST04","退会","2026-06-04 15:11:14.833261"
8733,"吉田 葵","aoi.yoshida@example.com","ST03","非アクティブ","2026-06-04 15:11:14.833261"
8734,"伊藤 太郎","taro.ito@example.com","ST01","新規","2026-06-04 15:11:14.833261"
8735,"鈴木 悠斗","yuto.suzuki@example.com","ST03","非アクティブ","2026-06-04 15:11:14.833261"
8736,"高橋 蓮","ren.takahashi@example.com","ST04","退会","2026-06-04 15:11:14.833261"
8737,"加藤 大輔","daisuke.kato@example.com","ST02","アクティブ","2026-06-04 15:11:14.833261"
8738,"鈴木 美咲","misaki.suzuki@example.com","ST04","退会","2026-06-04 15:11:14.833261"
8739,"山本 大輔","daisuke.yamamoto@example.com","ST03","非アクティブ","2026-06-04 15:11:14.833261"
8740,"高橋 悠斗","yuto.takahashi@example.com","ST04","退会","2026-06-04 15:11:14.833261"
8741,"小林 美咲","misaki.kobayashi@example.com","ST01","新規","2026-06-04 15:11:14.833261"
8742,"伊藤 太郎","taro.ito@example.com","ST02","アクティブ","2026-06-04 15:11:14.833261"
8743,"渡辺 健太","kenta.watanabe@example.com","ST04","退会","2026-06-04 15:11:14.833261"
8744,"佐藤 健太","kenta.sato@example.com","ST01","新規","2026-06-04 15:11:14.833261"
8745,"山田 悠斗","yuto.yamada@example.com","ST02","アクティブ","2026-06-04 15:11:14.833261"
8746,"渡辺 美咲","misaki.watanabe@example.com","ST03","非アクティブ","2026-06-04 15:11:14.833261"
8747,"渡辺 悠斗","yuto.watanabe@example.com","ST02","アクティブ","2026-06-04 15:11:14.833261"
8748,"加藤 美咲","misaki.kato@example.com","ST01","新規","2026-06-04 15:11:14.833261"
8749,"佐藤 太郎","taro.sato@example.com","ST02","アクティブ","2026-06-04 15:11:14.833261"
8750,"山田 拓海","takumi.yamada@example.com","ST02","アクティブ","2026-06-04 15:11:14.833261"
8751,"小林 結衣","yui.kobayashi@example.com","ST04","退会","2026-06-04 15:11:14.833261"
8752,"山本 健太","kenta.yamamoto@example.com","ST03","非アクティブ","2026-06-04 15:11:14.833261"
8753,"田中 陽菜","hina.tanaka@example.com","ST03","非アクティブ","2026-06-04 15:11:14.833261"
8754,"鈴木 蓮","ren.suzuki@example.com","ST04","退会","2026-06-04 15:11:14.833261"
8755,"田中 健太","kenta.tanaka@example.com","ST01","新規","2026-06-04 15:11:14.833261"
8756,"山田 大輔","daisuke.yamada@example.com","ST04","退会","2026-06-04 15:11:14.833261"
8757,"田中 彩花","ayaka.tanaka@example.com","ST03","非アクティブ","2026-06-04 15:11:14.833261"
8758,"小林 健太","kenta.kobayashi@example.com","ST04","退会","2026-06-04 15:11:14.833261"
8759,"伊藤 悠斗","yuto.ito@example.com","ST01","新規","2026-06-04 15:11:14.833261"
8760,"小林 太郎","taro.kobayashi@example.com","ST04","退会","2026-06-04 15:11:14.833261"
8761,"加藤 太郎","taro.kato@example.com","ST01","新規","2026-06-04 15:11:14.833261"
8762,"中村 拓海","takumi.nakamura@example.com","ST03","非アクティブ","2026-06-04 15:11:14.833261"
8763,"小林 大輔","daisuke.kobayashi@example.com","ST02","アクティブ","2026-06-04 15:11:14.833261"
8764,"佐藤 太郎","taro.sato@example.com","ST03","非アクティブ","2026-06-04 15:11:14.833261"
8765,"高橋 結衣","yui.takahashi@example.com","ST02","アクティブ","2026-06-04 15:11:14.833261"
8766,"加藤 健太","kenta.kato@example.com","ST04","退会","2026-06-04 15:11:14.833261"
8767,"小林 陽菜","hina.kobayashi@example.com","ST03","非アクティブ","2026-06-04 15:11:14.833261"
8768,"鈴木 彩花","ayaka.suzuki@example.com","ST01","新規","2026-06-04 15:11:14.833261"
8769,"高橋 悠斗","yuto.takahashi@example.com","ST02","アクティブ","2026-06-04 15:11:14.833261"
8770,"伊藤 葵","aoi.ito@example.com","ST03","非アクティブ","2026-06-04 15:11:14.833261"
8771,"高橋 大輔","daisuke.takahashi@example.com","ST01","新規","2026-06-04 15:11:14.833261"
8772,"渡辺 大輔","daisuke.watanabe@example.com","ST04","退会","2026-06-04 15:11:14.833261"
8773,"加藤 悠斗","yuto.kato@example.com","ST01","新規","2026-06-04 15:11:14.833261"
8774,"佐藤 翔","sho.sato@example.com","ST01","新規","2026-06-04 15:11:14.833261"
8775,"小林 太郎","taro.kobayashi@example.com","ST03","非アクティブ","2026-06-04 15:11:14.833261"
8776,"渡辺 彩花","ayaka.watanabe@example.com","ST04","退会","2026-06-04 15:11:14.833261"
8777,"加藤 大輔","daisuke.kato@example.com","ST04","退会","2026-06-04 15:11:14.833261"
8778,"吉田 翔","sho.yoshida@example.com","ST03","非アクティブ","2026-06-04 15:11:14.833261"
8779,"吉田 結衣","yui.yoshida@example.com","ST01","新規","2026-06-04 15:11:14.833261"
8780,"鈴木 悠斗","yuto.suzuki@example.com","ST03","非アクティブ","2026-06-04 15:11:14.833261"
8781,"中村 結衣","yui.nakamura@example.com","ST03","非アクティブ","2026-06-04 15:11:14.833261"
8782,"山本 葵","aoi.yamamoto@example.com","ST01","新規","2026-06-04 15:11:14.833261"
8783,"吉田 悠斗","yuto.yoshida@example.com","ST01","新規","2026-06-04 15:11:14.833261"
8784,"山田 拓海","takumi.yamada@example.com","ST03","非アクティブ","2026-06-04 15:11:14.833261"
8785,"吉田 健太","kenta.yoshida@example.com","ST04","退会","2026-06-04 15:11:14.833261"
8786,"渡辺 太郎","taro.watanabe@example.com","ST04","退会","2026-06-04 15:11:14.833261"
8787,"山田 健太","kenta.yamada@example.com","ST03","非アクティブ","2026-06-04 15:11:14.833261"
8788,"高橋 葵","aoi.takahashi@example.com","ST01","新規","2026-06-04 15:11:14.833261"
8789,"佐藤 拓海","takumi.sato@example.com","ST04","退会","2026-06-04 15:11:14.833261"
8790,"高橋 拓海","takumi.takahashi@example.com","ST03","非アクティブ","2026-06-04 15:11:14.833261"
8791,"山本 彩花","ayaka.yamamoto@example.com","ST03","非アクティブ","2026-06-04 15:11:14.833261"
8792,"小林 彩花","ayaka.kobayashi@example.com","ST03","非アクティブ","2026-06-04 15:11:14.833261"
8793,"伊藤 葵","aoi.ito@example.com","ST04","退会","2026-06-04 15:11:14.833261"
8794,"加藤 拓海","takumi.kato@example.com","ST02","アクティブ","2026-06-04 15:11:14.833261"
8795,"山田 陽菜","hina.yamada@example.com","ST04","退会","2026-06-04 15:11:14.833261"
8796,"加藤 美咲","misaki.kato@example.com","ST03","非アクティブ","2026-06-04 15:11:14.833261"
8797,"鈴木 蓮","ren.suzuki@example.com","ST02","アクティブ","2026-06-04 15:11:14.833261"
8798,"山田 健太","kenta.yamada@example.com","ST02","アクティブ","2026-06-04 15:11:14.833261"
8799,"田中 彩花","ayaka.tanaka@example.com","ST01","新規","2026-06-04 15:11:14.833261"
8800,"佐藤 翔","sho.sato@example.com","ST03","非アクティブ","2026-06-04 15:11:14.833261"
8801,"山本 大輔","daisuke.yamamoto@example.com","ST04","退会","2026-06-04 15:11:14.833261"
8802,"高橋 翔","sho.takahashi@example.com","ST03","非アクティブ","2026-06-04 15:11:14.833261"
8803,"山本 太郎","taro.yamamoto@example.com","ST01","新規","2026-06-04 15:11:14.833261"
8804,"高橋 美咲","misaki.takahashi@example.com","ST04","退会","2026-06-04 15:11:14.833261"
8805,"吉田 健太","kenta.yoshida@example.com","ST01","新規","2026-06-04 15:11:14.833261"
8806,"吉田 葵","aoi.yoshida@example.com","ST04","退会","2026-06-04 15:11:14.833261"
8807,"伊藤 結衣","yui.ito@example.com","ST03","非アクティブ","2026-06-04 15:11:14.833261"
8808,"山本 翔","sho.yamamoto@example.com","ST04","退会","2026-06-04 15:11:14.833261"
8809,"加藤 大輔","daisuke.kato@example.com","ST02","アクティブ","2026-06-04 15:11:14.833261"
8810,"中村 結衣","yui.nakamura@example.com","ST03","非アクティブ","2026-06-04 15:11:14.833261"
8811,"伊藤 翔","sho.ito@example.com","ST03","非アクティブ","2026-06-04 15:11:14.833261"
8812,"小林 健太","kenta.kobayashi@example.com","ST02","アクティブ","2026-06-04 15:11:14.833261"
8813,"渡辺 陽菜","hina.watanabe@example.com","ST03","非アクティブ","2026-06-04 15:11:14.833261"
8814,"加藤 結衣","yui.kato@example.com","ST01","新規","2026-06-04 15:11:14.833261"
8815,"鈴木 蓮","ren.suzuki@example.com","ST04","退会","2026-06-04 15:11:14.833261"
8816,"吉田 大輔","daisuke.yoshida@example.com","ST03","非アクティブ","2026-06-04 15:11:14.833261"
8817,"中村 拓海","takumi.nakamura@example.com","ST04","退会","2026-06-04 15:11:14.833261"
8818,"中村 陽菜","hina.nakamura@example.com","ST03","非アクティブ","2026-06-04 15:11:14.833261"
8819,"小林 葵","aoi.kobayashi@example.com","ST03","非アクティブ","2026-06-04 15:11:14.833261"
8820,"渡辺 蓮","ren.watanabe@example.com","ST01","新規","2026-06-04 15:11:14.833261"
8821,"高橋 彩花","ayaka.takahashi@example.com","ST04","退会","2026-06-04 15:11:14.833261"
8822,"田中 大輔","daisuke.tanaka@example.com","ST01","新規","2026-06-04 15:11:14.833261"
8823,"加藤 陽菜","hina.kato@example.com","ST03","非アクティブ","2026-06-04 15:11:14.833261"
8824,"山本 大輔","daisuke.yamamoto@example.com","ST02","アクティブ","2026-06-04 15:11:14.833261"
8825,"吉田 大輔","daisuke.yoshida@example.com","ST03","非アクティブ","2026-06-04 15:11:14.833261"
8826,"山田 葵","aoi.yamada@example.com","ST02","アクティブ","2026-06-04 15:11:14.833261"
8827,"山本 葵","aoi.yamamoto@example.com","ST03","非アクティブ","2026-06-04 15:11:14.833261"
8828,"鈴木 美咲","misaki.suzuki@example.com","ST04","退会","2026-06-04 15:11:14.833261"
8829,"鈴木 拓海","takumi.suzuki@example.com","ST01","新規","2026-06-04 15:11:14.833261"
8830,"鈴木 蓮","ren.suzuki@example.com","ST03","非アクティブ","2026-06-04 15:11:14.833261"
8831,"鈴木 葵","aoi.suzuki@example.com","ST04","退会","2026-06-04 15:11:14.833261"
8832,"中村 美咲","misaki.nakamura@example.com","ST03","非アクティブ","2026-06-04 15:11:14.833261"
8833,"中村 翔","sho.nakamura@example.com","ST01","新規","2026-06-04 15:11:14.833261"
8834,"小林 翔","sho.kobayashi@example.com","ST03","非アクティブ","2026-06-04 15:11:14.833261"
8835,"渡辺 葵","aoi.watanabe@example.com","ST03","非アクティブ","2026-06-04 15:11:14.833261"
8836,"加藤 彩花","ayaka.kato@example.com","ST03","非アクティブ","2026-06-04 15:11:14.833261"
8837,"小林 美咲","misaki.kobayashi@example.com","ST04","退会","2026-06-04 15:11:14.833261"
8838,"高橋 蓮","ren.takahashi@example.com","ST02","アクティブ","2026-06-04 15:11:14.833261"
8839,"渡辺 翔","sho.watanabe@example.com","ST04","退会","2026-06-04 15:11:14.833261"
8840,"佐藤 大輔","daisuke.sato@example.com","ST02","アクティブ","2026-06-04 15:11:14.833261"
8841,"田中 拓海","takumi.tanaka@example.com","ST02","アクティブ","2026-06-04 15:11:14.833261"
8842,"渡辺 葵","aoi.watanabe@example.com","ST02","アクティブ","2026-06-04 15:11:14.833261"
8843,"伊藤 彩花","ayaka.ito@example.com","ST03","非アクティブ","2026-06-04 15:11:14.833261"
8844,"田中 翔","sho.tanaka@example.com","ST03","非アクティブ","2026-06-04 15:11:14.833261"
8845,"渡辺 太郎","taro.watanabe@example.com","ST01","新規","2026-06-04 15:11:14.833261"
8846,"鈴木 美咲","misaki.suzuki@example.com","ST02","アクティブ","2026-06-04 15:11:14.833261"
8847,"渡辺 陽菜","hina.watanabe@example.com","ST01","新規","2026-06-04 15:11:14.833261"
8848,"加藤 健太","kenta.kato@example.com","ST03","非アクティブ","2026-06-04 15:11:14.833261"
8849,"佐藤 拓海","takumi.sato@example.com","ST02","アクティブ","2026-06-04 15:11:14.833261"
8850,"佐藤 翔","sho.sato@example.com","ST03","非アクティブ","2026-06-04 15:11:14.833261"
8851,"小林 美咲","misaki.kobayashi@example.com","ST04","退会","2026-06-04 15:11:14.833261"
8852,"小林 拓海","takumi.kobayashi@example.com","ST02","アクティブ","2026-06-04 15:11:14.833261"
8853,"吉田 陽菜","hina.yoshida@example.com","ST04","退会","2026-06-04 15:11:14.833261"
8854,"山本 蓮","ren.yamamoto@example.com","ST02","アクティブ","2026-06-04 15:11:14.833261"
8855,"小林 翔","sho.kobayashi@example.com","ST03","非アクティブ","2026-06-04 15:11:14.833261"
8856,"田中 美咲","misaki.tanaka@example.com","ST03","非アクティブ","2026-06-04 15:11:14.833261"
8857,"山本 太郎","taro.yamamoto@example.com","ST04","退会","2026-06-04 15:11:14.833261"
8858,"伊藤 翔","sho.ito@example.com","ST04","退会","2026-06-04 15:11:14.833261"
8859,"中村 大輔","daisuke.nakamura@example.com","ST02","アクティブ","2026-06-04 15:11:14.833261"
8860,"田中 健太","kenta.tanaka@example.com","ST03","非アクティブ","2026-06-04 15:11:14.833261"
8861,"佐藤 彩花","ayaka.sato@example.com","ST01","新規","2026-06-04 15:11:14.833261"
8862,"渡辺 翔","sho.watanabe@example.com","ST04","退会","2026-06-04 15:11:14.833261"
8863,"高橋 陽菜","hina.takahashi@example.com","ST03","非アクティブ","2026-06-04 15:11:14.833261"
8864,"山田 葵","aoi.yamada@example.com","ST02","アクティブ","2026-06-04 15:11:14.833261"
8865,"小林 葵","aoi.kobayashi@example.com","ST03","非アクティブ","2026-06-04 15:11:14.833261"
8866,"高橋 太郎","taro.takahashi@example.com","ST03","非アクティブ","2026-06-04 15:11:14.833261"
8867,"渡辺 拓海","takumi.watanabe@example.com","ST04","退会","2026-06-04 15:11:14.833261"
8868,"加藤 蓮","ren.kato@example.com","ST04","退会","2026-06-04 15:11:14.833261"
8869,"渡辺 太郎","taro.watanabe@example.com","ST01","新規","2026-06-04 15:11:14.833261"
8870,"吉田 健太","kenta.yoshida@example.com","ST02","アクティブ","2026-06-04 15:11:14.833261"
8871,"中村 蓮","ren.nakamura@example.com","ST02","アクティブ","2026-06-04 15:11:14.833261"
8872,"中村 大輔","daisuke.nakamura@example.com","ST03","非アクティブ","2026-06-04 15:11:14.833261"
8873,"高橋 陽菜","hina.takahashi@example.com","ST01","新規","2026-06-04 15:11:14.833261"
8874,"伊藤 蓮","ren.ito@example.com","ST01","新規","2026-06-04 15:11:14.833261"
8875,"伊藤 翔","sho.ito@example.com","ST03","非アクティブ","2026-06-04 15:11:14.833261"
8876,"吉田 翔","sho.yoshida@example.com","ST02","アクティブ","2026-06-04 15:11:14.833261"
8877,"田中 大輔","daisuke.tanaka@example.com","ST02","アクティブ","2026-06-04 15:11:14.833261"
8878,"佐藤 太郎","taro.sato@example.com","ST01","新規","2026-06-04 15:11:14.833261"
8879,"山本 健太","kenta.yamamoto@example.com","ST03","非アクティブ","2026-06-04 15:11:14.833261"
8880,"加藤 悠斗","yuto.kato@example.com","ST02","アクティブ","2026-06-04 15:11:14.833261"
8881,"伊藤 陽菜","hina.ito@example.com","ST04","退会","2026-06-04 15:11:14.833261"
8882,"吉田 蓮","ren.yoshida@example.com","ST04","退会","2026-06-04 15:11:14.833261"
8883,"山田 悠斗","yuto.yamada@example.com","ST02","アクティブ","2026-06-04 15:11:14.833261"
8884,"中村 葵","aoi.nakamura@example.com","ST01","新規","2026-06-04 15:11:14.833261"
8885,"高橋 大輔","daisuke.takahashi@example.com","ST04","退会","2026-06-04 15:11:14.833261"
8886,"中村 彩花","ayaka.nakamura@example.com","ST04","退会","2026-06-04 15:11:14.833261"
8887,"佐藤 葵","aoi.sato@example.com","ST01","新規","2026-06-04 15:11:14.833261"
8888,"高橋 翔","sho.takahashi@example.com","ST01","新規","2026-06-04 15:11:14.833261"
8889,"吉田 健太","kenta.yoshida@example.com","ST01","新規","2026-06-04 15:11:14.833261"
8890,"山本 陽菜","hina.yamamoto@example.com","ST03","非アクティブ","2026-06-04 15:11:14.833261"
8891,"吉田 蓮","ren.yoshida@example.com","ST01","新規","2026-06-04 15:11:14.833261"
8892,"山本 健太","kenta.yamamoto@example.com","ST01","新規","2026-06-04 15:11:14.833261"
8893,"山本 健太","kenta.yamamoto@example.com","ST03","非アクティブ","2026-06-04 15:11:14.833261"
8894,"高橋 大輔","daisuke.takahashi@example.com","ST03","非アクティブ","2026-06-04 15:11:14.833261"
8895,"加藤 健太","kenta.kato@example.com","ST04","退会","2026-06-04 15:11:14.833261"
8896,"高橋 悠斗","yuto.takahashi@example.com","ST02","アクティブ","2026-06-04 15:11:14.833261"
8897,"小林 蓮","ren.kobayashi@example.com","ST01","新規","2026-06-04 15:11:14.833261"
8898,"佐藤 健太","kenta.sato@example.com","ST01","新規","2026-06-04 15:11:14.833261"
8899,"山本 美咲","misaki.yamamoto@example.com","ST03","非アクティブ","2026-06-04 15:11:14.833261"
8900,"小林 翔","sho.kobayashi@example.com","ST04","退会","2026-06-04 15:11:14.833261"
8901,"中村 陽菜","hina.nakamura@example.com","ST04","退会","2026-06-04 15:11:14.833261"
8902,"加藤 彩花","ayaka.kato@example.com","ST04","退会","2026-06-04 15:11:14.833261"
8903,"山本 太郎","taro.yamamoto@example.com","ST02","アクティブ","2026-06-04 15:11:14.833261"
8904,"渡辺 蓮","ren.watanabe@example.com","ST01","新規","2026-06-04 15:11:14.833261"
8905,"鈴木 健太","kenta.suzuki@example.com","ST04","退会","2026-06-04 15:11:14.833261"
8906,"伊藤 拓海","takumi.ito@example.com","ST01","新規","2026-06-04 15:11:14.833261"
8907,"吉田 蓮","ren.yoshida@example.com","ST04","退会","2026-06-04 15:11:14.833261"
8908,"佐藤 太郎","taro.sato@example.com","ST04","退会","2026-06-04 15:11:14.833261"
8909,"佐藤 葵","aoi.sato@example.com","ST03","非アクティブ","2026-06-04 15:11:14.833261"
8910,"山田 陽菜","hina.yamada@example.com","ST02","アクティブ","2026-06-04 15:11:14.833261"
8911,"佐藤 太郎","taro.sato@example.com","ST03","非アクティブ","2026-06-04 15:11:14.833261"
8912,"山田 結衣","yui.yamada@example.com","ST01","新規","2026-06-04 15:11:14.833261"
8913,"田中 健太","kenta.tanaka@example.com","ST01","新規","2026-06-04 15:11:14.833261"
8914,"伊藤 陽菜","hina.ito@example.com","ST01","新規","2026-06-04 15:11:14.833261"
8915,"山田 彩花","ayaka.yamada@example.com","ST01","新規","2026-06-04 15:11:14.833261"
8916,"伊藤 美咲","misaki.ito@example.com","ST04","退会","2026-06-04 15:11:14.833261"
8917,"吉田 結衣","yui.yoshida@example.com","ST02","アクティブ","2026-06-04 15:11:14.833261"
8918,"小林 彩花","ayaka.kobayashi@example.com","ST01","新規","2026-06-04 15:11:14.833261"
8919,"田中 大輔","daisuke.tanaka@example.com","ST02","アクティブ","2026-06-04 15:11:14.833261"
8920,"中村 陽菜","hina.nakamura@example.com","ST01","新規","2026-06-04 15:11:14.833261"
8921,"高橋 陽菜","hina.takahashi@example.com","ST02","アクティブ","2026-06-04 15:11:14.833261"
8922,"伊藤 健太","kenta.ito@example.com","ST01","新規","2026-06-04 15:11:14.833261"
8923,"高橋 彩花","ayaka.takahashi@example.com","ST01","新規","2026-06-04 15:11:14.833261"
8924,"田中 葵","aoi.tanaka@example.com","ST04","退会","2026-06-04 15:11:14.833261"
8925,"渡辺 葵","aoi.watanabe@example.com","ST03","非アクティブ","2026-06-04 15:11:14.833261"
8926,"加藤 太郎","taro.kato@example.com","ST04","退会","2026-06-04 15:11:14.833261"
8927,"鈴木 彩花","ayaka.suzuki@example.com","ST02","アクティブ","2026-06-04 15:11:14.833261"
8928,"鈴木 太郎","taro.suzuki@example.com","ST04","退会","2026-06-04 15:11:14.833261"
8929,"小林 葵","aoi.kobayashi@example.com","ST03","非アクティブ","2026-06-04 15:11:14.833261"
8930,"中村 陽菜","hina.nakamura@example.com","ST03","非アクティブ","2026-06-04 15:11:14.833261"
8931,"吉田 彩花","ayaka.yoshida@example.com","ST01","新規","2026-06-04 15:11:14.833261"
8932,"田中 蓮","ren.tanaka@example.com","ST01","新規","2026-06-04 15:11:14.833261"
8933,"田中 太郎","taro.tanaka@example.com","ST01","新規","2026-06-04 15:11:14.833261"
8934,"山本 彩花","ayaka.yamamoto@example.com","ST04","退会","2026-06-04 15:11:14.833261"
8935,"山田 拓海","takumi.yamada@example.com","ST01","新規","2026-06-04 15:11:14.833261"
8936,"小林 拓海","takumi.kobayashi@example.com","ST02","アクティブ","2026-06-04 15:11:14.833261"
8937,"小林 翔","sho.kobayashi@example.com","ST04","退会","2026-06-04 15:11:14.833261"
8938,"伊藤 葵","aoi.ito@example.com","ST04","退会","2026-06-04 15:11:14.833261"
8939,"小林 拓海","takumi.kobayashi@example.com","ST04","退会","2026-06-04 15:11:14.833261"
8940,"山田 悠斗","yuto.yamada@example.com","ST02","アクティブ","2026-06-04 15:11:14.833261"
8941,"山本 太郎","taro.yamamoto@example.com","ST01","新規","2026-06-04 15:11:14.833261"
8942,"小林 彩花","ayaka.kobayashi@example.com","ST03","非アクティブ","2026-06-04 15:11:14.833261"
8943,"吉田 健太","kenta.yoshida@example.com","ST04","退会","2026-06-04 15:11:14.833261"
8944,"渡辺 翔","sho.watanabe@example.com","ST04","退会","2026-06-04 15:11:14.833261"
8945,"渡辺 結衣","yui.watanabe@example.com","ST03","非アクティブ","2026-06-04 15:11:14.833261"
8946,"山田 大輔","daisuke.yamada@example.com","ST04","退会","2026-06-04 15:11:14.833261"
8947,"渡辺 蓮","ren.watanabe@example.com","ST01","新規","2026-06-04 15:11:14.833261"
8948,"田中 拓海","takumi.tanaka@example.com","ST01","新規","2026-06-04 15:11:14.833261"
8949,"田中 健太","kenta.tanaka@example.com","ST04","退会","2026-06-04 15:11:14.833261"
8950,"伊藤 美咲","misaki.ito@example.com","ST03","非アクティブ","2026-06-04 15:11:14.833261"
8951,"加藤 彩花","ayaka.kato@example.com","ST01","新規","2026-06-04 15:11:14.833261"
8952,"小林 健太","kenta.kobayashi@example.com","ST02","アクティブ","2026-06-04 15:11:14.833261"
8953,"加藤 大輔","daisuke.kato@example.com","ST02","アクティブ","2026-06-04 15:11:14.833261"
8954,"鈴木 結衣","yui.suzuki@example.com","ST01","新規","2026-06-04 15:11:14.833261"
8955,"吉田 蓮","ren.yoshida@example.com","ST02","アクティブ","2026-06-04 15:11:14.833261"
8956,"鈴木 結衣","yui.suzuki@example.com","ST04","退会","2026-06-04 15:11:14.833261"
8957,"吉田 彩花","ayaka.yoshida@example.com","ST02","アクティブ","2026-06-04 15:11:14.833261"
8958,"小林 悠斗","yuto.kobayashi@example.com","ST01","新規","2026-06-04 15:11:14.833261"
8959,"加藤 美咲","misaki.kato@example.com","ST01","新規","2026-06-04 15:11:14.833261"
8960,"小林 蓮","ren.kobayashi@example.com","ST01","新規","2026-06-04 15:11:14.833261"
8961,"小林 蓮","ren.kobayashi@example.com","ST01","新規","2026-06-04 15:11:14.833261"
8962,"渡辺 悠斗","yuto.watanabe@example.com","ST02","アクティブ","2026-06-04 15:11:14.833261"
8963,"伊藤 葵","aoi.ito@example.com","ST02","アクティブ","2026-06-04 15:11:14.833261"
8964,"佐藤 葵","aoi.sato@example.com","ST02","アクティブ","2026-06-04 15:11:14.833261"
8965,"山田 太郎","taro.yamada@example.com","ST01","新規","2026-06-04 15:11:14.833261"
8966,"山本 彩花","ayaka.yamamoto@example.com","ST04","退会","2026-06-04 15:11:14.833261"
8967,"田中 蓮","ren.tanaka@example.com","ST04","退会","2026-06-04 15:11:14.833261"
8968,"佐藤 彩花","ayaka.sato@example.com","ST04","退会","2026-06-04 15:11:14.833261"
8969,"小林 健太","kenta.kobayashi@example.com","ST01","新規","2026-06-04 15:11:14.833261"
8970,"加藤 悠斗","yuto.kato@example.com","ST04","退会","2026-06-04 15:11:14.833261"
8971,"加藤 太郎","taro.kato@example.com","ST03","非アクティブ","2026-06-04 15:11:14.833261"
8972,"鈴木 悠斗","yuto.suzuki@example.com","ST02","アクティブ","2026-06-04 15:11:14.833261"
8973,"小林 葵","aoi.kobayashi@example.com","ST01","新規","2026-06-04 15:11:14.833261"
8974,"佐藤 結衣","yui.sato@example.com","ST04","退会","2026-06-04 15:11:14.833261"
8975,"田中 葵","aoi.tanaka@example.com","ST03","非アクティブ","2026-06-04 15:11:14.833261"
8976,"伊藤 太郎","taro.ito@example.com","ST01","新規","2026-06-04 15:11:14.833261"
8977,"伊藤 大輔","daisuke.ito@example.com","ST01","新規","2026-06-04 15:11:14.833261"
8978,"山本 結衣","yui.yamamoto@example.com","ST03","非アクティブ","2026-06-04 15:11:14.833261"
8979,"山本 大輔","daisuke.yamamoto@example.com","ST02","アクティブ","2026-06-04 15:11:14.833261"
8980,"加藤 翔","sho.kato@example.com","ST04","退会","2026-06-04 15:11:14.833261"
8981,"高橋 健太","kenta.takahashi@example.com","ST03","非アクティブ","2026-06-04 15:11:14.833261"
8982,"佐藤 葵","aoi.sato@example.com","ST03","非アクティブ","2026-06-04 15:11:14.833261"
8983,"伊藤 大輔","daisuke.ito@example.com","ST01","新規","2026-06-04 15:11:14.833261"
8984,"山本 蓮","ren.yamamoto@example.com","ST04","退会","2026-06-04 15:11:14.833261"
8985,"佐藤 葵","aoi.sato@example.com","ST04","退会","2026-06-04 15:11:14.833261"
8986,"高橋 大輔","daisuke.takahashi@example.com","ST01","新規","2026-06-04 15:11:14.833261"
8987,"佐藤 太郎","taro.sato@example.com","ST04","退会","2026-06-04 15:11:14.833261"
8988,"伊藤 結衣","yui.ito@example.com","ST04","退会","2026-06-04 15:11:14.833261"
8989,"加藤 葵","aoi.kato@example.com","ST04","退会","2026-06-04 15:11:14.833261"
8990,"渡辺 健太","kenta.watanabe@example.com","ST04","退会","2026-06-04 15:11:14.833261"
8991,"高橋 健太","kenta.takahashi@example.com","ST01","新規","2026-06-04 15:11:14.833261"
8992,"鈴木 拓海","takumi.suzuki@example.com","ST01","新規","2026-06-04 15:11:14.833261"
8993,"吉田 大輔","daisuke.yoshida@example.com","ST04","退会","2026-06-04 15:11:14.833261"
8994,"佐藤 陽菜","hina.sato@example.com","ST03","非アクティブ","2026-06-04 15:11:14.833261"
8995,"渡辺 葵","aoi.watanabe@example.com","ST01","新規","2026-06-04 15:11:14.833261"
8996,"中村 健太","kenta.nakamura@example.com","ST01","新規","2026-06-04 15:11:14.833261"
8997,"田中 翔","sho.tanaka@example.com","ST01","新規","2026-06-04 15:11:14.833261"
8998,"高橋 翔","sho.takahashi@example.com","ST01","新規","2026-06-04 15:11:14.833261"
8999,"吉田 美咲","misaki.yoshida@example.com","ST02","アクティブ","2026-06-04 15:11:14.833261"
9000,"佐藤 蓮","ren.sato@example.com","ST03","非アクティブ","2026-06-04 15:11:14.833261"
9001,"中村 大輔","daisuke.nakamura@example.com","ST02","アクティブ","2026-06-04 15:11:14.833261"
9002,"高橋 蓮","ren.takahashi@example.com","ST04","退会","2026-06-04 15:11:14.833261"
9003,"加藤 悠斗","yuto.kato@example.com","ST01","新規","2026-06-04 15:11:14.833261"
9004,"田中 葵","aoi.tanaka@example.com","ST03","非アクティブ","2026-06-04 15:11:14.833261"
9005,"佐藤 彩花","ayaka.sato@example.com","ST04","退会","2026-06-04 15:11:14.833261"
9006,"中村 美咲","misaki.nakamura@example.com","ST02","アクティブ","2026-06-04 15:11:14.833261"
9007,"鈴木 美咲","misaki.suzuki@example.com","ST02","アクティブ","2026-06-04 15:11:14.833261"
9008,"加藤 太郎","taro.kato@example.com","ST02","アクティブ","2026-06-04 15:11:14.833261"
9009,"渡辺 悠斗","yuto.watanabe@example.com","ST02","アクティブ","2026-06-04 15:11:14.833261"
9010,"加藤 葵","aoi.kato@example.com","ST03","非アクティブ","2026-06-04 15:11:14.833261"
9011,"伊藤 太郎","taro.ito@example.com","ST01","新規","2026-06-04 15:11:14.833261"
9012,"中村 美咲","misaki.nakamura@example.com","ST02","アクティブ","2026-06-04 15:11:14.833261"
9013,"中村 結衣","yui.nakamura@example.com","ST04","退会","2026-06-04 15:11:14.833261"
9014,"鈴木 大輔","daisuke.suzuki@example.com","ST04","退会","2026-06-04 15:11:14.833261"
9015,"小林 美咲","misaki.kobayashi@example.com","ST02","アクティブ","2026-06-04 15:11:14.833261"
9016,"加藤 健太","kenta.kato@example.com","ST04","退会","2026-06-04 15:11:14.833261"
9017,"田中 拓海","takumi.tanaka@example.com","ST03","非アクティブ","2026-06-04 15:11:14.833261"
9018,"山田 蓮","ren.yamada@example.com","ST03","非アクティブ","2026-06-04 15:11:14.833261"
9019,"吉田 彩花","ayaka.yoshida@example.com","ST04","退会","2026-06-04 15:11:14.833261"
9020,"伊藤 彩花","ayaka.ito@example.com","ST02","アクティブ","2026-06-04 15:11:14.833261"
9021,"吉田 彩花","ayaka.yoshida@example.com","ST01","新規","2026-06-04 15:11:14.833261"
9022,"加藤 結衣","yui.kato@example.com","ST01","新規","2026-06-04 15:11:14.833261"
9023,"山田 健太","kenta.yamada@example.com","ST01","新規","2026-06-04 15:11:14.833261"
9024,"佐藤 蓮","ren.sato@example.com","ST03","非アクティブ","2026-06-04 15:11:14.833261"
9025,"吉田 結衣","yui.yoshida@example.com","ST01","新規","2026-06-04 15:11:14.833261"
9026,"渡辺 健太","kenta.watanabe@example.com","ST02","アクティブ","2026-06-04 15:11:14.833261"
9027,"山本 結衣","yui.yamamoto@example.com","ST03","非アクティブ","2026-06-04 15:11:14.833261"
9028,"吉田 蓮","ren.yoshida@example.com","ST04","退会","2026-06-04 15:11:14.833261"
9029,"中村 拓海","takumi.nakamura@example.com","ST02","アクティブ","2026-06-04 15:11:14.833261"
9030,"田中 拓海","takumi.tanaka@example.com","ST02","アクティブ","2026-06-04 15:11:14.833261"
9031,"加藤 蓮","ren.kato@example.com","ST01","新規","2026-06-04 15:11:14.833261"
9032,"小林 蓮","ren.kobayashi@example.com","ST01","新規","2026-06-04 15:11:14.833261"
9033,"高橋 美咲","misaki.takahashi@example.com","ST04","退会","2026-06-04 15:11:14.833261"
9034,"鈴木 陽菜","hina.suzuki@example.com","ST02","アクティブ","2026-06-04 15:11:14.833261"
9035,"田中 彩花","ayaka.tanaka@example.com","ST03","非アクティブ","2026-06-04 15:11:14.833261"
9036,"佐藤 翔","sho.sato@example.com","ST04","退会","2026-06-04 15:11:14.833261"
9037,"田中 彩花","ayaka.tanaka@example.com","ST01","新規","2026-06-04 15:11:14.833261"
9038,"加藤 悠斗","yuto.kato@example.com","ST04","退会","2026-06-04 15:11:14.833261"
9039,"佐藤 健太","kenta.sato@example.com","ST02","アクティブ","2026-06-04 15:11:14.833261"
9040,"田中 彩花","ayaka.tanaka@example.com","ST01","新規","2026-06-04 15:11:14.833261"
9041,"山本 美咲","misaki.yamamoto@example.com","ST02","アクティブ","2026-06-04 15:11:14.833261"
9042,"山田 悠斗","yuto.yamada@example.com","ST02","アクティブ","2026-06-04 15:11:14.833261"
9043,"山本 葵","aoi.yamamoto@example.com","ST01","新規","2026-06-04 15:11:14.833261"
9044,"高橋 蓮","ren.takahashi@example.com","ST03","非アクティブ","2026-06-04 15:11:14.833261"
9045,"田中 美咲","misaki.tanaka@example.com","ST01","新規","2026-06-04 15:11:14.833261"
9046,"佐藤 悠斗","yuto.sato@example.com","ST03","非アクティブ","2026-06-04 15:11:14.833261"
9047,"加藤 彩花","ayaka.kato@example.com","ST04","退会","2026-06-04 15:11:14.833261"
9048,"山田 結衣","yui.yamada@example.com","ST01","新規","2026-06-04 15:11:14.833261"
9049,"中村 蓮","ren.nakamura@example.com","ST02","アクティブ","2026-06-04 15:11:14.833261"
9050,"吉田 葵","aoi.yoshida@example.com","ST04","退会","2026-06-04 15:11:14.833261"
9051,"佐藤 美咲","misaki.sato@example.com","ST01","新規","2026-06-04 15:11:14.833261"
9052,"中村 健太","kenta.nakamura@example.com","ST03","非アクティブ","2026-06-04 15:11:14.833261"
9053,"加藤 結衣","yui.kato@example.com","ST01","新規","2026-06-04 15:11:14.833261"
9054,"高橋 太郎","taro.takahashi@example.com","ST01","新規","2026-06-04 15:11:14.833261"
9055,"小林 美咲","misaki.kobayashi@example.com","ST03","非アクティブ","2026-06-04 15:11:14.833261"
9056,"山田 大輔","daisuke.yamada@example.com","ST03","非アクティブ","2026-06-04 15:11:14.833261"
9057,"鈴木 大輔","daisuke.suzuki@example.com","ST04","退会","2026-06-04 15:11:14.833261"
9058,"田中 陽菜","hina.tanaka@example.com","ST02","アクティブ","2026-06-04 15:11:14.833261"
9059,"田中 彩花","ayaka.tanaka@example.com","ST01","新規","2026-06-04 15:11:14.833261"
9060,"渡辺 悠斗","yuto.watanabe@example.com","ST04","退会","2026-06-04 15:11:14.833261"
9061,"田中 大輔","daisuke.tanaka@example.com","ST03","非アクティブ","2026-06-04 15:11:14.833261"
9062,"渡辺 悠斗","yuto.watanabe@example.com","ST04","退会","2026-06-04 15:11:14.833261"
9063,"中村 翔","sho.nakamura@example.com","ST03","非アクティブ","2026-06-04 15:11:14.833261"
9064,"高橋 彩花","ayaka.takahashi@example.com","ST01","新規","2026-06-04 15:11:14.833261"
9065,"佐藤 結衣","yui.sato@example.com","ST01","新規","2026-06-04 15:11:14.833261"
9066,"鈴木 悠斗","yuto.suzuki@example.com","ST03","非アクティブ","2026-06-04 15:11:14.833261"
9067,"伊藤 太郎","taro.ito@example.com","ST04","退会","2026-06-04 15:11:14.833261"
9068,"中村 大輔","daisuke.nakamura@example.com","ST03","非アクティブ","2026-06-04 15:11:14.833261"
9069,"渡辺 美咲","misaki.watanabe@example.com","ST04","退会","2026-06-04 15:11:14.833261"
9070,"山本 悠斗","yuto.yamamoto@example.com","ST04","退会","2026-06-04 15:11:14.833261"
9071,"鈴木 大輔","daisuke.suzuki@example.com","ST04","退会","2026-06-04 15:11:14.833261"
9072,"小林 翔","sho.kobayashi@example.com","ST03","非アクティブ","2026-06-04 15:11:14.833261"
9073,"佐藤 葵","aoi.sato@example.com","ST03","非アクティブ","2026-06-04 15:11:14.833261"
9074,"高橋 美咲","misaki.takahashi@example.com","ST03","非アクティブ","2026-06-04 15:11:14.833261"
9075,"中村 彩花","ayaka.nakamura@example.com","ST01","新規","2026-06-04 15:11:14.833261"
9076,"吉田 陽菜","hina.yoshida@example.com","ST01","新規","2026-06-04 15:11:14.833261"
9077,"渡辺 悠斗","yuto.watanabe@example.com","ST04","退会","2026-06-04 15:11:14.833261"
9078,"田中 陽菜","hina.tanaka@example.com","ST02","アクティブ","2026-06-04 15:11:14.833261"
9079,"鈴木 美咲","misaki.suzuki@example.com","ST03","非アクティブ","2026-06-04 15:11:14.833261"
9080,"加藤 翔","sho.kato@example.com","ST02","アクティブ","2026-06-04 15:11:14.833261"
9081,"高橋 美咲","misaki.takahashi@example.com","ST02","アクティブ","2026-06-04 15:11:14.833261"
9082,"渡辺 太郎","taro.watanabe@example.com","ST01","新規","2026-06-04 15:11:14.833261"
9083,"吉田 翔","sho.yoshida@example.com","ST01","新規","2026-06-04 15:11:14.833261"
9084,"田中 拓海","takumi.tanaka@example.com","ST02","アクティブ","2026-06-04 15:11:14.833261"
9085,"加藤 結衣","yui.kato@example.com","ST03","非アクティブ","2026-06-04 15:11:14.833261"
9086,"小林 悠斗","yuto.kobayashi@example.com","ST01","新規","2026-06-04 15:11:14.833261"
9087,"山田 大輔","daisuke.yamada@example.com","ST03","非アクティブ","2026-06-04 15:11:14.833261"
9088,"佐藤 彩花","ayaka.sato@example.com","ST03","非アクティブ","2026-06-04 15:11:14.833261"
9089,"吉田 大輔","daisuke.yoshida@example.com","ST03","非アクティブ","2026-06-04 15:11:14.833261"
9090,"鈴木 陽菜","hina.suzuki@example.com","ST01","新規","2026-06-04 15:11:14.833261"
9091,"田中 蓮","ren.tanaka@example.com","ST03","非アクティブ","2026-06-04 15:11:14.833261"
9092,"田中 陽菜","hina.tanaka@example.com","ST02","アクティブ","2026-06-04 15:11:14.833261"
9093,"中村 彩花","ayaka.nakamura@example.com","ST03","非アクティブ","2026-06-04 15:11:14.833261"
9094,"山本 拓海","takumi.yamamoto@example.com","ST02","アクティブ","2026-06-04 15:11:14.833261"
9095,"中村 悠斗","yuto.nakamura@example.com","ST03","非アクティブ","2026-06-04 15:11:14.833261"
9096,"吉田 太郎","taro.yoshida@example.com","ST01","新規","2026-06-04 15:11:14.833261"
9097,"佐藤 大輔","daisuke.sato@example.com","ST01","新規","2026-06-04 15:11:14.833261"
9098,"伊藤 彩花","ayaka.ito@example.com","ST04","退会","2026-06-04 15:11:14.833261"
9099,"山本 悠斗","yuto.yamamoto@example.com","ST04","退会","2026-06-04 15:11:14.833261"
9100,"山本 翔","sho.yamamoto@example.com","ST03","非アクティブ","2026-06-04 15:11:14.833261"
9101,"小林 葵","aoi.kobayashi@example.com","ST03","非アクティブ","2026-06-04 15:11:14.833261"
9102,"吉田 陽菜","hina.yoshida@example.com","ST04","退会","2026-06-04 15:11:14.833261"
9103,"伊藤 美咲","misaki.ito@example.com","ST03","非アクティブ","2026-06-04 15:11:14.833261"
9104,"山本 拓海","takumi.yamamoto@example.com","ST01","新規","2026-06-04 15:11:14.833261"
9105,"高橋 健太","kenta.takahashi@example.com","ST02","アクティブ","2026-06-04 15:11:14.833261"
9106,"渡辺 健太","kenta.watanabe@example.com","ST03","非アクティブ","2026-06-04 15:11:14.833261"
9107,"山本 結衣","yui.yamamoto@example.com","ST03","非アクティブ","2026-06-04 15:11:14.833261"
9108,"山本 大輔","daisuke.yamamoto@example.com","ST03","非アクティブ","2026-06-04 15:11:14.833261"
9109,"田中 葵","aoi.tanaka@example.com","ST01","新規","2026-06-04 15:11:14.833261"
9110,"佐藤 葵","aoi.sato@example.com","ST03","非アクティブ","2026-06-04 15:11:14.833261"
9111,"高橋 悠斗","yuto.takahashi@example.com","ST01","新規","2026-06-04 15:11:14.833261"
9112,"加藤 美咲","misaki.kato@example.com","ST02","アクティブ","2026-06-04 15:11:14.833261"
9113,"高橋 陽菜","hina.takahashi@example.com","ST02","アクティブ","2026-06-04 15:11:14.833261"
9114,"吉田 美咲","misaki.yoshida@example.com","ST01","新規","2026-06-04 15:11:14.833261"
9115,"佐藤 葵","aoi.sato@example.com","ST03","非アクティブ","2026-06-04 15:11:14.833261"
9116,"吉田 太郎","taro.yoshida@example.com","ST03","非アクティブ","2026-06-04 15:11:14.833261"
9117,"加藤 拓海","takumi.kato@example.com","ST03","非アクティブ","2026-06-04 15:11:14.833261"
9118,"小林 大輔","daisuke.kobayashi@example.com","ST01","新規","2026-06-04 15:11:14.833261"
9119,"小林 大輔","daisuke.kobayashi@example.com","ST02","アクティブ","2026-06-04 15:11:14.833261"
9120,"山田 彩花","ayaka.yamada@example.com","ST02","アクティブ","2026-06-04 15:11:14.833261"
9121,"佐藤 大輔","daisuke.sato@example.com","ST04","退会","2026-06-04 15:11:14.833261"
9122,"山田 太郎","taro.yamada@example.com","ST02","アクティブ","2026-06-04 15:11:14.833261"
9123,"小林 美咲","misaki.kobayashi@example.com","ST02","アクティブ","2026-06-04 15:11:14.833261"
9124,"伊藤 悠斗","yuto.ito@example.com","ST03","非アクティブ","2026-06-04 15:11:14.833261"
9125,"高橋 大輔","daisuke.takahashi@example.com","ST02","アクティブ","2026-06-04 15:11:14.833261"
9126,"小林 蓮","ren.kobayashi@example.com","ST02","アクティブ","2026-06-04 15:11:14.833261"
9127,"山田 翔","sho.yamada@example.com","ST02","アクティブ","2026-06-04 15:11:14.833261"
9128,"田中 翔","sho.tanaka@example.com","ST04","退会","2026-06-04 15:11:14.833261"
9129,"小林 拓海","takumi.kobayashi@example.com","ST02","アクティブ","2026-06-04 15:11:14.833261"
9130,"中村 拓海","takumi.nakamura@example.com","ST02","アクティブ","2026-06-04 15:11:14.833261"
9131,"伊藤 彩花","ayaka.ito@example.com","ST01","新規","2026-06-04 15:11:14.833261"
9132,"伊藤 大輔","daisuke.ito@example.com","ST01","新規","2026-06-04 15:11:14.833261"
9133,"伊藤 太郎","taro.ito@example.com","ST04","退会","2026-06-04 15:11:14.833261"
9134,"加藤 陽菜","hina.kato@example.com","ST02","アクティブ","2026-06-04 15:11:14.833261"
9135,"鈴木 太郎","taro.suzuki@example.com","ST01","新規","2026-06-04 15:11:14.833261"
9136,"佐藤 結衣","yui.sato@example.com","ST03","非アクティブ","2026-06-04 15:11:14.833261"
9137,"田中 葵","aoi.tanaka@example.com","ST01","新規","2026-06-04 15:11:14.833261"
9138,"小林 結衣","yui.kobayashi@example.com","ST04","退会","2026-06-04 15:11:14.833261"
9139,"加藤 彩花","ayaka.kato@example.com","ST02","アクティブ","2026-06-04 15:11:14.833261"
9140,"佐藤 陽菜","hina.sato@example.com","ST04","退会","2026-06-04 15:11:14.833261"
9141,"佐藤 健太","kenta.sato@example.com","ST02","アクティブ","2026-06-04 15:11:14.833261"
9142,"吉田 美咲","misaki.yoshida@example.com","ST03","非アクティブ","2026-06-04 15:11:14.833261"
9143,"佐藤 大輔","daisuke.sato@example.com","ST03","非アクティブ","2026-06-04 15:11:14.833261"
9144,"佐藤 結衣","yui.sato@example.com","ST04","退会","2026-06-04 15:11:14.833261"
9145,"伊藤 悠斗","yuto.ito@example.com","ST04","退会","2026-06-04 15:11:14.833261"
9146,"渡辺 陽菜","hina.watanabe@example.com","ST02","アクティブ","2026-06-04 15:11:14.833261"
9147,"中村 太郎","taro.nakamura@example.com","ST01","新規","2026-06-04 15:11:14.833261"
9148,"中村 大輔","daisuke.nakamura@example.com","ST04","退会","2026-06-04 15:11:14.833261"
9149,"伊藤 大輔","daisuke.ito@example.com","ST01","新規","2026-06-04 15:11:14.833261"
9150,"山田 大輔","daisuke.yamada@example.com","ST04","退会","2026-06-04 15:11:14.833261"
9151,"中村 蓮","ren.nakamura@example.com","ST03","非アクティブ","2026-06-04 15:11:14.833261"
9152,"中村 美咲","misaki.nakamura@example.com","ST03","非アクティブ","2026-06-04 15:11:14.833261"
9153,"佐藤 彩花","ayaka.sato@example.com","ST04","退会","2026-06-04 15:11:14.833261"
9154,"高橋 蓮","ren.takahashi@example.com","ST04","退会","2026-06-04 15:11:14.833261"
9155,"小林 悠斗","yuto.kobayashi@example.com","ST04","退会","2026-06-04 15:11:14.833261"
9156,"小林 美咲","misaki.kobayashi@example.com","ST02","アクティブ","2026-06-04 15:11:14.833261"
9157,"中村 拓海","takumi.nakamura@example.com","ST01","新規","2026-06-04 15:11:14.833261"
9158,"佐藤 大輔","daisuke.sato@example.com","ST04","退会","2026-06-04 15:11:14.833261"
9159,"高橋 美咲","misaki.takahashi@example.com","ST03","非アクティブ","2026-06-04 15:11:14.833261"
9160,"田中 彩花","ayaka.tanaka@example.com","ST02","アクティブ","2026-06-04 15:11:14.833261"
9161,"渡辺 葵","aoi.watanabe@example.com","ST03","非アクティブ","2026-06-04 15:11:14.833261"
9162,"加藤 蓮","ren.kato@example.com","ST02","アクティブ","2026-06-04 15:11:14.833261"
9163,"吉田 美咲","misaki.yoshida@example.com","ST03","非アクティブ","2026-06-04 15:11:14.833261"
9164,"小林 悠斗","yuto.kobayashi@example.com","ST03","非アクティブ","2026-06-04 15:11:14.833261"
9165,"山本 健太","kenta.yamamoto@example.com","ST02","アクティブ","2026-06-04 15:11:14.833261"
9166,"山本 彩花","ayaka.yamamoto@example.com","ST01","新規","2026-06-04 15:11:14.833261"
9167,"山本 健太","kenta.yamamoto@example.com","ST02","アクティブ","2026-06-04 15:11:14.833261"
9168,"吉田 悠斗","yuto.yoshida@example.com","ST03","非アクティブ","2026-06-04 15:11:14.833261"
9169,"中村 美咲","misaki.nakamura@example.com","ST01","新規","2026-06-04 15:11:14.833261"
9170,"田中 翔","sho.tanaka@example.com","ST01","新規","2026-06-04 15:11:14.833261"
9171,"山田 彩花","ayaka.yamada@example.com","ST03","非アクティブ","2026-06-04 15:11:14.833261"
9172,"田中 彩花","ayaka.tanaka@example.com","ST01","新規","2026-06-04 15:11:14.833261"
9173,"山本 翔","sho.yamamoto@example.com","ST01","新規","2026-06-04 15:11:14.833261"
9174,"山本 陽菜","hina.yamamoto@example.com","ST03","非アクティブ","2026-06-04 15:11:14.833261"
9175,"高橋 陽菜","hina.takahashi@example.com","ST02","アクティブ","2026-06-04 15:11:14.833261"
9176,"小林 大輔","daisuke.kobayashi@example.com","ST01","新規","2026-06-04 15:11:14.833261"
9177,"伊藤 彩花","ayaka.ito@example.com","ST01","新規","2026-06-04 15:11:14.833261"
9178,"高橋 陽菜","hina.takahashi@example.com","ST03","非アクティブ","2026-06-04 15:11:14.833261"
9179,"伊藤 陽菜","hina.ito@example.com","ST04","退会","2026-06-04 15:11:14.833261"
9180,"田中 美咲","misaki.tanaka@example.com","ST01","新規","2026-06-04 15:11:14.833261"
9181,"田中 拓海","takumi.tanaka@example.com","ST03","非アクティブ","2026-06-04 15:11:14.833261"
9182,"中村 翔","sho.nakamura@example.com","ST02","アクティブ","2026-06-04 15:11:14.833261"
9183,"渡辺 悠斗","yuto.watanabe@example.com","ST01","新規","2026-06-04 15:11:14.833261"
9184,"高橋 葵","aoi.takahashi@example.com","ST01","新規","2026-06-04 15:11:14.833261"
9185,"高橋 美咲","misaki.takahashi@example.com","ST02","アクティブ","2026-06-04 15:11:14.833261"
9186,"田中 葵","aoi.tanaka@example.com","ST04","退会","2026-06-04 15:11:14.833261"
9187,"渡辺 結衣","yui.watanabe@example.com","ST03","非アクティブ","2026-06-04 15:11:14.833261"
9188,"山本 太郎","taro.yamamoto@example.com","ST04","退会","2026-06-04 15:11:14.833261"
9189,"小林 美咲","misaki.kobayashi@example.com","ST03","非アクティブ","2026-06-04 15:11:14.833261"
9190,"中村 彩花","ayaka.nakamura@example.com","ST01","新規","2026-06-04 15:11:14.833261"
9191,"小林 葵","aoi.kobayashi@example.com","ST04","退会","2026-06-04 15:11:14.833261"
9192,"鈴木 葵","aoi.suzuki@example.com","ST01","新規","2026-06-04 15:11:14.833261"
9193,"田中 葵","aoi.tanaka@example.com","ST02","アクティブ","2026-06-04 15:11:14.833261"
9194,"高橋 陽菜","hina.takahashi@example.com","ST01","新規","2026-06-04 15:11:14.833261"
9195,"田中 葵","aoi.tanaka@example.com","ST04","退会","2026-06-04 15:11:14.833261"
9196,"中村 美咲","misaki.nakamura@example.com","ST04","退会","2026-06-04 15:11:14.833261"
9197,"佐藤 健太","kenta.sato@example.com","ST03","非アクティブ","2026-06-04 15:11:14.833261"
9198,"山本 蓮","ren.yamamoto@example.com","ST02","アクティブ","2026-06-04 15:11:14.833261"
9199,"吉田 健太","kenta.yoshida@example.com","ST01","新規","2026-06-04 15:11:14.833261"
9200,"渡辺 翔","sho.watanabe@example.com","ST03","非アクティブ","2026-06-04 15:11:14.833261"
9201,"鈴木 拓海","takumi.suzuki@example.com","ST02","アクティブ","2026-06-04 15:11:14.833261"
9202,"山田 蓮","ren.yamada@example.com","ST03","非アクティブ","2026-06-04 15:11:14.833261"
9203,"田中 健太","kenta.tanaka@example.com","ST03","非アクティブ","2026-06-04 15:11:14.833261"
9204,"中村 翔","sho.nakamura@example.com","ST02","アクティブ","2026-06-04 15:11:14.833261"
9205,"鈴木 悠斗","yuto.suzuki@example.com","ST01","新規","2026-06-04 15:11:14.833261"
9206,"田中 健太","kenta.tanaka@example.com","ST01","新規","2026-06-04 15:11:14.833261"
9207,"小林 大輔","daisuke.kobayashi@example.com","ST04","退会","2026-06-04 15:11:14.833261"
9208,"小林 太郎","taro.kobayashi@example.com","ST01","新規","2026-06-04 15:11:14.833261"
9209,"小林 陽菜","hina.kobayashi@example.com","ST04","退会","2026-06-04 15:11:14.833261"
9210,"山本 悠斗","yuto.yamamoto@example.com","ST03","非アクティブ","2026-06-04 15:11:14.833261"
9211,"高橋 結衣","yui.takahashi@example.com","ST03","非アクティブ","2026-06-04 15:11:14.833261"
9212,"渡辺 葵","aoi.watanabe@example.com","ST04","退会","2026-06-04 15:11:14.833261"
9213,"小林 大輔","daisuke.kobayashi@example.com","ST04","退会","2026-06-04 15:11:14.833261"
9214,"高橋 彩花","ayaka.takahashi@example.com","ST02","アクティブ","2026-06-04 15:11:14.833261"
9215,"渡辺 葵","aoi.watanabe@example.com","ST02","アクティブ","2026-06-04 15:11:14.833261"
9216,"山本 悠斗","yuto.yamamoto@example.com","ST04","退会","2026-06-04 15:11:14.833261"
9217,"伊藤 結衣","yui.ito@example.com","ST04","退会","2026-06-04 15:11:14.833261"
9218,"山田 翔","sho.yamada@example.com","ST02","アクティブ","2026-06-04 15:11:14.833261"
9219,"佐藤 悠斗","yuto.sato@example.com","ST03","非アクティブ","2026-06-04 15:11:14.833261"
9220,"佐藤 葵","aoi.sato@example.com","ST03","非アクティブ","2026-06-04 15:11:14.833261"
9221,"吉田 美咲","misaki.yoshida@example.com","ST04","退会","2026-06-04 15:11:14.833261"
9222,"鈴木 健太","kenta.suzuki@example.com","ST01","新規","2026-06-04 15:11:14.833261"
9223,"高橋 大輔","daisuke.takahashi@example.com","ST02","アクティブ","2026-06-04 15:11:14.833261"
9224,"加藤 太郎","taro.kato@example.com","ST04","退会","2026-06-04 15:11:14.833261"
9225,"渡辺 翔","sho.watanabe@example.com","ST04","退会","2026-06-04 15:11:14.833261"
9226,"山本 悠斗","yuto.yamamoto@example.com","ST02","アクティブ","2026-06-04 15:11:14.833261"
9227,"吉田 美咲","misaki.yoshida@example.com","ST02","アクティブ","2026-06-04 15:11:14.833261"
9228,"山田 健太","kenta.yamada@example.com","ST02","アクティブ","2026-06-04 15:11:14.833261"
9229,"佐藤 大輔","daisuke.sato@example.com","ST02","アクティブ","2026-06-04 15:11:14.833261"
9230,"佐藤 健太","kenta.sato@example.com","ST02","アクティブ","2026-06-04 15:11:14.833261"
9231,"鈴木 健太","kenta.suzuki@example.com","ST02","アクティブ","2026-06-04 15:11:14.833261"
9232,"高橋 太郎","taro.takahashi@example.com","ST01","新規","2026-06-04 15:11:14.833261"
9233,"鈴木 大輔","daisuke.suzuki@example.com","ST03","非アクティブ","2026-06-04 15:11:14.833261"
9234,"伊藤 大輔","daisuke.ito@example.com","ST04","退会","2026-06-04 15:11:14.833261"
9235,"鈴木 大輔","daisuke.suzuki@example.com","ST04","退会","2026-06-04 15:11:14.833261"
9236,"鈴木 健太","kenta.suzuki@example.com","ST04","退会","2026-06-04 15:11:14.833261"
9237,"高橋 蓮","ren.takahashi@example.com","ST03","非アクティブ","2026-06-04 15:11:14.833261"
9238,"吉田 健太","kenta.yoshida@example.com","ST02","アクティブ","2026-06-04 15:11:14.833261"
9239,"高橋 健太","kenta.takahashi@example.com","ST04","退会","2026-06-04 15:11:14.833261"
9240,"鈴木 結衣","yui.suzuki@example.com","ST03","非アクティブ","2026-06-04 15:11:14.833261"
9241,"高橋 大輔","daisuke.takahashi@example.com","ST01","新規","2026-06-04 15:11:14.833261"
9242,"吉田 悠斗","yuto.yoshida@example.com","ST03","非アクティブ","2026-06-04 15:11:14.833261"
9243,"吉田 拓海","takumi.yoshida@example.com","ST01","新規","2026-06-04 15:11:14.833261"
9244,"渡辺 健太","kenta.watanabe@example.com","ST02","アクティブ","2026-06-04 15:11:14.833261"
9245,"山田 葵","aoi.yamada@example.com","ST04","退会","2026-06-04 15:11:14.833261"
9246,"佐藤 拓海","takumi.sato@example.com","ST04","退会","2026-06-04 15:11:14.833261"
9247,"田中 美咲","misaki.tanaka@example.com","ST03","非アクティブ","2026-06-04 15:11:14.833261"
9248,"小林 拓海","takumi.kobayashi@example.com","ST03","非アクティブ","2026-06-04 15:11:14.833261"
9249,"加藤 美咲","misaki.kato@example.com","ST01","新規","2026-06-04 15:11:14.833261"
9250,"渡辺 太郎","taro.watanabe@example.com","ST03","非アクティブ","2026-06-04 15:11:14.833261"
9251,"吉田 太郎","taro.yoshida@example.com","ST01","新規","2026-06-04 15:11:14.833261"
9252,"田中 太郎","taro.tanaka@example.com","ST04","退会","2026-06-04 15:11:14.833261"
9253,"渡辺 結衣","yui.watanabe@example.com","ST04","退会","2026-06-04 15:11:14.833261"
9254,"田中 彩花","ayaka.tanaka@example.com","ST04","退会","2026-06-04 15:11:14.833261"
9255,"鈴木 蓮","ren.suzuki@example.com","ST01","新規","2026-06-04 15:11:14.833261"
9256,"小林 拓海","takumi.kobayashi@example.com","ST04","退会","2026-06-04 15:11:14.833261"
9257,"山田 翔","sho.yamada@example.com","ST03","非アクティブ","2026-06-04 15:11:14.833261"
9258,"田中 結衣","yui.tanaka@example.com","ST02","アクティブ","2026-06-04 15:11:14.833261"
9259,"吉田 蓮","ren.yoshida@example.com","ST04","退会","2026-06-04 15:11:14.833261"
9260,"佐藤 大輔","daisuke.sato@example.com","ST02","アクティブ","2026-06-04 15:11:14.833261"
9261,"佐藤 太郎","taro.sato@example.com","ST04","退会","2026-06-04 15:11:14.833261"
9262,"鈴木 翔","sho.suzuki@example.com","ST04","退会","2026-06-04 15:11:14.833261"
9263,"伊藤 結衣","yui.ito@example.com","ST04","退会","2026-06-04 15:11:14.833261"
9264,"吉田 葵","aoi.yoshida@example.com","ST01","新規","2026-06-04 15:11:14.833261"
9265,"佐藤 蓮","ren.sato@example.com","ST02","アクティブ","2026-06-04 15:11:14.833261"
9266,"小林 蓮","ren.kobayashi@example.com","ST01","新規","2026-06-04 15:11:14.833261"
9267,"加藤 蓮","ren.kato@example.com","ST03","非アクティブ","2026-06-04 15:11:14.833261"
9268,"伊藤 翔","sho.ito@example.com","ST02","アクティブ","2026-06-04 15:11:14.833261"
9269,"山本 拓海","takumi.yamamoto@example.com","ST01","新規","2026-06-04 15:11:14.833261"
9270,"高橋 翔","sho.takahashi@example.com","ST01","新規","2026-06-04 15:11:14.833261"
9271,"田中 拓海","takumi.tanaka@example.com","ST03","非アクティブ","2026-06-04 15:11:14.833261"
9272,"山田 翔","sho.yamada@example.com","ST01","新規","2026-06-04 15:11:14.833261"
9273,"山本 美咲","misaki.yamamoto@example.com","ST02","アクティブ","2026-06-04 15:11:14.833261"
9274,"渡辺 葵","aoi.watanabe@example.com","ST03","非アクティブ","2026-06-04 15:11:14.833261"
9275,"鈴木 美咲","misaki.suzuki@example.com","ST02","アクティブ","2026-06-04 15:11:14.833261"
9276,"高橋 翔","sho.takahashi@example.com","ST02","アクティブ","2026-06-04 15:11:14.833261"
9277,"佐藤 蓮","ren.sato@example.com","ST02","アクティブ","2026-06-04 15:11:14.833261"
9278,"田中 拓海","takumi.tanaka@example.com","ST03","非アクティブ","2026-06-04 15:11:14.833261"
9279,"田中 美咲","misaki.tanaka@example.com","ST02","アクティブ","2026-06-04 15:11:14.833261"
9280,"中村 陽菜","hina.nakamura@example.com","ST04","退会","2026-06-04 15:11:14.833261"
9281,"高橋 美咲","misaki.takahashi@example.com","ST02","アクティブ","2026-06-04 15:11:14.833261"
9282,"加藤 葵","aoi.kato@example.com","ST04","退会","2026-06-04 15:11:14.833261"
9283,"佐藤 翔","sho.sato@example.com","ST02","アクティブ","2026-06-04 15:11:14.833261"
9284,"佐藤 葵","aoi.sato@example.com","ST03","非アクティブ","2026-06-04 15:11:14.833261"
9285,"小林 蓮","ren.kobayashi@example.com","ST02","アクティブ","2026-06-04 15:11:14.833261"
9286,"山本 翔","sho.yamamoto@example.com","ST02","アクティブ","2026-06-04 15:11:14.833261"
9287,"田中 美咲","misaki.tanaka@example.com","ST04","退会","2026-06-04 15:11:14.833261"
9288,"田中 健太","kenta.tanaka@example.com","ST01","新規","2026-06-04 15:11:14.833261"
9289,"渡辺 健太","kenta.watanabe@example.com","ST03","非アクティブ","2026-06-04 15:11:14.833261"
9290,"田中 健太","kenta.tanaka@example.com","ST02","アクティブ","2026-06-04 15:11:14.833261"
9291,"中村 翔","sho.nakamura@example.com","ST04","退会","2026-06-04 15:11:14.833261"
9292,"加藤 彩花","ayaka.kato@example.com","ST04","退会","2026-06-04 15:11:14.833261"
9293,"鈴木 健太","kenta.suzuki@example.com","ST04","退会","2026-06-04 15:11:14.833261"
9294,"佐藤 彩花","ayaka.sato@example.com","ST03","非アクティブ","2026-06-04 15:11:14.833261"
9295,"佐藤 陽菜","hina.sato@example.com","ST04","退会","2026-06-04 15:11:14.833261"
9296,"伊藤 美咲","misaki.ito@example.com","ST01","新規","2026-06-04 15:11:14.833261"
9297,"田中 彩花","ayaka.tanaka@example.com","ST04","退会","2026-06-04 15:11:14.833261"
9298,"中村 美咲","misaki.nakamura@example.com","ST04","退会","2026-06-04 15:11:14.833261"
9299,"高橋 美咲","misaki.takahashi@example.com","ST01","新規","2026-06-04 15:11:14.833261"
9300,"山本 美咲","misaki.yamamoto@example.com","ST03","非アクティブ","2026-06-04 15:11:14.833261"
9301,"山本 健太","kenta.yamamoto@example.com","ST03","非アクティブ","2026-06-04 15:11:14.833261"
9302,"佐藤 美咲","misaki.sato@example.com","ST03","非アクティブ","2026-06-04 15:11:14.833261"
9303,"伊藤 太郎","taro.ito@example.com","ST03","非アクティブ","2026-06-04 15:11:14.833261"
9304,"渡辺 美咲","misaki.watanabe@example.com","ST04","退会","2026-06-04 15:11:14.833261"
9305,"吉田 拓海","takumi.yoshida@example.com","ST01","新規","2026-06-04 15:11:14.833261"
9306,"山本 翔","sho.yamamoto@example.com","ST04","退会","2026-06-04 15:11:14.833261"
9307,"山本 健太","kenta.yamamoto@example.com","ST03","非アクティブ","2026-06-04 15:11:14.833261"
9308,"伊藤 太郎","taro.ito@example.com","ST03","非アクティブ","2026-06-04 15:11:14.833261"
9309,"山田 悠斗","yuto.yamada@example.com","ST02","アクティブ","2026-06-04 15:11:14.833261"
9310,"渡辺 彩花","ayaka.watanabe@example.com","ST04","退会","2026-06-04 15:11:14.833261"
9311,"小林 健太","kenta.kobayashi@example.com","ST03","非アクティブ","2026-06-04 15:11:14.833261"
9312,"伊藤 彩花","ayaka.ito@example.com","ST02","アクティブ","2026-06-04 15:11:14.833261"
9313,"加藤 健太","kenta.kato@example.com","ST02","アクティブ","2026-06-04 15:11:14.833261"
9314,"山本 翔","sho.yamamoto@example.com","ST01","新規","2026-06-04 15:11:14.833261"
9315,"山本 太郎","taro.yamamoto@example.com","ST04","退会","2026-06-04 15:11:14.833261"
9316,"高橋 大輔","daisuke.takahashi@example.com","ST03","非アクティブ","2026-06-04 15:11:14.833261"
9317,"渡辺 拓海","takumi.watanabe@example.com","ST02","アクティブ","2026-06-04 15:11:14.833261"
9318,"山田 蓮","ren.yamada@example.com","ST03","非アクティブ","2026-06-04 15:11:14.833261"
9319,"中村 拓海","takumi.nakamura@example.com","ST03","非アクティブ","2026-06-04 15:11:14.833261"
9320,"佐藤 翔","sho.sato@example.com","ST02","アクティブ","2026-06-04 15:11:14.833261"
9321,"山田 彩花","ayaka.yamada@example.com","ST04","退会","2026-06-04 15:11:14.833261"
9322,"山田 美咲","misaki.yamada@example.com","ST03","非アクティブ","2026-06-04 15:11:14.833261"
9323,"田中 太郎","taro.tanaka@example.com","ST02","アクティブ","2026-06-04 15:11:14.833261"
9324,"中村 健太","kenta.nakamura@example.com","ST04","退会","2026-06-04 15:11:14.833261"
9325,"田中 健太","kenta.tanaka@example.com","ST02","アクティブ","2026-06-04 15:11:14.833261"
9326,"佐藤 結衣","yui.sato@example.com","ST02","アクティブ","2026-06-04 15:11:14.833261"
9327,"鈴木 彩花","ayaka.suzuki@example.com","ST02","アクティブ","2026-06-04 15:11:14.833261"
9328,"伊藤 陽菜","hina.ito@example.com","ST04","退会","2026-06-04 15:11:14.833261"
9329,"山田 太郎","taro.yamada@example.com","ST01","新規","2026-06-04 15:11:14.833261"
9330,"渡辺 美咲","misaki.watanabe@example.com","ST01","新規","2026-06-04 15:11:14.833261"
9331,"山田 結衣","yui.yamada@example.com","ST04","退会","2026-06-04 15:11:14.833261"
9332,"加藤 拓海","takumi.kato@example.com","ST03","非アクティブ","2026-06-04 15:11:14.833261"
9333,"山田 葵","aoi.yamada@example.com","ST02","アクティブ","2026-06-04 15:11:14.833261"
9334,"中村 拓海","takumi.nakamura@example.com","ST04","退会","2026-06-04 15:11:14.833261"
9335,"山本 陽菜","hina.yamamoto@example.com","ST01","新規","2026-06-04 15:11:14.833261"
9336,"吉田 太郎","taro.yoshida@example.com","ST03","非アクティブ","2026-06-04 15:11:14.833261"
9337,"中村 拓海","takumi.nakamura@example.com","ST01","新規","2026-06-04 15:11:14.833261"
9338,"加藤 葵","aoi.kato@example.com","ST03","非アクティブ","2026-06-04 15:11:14.833261"
9339,"渡辺 太郎","taro.watanabe@example.com","ST04","退会","2026-06-04 15:11:14.833261"
9340,"山田 彩花","ayaka.yamada@example.com","ST03","非アクティブ","2026-06-04 15:11:14.833261"
9341,"高橋 蓮","ren.takahashi@example.com","ST02","アクティブ","2026-06-04 15:11:14.833261"
9342,"山本 美咲","misaki.yamamoto@example.com","ST03","非アクティブ","2026-06-04 15:11:14.833261"
9343,"伊藤 結衣","yui.ito@example.com","ST04","退会","2026-06-04 15:11:14.833261"
9344,"田中 太郎","taro.tanaka@example.com","ST02","アクティブ","2026-06-04 15:11:14.833261"
9345,"渡辺 拓海","takumi.watanabe@example.com","ST01","新規","2026-06-04 15:11:14.833261"
9346,"鈴木 陽菜","hina.suzuki@example.com","ST02","アクティブ","2026-06-04 15:11:14.833261"
9347,"山本 太郎","taro.yamamoto@example.com","ST01","新規","2026-06-04 15:11:14.833261"
9348,"伊藤 悠斗","yuto.ito@example.com","ST02","アクティブ","2026-06-04 15:11:14.833261"
9349,"田中 美咲","misaki.tanaka@example.com","ST04","退会","2026-06-04 15:11:14.833261"
9350,"小林 陽菜","hina.kobayashi@example.com","ST02","アクティブ","2026-06-04 15:11:14.833261"
9351,"小林 健太","kenta.kobayashi@example.com","ST01","新規","2026-06-04 15:11:14.833261"
9352,"田中 美咲","misaki.tanaka@example.com","ST01","新規","2026-06-04 15:11:14.833261"
9353,"田中 葵","aoi.tanaka@example.com","ST02","アクティブ","2026-06-04 15:11:14.833261"
9354,"高橋 蓮","ren.takahashi@example.com","ST01","新規","2026-06-04 15:11:14.833261"
9355,"加藤 葵","aoi.kato@example.com","ST03","非アクティブ","2026-06-04 15:11:14.833261"
9356,"伊藤 蓮","ren.ito@example.com","ST04","退会","2026-06-04 15:11:14.833261"
9357,"高橋 葵","aoi.takahashi@example.com","ST02","アクティブ","2026-06-04 15:11:14.833261"
9358,"佐藤 蓮","ren.sato@example.com","ST02","アクティブ","2026-06-04 15:11:14.833261"
9359,"加藤 翔","sho.kato@example.com","ST04","退会","2026-06-04 15:11:14.833261"
9360,"田中 健太","kenta.tanaka@example.com","ST01","新規","2026-06-04 15:11:14.833261"
9361,"山田 結衣","yui.yamada@example.com","ST02","アクティブ","2026-06-04 15:11:14.833261"
9362,"高橋 美咲","misaki.takahashi@example.com","ST01","新規","2026-06-04 15:11:14.833261"
9363,"伊藤 悠斗","yuto.ito@example.com","ST04","退会","2026-06-04 15:11:14.833261"
9364,"高橋 美咲","misaki.takahashi@example.com","ST02","アクティブ","2026-06-04 15:11:14.833261"
9365,"佐藤 大輔","daisuke.sato@example.com","ST01","新規","2026-06-04 15:11:14.833261"
9366,"佐藤 陽菜","hina.sato@example.com","ST04","退会","2026-06-04 15:11:14.833261"
9367,"加藤 葵","aoi.kato@example.com","ST03","非アクティブ","2026-06-04 15:11:14.833261"
9368,"渡辺 大輔","daisuke.watanabe@example.com","ST01","新規","2026-06-04 15:11:14.833261"
9369,"加藤 美咲","misaki.kato@example.com","ST03","非アクティブ","2026-06-04 15:11:14.833261"
9370,"田中 翔","sho.tanaka@example.com","ST04","退会","2026-06-04 15:11:14.833261"
9371,"田中 拓海","takumi.tanaka@example.com","ST02","アクティブ","2026-06-04 15:11:14.833261"
9372,"山本 翔","sho.yamamoto@example.com","ST03","非アクティブ","2026-06-04 15:11:14.833261"
9373,"小林 陽菜","hina.kobayashi@example.com","ST04","退会","2026-06-04 15:11:14.833261"
9374,"田中 彩花","ayaka.tanaka@example.com","ST01","新規","2026-06-04 15:11:14.833261"
9375,"加藤 陽菜","hina.kato@example.com","ST04","退会","2026-06-04 15:11:14.833261"
9376,"渡辺 葵","aoi.watanabe@example.com","ST02","アクティブ","2026-06-04 15:11:14.833261"
9377,"鈴木 蓮","ren.suzuki@example.com","ST04","退会","2026-06-04 15:11:14.833261"
9378,"田中 大輔","daisuke.tanaka@example.com","ST03","非アクティブ","2026-06-04 15:11:14.833261"
9379,"佐藤 拓海","takumi.sato@example.com","ST04","退会","2026-06-04 15:11:14.833261"
9380,"佐藤 蓮","ren.sato@example.com","ST01","新規","2026-06-04 15:11:14.833261"
9381,"小林 彩花","ayaka.kobayashi@example.com","ST04","退会","2026-06-04 15:11:14.833261"
9382,"中村 彩花","ayaka.nakamura@example.com","ST03","非アクティブ","2026-06-04 15:11:14.833261"
9383,"中村 太郎","taro.nakamura@example.com","ST03","非アクティブ","2026-06-04 15:11:14.833261"
9384,"鈴木 蓮","ren.suzuki@example.com","ST04","退会","2026-06-04 15:11:14.833261"
9385,"加藤 翔","sho.kato@example.com","ST04","退会","2026-06-04 15:11:14.833261"
9386,"田中 陽菜","hina.tanaka@example.com","ST04","退会","2026-06-04 15:11:14.833261"
9387,"鈴木 太郎","taro.suzuki@example.com","ST04","退会","2026-06-04 15:11:14.833261"
9388,"加藤 拓海","takumi.kato@example.com","ST01","新規","2026-06-04 15:11:14.833261"
9389,"中村 健太","kenta.nakamura@example.com","ST04","退会","2026-06-04 15:11:14.833261"
9390,"吉田 蓮","ren.yoshida@example.com","ST03","非アクティブ","2026-06-04 15:11:14.833261"
9391,"渡辺 大輔","daisuke.watanabe@example.com","ST02","アクティブ","2026-06-04 15:11:14.833261"
9392,"高橋 美咲","misaki.takahashi@example.com","ST02","アクティブ","2026-06-04 15:11:14.833261"
9393,"高橋 健太","kenta.takahashi@example.com","ST01","新規","2026-06-04 15:11:14.833261"
9394,"伊藤 彩花","ayaka.ito@example.com","ST01","新規","2026-06-04 15:11:14.833261"
9395,"山田 拓海","takumi.yamada@example.com","ST01","新規","2026-06-04 15:11:14.833261"
9396,"高橋 太郎","taro.takahashi@example.com","ST04","退会","2026-06-04 15:11:14.833261"
9397,"伊藤 結衣","yui.ito@example.com","ST04","退会","2026-06-04 15:11:14.833261"
9398,"山田 彩花","ayaka.yamada@example.com","ST01","新規","2026-06-04 15:11:14.833261"
9399,"伊藤 葵","aoi.ito@example.com","ST02","アクティブ","2026-06-04 15:11:14.833261"
9400,"鈴木 太郎","taro.suzuki@example.com","ST02","アクティブ","2026-06-04 15:11:14.833261"
9401,"加藤 葵","aoi.kato@example.com","ST02","アクティブ","2026-06-04 15:11:14.833261"
9402,"加藤 葵","aoi.kato@example.com","ST01","新規","2026-06-04 15:11:14.833261"
9403,"田中 蓮","ren.tanaka@example.com","ST01","新規","2026-06-04 15:11:14.833261"
9404,"山本 結衣","yui.yamamoto@example.com","ST04","退会","2026-06-04 15:11:14.833261"
9405,"高橋 蓮","ren.takahashi@example.com","ST02","アクティブ","2026-06-04 15:11:14.833261"
9406,"佐藤 陽菜","hina.sato@example.com","ST01","新規","2026-06-04 15:11:14.833261"
9407,"田中 結衣","yui.tanaka@example.com","ST02","アクティブ","2026-06-04 15:11:14.833261"
9408,"山田 葵","aoi.yamada@example.com","ST01","新規","2026-06-04 15:11:14.833261"
9409,"伊藤 結衣","yui.ito@example.com","ST04","退会","2026-06-04 15:11:14.833261"
9410,"山本 結衣","yui.yamamoto@example.com","ST03","非アクティブ","2026-06-04 15:11:14.833261"
9411,"伊藤 翔","sho.ito@example.com","ST04","退会","2026-06-04 15:11:14.833261"
9412,"鈴木 翔","sho.suzuki@example.com","ST01","新規","2026-06-04 15:11:14.833261"
9413,"田中 悠斗","yuto.tanaka@example.com","ST04","退会","2026-06-04 15:11:14.833261"
9414,"鈴木 美咲","misaki.suzuki@example.com","ST03","非アクティブ","2026-06-04 15:11:14.833261"
9415,"渡辺 葵","aoi.watanabe@example.com","ST02","アクティブ","2026-06-04 15:11:14.833261"
9416,"加藤 健太","kenta.kato@example.com","ST02","アクティブ","2026-06-04 15:11:14.833261"
9417,"吉田 結衣","yui.yoshida@example.com","ST02","アクティブ","2026-06-04 15:11:14.833261"
9418,"吉田 健太","kenta.yoshida@example.com","ST02","アクティブ","2026-06-04 15:11:14.833261"
9419,"山本 健太","kenta.yamamoto@example.com","ST03","非アクティブ","2026-06-04 15:11:14.833261"
9420,"田中 太郎","taro.tanaka@example.com","ST01","新規","2026-06-04 15:11:14.833261"
9421,"伊藤 健太","kenta.ito@example.com","ST03","非アクティブ","2026-06-04 15:11:14.833261"
9422,"佐藤 陽菜","hina.sato@example.com","ST04","退会","2026-06-04 15:11:14.833261"
9423,"渡辺 健太","kenta.watanabe@example.com","ST02","アクティブ","2026-06-04 15:11:14.833261"
9424,"吉田 葵","aoi.yoshida@example.com","ST01","新規","2026-06-04 15:11:14.833261"
9425,"小林 美咲","misaki.kobayashi@example.com","ST01","新規","2026-06-04 15:11:14.833261"
9426,"小林 美咲","misaki.kobayashi@example.com","ST03","非アクティブ","2026-06-04 15:11:14.833261"
9427,"佐藤 結衣","yui.sato@example.com","ST04","退会","2026-06-04 15:11:14.833261"
9428,"伊藤 美咲","misaki.ito@example.com","ST03","非アクティブ","2026-06-04 15:11:14.833261"
9429,"加藤 美咲","misaki.kato@example.com","ST03","非アクティブ","2026-06-04 15:11:14.833261"
9430,"伊藤 翔","sho.ito@example.com","ST03","非アクティブ","2026-06-04 15:11:14.833261"
9431,"小林 大輔","daisuke.kobayashi@example.com","ST03","非アクティブ","2026-06-04 15:11:14.833261"
9432,"小林 拓海","takumi.kobayashi@example.com","ST04","退会","2026-06-04 15:11:14.833261"
9433,"山田 陽菜","hina.yamada@example.com","ST04","退会","2026-06-04 15:11:14.833261"
9434,"高橋 大輔","daisuke.takahashi@example.com","ST04","退会","2026-06-04 15:11:14.833261"
9435,"佐藤 彩花","ayaka.sato@example.com","ST04","退会","2026-06-04 15:11:14.833261"
9436,"小林 陽菜","hina.kobayashi@example.com","ST03","非アクティブ","2026-06-04 15:11:14.833261"
9437,"中村 葵","aoi.nakamura@example.com","ST02","アクティブ","2026-06-04 15:11:14.833261"
9438,"鈴木 悠斗","yuto.suzuki@example.com","ST01","新規","2026-06-04 15:11:14.833261"
9439,"渡辺 太郎","taro.watanabe@example.com","ST01","新規","2026-06-04 15:11:14.833261"
9440,"田中 結衣","yui.tanaka@example.com","ST01","新規","2026-06-04 15:11:14.833261"
9441,"加藤 健太","kenta.kato@example.com","ST02","アクティブ","2026-06-04 15:11:14.833261"
9442,"吉田 陽菜","hina.yoshida@example.com","ST04","退会","2026-06-04 15:11:14.833261"
9443,"渡辺 健太","kenta.watanabe@example.com","ST01","新規","2026-06-04 15:11:14.833261"
9444,"佐藤 結衣","yui.sato@example.com","ST02","アクティブ","2026-06-04 15:11:14.833261"
9445,"鈴木 彩花","ayaka.suzuki@example.com","ST01","新規","2026-06-04 15:11:14.833261"
9446,"山本 彩花","ayaka.yamamoto@example.com","ST01","新規","2026-06-04 15:11:14.833261"
9447,"小林 翔","sho.kobayashi@example.com","ST02","アクティブ","2026-06-04 15:11:14.833261"
9448,"佐藤 大輔","daisuke.sato@example.com","ST01","新規","2026-06-04 15:11:14.833261"
9449,"小林 悠斗","yuto.kobayashi@example.com","ST02","アクティブ","2026-06-04 15:11:14.833261"
9450,"中村 大輔","daisuke.nakamura@example.com","ST03","非アクティブ","2026-06-04 15:11:14.833261"
9451,"伊藤 健太","kenta.ito@example.com","ST03","非アクティブ","2026-06-04 15:11:14.833261"
9452,"山本 陽菜","hina.yamamoto@example.com","ST01","新規","2026-06-04 15:11:14.833261"
9453,"渡辺 蓮","ren.watanabe@example.com","ST02","アクティブ","2026-06-04 15:11:14.833261"
9454,"渡辺 彩花","ayaka.watanabe@example.com","ST04","退会","2026-06-04 15:11:14.833261"
9455,"田中 結衣","yui.tanaka@example.com","ST03","非アクティブ","2026-06-04 15:11:14.833261"
9456,"高橋 結衣","yui.takahashi@example.com","ST03","非アクティブ","2026-06-04 15:11:14.833261"
9457,"鈴木 葵","aoi.suzuki@example.com","ST03","非アクティブ","2026-06-04 15:11:14.833261"
9458,"高橋 蓮","ren.takahashi@example.com","ST02","アクティブ","2026-06-04 15:11:14.833261"
9459,"山本 悠斗","yuto.yamamoto@example.com","ST03","非アクティブ","2026-06-04 15:11:14.833261"
9460,"高橋 太郎","taro.takahashi@example.com","ST03","非アクティブ","2026-06-04 15:11:14.833261"
9461,"小林 蓮","ren.kobayashi@example.com","ST03","非アクティブ","2026-06-04 15:11:14.833261"
9462,"渡辺 結衣","yui.watanabe@example.com","ST03","非アクティブ","2026-06-04 15:11:14.833261"
9463,"小林 太郎","taro.kobayashi@example.com","ST02","アクティブ","2026-06-04 15:11:14.833261"
9464,"鈴木 美咲","misaki.suzuki@example.com","ST04","退会","2026-06-04 15:11:14.833261"
9465,"高橋 大輔","daisuke.takahashi@example.com","ST03","非アクティブ","2026-06-04 15:11:14.833261"
9466,"佐藤 陽菜","hina.sato@example.com","ST02","アクティブ","2026-06-04 15:11:14.833261"
9467,"田中 蓮","ren.tanaka@example.com","ST01","新規","2026-06-04 15:11:14.833261"
9468,"山本 健太","kenta.yamamoto@example.com","ST01","新規","2026-06-04 15:11:14.833261"
9469,"吉田 健太","kenta.yoshida@example.com","ST03","非アクティブ","2026-06-04 15:11:14.833261"
9470,"田中 葵","aoi.tanaka@example.com","ST03","非アクティブ","2026-06-04 15:11:14.833261"
9471,"加藤 陽菜","hina.kato@example.com","ST04","退会","2026-06-04 15:11:14.833261"
9472,"小林 葵","aoi.kobayashi@example.com","ST02","アクティブ","2026-06-04 15:11:14.833261"
9473,"佐藤 大輔","daisuke.sato@example.com","ST02","アクティブ","2026-06-04 15:11:14.833261"
9474,"伊藤 陽菜","hina.ito@example.com","ST02","アクティブ","2026-06-04 15:11:14.833261"
9475,"高橋 結衣","yui.takahashi@example.com","ST03","非アクティブ","2026-06-04 15:11:14.833261"
9476,"高橋 葵","aoi.takahashi@example.com","ST01","新規","2026-06-04 15:11:14.833261"
9477,"田中 翔","sho.tanaka@example.com","ST01","新規","2026-06-04 15:11:14.833261"
9478,"山本 結衣","yui.yamamoto@example.com","ST01","新規","2026-06-04 15:11:14.833261"
9479,"中村 健太","kenta.nakamura@example.com","ST02","アクティブ","2026-06-04 15:11:14.833261"
9480,"渡辺 結衣","yui.watanabe@example.com","ST03","非アクティブ","2026-06-04 15:11:14.833261"
9481,"佐藤 悠斗","yuto.sato@example.com","ST03","非アクティブ","2026-06-04 15:11:14.833261"
9482,"山本 翔","sho.yamamoto@example.com","ST03","非アクティブ","2026-06-04 15:11:14.833261"
9483,"吉田 健太","kenta.yoshida@example.com","ST01","新規","2026-06-04 15:11:14.833261"
9484,"山本 翔","sho.yamamoto@example.com","ST04","退会","2026-06-04 15:11:14.833261"
9485,"佐藤 悠斗","yuto.sato@example.com","ST03","非アクティブ","2026-06-04 15:11:14.833261"
9486,"田中 美咲","misaki.tanaka@example.com","ST01","新規","2026-06-04 15:11:14.833261"
9487,"加藤 大輔","daisuke.kato@example.com","ST04","退会","2026-06-04 15:11:14.833261"
9488,"小林 美咲","misaki.kobayashi@example.com","ST01","新規","2026-06-04 15:11:14.833261"
9489,"加藤 美咲","misaki.kato@example.com","ST01","新規","2026-06-04 15:11:14.833261"
9490,"山田 翔","sho.yamada@example.com","ST04","退会","2026-06-04 15:11:14.833261"
9491,"小林 陽菜","hina.kobayashi@example.com","ST03","非アクティブ","2026-06-04 15:11:14.833261"
9492,"伊藤 大輔","daisuke.ito@example.com","ST03","非アクティブ","2026-06-04 15:11:14.833261"
9493,"渡辺 健太","kenta.watanabe@example.com","ST04","退会","2026-06-04 15:11:14.833261"
9494,"鈴木 蓮","ren.suzuki@example.com","ST03","非アクティブ","2026-06-04 15:11:14.833261"
9495,"中村 美咲","misaki.nakamura@example.com","ST02","アクティブ","2026-06-04 15:11:14.833261"
9496,"中村 葵","aoi.nakamura@example.com","ST02","アクティブ","2026-06-04 15:11:14.833261"
9497,"吉田 美咲","misaki.yoshida@example.com","ST02","アクティブ","2026-06-04 15:11:14.833261"
9498,"山田 大輔","daisuke.yamada@example.com","ST04","退会","2026-06-04 15:11:14.833261"
9499,"伊藤 美咲","misaki.ito@example.com","ST02","アクティブ","2026-06-04 15:11:14.833261"
9500,"加藤 太郎","taro.kato@example.com","ST03","非アクティブ","2026-06-04 15:11:14.833261"
9501,"佐藤 拓海","takumi.sato@example.com","ST01","新規","2026-06-04 15:11:14.833261"
9502,"山田 葵","aoi.yamada@example.com","ST01","新規","2026-06-04 15:11:14.833261"
9503,"加藤 大輔","daisuke.kato@example.com","ST01","新規","2026-06-04 15:11:14.833261"
9504,"加藤 彩花","ayaka.kato@example.com","ST02","アクティブ","2026-06-04 15:11:14.833261"
9505,"山田 悠斗","yuto.yamada@example.com","ST01","新規","2026-06-04 15:11:14.833261"
9506,"小林 翔","sho.kobayashi@example.com","ST01","新規","2026-06-04 15:11:14.833261"
9507,"高橋 大輔","daisuke.takahashi@example.com","ST03","非アクティブ","2026-06-04 15:11:14.833261"
9508,"山本 太郎","taro.yamamoto@example.com","ST01","新規","2026-06-04 15:11:14.833261"
9509,"田中 結衣","yui.tanaka@example.com","ST03","非アクティブ","2026-06-04 15:11:14.833261"
9510,"吉田 悠斗","yuto.yoshida@example.com","ST02","アクティブ","2026-06-04 15:11:14.833261"
9511,"吉田 拓海","takumi.yoshida@example.com","ST03","非アクティブ","2026-06-04 15:11:14.833261"
9512,"加藤 悠斗","yuto.kato@example.com","ST03","非アクティブ","2026-06-04 15:11:14.833261"
9513,"加藤 彩花","ayaka.kato@example.com","ST01","新規","2026-06-04 15:11:14.833261"
9514,"伊藤 彩花","ayaka.ito@example.com","ST03","非アクティブ","2026-06-04 15:11:14.833261"
9515,"田中 拓海","takumi.tanaka@example.com","ST02","アクティブ","2026-06-04 15:11:14.833261"
9516,"田中 美咲","misaki.tanaka@example.com","ST02","アクティブ","2026-06-04 15:11:14.833261"
9517,"山田 悠斗","yuto.yamada@example.com","ST04","退会","2026-06-04 15:11:14.833261"
9518,"高橋 大輔","daisuke.takahashi@example.com","ST04","退会","2026-06-04 15:11:14.833261"
9519,"佐藤 拓海","takumi.sato@example.com","ST04","退会","2026-06-04 15:11:14.833261"
9520,"加藤 陽菜","hina.kato@example.com","ST03","非アクティブ","2026-06-04 15:11:14.833261"
9521,"高橋 彩花","ayaka.takahashi@example.com","ST01","新規","2026-06-04 15:11:14.833261"
9522,"加藤 悠斗","yuto.kato@example.com","ST02","アクティブ","2026-06-04 15:11:14.833261"
9523,"田中 陽菜","hina.tanaka@example.com","ST02","アクティブ","2026-06-04 15:11:14.833261"
9524,"中村 彩花","ayaka.nakamura@example.com","ST04","退会","2026-06-04 15:11:14.833261"
9525,"伊藤 健太","kenta.ito@example.com","ST03","非アクティブ","2026-06-04 15:11:14.833261"
9526,"高橋 彩花","ayaka.takahashi@example.com","ST04","退会","2026-06-04 15:11:14.833261"
9527,"佐藤 陽菜","hina.sato@example.com","ST02","アクティブ","2026-06-04 15:11:14.833261"
9528,"山田 悠斗","yuto.yamada@example.com","ST01","新規","2026-06-04 15:11:14.833261"
9529,"伊藤 健太","kenta.ito@example.com","ST04","退会","2026-06-04 15:11:14.833261"
9530,"山本 美咲","misaki.yamamoto@example.com","ST02","アクティブ","2026-06-04 15:11:14.833261"
9531,"伊藤 拓海","takumi.ito@example.com","ST04","退会","2026-06-04 15:11:14.833261"
9532,"鈴木 翔","sho.suzuki@example.com","ST02","アクティブ","2026-06-04 15:11:14.833261"
9533,"加藤 結衣","yui.kato@example.com","ST02","アクティブ","2026-06-04 15:11:14.833261"
9534,"小林 彩花","ayaka.kobayashi@example.com","ST02","アクティブ","2026-06-04 15:11:14.833261"
9535,"山本 翔","sho.yamamoto@example.com","ST01","新規","2026-06-04 15:11:14.833261"
9536,"高橋 大輔","daisuke.takahashi@example.com","ST01","新規","2026-06-04 15:11:14.833261"
9537,"伊藤 陽菜","hina.ito@example.com","ST02","アクティブ","2026-06-04 15:11:14.833261"
9538,"山本 葵","aoi.yamamoto@example.com","ST03","非アクティブ","2026-06-04 15:11:14.833261"
9539,"山田 翔","sho.yamada@example.com","ST01","新規","2026-06-04 15:11:14.833261"
9540,"田中 悠斗","yuto.tanaka@example.com","ST01","新規","2026-06-04 15:11:14.833261"
9541,"加藤 拓海","takumi.kato@example.com","ST02","アクティブ","2026-06-04 15:11:14.833261"
9542,"田中 大輔","daisuke.tanaka@example.com","ST04","退会","2026-06-04 15:11:14.833261"
9543,"山本 健太","kenta.yamamoto@example.com","ST01","新規","2026-06-04 15:11:14.833261"
9544,"佐藤 悠斗","yuto.sato@example.com","ST02","アクティブ","2026-06-04 15:11:14.833261"
9545,"伊藤 陽菜","hina.ito@example.com","ST01","新規","2026-06-04 15:11:14.833261"
9546,"加藤 太郎","taro.kato@example.com","ST04","退会","2026-06-04 15:11:14.833261"
9547,"中村 翔","sho.nakamura@example.com","ST02","アクティブ","2026-06-04 15:11:14.833261"
9548,"田中 蓮","ren.tanaka@example.com","ST04","退会","2026-06-04 15:11:14.833261"
9549,"佐藤 蓮","ren.sato@example.com","ST03","非アクティブ","2026-06-04 15:11:14.833261"
9550,"高橋 拓海","takumi.takahashi@example.com","ST02","アクティブ","2026-06-04 15:11:14.833261"
9551,"加藤 健太","kenta.kato@example.com","ST01","新規","2026-06-04 15:11:14.833261"
9552,"鈴木 陽菜","hina.suzuki@example.com","ST02","アクティブ","2026-06-04 15:11:14.833261"
9553,"佐藤 陽菜","hina.sato@example.com","ST04","退会","2026-06-04 15:11:14.833261"
9554,"田中 葵","aoi.tanaka@example.com","ST03","非アクティブ","2026-06-04 15:11:14.833261"
9555,"加藤 美咲","misaki.kato@example.com","ST02","アクティブ","2026-06-04 15:11:14.833261"
9556,"吉田 彩花","ayaka.yoshida@example.com","ST02","アクティブ","2026-06-04 15:11:14.833261"
9557,"渡辺 悠斗","yuto.watanabe@example.com","ST04","退会","2026-06-04 15:11:14.833261"
9558,"鈴木 翔","sho.suzuki@example.com","ST03","非アクティブ","2026-06-04 15:11:14.833261"
9559,"山本 翔","sho.yamamoto@example.com","ST02","アクティブ","2026-06-04 15:11:14.833261"
9560,"山田 彩花","ayaka.yamada@example.com","ST02","アクティブ","2026-06-04 15:11:14.833261"
9561,"吉田 結衣","yui.yoshida@example.com","ST04","退会","2026-06-04 15:11:14.833261"
9562,"高橋 悠斗","yuto.takahashi@example.com","ST03","非アクティブ","2026-06-04 15:11:14.833261"
9563,"山田 悠斗","yuto.yamada@example.com","ST01","新規","2026-06-04 15:11:14.833261"
9564,"高橋 拓海","takumi.takahashi@example.com","ST04","退会","2026-06-04 15:11:14.833261"
9565,"山田 翔","sho.yamada@example.com","ST03","非アクティブ","2026-06-04 15:11:14.833261"
9566,"山本 翔","sho.yamamoto@example.com","ST01","新規","2026-06-04 15:11:14.833261"
9567,"加藤 拓海","takumi.kato@example.com","ST04","退会","2026-06-04 15:11:14.833261"
9568,"山本 蓮","ren.yamamoto@example.com","ST02","アクティブ","2026-06-04 15:11:14.833261"
9569,"山田 美咲","misaki.yamada@example.com","ST03","非アクティブ","2026-06-04 15:11:14.833261"
9570,"田中 悠斗","yuto.tanaka@example.com","ST02","アクティブ","2026-06-04 15:11:14.833261"
9571,"渡辺 美咲","misaki.watanabe@example.com","ST03","非アクティブ","2026-06-04 15:11:14.833261"
9572,"加藤 陽菜","hina.kato@example.com","ST03","非アクティブ","2026-06-04 15:11:14.833261"
9573,"高橋 陽菜","hina.takahashi@example.com","ST04","退会","2026-06-04 15:11:14.833261"
9574,"加藤 拓海","takumi.kato@example.com","ST04","退会","2026-06-04 15:11:14.833261"
9575,"伊藤 蓮","ren.ito@example.com","ST02","アクティブ","2026-06-04 15:11:14.833261"
9576,"山本 蓮","ren.yamamoto@example.com","ST03","非アクティブ","2026-06-04 15:11:14.833261"
9577,"渡辺 蓮","ren.watanabe@example.com","ST03","非アクティブ","2026-06-04 15:11:14.833261"
9578,"小林 太郎","taro.kobayashi@example.com","ST03","非アクティブ","2026-06-04 15:11:14.833261"
9579,"吉田 大輔","daisuke.yoshida@example.com","ST01","新規","2026-06-04 15:11:14.833261"
9580,"高橋 拓海","takumi.takahashi@example.com","ST04","退会","2026-06-04 15:11:14.833261"
9581,"伊藤 拓海","takumi.ito@example.com","ST02","アクティブ","2026-06-04 15:11:14.833261"
9582,"山本 美咲","misaki.yamamoto@example.com","ST02","アクティブ","2026-06-04 15:11:14.833261"
9583,"渡辺 悠斗","yuto.watanabe@example.com","ST04","退会","2026-06-04 15:11:14.833261"
9584,"佐藤 悠斗","yuto.sato@example.com","ST04","退会","2026-06-04 15:11:14.833261"
9585,"鈴木 翔","sho.suzuki@example.com","ST01","新規","2026-06-04 15:11:14.833261"
9586,"渡辺 美咲","misaki.watanabe@example.com","ST03","非アクティブ","2026-06-04 15:11:14.833261"
9587,"佐藤 結衣","yui.sato@example.com","ST04","退会","2026-06-04 15:11:14.833261"
9588,"田中 悠斗","yuto.tanaka@example.com","ST01","新規","2026-06-04 15:11:14.833261"
9589,"小林 健太","kenta.kobayashi@example.com","ST03","非アクティブ","2026-06-04 15:11:14.833261"
9590,"鈴木 蓮","ren.suzuki@example.com","ST04","退会","2026-06-04 15:11:14.833261"
9591,"中村 拓海","takumi.nakamura@example.com","ST02","アクティブ","2026-06-04 15:11:14.833261"
9592,"渡辺 悠斗","yuto.watanabe@example.com","ST01","新規","2026-06-04 15:11:14.833261"
9593,"鈴木 蓮","ren.suzuki@example.com","ST03","非アクティブ","2026-06-04 15:11:14.833261"
9594,"高橋 大輔","daisuke.takahashi@example.com","ST02","アクティブ","2026-06-04 15:11:14.833261"
9595,"加藤 結衣","yui.kato@example.com","ST01","新規","2026-06-04 15:11:14.833261"
9596,"田中 太郎","taro.tanaka@example.com","ST03","非アクティブ","2026-06-04 15:11:14.833261"
9597,"田中 太郎","taro.tanaka@example.com","ST04","退会","2026-06-04 15:11:14.833261"
9598,"鈴木 蓮","ren.suzuki@example.com","ST01","新規","2026-06-04 15:11:14.833261"
9599,"中村 結衣","yui.nakamura@example.com","ST01","新規","2026-06-04 15:11:14.833261"
9600,"渡辺 陽菜","hina.watanabe@example.com","ST04","退会","2026-06-04 15:11:14.833261"
9601,"加藤 陽菜","hina.kato@example.com","ST01","新規","2026-06-04 15:11:14.833261"
9602,"山田 悠斗","yuto.yamada@example.com","ST01","新規","2026-06-04 15:11:14.833261"
9603,"田中 彩花","ayaka.tanaka@example.com","ST03","非アクティブ","2026-06-04 15:11:14.833261"
9604,"中村 結衣","yui.nakamura@example.com","ST04","退会","2026-06-04 15:11:14.833261"
9605,"渡辺 大輔","daisuke.watanabe@example.com","ST02","アクティブ","2026-06-04 15:11:14.833261"
9606,"伊藤 翔","sho.ito@example.com","ST02","アクティブ","2026-06-04 15:11:14.833261"
9607,"小林 美咲","misaki.kobayashi@example.com","ST01","新規","2026-06-04 15:11:14.833261"
9608,"中村 悠斗","yuto.nakamura@example.com","ST01","新規","2026-06-04 15:11:14.833261"
9609,"鈴木 悠斗","yuto.suzuki@example.com","ST04","退会","2026-06-04 15:11:14.833261"
9610,"鈴木 蓮","ren.suzuki@example.com","ST01","新規","2026-06-04 15:11:14.833261"
9611,"小林 太郎","taro.kobayashi@example.com","ST04","退会","2026-06-04 15:11:14.833261"
9612,"田中 蓮","ren.tanaka@example.com","ST02","アクティブ","2026-06-04 15:11:14.833261"
9613,"田中 拓海","takumi.tanaka@example.com","ST04","退会","2026-06-04 15:11:14.833261"
9614,"小林 拓海","takumi.kobayashi@example.com","ST01","新規","2026-06-04 15:11:14.833261"
9615,"伊藤 拓海","takumi.ito@example.com","ST03","非アクティブ","2026-06-04 15:11:14.833261"
9616,"吉田 美咲","misaki.yoshida@example.com","ST03","非アクティブ","2026-06-04 15:11:14.833261"
9617,"鈴木 太郎","taro.suzuki@example.com","ST04","退会","2026-06-04 15:11:14.833261"
9618,"田中 彩花","ayaka.tanaka@example.com","ST02","アクティブ","2026-06-04 15:11:14.833261"
9619,"佐藤 美咲","misaki.sato@example.com","ST01","新規","2026-06-04 15:11:14.833261"
9620,"渡辺 大輔","daisuke.watanabe@example.com","ST03","非アクティブ","2026-06-04 15:11:14.833261"
9621,"佐藤 翔","sho.sato@example.com","ST02","アクティブ","2026-06-04 15:11:14.833261"
9622,"佐藤 葵","aoi.sato@example.com","ST02","アクティブ","2026-06-04 15:11:14.833261"
9623,"高橋 拓海","takumi.takahashi@example.com","ST03","非アクティブ","2026-06-04 15:11:14.833261"
9624,"鈴木 太郎","taro.suzuki@example.com","ST01","新規","2026-06-04 15:11:14.833261"
9625,"佐藤 太郎","taro.sato@example.com","ST04","退会","2026-06-04 15:11:14.833261"
9626,"吉田 美咲","misaki.yoshida@example.com","ST02","アクティブ","2026-06-04 15:11:14.833261"
9627,"小林 彩花","ayaka.kobayashi@example.com","ST02","アクティブ","2026-06-04 15:11:14.833261"
9628,"佐藤 悠斗","yuto.sato@example.com","ST04","退会","2026-06-04 15:11:14.833261"
9629,"鈴木 翔","sho.suzuki@example.com","ST01","新規","2026-06-04 15:11:14.833261"
9630,"佐藤 大輔","daisuke.sato@example.com","ST04","退会","2026-06-04 15:11:14.833261"
9631,"吉田 拓海","takumi.yoshida@example.com","ST02","アクティブ","2026-06-04 15:11:14.833261"
9632,"渡辺 葵","aoi.watanabe@example.com","ST04","退会","2026-06-04 15:11:14.833261"
9633,"田中 蓮","ren.tanaka@example.com","ST02","アクティブ","2026-06-04 15:11:14.833261"
9634,"吉田 健太","kenta.yoshida@example.com","ST01","新規","2026-06-04 15:11:14.833261"
9635,"高橋 蓮","ren.takahashi@example.com","ST04","退会","2026-06-04 15:11:14.833261"
9636,"中村 翔","sho.nakamura@example.com","ST04","退会","2026-06-04 15:11:14.833261"
9637,"山本 太郎","taro.yamamoto@example.com","ST02","アクティブ","2026-06-04 15:11:14.833261"
9638,"山本 陽菜","hina.yamamoto@example.com","ST02","アクティブ","2026-06-04 15:11:14.833261"
9639,"小林 蓮","ren.kobayashi@example.com","ST04","退会","2026-06-04 15:11:14.833261"
9640,"山田 美咲","misaki.yamada@example.com","ST04","退会","2026-06-04 15:11:14.833261"
9641,"伊藤 彩花","ayaka.ito@example.com","ST02","アクティブ","2026-06-04 15:11:14.833261"
9642,"高橋 美咲","misaki.takahashi@example.com","ST03","非アクティブ","2026-06-04 15:11:14.833261"
9643,"田中 彩花","ayaka.tanaka@example.com","ST03","非アクティブ","2026-06-04 15:11:14.833261"
9644,"高橋 結衣","yui.takahashi@example.com","ST01","新規","2026-06-04 15:11:14.833261"
9645,"佐藤 蓮","ren.sato@example.com","ST04","退会","2026-06-04 15:11:14.833261"
9646,"伊藤 蓮","ren.ito@example.com","ST04","退会","2026-06-04 15:11:14.833261"
9647,"吉田 彩花","ayaka.yoshida@example.com","ST02","アクティブ","2026-06-04 15:11:14.833261"
9648,"山本 悠斗","yuto.yamamoto@example.com","ST03","非アクティブ","2026-06-04 15:11:14.833261"
9649,"山田 蓮","ren.yamada@example.com","ST03","非アクティブ","2026-06-04 15:11:14.833261"
9650,"加藤 悠斗","yuto.kato@example.com","ST04","退会","2026-06-04 15:11:14.833261"
9651,"中村 陽菜","hina.nakamura@example.com","ST02","アクティブ","2026-06-04 15:11:14.833261"
9652,"渡辺 拓海","takumi.watanabe@example.com","ST01","新規","2026-06-04 15:11:14.833261"
9653,"吉田 悠斗","yuto.yoshida@example.com","ST01","新規","2026-06-04 15:11:14.833261"
9654,"鈴木 悠斗","yuto.suzuki@example.com","ST04","退会","2026-06-04 15:11:14.833261"
9655,"吉田 結衣","yui.yoshida@example.com","ST02","アクティブ","2026-06-04 15:11:14.833261"
9656,"高橋 美咲","misaki.takahashi@example.com","ST02","アクティブ","2026-06-04 15:11:14.833261"
9657,"田中 大輔","daisuke.tanaka@example.com","ST03","非アクティブ","2026-06-04 15:11:14.833261"
9658,"佐藤 健太","kenta.sato@example.com","ST03","非アクティブ","2026-06-04 15:11:14.833261"
9659,"加藤 陽菜","hina.kato@example.com","ST02","アクティブ","2026-06-04 15:11:14.833261"
9660,"加藤 美咲","misaki.kato@example.com","ST01","新規","2026-06-04 15:11:14.833261"
9661,"鈴木 拓海","takumi.suzuki@example.com","ST04","退会","2026-06-04 15:11:14.833261"
9662,"山田 太郎","taro.yamada@example.com","ST03","非アクティブ","2026-06-04 15:11:14.833261"
9663,"佐藤 蓮","ren.sato@example.com","ST02","アクティブ","2026-06-04 15:11:14.833261"
9664,"吉田 陽菜","hina.yoshida@example.com","ST01","新規","2026-06-04 15:11:14.833261"
9665,"小林 蓮","ren.kobayashi@example.com","ST03","非アクティブ","2026-06-04 15:11:14.833261"
9666,"山田 蓮","ren.yamada@example.com","ST03","非アクティブ","2026-06-04 15:11:14.833261"
9667,"吉田 彩花","ayaka.yoshida@example.com","ST02","アクティブ","2026-06-04 15:11:14.833261"
9668,"渡辺 翔","sho.watanabe@example.com","ST04","退会","2026-06-04 15:11:14.833261"
9669,"鈴木 蓮","ren.suzuki@example.com","ST04","退会","2026-06-04 15:11:14.833261"
9670,"吉田 健太","kenta.yoshida@example.com","ST01","新規","2026-06-04 15:11:14.833261"
9671,"佐藤 大輔","daisuke.sato@example.com","ST03","非アクティブ","2026-06-04 15:11:14.833261"
9672,"田中 蓮","ren.tanaka@example.com","ST03","非アクティブ","2026-06-04 15:11:14.833261"
9673,"鈴木 太郎","taro.suzuki@example.com","ST04","退会","2026-06-04 15:11:14.833261"
9674,"山田 結衣","yui.yamada@example.com","ST04","退会","2026-06-04 15:11:14.833261"
9675,"吉田 陽菜","hina.yoshida@example.com","ST01","新規","2026-06-04 15:11:14.833261"
9676,"佐藤 葵","aoi.sato@example.com","ST04","退会","2026-06-04 15:11:14.833261"
9677,"中村 彩花","ayaka.nakamura@example.com","ST03","非アクティブ","2026-06-04 15:11:14.833261"
9678,"高橋 健太","kenta.takahashi@example.com","ST04","退会","2026-06-04 15:11:14.833261"
9679,"山本 美咲","misaki.yamamoto@example.com","ST02","アクティブ","2026-06-04 15:11:14.833261"
9680,"高橋 葵","aoi.takahashi@example.com","ST02","アクティブ","2026-06-04 15:11:14.833261"
9681,"加藤 翔","sho.kato@example.com","ST03","非アクティブ","2026-06-04 15:11:14.833261"
9682,"田中 悠斗","yuto.tanaka@example.com","ST01","新規","2026-06-04 15:11:14.833261"
9683,"小林 葵","aoi.kobayashi@example.com","ST04","退会","2026-06-04 15:11:14.833261"
9684,"鈴木 蓮","ren.suzuki@example.com","ST01","新規","2026-06-04 15:11:14.833261"
9685,"中村 葵","aoi.nakamura@example.com","ST01","新規","2026-06-04 15:11:14.833261"
9686,"加藤 彩花","ayaka.kato@example.com","ST04","退会","2026-06-04 15:11:14.833261"
9687,"山本 彩花","ayaka.yamamoto@example.com","ST01","新規","2026-06-04 15:11:14.833261"
9688,"田中 健太","kenta.tanaka@example.com","ST03","非アクティブ","2026-06-04 15:11:14.833261"
9689,"山本 美咲","misaki.yamamoto@example.com","ST01","新規","2026-06-04 15:11:14.833261"
9690,"加藤 陽菜","hina.kato@example.com","ST04","退会","2026-06-04 15:11:14.833261"
9691,"鈴木 健太","kenta.suzuki@example.com","ST04","退会","2026-06-04 15:11:14.833261"
9692,"小林 健太","kenta.kobayashi@example.com","ST01","新規","2026-06-04 15:11:14.833261"
9693,"伊藤 葵","aoi.ito@example.com","ST03","非アクティブ","2026-06-04 15:11:14.833261"
9694,"加藤 美咲","misaki.kato@example.com","ST03","非アクティブ","2026-06-04 15:11:14.833261"
9695,"伊藤 美咲","misaki.ito@example.com","ST03","非アクティブ","2026-06-04 15:11:14.833261"
9696,"伊藤 葵","aoi.ito@example.com","ST04","退会","2026-06-04 15:11:14.833261"
9697,"伊藤 翔","sho.ito@example.com","ST02","アクティブ","2026-06-04 15:11:14.833261"
9698,"高橋 太郎","taro.takahashi@example.com","ST03","非アクティブ","2026-06-04 15:11:14.833261"
9699,"佐藤 拓海","takumi.sato@example.com","ST03","非アクティブ","2026-06-04 15:11:14.833261"
9700,"渡辺 大輔","daisuke.watanabe@example.com","ST04","退会","2026-06-04 15:11:14.833261"
9701,"吉田 翔","sho.yoshida@example.com","ST02","アクティブ","2026-06-04 15:11:14.833261"
9702,"小林 太郎","taro.kobayashi@example.com","ST02","アクティブ","2026-06-04 15:11:14.833261"
9703,"小林 健太","kenta.kobayashi@example.com","ST02","アクティブ","2026-06-04 15:11:14.833261"
9704,"鈴木 翔","sho.suzuki@example.com","ST02","アクティブ","2026-06-04 15:11:14.833261"
9705,"佐藤 太郎","taro.sato@example.com","ST04","退会","2026-06-04 15:11:14.833261"
9706,"高橋 大輔","daisuke.takahashi@example.com","ST03","非アクティブ","2026-06-04 15:11:14.833261"
9707,"鈴木 健太","kenta.suzuki@example.com","ST02","アクティブ","2026-06-04 15:11:14.833261"
9708,"鈴木 拓海","takumi.suzuki@example.com","ST01","新規","2026-06-04 15:11:14.833261"
9709,"高橋 健太","kenta.takahashi@example.com","ST04","退会","2026-06-04 15:11:14.833261"
9710,"山田 拓海","takumi.yamada@example.com","ST01","新規","2026-06-04 15:11:14.833261"
9711,"伊藤 健太","kenta.ito@example.com","ST03","非アクティブ","2026-06-04 15:11:14.833261"
9712,"小林 美咲","misaki.kobayashi@example.com","ST04","退会","2026-06-04 15:11:14.833261"
9713,"加藤 蓮","ren.kato@example.com","ST03","非アクティブ","2026-06-04 15:11:14.833261"
9714,"鈴木 彩花","ayaka.suzuki@example.com","ST03","非アクティブ","2026-06-04 15:11:14.833261"
9715,"山田 悠斗","yuto.yamada@example.com","ST03","非アクティブ","2026-06-04 15:11:14.833261"
9716,"小林 拓海","takumi.kobayashi@example.com","ST03","非アクティブ","2026-06-04 15:11:14.833261"
9717,"吉田 翔","sho.yoshida@example.com","ST02","アクティブ","2026-06-04 15:11:14.833261"
9718,"山田 悠斗","yuto.yamada@example.com","ST04","退会","2026-06-04 15:11:14.833261"
9719,"渡辺 美咲","misaki.watanabe@example.com","ST02","アクティブ","2026-06-04 15:11:14.833261"
9720,"中村 大輔","daisuke.nakamura@example.com","ST02","アクティブ","2026-06-04 15:11:14.833261"
9721,"佐藤 蓮","ren.sato@example.com","ST04","退会","2026-06-04 15:11:14.833261"
9722,"山田 結衣","yui.yamada@example.com","ST03","非アクティブ","2026-06-04 15:11:14.833261"
9723,"佐藤 結衣","yui.sato@example.com","ST04","退会","2026-06-04 15:11:14.833261"
9724,"佐藤 結衣","yui.sato@example.com","ST03","非アクティブ","2026-06-04 15:11:14.833261"
9725,"鈴木 拓海","takumi.suzuki@example.com","ST04","退会","2026-06-04 15:11:14.833261"
9726,"加藤 拓海","takumi.kato@example.com","ST02","アクティブ","2026-06-04 15:11:14.833261"
9727,"小林 結衣","yui.kobayashi@example.com","ST02","アクティブ","2026-06-04 15:11:14.833261"
9728,"小林 健太","kenta.kobayashi@example.com","ST02","アクティブ","2026-06-04 15:11:14.833261"
9729,"渡辺 翔","sho.watanabe@example.com","ST03","非アクティブ","2026-06-04 15:11:14.833261"
9730,"渡辺 拓海","takumi.watanabe@example.com","ST01","新規","2026-06-04 15:11:14.833261"
9731,"渡辺 彩花","ayaka.watanabe@example.com","ST01","新規","2026-06-04 15:11:14.833261"
9732,"小林 葵","aoi.kobayashi@example.com","ST04","退会","2026-06-04 15:11:14.833261"
9733,"山田 彩花","ayaka.yamada@example.com","ST02","アクティブ","2026-06-04 15:11:14.833261"
9734,"加藤 拓海","takumi.kato@example.com","ST02","アクティブ","2026-06-04 15:11:14.833261"
9735,"小林 健太","kenta.kobayashi@example.com","ST01","新規","2026-06-04 15:11:14.833261"
9736,"鈴木 陽菜","hina.suzuki@example.com","ST03","非アクティブ","2026-06-04 15:11:14.833261"
9737,"伊藤 悠斗","yuto.ito@example.com","ST03","非アクティブ","2026-06-04 15:11:14.833261"
9738,"小林 大輔","daisuke.kobayashi@example.com","ST03","非アクティブ","2026-06-04 15:11:14.833261"
9739,"加藤 健太","kenta.kato@example.com","ST01","新規","2026-06-04 15:11:14.833261"
9740,"小林 陽菜","hina.kobayashi@example.com","ST04","退会","2026-06-04 15:11:14.833261"
9741,"山田 健太","kenta.yamada@example.com","ST04","退会","2026-06-04 15:11:14.833261"
9742,"渡辺 悠斗","yuto.watanabe@example.com","ST03","非アクティブ","2026-06-04 15:11:14.833261"
9743,"山本 悠斗","yuto.yamamoto@example.com","ST04","退会","2026-06-04 15:11:14.833261"
9744,"田中 拓海","takumi.tanaka@example.com","ST03","非アクティブ","2026-06-04 15:11:14.833261"
9745,"小林 蓮","ren.kobayashi@example.com","ST03","非アクティブ","2026-06-04 15:11:14.833261"
9746,"山田 葵","aoi.yamada@example.com","ST03","非アクティブ","2026-06-04 15:11:14.833261"
9747,"伊藤 葵","aoi.ito@example.com","ST01","新規","2026-06-04 15:11:14.833261"
9748,"中村 大輔","daisuke.nakamura@example.com","ST04","退会","2026-06-04 15:11:14.833261"
9749,"吉田 悠斗","yuto.yoshida@example.com","ST03","非アクティブ","2026-06-04 15:11:14.833261"
9750,"伊藤 美咲","misaki.ito@example.com","ST01","新規","2026-06-04 15:11:14.833261"
9751,"佐藤 蓮","ren.sato@example.com","ST02","アクティブ","2026-06-04 15:11:14.833261"
9752,"加藤 健太","kenta.kato@example.com","ST01","新規","2026-06-04 15:11:14.833261"
9753,"山本 彩花","ayaka.yamamoto@example.com","ST02","アクティブ","2026-06-04 15:11:14.833261"
9754,"鈴木 美咲","misaki.suzuki@example.com","ST02","アクティブ","2026-06-04 15:11:14.833261"
9755,"中村 健太","kenta.nakamura@example.com","ST04","退会","2026-06-04 15:11:14.833261"
9756,"高橋 蓮","ren.takahashi@example.com","ST04","退会","2026-06-04 15:11:14.833261"
9757,"中村 結衣","yui.nakamura@example.com","ST04","退会","2026-06-04 15:11:14.833261"
9758,"鈴木 悠斗","yuto.suzuki@example.com","ST02","アクティブ","2026-06-04 15:11:14.833261"
9759,"中村 大輔","daisuke.nakamura@example.com","ST03","非アクティブ","2026-06-04 15:11:14.833261"
9760,"渡辺 蓮","ren.watanabe@example.com","ST02","アクティブ","2026-06-04 15:11:14.833261"
9761,"伊藤 悠斗","yuto.ito@example.com","ST04","退会","2026-06-04 15:11:14.833261"
9762,"吉田 葵","aoi.yoshida@example.com","ST01","新規","2026-06-04 15:11:14.833261"
9763,"渡辺 翔","sho.watanabe@example.com","ST03","非アクティブ","2026-06-04 15:11:14.833261"
9764,"伊藤 拓海","takumi.ito@example.com","ST02","アクティブ","2026-06-04 15:11:14.833261"
9765,"中村 悠斗","yuto.nakamura@example.com","ST02","アクティブ","2026-06-04 15:11:14.833261"
9766,"伊藤 悠斗","yuto.ito@example.com","ST02","アクティブ","2026-06-04 15:11:14.833261"
9767,"中村 美咲","misaki.nakamura@example.com","ST02","アクティブ","2026-06-04 15:11:14.833261"
9768,"渡辺 陽菜","hina.watanabe@example.com","ST04","退会","2026-06-04 15:11:14.833261"
9769,"小林 葵","aoi.kobayashi@example.com","ST03","非アクティブ","2026-06-04 15:11:14.833261"
9770,"山田 悠斗","yuto.yamada@example.com","ST04","退会","2026-06-04 15:11:14.833261"
9771,"高橋 葵","aoi.takahashi@example.com","ST04","退会","2026-06-04 15:11:14.833261"
9772,"小林 悠斗","yuto.kobayashi@example.com","ST01","新規","2026-06-04 15:11:14.833261"
9773,"鈴木 彩花","ayaka.suzuki@example.com","ST03","非アクティブ","2026-06-04 15:11:14.833261"
9774,"山田 蓮","ren.yamada@example.com","ST01","新規","2026-06-04 15:11:14.833261"
9775,"伊藤 悠斗","yuto.ito@example.com","ST03","非アクティブ","2026-06-04 15:11:14.833261"
9776,"加藤 悠斗","yuto.kato@example.com","ST03","非アクティブ","2026-06-04 15:11:14.833261"
9777,"山田 太郎","taro.yamada@example.com","ST04","退会","2026-06-04 15:11:14.833261"
9778,"田中 太郎","taro.tanaka@example.com","ST03","非アクティブ","2026-06-04 15:11:14.833261"
9779,"佐藤 悠斗","yuto.sato@example.com","ST03","非アクティブ","2026-06-04 15:11:14.833261"
9780,"田中 彩花","ayaka.tanaka@example.com","ST01","新規","2026-06-04 15:11:14.833261"
9781,"佐藤 大輔","daisuke.sato@example.com","ST04","退会","2026-06-04 15:11:14.833261"
9782,"伊藤 悠斗","yuto.ito@example.com","ST01","新規","2026-06-04 15:11:14.833261"
9783,"加藤 翔","sho.kato@example.com","ST03","非アクティブ","2026-06-04 15:11:14.833261"
9784,"中村 大輔","daisuke.nakamura@example.com","ST04","退会","2026-06-04 15:11:14.833261"
9785,"加藤 蓮","ren.kato@example.com","ST04","退会","2026-06-04 15:11:14.833261"
9786,"田中 蓮","ren.tanaka@example.com","ST03","非アクティブ","2026-06-04 15:11:14.833261"
9787,"山田 彩花","ayaka.yamada@example.com","ST04","退会","2026-06-04 15:11:14.833261"
9788,"小林 彩花","ayaka.kobayashi@example.com","ST03","非アクティブ","2026-06-04 15:11:14.833261"
9789,"伊藤 陽菜","hina.ito@example.com","ST04","退会","2026-06-04 15:11:14.833261"
9790,"高橋 大輔","daisuke.takahashi@example.com","ST02","アクティブ","2026-06-04 15:11:14.833261"
9791,"山本 健太","kenta.yamamoto@example.com","ST01","新規","2026-06-04 15:11:14.833261"
9792,"中村 美咲","misaki.nakamura@example.com","ST03","非アクティブ","2026-06-04 15:11:14.833261"
9793,"山本 美咲","misaki.yamamoto@example.com","ST03","非アクティブ","2026-06-04 15:11:14.833261"
9794,"山田 彩花","ayaka.yamada@example.com","ST01","新規","2026-06-04 15:11:14.833261"
9795,"山田 翔","sho.yamada@example.com","ST01","新規","2026-06-04 15:11:14.833261"
9796,"高橋 悠斗","yuto.takahashi@example.com","ST03","非アクティブ","2026-06-04 15:11:14.833261"
9797,"小林 健太","kenta.kobayashi@example.com","ST03","非アクティブ","2026-06-04 15:11:14.833261"
9798,"小林 大輔","daisuke.kobayashi@example.com","ST01","新規","2026-06-04 15:11:14.833261"
9799,"加藤 大輔","daisuke.kato@example.com","ST04","退会","2026-06-04 15:11:14.833261"
9800,"小林 拓海","takumi.kobayashi@example.com","ST03","非アクティブ","2026-06-04 15:11:14.833261"
9801,"渡辺 翔","sho.watanabe@example.com","ST03","非アクティブ","2026-06-04 15:11:14.833261"
9802,"小林 蓮","ren.kobayashi@example.com","ST02","アクティブ","2026-06-04 15:11:14.833261"
9803,"鈴木 蓮","ren.suzuki@example.com","ST03","非アクティブ","2026-06-04 15:11:14.833261"
9804,"高橋 太郎","taro.takahashi@example.com","ST03","非アクティブ","2026-06-04 15:11:14.833261"
9805,"山田 大輔","daisuke.yamada@example.com","ST03","非アクティブ","2026-06-04 15:11:14.833261"
9806,"山田 結衣","yui.yamada@example.com","ST02","アクティブ","2026-06-04 15:11:14.833261"
9807,"山田 大輔","daisuke.yamada@example.com","ST04","退会","2026-06-04 15:11:14.833261"
9808,"小林 美咲","misaki.kobayashi@example.com","ST04","退会","2026-06-04 15:11:14.833261"
9809,"鈴木 結衣","yui.suzuki@example.com","ST03","非アクティブ","2026-06-04 15:11:14.833261"
9810,"小林 拓海","takumi.kobayashi@example.com","ST01","新規","2026-06-04 15:11:14.833261"
9811,"伊藤 蓮","ren.ito@example.com","ST04","退会","2026-06-04 15:11:14.833261"
9812,"鈴木 悠斗","yuto.suzuki@example.com","ST03","非アクティブ","2026-06-04 15:11:14.833261"
9813,"山本 翔","sho.yamamoto@example.com","ST02","アクティブ","2026-06-04 15:11:14.833261"
9814,"鈴木 美咲","misaki.suzuki@example.com","ST04","退会","2026-06-04 15:11:14.833261"
9815,"佐藤 葵","aoi.sato@example.com","ST04","退会","2026-06-04 15:11:14.833261"
9816,"中村 大輔","daisuke.nakamura@example.com","ST04","退会","2026-06-04 15:11:14.833261"
9817,"山本 健太","kenta.yamamoto@example.com","ST03","非アクティブ","2026-06-04 15:11:14.833261"
9818,"吉田 悠斗","yuto.yoshida@example.com","ST04","退会","2026-06-04 15:11:14.833261"
9819,"伊藤 美咲","misaki.ito@example.com","ST04","退会","2026-06-04 15:11:14.833261"
9820,"鈴木 彩花","ayaka.suzuki@example.com","ST03","非アクティブ","2026-06-04 15:11:14.833261"
9821,"佐藤 陽菜","hina.sato@example.com","ST04","退会","2026-06-04 15:11:14.833261"
9822,"加藤 悠斗","yuto.kato@example.com","ST01","新規","2026-06-04 15:11:14.833261"
9823,"中村 彩花","ayaka.nakamura@example.com","ST03","非アクティブ","2026-06-04 15:11:14.833261"
9824,"佐藤 陽菜","hina.sato@example.com","ST03","非アクティブ","2026-06-04 15:11:14.833261"
9825,"田中 結衣","yui.tanaka@example.com","ST01","新規","2026-06-04 15:11:14.833261"
9826,"鈴木 拓海","takumi.suzuki@example.com","ST04","退会","2026-06-04 15:11:14.833261"
9827,"加藤 陽菜","hina.kato@example.com","ST03","非アクティブ","2026-06-04 15:11:14.833261"
9828,"渡辺 蓮","ren.watanabe@example.com","ST03","非アクティブ","2026-06-04 15:11:14.833261"
9829,"加藤 悠斗","yuto.kato@example.com","ST04","退会","2026-06-04 15:11:14.833261"
9830,"山田 翔","sho.yamada@example.com","ST02","アクティブ","2026-06-04 15:11:14.833261"
9831,"中村 陽菜","hina.nakamura@example.com","ST03","非アクティブ","2026-06-04 15:11:14.833261"
9832,"田中 蓮","ren.tanaka@example.com","ST04","退会","2026-06-04 15:11:14.833261"
9833,"中村 陽菜","hina.nakamura@example.com","ST03","非アクティブ","2026-06-04 15:11:14.833261"
9834,"吉田 悠斗","yuto.yoshida@example.com","ST02","アクティブ","2026-06-04 15:11:14.833261"
9835,"山田 結衣","yui.yamada@example.com","ST02","アクティブ","2026-06-04 15:11:14.833261"
9836,"高橋 結衣","yui.takahashi@example.com","ST02","アクティブ","2026-06-04 15:11:14.833261"
9837,"加藤 蓮","ren.kato@example.com","ST02","アクティブ","2026-06-04 15:11:14.833261"
9838,"中村 彩花","ayaka.nakamura@example.com","ST04","退会","2026-06-04 15:11:14.833261"
9839,"鈴木 拓海","takumi.suzuki@example.com","ST01","新規","2026-06-04 15:11:14.833261"
9840,"鈴木 彩花","ayaka.suzuki@example.com","ST04","退会","2026-06-04 15:11:14.833261"
9841,"伊藤 蓮","ren.ito@example.com","ST04","退会","2026-06-04 15:11:14.833261"
9842,"鈴木 結衣","yui.suzuki@example.com","ST04","退会","2026-06-04 15:11:14.833261"
9843,"鈴木 健太","kenta.suzuki@example.com","ST03","非アクティブ","2026-06-04 15:11:14.833261"
9844,"中村 大輔","daisuke.nakamura@example.com","ST04","退会","2026-06-04 15:11:14.833261"
9845,"渡辺 美咲","misaki.watanabe@example.com","ST04","退会","2026-06-04 15:11:14.833261"
9846,"小林 彩花","ayaka.kobayashi@example.com","ST02","アクティブ","2026-06-04 15:11:14.833261"
9847,"小林 美咲","misaki.kobayashi@example.com","ST03","非アクティブ","2026-06-04 15:11:14.833261"
9848,"鈴木 悠斗","yuto.suzuki@example.com","ST04","退会","2026-06-04 15:11:14.833261"
9849,"高橋 陽菜","hina.takahashi@example.com","ST01","新規","2026-06-04 15:11:14.833261"
9850,"中村 陽菜","hina.nakamura@example.com","ST04","退会","2026-06-04 15:11:14.833261"
9851,"加藤 健太","kenta.kato@example.com","ST01","新規","2026-06-04 15:11:14.833261"
9852,"鈴木 拓海","takumi.suzuki@example.com","ST01","新規","2026-06-04 15:11:14.833261"
9853,"鈴木 太郎","taro.suzuki@example.com","ST03","非アクティブ","2026-06-04 15:11:14.833261"
9854,"小林 拓海","takumi.kobayashi@example.com","ST02","アクティブ","2026-06-04 15:11:14.833261"
9855,"伊藤 大輔","daisuke.ito@example.com","ST01","新規","2026-06-04 15:11:14.833261"
9856,"鈴木 悠斗","yuto.suzuki@example.com","ST03","非アクティブ","2026-06-04 15:11:14.833261"
9857,"田中 太郎","taro.tanaka@example.com","ST02","アクティブ","2026-06-04 15:11:14.833261"
9858,"加藤 悠斗","yuto.kato@example.com","ST04","退会","2026-06-04 15:11:14.833261"
9859,"山田 翔","sho.yamada@example.com","ST02","アクティブ","2026-06-04 15:11:14.833261"
9860,"佐藤 蓮","ren.sato@example.com","ST03","非アクティブ","2026-06-04 15:11:14.833261"
9861,"鈴木 太郎","taro.suzuki@example.com","ST03","非アクティブ","2026-06-04 15:11:14.833261"
9862,"中村 大輔","daisuke.nakamura@example.com","ST02","アクティブ","2026-06-04 15:11:14.833261"
9863,"渡辺 太郎","taro.watanabe@example.com","ST04","退会","2026-06-04 15:11:14.833261"
9864,"山本 拓海","takumi.yamamoto@example.com","ST01","新規","2026-06-04 15:11:14.833261"
9865,"山田 太郎","taro.yamada@example.com","ST03","非アクティブ","2026-06-04 15:11:14.833261"
9866,"吉田 結衣","yui.yoshida@example.com","ST03","非アクティブ","2026-06-04 15:11:14.833261"
9867,"渡辺 美咲","misaki.watanabe@example.com","ST04","退会","2026-06-04 15:11:14.833261"
9868,"伊藤 翔","sho.ito@example.com","ST03","非アクティブ","2026-06-04 15:11:14.833261"
9869,"佐藤 太郎","taro.sato@example.com","ST02","アクティブ","2026-06-04 15:11:14.833261"
9870,"吉田 陽菜","hina.yoshida@example.com","ST04","退会","2026-06-04 15:11:14.833261"
9871,"小林 太郎","taro.kobayashi@example.com","ST02","アクティブ","2026-06-04 15:11:14.833261"
9872,"吉田 太郎","taro.yoshida@example.com","ST03","非アクティブ","2026-06-04 15:11:14.833261"
9873,"小林 悠斗","yuto.kobayashi@example.com","ST02","アクティブ","2026-06-04 15:11:14.833261"
9874,"山本 葵","aoi.yamamoto@example.com","ST04","退会","2026-06-04 15:11:14.833261"
9875,"加藤 悠斗","yuto.kato@example.com","ST02","アクティブ","2026-06-04 15:11:14.833261"
9876,"山本 彩花","ayaka.yamamoto@example.com","ST04","退会","2026-06-04 15:11:14.833261"
9877,"鈴木 拓海","takumi.suzuki@example.com","ST02","アクティブ","2026-06-04 15:11:14.833261"
9878,"小林 陽菜","hina.kobayashi@example.com","ST01","新規","2026-06-04 15:11:14.833261"
9879,"加藤 太郎","taro.kato@example.com","ST01","新規","2026-06-04 15:11:14.833261"
9880,"高橋 陽菜","hina.takahashi@example.com","ST01","新規","2026-06-04 15:11:14.833261"
9881,"山本 葵","aoi.yamamoto@example.com","ST04","退会","2026-06-04 15:11:14.833261"
9882,"高橋 拓海","takumi.takahashi@example.com","ST03","非アクティブ","2026-06-04 15:11:14.833261"
9883,"佐藤 蓮","ren.sato@example.com","ST02","アクティブ","2026-06-04 15:11:14.833261"
9884,"田中 翔","sho.tanaka@example.com","ST03","非アクティブ","2026-06-04 15:11:14.833261"
9885,"渡辺 翔","sho.watanabe@example.com","ST01","新規","2026-06-04 15:11:14.833261"
9886,"山田 蓮","ren.yamada@example.com","ST02","アクティブ","2026-06-04 15:11:14.833261"
9887,"伊藤 彩花","ayaka.ito@example.com","ST03","非アクティブ","2026-06-04 15:11:14.833261"
9888,"小林 葵","aoi.kobayashi@example.com","ST04","退会","2026-06-04 15:11:14.833261"
9889,"小林 大輔","daisuke.kobayashi@example.com","ST02","アクティブ","2026-06-04 15:11:14.833261"
9890,"佐藤 健太","kenta.sato@example.com","ST01","新規","2026-06-04 15:11:14.833261"
9891,"伊藤 蓮","ren.ito@example.com","ST03","非アクティブ","2026-06-04 15:11:14.833261"
9892,"伊藤 彩花","ayaka.ito@example.com","ST04","退会","2026-06-04 15:11:14.833261"
9893,"吉田 葵","aoi.yoshida@example.com","ST04","退会","2026-06-04 15:11:14.833261"
9894,"渡辺 蓮","ren.watanabe@example.com","ST01","新規","2026-06-04 15:11:14.833261"
9895,"田中 蓮","ren.tanaka@example.com","ST01","新規","2026-06-04 15:11:14.833261"
9896,"小林 彩花","ayaka.kobayashi@example.com","ST03","非アクティブ","2026-06-04 15:11:14.833261"
9897,"伊藤 大輔","daisuke.ito@example.com","ST03","非アクティブ","2026-06-04 15:11:14.833261"
9898,"吉田 健太","kenta.yoshida@example.com","ST04","退会","2026-06-04 15:11:14.833261"
9899,"高橋 翔","sho.takahashi@example.com","ST01","新規","2026-06-04 15:11:14.833261"
9900,"田中 陽菜","hina.tanaka@example.com","ST04","退会","2026-06-04 15:11:14.833261"
9901,"鈴木 陽菜","hina.suzuki@example.com","ST03","非アクティブ","2026-06-04 15:11:14.833261"
9902,"山本 太郎","taro.yamamoto@example.com","ST04","退会","2026-06-04 15:11:14.833261"
9903,"山田 葵","aoi.yamada@example.com","ST04","退会","2026-06-04 15:11:14.833261"
9904,"小林 結衣","yui.kobayashi@example.com","ST02","アクティブ","2026-06-04 15:11:14.833261"
9905,"佐藤 結衣","yui.sato@example.com","ST04","退会","2026-06-04 15:11:14.833261"
9906,"鈴木 葵","aoi.suzuki@example.com","ST04","退会","2026-06-04 15:11:14.833261"
9907,"佐藤 蓮","ren.sato@example.com","ST02","アクティブ","2026-06-04 15:11:14.833261"
9908,"中村 健太","kenta.nakamura@example.com","ST03","非アクティブ","2026-06-04 15:11:14.833261"
9909,"田中 結衣","yui.tanaka@example.com","ST03","非アクティブ","2026-06-04 15:11:14.833261"
9910,"中村 翔","sho.nakamura@example.com","ST01","新規","2026-06-04 15:11:14.833261"
9911,"中村 美咲","misaki.nakamura@example.com","ST03","非アクティブ","2026-06-04 15:11:14.833261"
9912,"小林 悠斗","yuto.kobayashi@example.com","ST03","非アクティブ","2026-06-04 15:11:14.833261"
9913,"高橋 葵","aoi.takahashi@example.com","ST03","非アクティブ","2026-06-04 15:11:14.833261"
9914,"渡辺 彩花","ayaka.watanabe@example.com","ST01","新規","2026-06-04 15:11:14.833261"
9915,"中村 大輔","daisuke.nakamura@example.com","ST01","新規","2026-06-04 15:11:14.833261"
9916,"伊藤 葵","aoi.ito@example.com","ST04","退会","2026-06-04 15:11:14.833261"
9917,"高橋 悠斗","yuto.takahashi@example.com","ST02","アクティブ","2026-06-04 15:11:14.833261"
9918,"伊藤 翔","sho.ito@example.com","ST04","退会","2026-06-04 15:11:14.833261"
9919,"田中 拓海","takumi.tanaka@example.com","ST03","非アクティブ","2026-06-04 15:11:14.833261"
9920,"佐藤 彩花","ayaka.sato@example.com","ST03","非アクティブ","2026-06-04 15:11:14.833261"
9921,"小林 大輔","daisuke.kobayashi@example.com","ST01","新規","2026-06-04 15:11:14.833261"
9922,"中村 美咲","misaki.nakamura@example.com","ST02","アクティブ","2026-06-04 15:11:14.833261"
9923,"佐藤 陽菜","hina.sato@example.com","ST04","退会","2026-06-04 15:11:14.833261"
9924,"高橋 彩花","ayaka.takahashi@example.com","ST03","非アクティブ","2026-06-04 15:11:14.833261"
9925,"山田 結衣","yui.yamada@example.com","ST01","新規","2026-06-04 15:11:14.833261"
9926,"中村 蓮","ren.nakamura@example.com","ST01","新規","2026-06-04 15:11:14.833261"
9927,"伊藤 太郎","taro.ito@example.com","ST02","アクティブ","2026-06-04 15:11:14.833261"
9928,"加藤 太郎","taro.kato@example.com","ST03","非アクティブ","2026-06-04 15:11:14.833261"
9929,"伊藤 拓海","takumi.ito@example.com","ST03","非アクティブ","2026-06-04 15:11:14.833261"
9930,"伊藤 結衣","yui.ito@example.com","ST01","新規","2026-06-04 15:11:14.833261"
9931,"山田 健太","kenta.yamada@example.com","ST04","退会","2026-06-04 15:11:14.833261"
9932,"山田 健太","kenta.yamada@example.com","ST04","退会","2026-06-04 15:11:14.833261"
9933,"吉田 結衣","yui.yoshida@example.com","ST04","退会","2026-06-04 15:11:14.833261"
9934,"渡辺 拓海","takumi.watanabe@example.com","ST04","退会","2026-06-04 15:11:14.833261"
9935,"中村 結衣","yui.nakamura@example.com","ST01","新規","2026-06-04 15:11:14.833261"
9936,"鈴木 大輔","daisuke.suzuki@example.com","ST04","退会","2026-06-04 15:11:14.833261"
9937,"渡辺 悠斗","yuto.watanabe@example.com","ST04","退会","2026-06-04 15:11:14.833261"
9938,"山田 葵","aoi.yamada@example.com","ST02","アクティブ","2026-06-04 15:11:14.833261"
9939,"中村 蓮","ren.nakamura@example.com","ST03","非アクティブ","2026-06-04 15:11:14.833261"
9940,"山田 太郎","taro.yamada@example.com","ST01","新規","2026-06-04 15:11:14.833261"
9941,"佐藤 陽菜","hina.sato@example.com","ST04","退会","2026-06-04 15:11:14.833261"
9942,"田中 翔","sho.tanaka@example.com","ST01","新規","2026-06-04 15:11:14.833261"
9943,"中村 結衣","yui.nakamura@example.com","ST04","退会","2026-06-04 15:11:14.833261"
9944,"山本 陽菜","hina.yamamoto@example.com","ST03","非アクティブ","2026-06-04 15:11:14.833261"
9945,"加藤 蓮","ren.kato@example.com","ST03","非アクティブ","2026-06-04 15:11:14.833261"
9946,"伊藤 健太","kenta.ito@example.com","ST02","アクティブ","2026-06-04 15:11:14.833261"
9947,"山田 蓮","ren.yamada@example.com","ST03","非アクティブ","2026-06-04 15:11:14.833261"
9948,"高橋 健太","kenta.takahashi@example.com","ST01","新規","2026-06-04 15:11:14.833261"
9949,"田中 拓海","takumi.tanaka@example.com","ST04","退会","2026-06-04 15:11:14.833261"
9950,"山田 悠斗","yuto.yamada@example.com","ST02","アクティブ","2026-06-04 15:11:14.833261"
9951,"高橋 彩花","ayaka.takahashi@example.com","ST02","アクティブ","2026-06-04 15:11:14.833261"
9952,"小林 彩花","ayaka.kobayashi@example.com","ST02","アクティブ","2026-06-04 15:11:14.833261"
9953,"佐藤 美咲","misaki.sato@example.com","ST01","新規","2026-06-04 15:11:14.833261"
9954,"高橋 蓮","ren.takahashi@example.com","ST01","新規","2026-06-04 15:11:14.833261"
9955,"伊藤 美咲","misaki.ito@example.com","ST01","新規","2026-06-04 15:11:14.833261"
9956,"渡辺 美咲","misaki.watanabe@example.com","ST02","アクティブ","2026-06-04 15:11:14.833261"
9957,"渡辺 悠斗","yuto.watanabe@example.com","ST04","退会","2026-06-04 15:11:14.833261"
9958,"山田 結衣","yui.yamada@example.com","ST04","退会","2026-06-04 15:11:14.833261"
9959,"渡辺 翔","sho.watanabe@example.com","ST01","新規","2026-06-04 15:11:14.833261"
9960,"小林 美咲","misaki.kobayashi@example.com","ST03","非アクティブ","2026-06-04 15:11:14.833261"
9961,"伊藤 悠斗","yuto.ito@example.com","ST04","退会","2026-06-04 15:11:14.833261"
9962,"小林 陽菜","hina.kobayashi@example.com","ST03","非アクティブ","2026-06-04 15:11:14.833261"
9963,"小林 大輔","daisuke.kobayashi@example.com","ST04","退会","2026-06-04 15:11:14.833261"
9964,"山本 翔","sho.yamamoto@example.com","ST02","アクティブ","2026-06-04 15:11:14.833261"
9965,"伊藤 大輔","daisuke.ito@example.com","ST01","新規","2026-06-04 15:11:14.833261"
9966,"佐藤 太郎","taro.sato@example.com","ST03","非アクティブ","2026-06-04 15:11:14.833261"
9967,"中村 拓海","takumi.nakamura@example.com","ST01","新規","2026-06-04 15:11:14.833261"
9968,"伊藤 健太","kenta.ito@example.com","ST02","アクティブ","2026-06-04 15:11:14.833261"
9969,"吉田 悠斗","yuto.yoshida@example.com","ST01","新規","2026-06-04 15:11:14.833261"
9970,"吉田 悠斗","yuto.yoshida@example.com","ST04","退会","2026-06-04 15:11:14.833261"
9971,"田中 結衣","yui.tanaka@example.com","ST03","非アクティブ","2026-06-04 15:11:14.833261"
9972,"加藤 葵","aoi.kato@example.com","ST03","非アクティブ","2026-06-04 15:11:14.833261"
9973,"鈴木 翔","sho.suzuki@example.com","ST03","非アクティブ","2026-06-04 15:11:14.833261"
9974,"小林 蓮","ren.kobayashi@example.com","ST02","アクティブ","2026-06-04 15:11:14.833261"
9975,"山田 悠斗","yuto.yamada@example.com","ST03","非アクティブ","2026-06-04 15:11:14.833261"
9976,"田中 悠斗","yuto.tanaka@example.com","ST03","非アクティブ","2026-06-04 15:11:14.833261"
9977,"伊藤 拓海","takumi.ito@example.com","ST01","新規","2026-06-04 15:11:14.833261"
9978,"高橋 悠斗","yuto.takahashi@example.com","ST03","非アクティブ","2026-06-04 15:11:14.833261"
9979,"山田 大輔","daisuke.yamada@example.com","ST01","新規","2026-06-04 15:11:14.833261"
9980,"吉田 結衣","yui.yoshida@example.com","ST01","新規","2026-06-04 15:11:14.833261"
9981,"山本 悠斗","yuto.yamamoto@example.com","ST04","退会","2026-06-04 15:11:14.833261"
9982,"伊藤 陽菜","hina.ito@example.com","ST01","新規","2026-06-04 15:11:14.833261"
9983,"渡辺 陽菜","hina.watanabe@example.com","ST01","新規","2026-06-04 15:11:14.833261"
9984,"山本 葵","aoi.yamamoto@example.com","ST03","非アクティブ","2026-06-04 15:11:14.833261"
9985,"渡辺 蓮","ren.watanabe@example.com","ST02","アクティブ","2026-06-04 15:11:14.833261"
9986,"渡辺 結衣","yui.watanabe@example.com","ST01","新規","2026-06-04 15:11:14.833261"
9987,"渡辺 大輔","daisuke.watanabe@example.com","ST01","新規","2026-06-04 15:11:14.833261"
9988,"山本 翔","sho.yamamoto@example.com","ST01","新規","2026-06-04 15:11:14.833261"
9989,"小林 翔","sho.kobayashi@example.com","ST01","新規","2026-06-04 15:11:14.833261"
9990,"渡辺 蓮","ren.watanabe@example.com","ST03","非アクティブ","2026-06-04 15:11:14.833261"
9991,"山田 葵","aoi.yamada@example.com","ST04","退会","2026-06-04 15:11:14.833261"
9992,"田中 大輔","daisuke.tanaka@example.com","ST02","アクティブ","2026-06-04 15:11:14.833261"
9993,"伊藤 大輔","daisuke.ito@example.com","ST02","アクティブ","2026-06-04 15:11:14.833261"
9994,"渡辺 陽菜","hina.watanabe@example.com","ST03","非アクティブ","2026-06-04 15:11:14.833261"
9995,"小林 蓮","ren.kobayashi@example.com","ST03","非アクティブ","2026-06-04 15:11:14.833261"
9996,"吉田 美咲","misaki.yoshida@example.com","ST04","退会","2026-06-04 15:11:14.833261"
9997,"山本 拓海","takumi.yamamoto@example.com","ST02","アクティブ","2026-06-04 15:11:14.833261"
9998,"加藤 太郎","taro.kato@example.com","ST01","新規","2026-06-04 15:11:14.833261"
9999,"伊藤 蓮","ren.ito@example.com","ST01","新規","2026-06-04 15:11:14.833261"
10000,"渡辺 健太","kenta.watanabe@example.com","ST01","新規","2026-06-04 15:11:14.833261"
