"customer_id","customer_name","email","status_code","status_name","updated_at"
1,"顧客00001","customer00001@example.com","ST02","アクティブ","2026-06-04 15:15:53.266611"
2,"顧客00002","customer00002@example.com","ST03","非アクティブ","2026-06-04 15:15:53.266611"
3,"顧客00003","customer00003@example.com","ST03","非アクティブ","2026-06-04 15:15:53.266611"
4,"顧客00004","customer00004@example.com","ST01","新規","2026-06-04 15:15:53.266611"
5,"顧客00005","customer00005@example.com","ST02","アクティブ","2026-06-04 15:15:53.266611"
6,"顧客00006","customer00006@example.com","ST01","新規","2026-06-04 15:15:53.266611"
7,"顧客00007","customer00007@example.com","ST03","非アクティブ","2026-06-04 15:15:53.266611"
8,"顧客00008","customer00008@example.com","ST02","アクティブ","2026-06-04 15:15:53.266611"
9,"顧客00009","customer00009@example.com","ST02","アクティブ","2026-06-04 15:15:53.266611"
10,"顧客00010","customer00010@example.com","ST04","退会","2026-06-04 15:15:53.266611"
11,"顧客00011","customer00011@example.com","ST02","アクティブ","2026-06-04 15:15:53.266611"
12,"顧客00012","customer00012@example.com","ST02","アクティブ","2026-06-04 15:15:53.266611"
13,"顧客00013","customer00013@example.com","ST04","退会","2026-06-04 15:15:53.266611"
14,"顧客00014","customer00014@example.com","ST03","非アクティブ","2026-06-04 15:15:53.266611"
15,"顧客00015","customer00015@example.com","ST02","アクティブ","2026-06-04 15:15:53.266611"
16,"顧客00016","customer00016@example.com","ST03","非アクティブ","2026-06-04 15:15:53.266611"
17,"顧客00017","customer00017@example.com","ST02","アクティブ","2026-06-04 15:15:53.266611"
18,"顧客00018","customer00018@example.com","ST02","アクティブ","2026-06-04 15:15:53.266611"
19,"顧客00019","customer00019@example.com","ST02","アクティブ","2026-06-04 15:15:53.266611"
20,"顧客00020","customer00020@example.com","ST02","アクティブ","2026-06-04 15:15:53.266611"
21,"顧客00021","customer00021@example.com","ST01","新規","2026-06-04 15:15:53.266611"
22,"顧客00022","customer00022@example.com","ST04","退会","2026-06-04 15:15:53.266611"
23,"顧客00023","customer00023@example.com","ST02","アクティブ","2026-06-04 15:15:53.266611"
24,"顧客00024","customer00024@example.com","ST02","アクティブ","2026-06-04 15:15:53.266611"
25,"顧客00025","customer00025@example.com","ST04","退会","2026-06-04 15:15:53.266611"
26,"顧客00026","customer00026@example.com","ST03","非アクティブ","2026-06-04 15:15:53.266611"
27,"顧客00027","customer00027@example.com","ST01","新規","2026-06-04 15:15:53.266611"
28,"顧客00028","customer00028@example.com","ST03","非アクティブ","2026-06-04 15:15:53.266611"
29,"顧客00029","customer00029@example.com","ST01","新規","2026-06-04 15:15:53.266611"
30,"顧客00030","customer00030@example.com","ST04","退会","2026-06-04 15:15:53.266611"
31,"顧客00031","customer00031@example.com","ST02","アクティブ","2026-06-04 15:15:53.266611"
32,"顧客00032","customer00032@example.com","ST03","非アクティブ","2026-06-04 15:15:53.266611"
33,"顧客00033","customer00033@example.com","ST02","アクティブ","2026-06-04 15:15:53.266611"
34,"顧客00034","customer00034@example.com","ST02","アクティブ","2026-06-04 15:15:53.266611"
35,"顧客00035","customer00035@example.com","ST03","非アクティブ","2026-06-04 15:15:53.266611"
36,"顧客00036","customer00036@example.com","ST02","アクティブ","2026-06-04 15:15:53.266611"
37,"顧客00037","customer00037@example.com","ST04","退会","2026-06-04 15:15:53.266611"
38,"顧客00038","customer00038@example.com","ST02","アクティブ","2026-06-04 15:15:53.266611"
39,"顧客00039","customer00039@example.com","ST02","アクティブ","2026-06-04 15:15:53.266611"
40,"顧客00040","customer00040@example.com","ST02","アクティブ","2026-06-04 15:15:53.266611"
41,"顧客00041","customer00041@example.com","ST01","新規","2026-06-04 15:15:53.266611"
42,"顧客00042","customer00042@example.com","ST02","アクティブ","2026-06-04 15:15:53.266611"
43,"顧客00043","customer00043@example.com","ST01","新規","2026-06-04 15:15:53.266611"
44,"顧客00044","customer00044@example.com","ST03","非アクティブ","2026-06-04 15:15:53.266611"
45,"顧客00045","customer00045@example.com","ST03","非アクティブ","2026-06-04 15:15:53.266611"
46,"顧客00046","customer00046@example.com","ST01","新規","2026-06-04 15:15:53.266611"
47,"顧客00047","customer00047@example.com","ST01","新規","2026-06-04 15:15:53.266611"
48,"顧客00048","customer00048@example.com","ST02","アクティブ","2026-06-04 15:15:53.266611"
49,"顧客00049","customer00049@example.com","ST02","アクティブ","2026-06-04 15:15:53.266611"
50,"顧客00050","customer00050@example.com","ST01","新規","2026-06-04 15:15:53.266611"
51,"顧客00051","customer00051@example.com","ST03","非アクティブ","2026-06-04 15:15:53.266611"
52,"顧客00052","customer00052@example.com","ST03","非アクティブ","2026-06-04 15:15:53.266611"
53,"顧客00053","customer00053@example.com","ST02","アクティブ","2026-06-04 15:15:53.266611"
54,"顧客00054","customer00054@example.com","ST03","非アクティブ","2026-06-04 15:15:53.266611"
55,"顧客00055","customer00055@example.com","ST03","非アクティブ","2026-06-04 15:15:53.266611"
56,"顧客00056","customer00056@example.com","ST03","非アクティブ","2026-06-04 15:15:53.266611"
57,"顧客00057","customer00057@example.com","ST02","アクティブ","2026-06-04 15:15:53.266611"
58,"顧客00058","customer00058@example.com","ST04","退会","2026-06-04 15:15:53.266611"
59,"顧客00059","customer00059@example.com","ST01","新規","2026-06-04 15:15:53.266611"
60,"顧客00060","customer00060@example.com","ST03","非アクティブ","2026-06-04 15:15:53.266611"
61,"顧客00061","customer00061@example.com","ST03","非アクティブ","2026-06-04 15:15:53.266611"
62,"顧客00062","customer00062@example.com","ST01","新規","2026-06-04 15:15:53.266611"
63,"顧客00063","customer00063@example.com","ST02","アクティブ","2026-06-04 15:15:53.266611"
64,"顧客00064","customer00064@example.com","ST03","非アクティブ","2026-06-04 15:15:53.266611"
65,"顧客00065","customer00065@example.com","ST03","非アクティブ","2026-06-04 15:15:53.266611"
66,"顧客00066","customer00066@example.com","ST02","アクティブ","2026-06-04 15:15:53.266611"
67,"顧客00067","customer00067@example.com","ST03","非アクティブ","2026-06-04 15:15:53.266611"
68,"顧客00068","customer00068@example.com","ST01","新規","2026-06-04 15:15:53.266611"
69,"顧客00069","customer00069@example.com","ST02","アクティブ","2026-06-04 15:15:53.266611"
70,"顧客00070","customer00070@example.com","ST04","退会","2026-06-04 15:15:53.266611"
71,"顧客00071","customer00071@example.com","ST04","退会","2026-06-04 15:15:53.266611"
72,"顧客00072","customer00072@example.com","ST02","アクティブ","2026-06-04 15:15:53.266611"
73,"顧客00073","customer00073@example.com","ST04","退会","2026-06-04 15:15:53.266611"
74,"顧客00074","customer00074@example.com","ST01","新規","2026-06-04 15:15:53.266611"
75,"顧客00075","customer00075@example.com","ST02","アクティブ","2026-06-04 15:15:53.266611"
76,"顧客00076","customer00076@example.com","ST02","アクティブ","2026-06-04 15:15:53.266611"
77,"顧客00077","customer00077@example.com","ST04","退会","2026-06-04 15:15:53.266611"
78,"顧客00078","customer00078@example.com","ST03","非アクティブ","2026-06-04 15:15:53.266611"
79,"顧客00079","customer00079@example.com","ST03","非アクティブ","2026-06-04 15:15:53.266611"
80,"顧客00080","customer00080@example.com","ST03","非アクティブ","2026-06-04 15:15:53.266611"
81,"顧客00081","customer00081@example.com","ST03","非アクティブ","2026-06-04 15:15:53.266611"
82,"顧客00082","customer00082@example.com","ST04","退会","2026-06-04 15:15:53.266611"
83,"顧客00083","customer00083@example.com","ST03","非アクティブ","2026-06-04 15:15:53.266611"
84,"顧客00084","customer00084@example.com","ST02","アクティブ","2026-06-04 15:15:53.266611"
85,"顧客00085","customer00085@example.com","ST03","非アクティブ","2026-06-04 15:15:53.266611"
86,"顧客00086","customer00086@example.com","ST02","アクティブ","2026-06-04 15:15:53.266611"
87,"顧客00087","customer00087@example.com","ST03","非アクティブ","2026-06-04 15:15:53.266611"
88,"顧客00088","customer00088@example.com","ST03","非アクティブ","2026-06-04 15:15:53.266611"
89,"顧客00089","customer00089@example.com","ST01","新規","2026-06-04 15:15:53.266611"
90,"顧客00090","customer00090@example.com","ST01","新規","2026-06-04 15:15:53.266611"
91,"顧客00091","customer00091@example.com","ST02","アクティブ","2026-06-04 15:15:53.266611"
92,"顧客00092","customer00092@example.com","ST01","新規","2026-06-04 15:15:53.266611"
93,"顧客00093","customer00093@example.com","ST02","アクティブ","2026-06-04 15:15:53.266611"
94,"顧客00094","customer00094@example.com","ST01","新規","2026-06-04 15:15:53.266611"
95,"顧客00095","customer00095@example.com","ST04","退会","2026-06-04 15:15:53.266611"
96,"顧客00096","customer00096@example.com","ST04","退会","2026-06-04 15:15:53.266611"
97,"顧客00097","customer00097@example.com","ST02","アクティブ","2026-06-04 15:15:53.266611"
98,"顧客00098","customer00098@example.com","ST03","非アクティブ","2026-06-04 15:15:53.266611"
99,"顧客00099","customer00099@example.com","ST02","アクティブ","2026-06-04 15:15:53.266611"
100,"顧客00100","customer00100@example.com","ST03","非アクティブ","2026-06-04 15:15:53.266611"
101,"顧客00101","customer00101@example.com","ST03","非アクティブ","2026-06-04 15:15:53.266611"
102,"顧客00102","customer00102@example.com","ST03","非アクティブ","2026-06-04 15:15:53.266611"
103,"顧客00103","customer00103@example.com","ST03","非アクティブ","2026-06-04 15:15:53.266611"
104,"顧客00104","customer00104@example.com","ST02","アクティブ","2026-06-04 15:15:53.266611"
105,"顧客00105","customer00105@example.com","ST02","アクティブ","2026-06-04 15:15:53.266611"
106,"顧客00106","customer00106@example.com","ST03","非アクティブ","2026-06-04 15:15:53.266611"
107,"顧客00107","customer00107@example.com","ST03","非アクティブ","2026-06-04 15:15:53.266611"
108,"顧客00108","customer00108@example.com","ST04","退会","2026-06-04 15:15:53.266611"
109,"顧客00109","customer00109@example.com","ST03","非アクティブ","2026-06-04 15:15:53.266611"
110,"顧客00110","customer00110@example.com","ST03","非アクティブ","2026-06-04 15:15:53.266611"
111,"顧客00111","customer00111@example.com","ST01","新規","2026-06-04 15:15:53.266611"
112,"顧客00112","customer00112@example.com","ST01","新規","2026-06-04 15:15:53.266611"
113,"顧客00113","customer00113@example.com","ST04","退会","2026-06-04 15:15:53.266611"
114,"顧客00114","customer00114@example.com","ST02","アクティブ","2026-06-04 15:15:53.266611"
115,"顧客00115","customer00115@example.com","ST01","新規","2026-06-04 15:15:53.266611"
116,"顧客00116","customer00116@example.com","ST01","新規","2026-06-04 15:15:53.266611"
117,"顧客00117","customer00117@example.com","ST03","非アクティブ","2026-06-04 15:15:53.266611"
118,"顧客00118","customer00118@example.com","ST02","アクティブ","2026-06-04 15:15:53.266611"
119,"顧客00119","customer00119@example.com","ST03","非アクティブ","2026-06-04 15:15:53.266611"
120,"顧客00120","customer00120@example.com","ST02","アクティブ","2026-06-04 15:15:53.266611"
121,"顧客00121","customer00121@example.com","ST03","非アクティブ","2026-06-04 15:15:53.266611"
122,"顧客00122","customer00122@example.com","ST03","非アクティブ","2026-06-04 15:15:53.266611"
123,"顧客00123","customer00123@example.com","ST03","非アクティブ","2026-06-04 15:15:53.266611"
124,"顧客00124","customer00124@example.com","ST04","退会","2026-06-04 15:15:53.266611"
125,"顧客00125","customer00125@example.com","ST02","アクティブ","2026-06-04 15:15:53.266611"
126,"顧客00126","customer00126@example.com","ST03","非アクティブ","2026-06-04 15:15:53.266611"
127,"顧客00127","customer00127@example.com","ST01","新規","2026-06-04 15:15:53.266611"
128,"顧客00128","customer00128@example.com","ST01","新規","2026-06-04 15:15:53.266611"
129,"顧客00129","customer00129@example.com","ST03","非アクティブ","2026-06-04 15:15:53.266611"
130,"顧客00130","customer00130@example.com","ST03","非アクティブ","2026-06-04 15:15:53.266611"
131,"顧客00131","customer00131@example.com","ST04","退会","2026-06-04 15:15:53.266611"
132,"顧客00132","customer00132@example.com","ST01","新規","2026-06-04 15:15:53.266611"
133,"顧客00133","customer00133@example.com","ST03","非アクティブ","2026-06-04 15:15:53.266611"
134,"顧客00134","customer00134@example.com","ST02","アクティブ","2026-06-04 15:15:53.266611"
135,"顧客00135","customer00135@example.com","ST02","アクティブ","2026-06-04 15:15:53.266611"
136,"顧客00136","customer00136@example.com","ST01","新規","2026-06-04 15:15:53.266611"
137,"顧客00137","customer00137@example.com","ST03","非アクティブ","2026-06-04 15:15:53.266611"
138,"顧客00138","customer00138@example.com","ST04","退会","2026-06-04 15:15:53.266611"
139,"顧客00139","customer00139@example.com","ST02","アクティブ","2026-06-04 15:15:53.266611"
140,"顧客00140","customer00140@example.com","ST03","非アクティブ","2026-06-04 15:15:53.266611"
141,"顧客00141","customer00141@example.com","ST01","新規","2026-06-04 15:15:53.266611"
142,"顧客00142","customer00142@example.com","ST02","アクティブ","2026-06-04 15:15:53.266611"
143,"顧客00143","customer00143@example.com","ST02","アクティブ","2026-06-04 15:15:53.266611"
144,"顧客00144","customer00144@example.com","ST02","アクティブ","2026-06-04 15:15:53.266611"
145,"顧客00145","customer00145@example.com","ST04","退会","2026-06-04 15:15:53.266611"
146,"顧客00146","customer00146@example.com","ST03","非アクティブ","2026-06-04 15:15:53.266611"
147,"顧客00147","customer00147@example.com","ST02","アクティブ","2026-06-04 15:15:53.266611"
148,"顧客00148","customer00148@example.com","ST03","非アクティブ","2026-06-04 15:15:53.266611"
149,"顧客00149","customer00149@example.com","ST03","非アクティブ","2026-06-04 15:15:53.266611"
150,"顧客00150","customer00150@example.com","ST02","アクティブ","2026-06-04 15:15:53.266611"
151,"顧客00151","customer00151@example.com","ST02","アクティブ","2026-06-04 15:15:53.266611"
152,"顧客00152","customer00152@example.com","ST02","アクティブ","2026-06-04 15:15:53.266611"
153,"顧客00153","customer00153@example.com","ST03","非アクティブ","2026-06-04 15:15:53.266611"
154,"顧客00154","customer00154@example.com","ST02","アクティブ","2026-06-04 15:15:53.266611"
155,"顧客00155","customer00155@example.com","ST01","新規","2026-06-04 15:15:53.266611"
156,"顧客00156","customer00156@example.com","ST04","退会","2026-06-04 15:15:53.266611"
157,"顧客00157","customer00157@example.com","ST03","非アクティブ","2026-06-04 15:15:53.266611"
158,"顧客00158","customer00158@example.com","ST03","非アクティブ","2026-06-04 15:15:53.266611"
159,"顧客00159","customer00159@example.com","ST04","退会","2026-06-04 15:15:53.266611"
160,"顧客00160","customer00160@example.com","ST03","非アクティブ","2026-06-04 15:15:53.266611"
161,"顧客00161","customer00161@example.com","ST04","退会","2026-06-04 15:15:53.266611"
162,"顧客00162","customer00162@example.com","ST03","非アクティブ","2026-06-04 15:15:53.266611"
163,"顧客00163","customer00163@example.com","ST01","新規","2026-06-04 15:15:53.266611"
164,"顧客00164","customer00164@example.com","ST01","新規","2026-06-04 15:15:53.266611"
165,"顧客00165","customer00165@example.com","ST04","退会","2026-06-04 15:15:53.266611"
166,"顧客00166","customer00166@example.com","ST01","新規","2026-06-04 15:15:53.266611"
167,"顧客00167","customer00167@example.com","ST02","アクティブ","2026-06-04 15:15:53.266611"
168,"顧客00168","customer00168@example.com","ST02","アクティブ","2026-06-04 15:15:53.266611"
169,"顧客00169","customer00169@example.com","ST03","非アクティブ","2026-06-04 15:15:53.266611"
170,"顧客00170","customer00170@example.com","ST03","非アクティブ","2026-06-04 15:15:53.266611"
171,"顧客00171","customer00171@example.com","ST04","退会","2026-06-04 15:15:53.266611"
172,"顧客00172","customer00172@example.com","ST03","非アクティブ","2026-06-04 15:15:53.266611"
173,"顧客00173","customer00173@example.com","ST04","退会","2026-06-04 15:15:53.266611"
174,"顧客00174","customer00174@example.com","ST04","退会","2026-06-04 15:15:53.266611"
175,"顧客00175","customer00175@example.com","ST01","新規","2026-06-04 15:15:53.266611"
176,"顧客00176","customer00176@example.com","ST02","アクティブ","2026-06-04 15:15:53.266611"
177,"顧客00177","customer00177@example.com","ST03","非アクティブ","2026-06-04 15:15:53.266611"
178,"顧客00178","customer00178@example.com","ST02","アクティブ","2026-06-04 15:15:53.266611"
179,"顧客00179","customer00179@example.com","ST04","退会","2026-06-04 15:15:53.266611"
180,"顧客00180","customer00180@example.com","ST03","非アクティブ","2026-06-04 15:15:53.266611"
181,"顧客00181","customer00181@example.com","ST02","アクティブ","2026-06-04 15:15:53.266611"
182,"顧客00182","customer00182@example.com","ST02","アクティブ","2026-06-04 15:15:53.266611"
183,"顧客00183","customer00183@example.com","ST01","新規","2026-06-04 15:15:53.266611"
184,"顧客00184","customer00184@example.com","ST02","アクティブ","2026-06-04 15:15:53.266611"
185,"顧客00185","customer00185@example.com","ST02","アクティブ","2026-06-04 15:15:53.266611"
186,"顧客00186","customer00186@example.com","ST02","アクティブ","2026-06-04 15:15:53.266611"
187,"顧客00187","customer00187@example.com","ST02","アクティブ","2026-06-04 15:15:53.266611"
188,"顧客00188","customer00188@example.com","ST03","非アクティブ","2026-06-04 15:15:53.266611"
189,"顧客00189","customer00189@example.com","ST04","退会","2026-06-04 15:15:53.266611"
190,"顧客00190","customer00190@example.com","ST03","非アクティブ","2026-06-04 15:15:53.266611"
191,"顧客00191","customer00191@example.com","ST01","新規","2026-06-04 15:15:53.266611"
192,"顧客00192","customer00192@example.com","ST04","退会","2026-06-04 15:15:53.266611"
193,"顧客00193","customer00193@example.com","ST02","アクティブ","2026-06-04 15:15:53.266611"
194,"顧客00194","customer00194@example.com","ST03","非アクティブ","2026-06-04 15:15:53.266611"
195,"顧客00195","customer00195@example.com","ST03","非アクティブ","2026-06-04 15:15:53.266611"
196,"顧客00196","customer00196@example.com","ST04","退会","2026-06-04 15:15:53.266611"
197,"顧客00197","customer00197@example.com","ST01","新規","2026-06-04 15:15:53.266611"
198,"顧客00198","customer00198@example.com","ST02","アクティブ","2026-06-04 15:15:53.266611"
199,"顧客00199","customer00199@example.com","ST04","退会","2026-06-04 15:15:53.266611"
200,"顧客00200","customer00200@example.com","ST04","退会","2026-06-04 15:15:53.266611"
201,"顧客00201","customer00201@example.com","ST03","非アクティブ","2026-06-04 15:15:53.266611"
202,"顧客00202","customer00202@example.com","ST03","非アクティブ","2026-06-04 15:15:53.266611"
203,"顧客00203","customer00203@example.com","ST02","アクティブ","2026-06-04 15:15:53.266611"
204,"顧客00204","customer00204@example.com","ST03","非アクティブ","2026-06-04 15:15:53.266611"
205,"顧客00205","customer00205@example.com","ST02","アクティブ","2026-06-04 15:15:53.266611"
206,"顧客00206","customer00206@example.com","ST01","新規","2026-06-04 15:15:53.266611"
207,"顧客00207","customer00207@example.com","ST02","アクティブ","2026-06-04 15:15:53.266611"
208,"顧客00208","customer00208@example.com","ST04","退会","2026-06-04 15:15:53.266611"
209,"顧客00209","customer00209@example.com","ST03","非アクティブ","2026-06-04 15:15:53.266611"
210,"顧客00210","customer00210@example.com","ST02","アクティブ","2026-06-04 15:15:53.266611"
211,"顧客00211","customer00211@example.com","ST03","非アクティブ","2026-06-04 15:15:53.266611"
212,"顧客00212","customer00212@example.com","ST03","非アクティブ","2026-06-04 15:15:53.266611"
213,"顧客00213","customer00213@example.com","ST01","新規","2026-06-04 15:15:53.266611"
214,"顧客00214","customer00214@example.com","ST04","退会","2026-06-04 15:15:53.266611"
215,"顧客00215","customer00215@example.com","ST02","アクティブ","2026-06-04 15:15:53.266611"
216,"顧客00216","customer00216@example.com","ST02","アクティブ","2026-06-04 15:15:53.266611"
217,"顧客00217","customer00217@example.com","ST03","非アクティブ","2026-06-04 15:15:53.266611"
218,"顧客00218","customer00218@example.com","ST02","アクティブ","2026-06-04 15:15:53.266611"
219,"顧客00219","customer00219@example.com","ST03","非アクティブ","2026-06-04 15:15:53.266611"
220,"顧客00220","customer00220@example.com","ST01","新規","2026-06-04 15:15:53.266611"
221,"顧客00221","customer00221@example.com","ST02","アクティブ","2026-06-04 15:15:53.266611"
222,"顧客00222","customer00222@example.com","ST03","非アクティブ","2026-06-04 15:15:53.266611"
223,"顧客00223","customer00223@example.com","ST03","非アクティブ","2026-06-04 15:15:53.266611"
224,"顧客00224","customer00224@example.com","ST04","退会","2026-06-04 15:15:53.266611"
225,"顧客00225","customer00225@example.com","ST03","非アクティブ","2026-06-04 15:15:53.266611"
226,"顧客00226","customer00226@example.com","ST04","退会","2026-06-04 15:15:53.266611"
227,"顧客00227","customer00227@example.com","ST01","新規","2026-06-04 15:15:53.266611"
228,"顧客00228","customer00228@example.com","ST03","非アクティブ","2026-06-04 15:15:53.266611"
229,"顧客00229","customer00229@example.com","ST03","非アクティブ","2026-06-04 15:15:53.266611"
230,"顧客00230","customer00230@example.com","ST04","退会","2026-06-04 15:15:53.266611"
231,"顧客00231","customer00231@example.com","ST02","アクティブ","2026-06-04 15:15:53.266611"
232,"顧客00232","customer00232@example.com","ST02","アクティブ","2026-06-04 15:15:53.266611"
233,"顧客00233","customer00233@example.com","ST03","非アクティブ","2026-06-04 15:15:53.266611"
234,"顧客00234","customer00234@example.com","ST03","非アクティブ","2026-06-04 15:15:53.266611"
235,"顧客00235","customer00235@example.com","ST03","非アクティブ","2026-06-04 15:15:53.266611"
236,"顧客00236","customer00236@example.com","ST03","非アクティブ","2026-06-04 15:15:53.266611"
237,"顧客00237","customer00237@example.com","ST02","アクティブ","2026-06-04 15:15:53.266611"
238,"顧客00238","customer00238@example.com","ST03","非アクティブ","2026-06-04 15:15:53.266611"
239,"顧客00239","customer00239@example.com","ST02","アクティブ","2026-06-04 15:15:53.266611"
240,"顧客00240","customer00240@example.com","ST01","新規","2026-06-04 15:15:53.266611"
241,"顧客00241","customer00241@example.com","ST01","新規","2026-06-04 15:15:53.266611"
242,"顧客00242","customer00242@example.com","ST02","アクティブ","2026-06-04 15:15:53.266611"
243,"顧客00243","customer00243@example.com","ST01","新規","2026-06-04 15:15:53.266611"
244,"顧客00244","customer00244@example.com","ST02","アクティブ","2026-06-04 15:15:53.266611"
245,"顧客00245","customer00245@example.com","ST04","退会","2026-06-04 15:15:53.266611"
246,"顧客00246","customer00246@example.com","ST03","非アクティブ","2026-06-04 15:15:53.266611"
247,"顧客00247","customer00247@example.com","ST01","新規","2026-06-04 15:15:53.266611"
248,"顧客00248","customer00248@example.com","ST04","退会","2026-06-04 15:15:53.266611"
249,"顧客00249","customer00249@example.com","ST03","非アクティブ","2026-06-04 15:15:53.266611"
250,"顧客00250","customer00250@example.com","ST03","非アクティブ","2026-06-04 15:15:53.266611"
251,"顧客00251","customer00251@example.com","ST03","非アクティブ","2026-06-04 15:15:53.266611"
252,"顧客00252","customer00252@example.com","ST04","退会","2026-06-04 15:15:53.266611"
253,"顧客00253","customer00253@example.com","ST02","アクティブ","2026-06-04 15:15:53.266611"
254,"顧客00254","customer00254@example.com","ST02","アクティブ","2026-06-04 15:15:53.266611"
255,"顧客00255","customer00255@example.com","ST03","非アクティブ","2026-06-04 15:15:53.266611"
256,"顧客00256","customer00256@example.com","ST04","退会","2026-06-04 15:15:53.266611"
257,"顧客00257","customer00257@example.com","ST01","新規","2026-06-04 15:15:53.266611"
258,"顧客00258","customer00258@example.com","ST02","アクティブ","2026-06-04 15:15:53.266611"
259,"顧客00259","customer00259@example.com","ST04","退会","2026-06-04 15:15:53.266611"
260,"顧客00260","customer00260@example.com","ST04","退会","2026-06-04 15:15:53.266611"
261,"顧客00261","customer00261@example.com","ST04","退会","2026-06-04 15:15:53.266611"
262,"顧客00262","customer00262@example.com","ST01","新規","2026-06-04 15:15:53.266611"
263,"顧客00263","customer00263@example.com","ST04","退会","2026-06-04 15:15:53.266611"
264,"顧客00264","customer00264@example.com","ST03","非アクティブ","2026-06-04 15:15:53.266611"
265,"顧客00265","customer00265@example.com","ST02","アクティブ","2026-06-04 15:15:53.266611"
266,"顧客00266","customer00266@example.com","ST03","非アクティブ","2026-06-04 15:15:53.266611"
267,"顧客00267","customer00267@example.com","ST02","アクティブ","2026-06-04 15:15:53.266611"
268,"顧客00268","customer00268@example.com","ST01","新規","2026-06-04 15:15:53.266611"
269,"顧客00269","customer00269@example.com","ST02","アクティブ","2026-06-04 15:15:53.266611"
270,"顧客00270","customer00270@example.com","ST02","アクティブ","2026-06-04 15:15:53.266611"
271,"顧客00271","customer00271@example.com","ST03","非アクティブ","2026-06-04 15:15:53.266611"
272,"顧客00272","customer00272@example.com","ST01","新規","2026-06-04 15:15:53.266611"
273,"顧客00273","customer00273@example.com","ST01","新規","2026-06-04 15:15:53.266611"
274,"顧客00274","customer00274@example.com","ST02","アクティブ","2026-06-04 15:15:53.266611"
275,"顧客00275","customer00275@example.com","ST04","退会","2026-06-04 15:15:53.266611"
276,"顧客00276","customer00276@example.com","ST04","退会","2026-06-04 15:15:53.266611"
277,"顧客00277","customer00277@example.com","ST01","新規","2026-06-04 15:15:53.266611"
278,"顧客00278","customer00278@example.com","ST03","非アクティブ","2026-06-04 15:15:53.266611"
279,"顧客00279","customer00279@example.com","ST03","非アクティブ","2026-06-04 15:15:53.266611"
280,"顧客00280","customer00280@example.com","ST02","アクティブ","2026-06-04 15:15:53.266611"
281,"顧客00281","customer00281@example.com","ST03","非アクティブ","2026-06-04 15:15:53.266611"
282,"顧客00282","customer00282@example.com","ST04","退会","2026-06-04 15:15:53.266611"
283,"顧客00283","customer00283@example.com","ST03","非アクティブ","2026-06-04 15:15:53.266611"
284,"顧客00284","customer00284@example.com","ST01","新規","2026-06-04 15:15:53.266611"
285,"顧客00285","customer00285@example.com","ST04","退会","2026-06-04 15:15:53.266611"
286,"顧客00286","customer00286@example.com","ST04","退会","2026-06-04 15:15:53.266611"
287,"顧客00287","customer00287@example.com","ST02","アクティブ","2026-06-04 15:15:53.266611"
288,"顧客00288","customer00288@example.com","ST02","アクティブ","2026-06-04 15:15:53.266611"
289,"顧客00289","customer00289@example.com","ST01","新規","2026-06-04 15:15:53.266611"
290,"顧客00290","customer00290@example.com","ST03","非アクティブ","2026-06-04 15:15:53.266611"
291,"顧客00291","customer00291@example.com","ST01","新規","2026-06-04 15:15:53.266611"
292,"顧客00292","customer00292@example.com","ST04","退会","2026-06-04 15:15:53.266611"
293,"顧客00293","customer00293@example.com","ST02","アクティブ","2026-06-04 15:15:53.266611"
294,"顧客00294","customer00294@example.com","ST04","退会","2026-06-04 15:15:53.266611"
295,"顧客00295","customer00295@example.com","ST01","新規","2026-06-04 15:15:53.266611"
296,"顧客00296","customer00296@example.com","ST03","非アクティブ","2026-06-04 15:15:53.266611"
297,"顧客00297","customer00297@example.com","ST04","退会","2026-06-04 15:15:53.266611"
298,"顧客00298","customer00298@example.com","ST02","アクティブ","2026-06-04 15:15:53.266611"
299,"顧客00299","customer00299@example.com","ST04","退会","2026-06-04 15:15:53.266611"
300,"顧客00300","customer00300@example.com","ST01","新規","2026-06-04 15:15:53.266611"
301,"顧客00301","customer00301@example.com","ST03","非アクティブ","2026-06-04 15:15:53.266611"
302,"顧客00302","customer00302@example.com","ST01","新規","2026-06-04 15:15:53.266611"
303,"顧客00303","customer00303@example.com","ST01","新規","2026-06-04 15:15:53.266611"
304,"顧客00304","customer00304@example.com","ST01","新規","2026-06-04 15:15:53.266611"
305,"顧客00305","customer00305@example.com","ST02","アクティブ","2026-06-04 15:15:53.266611"
306,"顧客00306","customer00306@example.com","ST02","アクティブ","2026-06-04 15:15:53.266611"
307,"顧客00307","customer00307@example.com","ST02","アクティブ","2026-06-04 15:15:53.266611"
308,"顧客00308","customer00308@example.com","ST03","非アクティブ","2026-06-04 15:15:53.266611"
309,"顧客00309","customer00309@example.com","ST01","新規","2026-06-04 15:15:53.266611"
310,"顧客00310","customer00310@example.com","ST01","新規","2026-06-04 15:15:53.266611"
311,"顧客00311","customer00311@example.com","ST03","非アクティブ","2026-06-04 15:15:53.266611"
312,"顧客00312","customer00312@example.com","ST04","退会","2026-06-04 15:15:53.266611"
313,"顧客00313","customer00313@example.com","ST03","非アクティブ","2026-06-04 15:15:53.266611"
314,"顧客00314","customer00314@example.com","ST03","非アクティブ","2026-06-04 15:15:53.266611"
315,"顧客00315","customer00315@example.com","ST02","アクティブ","2026-06-04 15:15:53.266611"
316,"顧客00316","customer00316@example.com","ST04","退会","2026-06-04 15:15:53.266611"
317,"顧客00317","customer00317@example.com","ST01","新規","2026-06-04 15:15:53.266611"
318,"顧客00318","customer00318@example.com","ST02","アクティブ","2026-06-04 15:15:53.266611"
319,"顧客00319","customer00319@example.com","ST02","アクティブ","2026-06-04 15:15:53.266611"
320,"顧客00320","customer00320@example.com","ST02","アクティブ","2026-06-04 15:15:53.266611"
321,"顧客00321","customer00321@example.com","ST02","アクティブ","2026-06-04 15:15:53.266611"
322,"顧客00322","customer00322@example.com","ST03","非アクティブ","2026-06-04 15:15:53.266611"
323,"顧客00323","customer00323@example.com","ST03","非アクティブ","2026-06-04 15:15:53.266611"
324,"顧客00324","customer00324@example.com","ST02","アクティブ","2026-06-04 15:15:53.266611"
325,"顧客00325","customer00325@example.com","ST02","アクティブ","2026-06-04 15:15:53.266611"
326,"顧客00326","customer00326@example.com","ST02","アクティブ","2026-06-04 15:15:53.266611"
327,"顧客00327","customer00327@example.com","ST04","退会","2026-06-04 15:15:53.266611"
328,"顧客00328","customer00328@example.com","ST01","新規","2026-06-04 15:15:53.266611"
329,"顧客00329","customer00329@example.com","ST03","非アクティブ","2026-06-04 15:15:53.266611"
330,"顧客00330","customer00330@example.com","ST02","アクティブ","2026-06-04 15:15:53.266611"
331,"顧客00331","customer00331@example.com","ST03","非アクティブ","2026-06-04 15:15:53.266611"
332,"顧客00332","customer00332@example.com","ST01","新規","2026-06-04 15:15:53.266611"
333,"顧客00333","customer00333@example.com","ST02","アクティブ","2026-06-04 15:15:53.266611"
334,"顧客00334","customer00334@example.com","ST03","非アクティブ","2026-06-04 15:15:53.266611"
335,"顧客00335","customer00335@example.com","ST01","新規","2026-06-04 15:15:53.266611"
336,"顧客00336","customer00336@example.com","ST01","新規","2026-06-04 15:15:53.266611"
337,"顧客00337","customer00337@example.com","ST02","アクティブ","2026-06-04 15:15:53.266611"
338,"顧客00338","customer00338@example.com","ST01","新規","2026-06-04 15:15:53.266611"
339,"顧客00339","customer00339@example.com","ST04","退会","2026-06-04 15:15:53.266611"
340,"顧客00340","customer00340@example.com","ST01","新規","2026-06-04 15:15:53.266611"
341,"顧客00341","customer00341@example.com","ST02","アクティブ","2026-06-04 15:15:53.266611"
342,"顧客00342","customer00342@example.com","ST03","非アクティブ","2026-06-04 15:15:53.266611"
343,"顧客00343","customer00343@example.com","ST01","新規","2026-06-04 15:15:53.266611"
344,"顧客00344","customer00344@example.com","ST03","非アクティブ","2026-06-04 15:15:53.266611"
345,"顧客00345","customer00345@example.com","ST01","新規","2026-06-04 15:15:53.266611"
346,"顧客00346","customer00346@example.com","ST02","アクティブ","2026-06-04 15:15:53.266611"
347,"顧客00347","customer00347@example.com","ST01","新規","2026-06-04 15:15:53.266611"
348,"顧客00348","customer00348@example.com","ST02","アクティブ","2026-06-04 15:15:53.266611"
349,"顧客00349","customer00349@example.com","ST01","新規","2026-06-04 15:15:53.266611"
350,"顧客00350","customer00350@example.com","ST02","アクティブ","2026-06-04 15:15:53.266611"
351,"顧客00351","customer00351@example.com","ST01","新規","2026-06-04 15:15:53.266611"
352,"顧客00352","customer00352@example.com","ST02","アクティブ","2026-06-04 15:15:53.266611"
353,"顧客00353","customer00353@example.com","ST04","退会","2026-06-04 15:15:53.266611"
354,"顧客00354","customer00354@example.com","ST03","非アクティブ","2026-06-04 15:15:53.266611"
355,"顧客00355","customer00355@example.com","ST02","アクティブ","2026-06-04 15:15:53.266611"
356,"顧客00356","customer00356@example.com","ST03","非アクティブ","2026-06-04 15:15:53.266611"
357,"顧客00357","customer00357@example.com","ST01","新規","2026-06-04 15:15:53.266611"
358,"顧客00358","customer00358@example.com","ST01","新規","2026-06-04 15:15:53.266611"
359,"顧客00359","customer00359@example.com","ST01","新規","2026-06-04 15:15:53.266611"
360,"顧客00360","customer00360@example.com","ST01","新規","2026-06-04 15:15:53.266611"
361,"顧客00361","customer00361@example.com","ST04","退会","2026-06-04 15:15:53.266611"
362,"顧客00362","customer00362@example.com","ST01","新規","2026-06-04 15:15:53.266611"
363,"顧客00363","customer00363@example.com","ST01","新規","2026-06-04 15:15:53.266611"
364,"顧客00364","customer00364@example.com","ST01","新規","2026-06-04 15:15:53.266611"
365,"顧客00365","customer00365@example.com","ST03","非アクティブ","2026-06-04 15:15:53.266611"
366,"顧客00366","customer00366@example.com","ST02","アクティブ","2026-06-04 15:15:53.266611"
367,"顧客00367","customer00367@example.com","ST02","アクティブ","2026-06-04 15:15:53.266611"
368,"顧客00368","customer00368@example.com","ST01","新規","2026-06-04 15:15:53.266611"
369,"顧客00369","customer00369@example.com","ST03","非アクティブ","2026-06-04 15:15:53.266611"
370,"顧客00370","customer00370@example.com","ST03","非アクティブ","2026-06-04 15:15:53.266611"
371,"顧客00371","customer00371@example.com","ST02","アクティブ","2026-06-04 15:15:53.266611"
372,"顧客00372","customer00372@example.com","ST01","新規","2026-06-04 15:15:53.266611"
373,"顧客00373","customer00373@example.com","ST02","アクティブ","2026-06-04 15:15:53.266611"
374,"顧客00374","customer00374@example.com","ST04","退会","2026-06-04 15:15:53.266611"
375,"顧客00375","customer00375@example.com","ST04","退会","2026-06-04 15:15:53.266611"
376,"顧客00376","customer00376@example.com","ST03","非アクティブ","2026-06-04 15:15:53.266611"
377,"顧客00377","customer00377@example.com","ST03","非アクティブ","2026-06-04 15:15:53.266611"
378,"顧客00378","customer00378@example.com","ST02","アクティブ","2026-06-04 15:15:53.266611"
379,"顧客00379","customer00379@example.com","ST01","新規","2026-06-04 15:15:53.266611"
380,"顧客00380","customer00380@example.com","ST03","非アクティブ","2026-06-04 15:15:53.266611"
381,"顧客00381","customer00381@example.com","ST01","新規","2026-06-04 15:15:53.266611"
382,"顧客00382","customer00382@example.com","ST03","非アクティブ","2026-06-04 15:15:53.266611"
383,"顧客00383","customer00383@example.com","ST04","退会","2026-06-04 15:15:53.266611"
384,"顧客00384","customer00384@example.com","ST01","新規","2026-06-04 15:15:53.266611"
385,"顧客00385","customer00385@example.com","ST01","新規","2026-06-04 15:15:53.266611"
386,"顧客00386","customer00386@example.com","ST03","非アクティブ","2026-06-04 15:15:53.266611"
387,"顧客00387","customer00387@example.com","ST02","アクティブ","2026-06-04 15:15:53.266611"
388,"顧客00388","customer00388@example.com","ST02","アクティブ","2026-06-04 15:15:53.266611"
389,"顧客00389","customer00389@example.com","ST01","新規","2026-06-04 15:15:53.266611"
390,"顧客00390","customer00390@example.com","ST02","アクティブ","2026-06-04 15:15:53.266611"
391,"顧客00391","customer00391@example.com","ST01","新規","2026-06-04 15:15:53.266611"
392,"顧客00392","customer00392@example.com","ST02","アクティブ","2026-06-04 15:15:53.266611"
393,"顧客00393","customer00393@example.com","ST01","新規","2026-06-04 15:15:53.266611"
394,"顧客00394","customer00394@example.com","ST03","非アクティブ","2026-06-04 15:15:53.266611"
395,"顧客00395","customer00395@example.com","ST04","退会","2026-06-04 15:15:53.266611"
396,"顧客00396","customer00396@example.com","ST03","非アクティブ","2026-06-04 15:15:53.266611"
397,"顧客00397","customer00397@example.com","ST02","アクティブ","2026-06-04 15:15:53.266611"
398,"顧客00398","customer00398@example.com","ST03","非アクティブ","2026-06-04 15:15:53.266611"
399,"顧客00399","customer00399@example.com","ST01","新規","2026-06-04 15:15:53.266611"
400,"顧客00400","customer00400@example.com","ST02","アクティブ","2026-06-04 15:15:53.266611"
401,"顧客00401","customer00401@example.com","ST02","アクティブ","2026-06-04 15:15:53.266611"
402,"顧客00402","customer00402@example.com","ST04","退会","2026-06-04 15:15:53.266611"
403,"顧客00403","customer00403@example.com","ST03","非アクティブ","2026-06-04 15:15:53.266611"
404,"顧客00404","customer00404@example.com","ST01","新規","2026-06-04 15:15:53.266611"
405,"顧客00405","customer00405@example.com","ST02","アクティブ","2026-06-04 15:15:53.266611"
406,"顧客00406","customer00406@example.com","ST02","アクティブ","2026-06-04 15:15:53.266611"
407,"顧客00407","customer00407@example.com","ST04","退会","2026-06-04 15:15:53.266611"
408,"顧客00408","customer00408@example.com","ST03","非アクティブ","2026-06-04 15:15:53.266611"
409,"顧客00409","customer00409@example.com","ST02","アクティブ","2026-06-04 15:15:53.266611"
410,"顧客00410","customer00410@example.com","ST01","新規","2026-06-04 15:15:53.266611"
411,"顧客00411","customer00411@example.com","ST03","非アクティブ","2026-06-04 15:15:53.266611"
412,"顧客00412","customer00412@example.com","ST02","アクティブ","2026-06-04 15:15:53.266611"
413,"顧客00413","customer00413@example.com","ST01","新規","2026-06-04 15:15:53.266611"
414,"顧客00414","customer00414@example.com","ST03","非アクティブ","2026-06-04 15:15:53.266611"
415,"顧客00415","customer00415@example.com","ST03","非アクティブ","2026-06-04 15:15:53.266611"
416,"顧客00416","customer00416@example.com","ST02","アクティブ","2026-06-04 15:15:53.266611"
417,"顧客00417","customer00417@example.com","ST04","退会","2026-06-04 15:15:53.266611"
418,"顧客00418","customer00418@example.com","ST02","アクティブ","2026-06-04 15:15:53.266611"
419,"顧客00419","customer00419@example.com","ST01","新規","2026-06-04 15:15:53.266611"
420,"顧客00420","customer00420@example.com","ST01","新規","2026-06-04 15:15:53.266611"
421,"顧客00421","customer00421@example.com","ST02","アクティブ","2026-06-04 15:15:53.266611"
422,"顧客00422","customer00422@example.com","ST01","新規","2026-06-04 15:15:53.266611"
423,"顧客00423","customer00423@example.com","ST02","アクティブ","2026-06-04 15:15:53.266611"
424,"顧客00424","customer00424@example.com","ST03","非アクティブ","2026-06-04 15:15:53.266611"
425,"顧客00425","customer00425@example.com","ST02","アクティブ","2026-06-04 15:15:53.266611"
426,"顧客00426","customer00426@example.com","ST02","アクティブ","2026-06-04 15:15:53.266611"
427,"顧客00427","customer00427@example.com","ST03","非アクティブ","2026-06-04 15:15:53.266611"
428,"顧客00428","customer00428@example.com","ST03","非アクティブ","2026-06-04 15:15:53.266611"
429,"顧客00429","customer00429@example.com","ST02","アクティブ","2026-06-04 15:15:53.266611"
430,"顧客00430","customer00430@example.com","ST02","アクティブ","2026-06-04 15:15:53.266611"
431,"顧客00431","customer00431@example.com","ST01","新規","2026-06-04 15:15:53.266611"
432,"顧客00432","customer00432@example.com","ST02","アクティブ","2026-06-04 15:15:53.266611"
433,"顧客00433","customer00433@example.com","ST04","退会","2026-06-04 15:15:53.266611"
434,"顧客00434","customer00434@example.com","ST03","非アクティブ","2026-06-04 15:15:53.266611"
435,"顧客00435","customer00435@example.com","ST04","退会","2026-06-04 15:15:53.266611"
436,"顧客00436","customer00436@example.com","ST02","アクティブ","2026-06-04 15:15:53.266611"
437,"顧客00437","customer00437@example.com","ST02","アクティブ","2026-06-04 15:15:53.266611"
438,"顧客00438","customer00438@example.com","ST01","新規","2026-06-04 15:15:53.266611"
439,"顧客00439","customer00439@example.com","ST03","非アクティブ","2026-06-04 15:15:53.266611"
440,"顧客00440","customer00440@example.com","ST04","退会","2026-06-04 15:15:53.266611"
441,"顧客00441","customer00441@example.com","ST01","新規","2026-06-04 15:15:53.266611"
442,"顧客00442","customer00442@example.com","ST03","非アクティブ","2026-06-04 15:15:53.266611"
443,"顧客00443","customer00443@example.com","ST03","非アクティブ","2026-06-04 15:15:53.266611"
444,"顧客00444","customer00444@example.com","ST01","新規","2026-06-04 15:15:53.266611"
445,"顧客00445","customer00445@example.com","ST04","退会","2026-06-04 15:15:53.266611"
446,"顧客00446","customer00446@example.com","ST03","非アクティブ","2026-06-04 15:15:53.266611"
447,"顧客00447","customer00447@example.com","ST03","非アクティブ","2026-06-04 15:15:53.266611"
448,"顧客00448","customer00448@example.com","ST03","非アクティブ","2026-06-04 15:15:53.266611"
449,"顧客00449","customer00449@example.com","ST03","非アクティブ","2026-06-04 15:15:53.266611"
450,"顧客00450","customer00450@example.com","ST02","アクティブ","2026-06-04 15:15:53.266611"
451,"顧客00451","customer00451@example.com","ST04","退会","2026-06-04 15:15:53.266611"
452,"顧客00452","customer00452@example.com","ST02","アクティブ","2026-06-04 15:15:53.266611"
453,"顧客00453","customer00453@example.com","ST01","新規","2026-06-04 15:15:53.266611"
454,"顧客00454","customer00454@example.com","ST01","新規","2026-06-04 15:15:53.266611"
455,"顧客00455","customer00455@example.com","ST03","非アクティブ","2026-06-04 15:15:53.266611"
456,"顧客00456","customer00456@example.com","ST03","非アクティブ","2026-06-04 15:15:53.266611"
457,"顧客00457","customer00457@example.com","ST02","アクティブ","2026-06-04 15:15:53.266611"
458,"顧客00458","customer00458@example.com","ST04","退会","2026-06-04 15:15:53.266611"
459,"顧客00459","customer00459@example.com","ST04","退会","2026-06-04 15:15:53.266611"
460,"顧客00460","customer00460@example.com","ST01","新規","2026-06-04 15:15:53.266611"
461,"顧客00461","customer00461@example.com","ST01","新規","2026-06-04 15:15:53.266611"
462,"顧客00462","customer00462@example.com","ST03","非アクティブ","2026-06-04 15:15:53.266611"
463,"顧客00463","customer00463@example.com","ST04","退会","2026-06-04 15:15:53.266611"
464,"顧客00464","customer00464@example.com","ST02","アクティブ","2026-06-04 15:15:53.266611"
465,"顧客00465","customer00465@example.com","ST01","新規","2026-06-04 15:15:53.266611"
466,"顧客00466","customer00466@example.com","ST02","アクティブ","2026-06-04 15:15:53.266611"
467,"顧客00467","customer00467@example.com","ST04","退会","2026-06-04 15:15:53.266611"
468,"顧客00468","customer00468@example.com","ST03","非アクティブ","2026-06-04 15:15:53.266611"
469,"顧客00469","customer00469@example.com","ST03","非アクティブ","2026-06-04 15:15:53.266611"
470,"顧客00470","customer00470@example.com","ST03","非アクティブ","2026-06-04 15:15:53.266611"
471,"顧客00471","customer00471@example.com","ST03","非アクティブ","2026-06-04 15:15:53.266611"
472,"顧客00472","customer00472@example.com","ST01","新規","2026-06-04 15:15:53.266611"
473,"顧客00473","customer00473@example.com","ST01","新規","2026-06-04 15:15:53.266611"
474,"顧客00474","customer00474@example.com","ST02","アクティブ","2026-06-04 15:15:53.266611"
475,"顧客00475","customer00475@example.com","ST02","アクティブ","2026-06-04 15:15:53.266611"
476,"顧客00476","customer00476@example.com","ST03","非アクティブ","2026-06-04 15:15:53.266611"
477,"顧客00477","customer00477@example.com","ST02","アクティブ","2026-06-04 15:15:53.266611"
478,"顧客00478","customer00478@example.com","ST01","新規","2026-06-04 15:15:53.266611"
479,"顧客00479","customer00479@example.com","ST01","新規","2026-06-04 15:15:53.266611"
480,"顧客00480","customer00480@example.com","ST01","新規","2026-06-04 15:15:53.266611"
481,"顧客00481","customer00481@example.com","ST04","退会","2026-06-04 15:15:53.266611"
482,"顧客00482","customer00482@example.com","ST03","非アクティブ","2026-06-04 15:15:53.266611"
483,"顧客00483","customer00483@example.com","ST02","アクティブ","2026-06-04 15:15:53.266611"
484,"顧客00484","customer00484@example.com","ST02","アクティブ","2026-06-04 15:15:53.266611"
485,"顧客00485","customer00485@example.com","ST04","退会","2026-06-04 15:15:53.266611"
486,"顧客00486","customer00486@example.com","ST04","退会","2026-06-04 15:15:53.266611"
487,"顧客00487","customer00487@example.com","ST02","アクティブ","2026-06-04 15:15:53.266611"
488,"顧客00488","customer00488@example.com","ST02","アクティブ","2026-06-04 15:15:53.266611"
489,"顧客00489","customer00489@example.com","ST02","アクティブ","2026-06-04 15:15:53.266611"
490,"顧客00490","customer00490@example.com","ST02","アクティブ","2026-06-04 15:15:53.266611"
491,"顧客00491","customer00491@example.com","ST02","アクティブ","2026-06-04 15:15:53.266611"
492,"顧客00492","customer00492@example.com","ST02","アクティブ","2026-06-04 15:15:53.266611"
493,"顧客00493","customer00493@example.com","ST04","退会","2026-06-04 15:15:53.266611"
494,"顧客00494","customer00494@example.com","ST01","新規","2026-06-04 15:15:53.266611"
495,"顧客00495","customer00495@example.com","ST02","アクティブ","2026-06-04 15:15:53.266611"
496,"顧客00496","customer00496@example.com","ST02","アクティブ","2026-06-04 15:15:53.266611"
497,"顧客00497","customer00497@example.com","ST03","非アクティブ","2026-06-04 15:15:53.266611"
498,"顧客00498","customer00498@example.com","ST03","非アクティブ","2026-06-04 15:15:53.266611"
499,"顧客00499","customer00499@example.com","ST01","新規","2026-06-04 15:15:53.266611"
500,"顧客00500","customer00500@example.com","ST02","アクティブ","2026-06-04 15:15:53.266611"
501,"顧客00501","customer00501@example.com","ST03","非アクティブ","2026-06-04 15:15:53.266611"
502,"顧客00502","customer00502@example.com","ST01","新規","2026-06-04 15:15:53.266611"
503,"顧客00503","customer00503@example.com","ST02","アクティブ","2026-06-04 15:15:53.266611"
504,"顧客00504","customer00504@example.com","ST03","非アクティブ","2026-06-04 15:15:53.266611"
505,"顧客00505","customer00505@example.com","ST03","非アクティブ","2026-06-04 15:15:53.266611"
506,"顧客00506","customer00506@example.com","ST01","新規","2026-06-04 15:15:53.266611"
507,"顧客00507","customer00507@example.com","ST02","アクティブ","2026-06-04 15:15:53.266611"
508,"顧客00508","customer00508@example.com","ST04","退会","2026-06-04 15:15:53.266611"
509,"顧客00509","customer00509@example.com","ST02","アクティブ","2026-06-04 15:15:53.266611"
510,"顧客00510","customer00510@example.com","ST01","新規","2026-06-04 15:15:53.266611"
511,"顧客00511","customer00511@example.com","ST02","アクティブ","2026-06-04 15:15:53.266611"
512,"顧客00512","customer00512@example.com","ST04","退会","2026-06-04 15:15:53.266611"
513,"顧客00513","customer00513@example.com","ST01","新規","2026-06-04 15:15:53.266611"
514,"顧客00514","customer00514@example.com","ST02","アクティブ","2026-06-04 15:15:53.266611"
515,"顧客00515","customer00515@example.com","ST04","退会","2026-06-04 15:15:53.266611"
516,"顧客00516","customer00516@example.com","ST04","退会","2026-06-04 15:15:53.266611"
517,"顧客00517","customer00517@example.com","ST03","非アクティブ","2026-06-04 15:15:53.266611"
518,"顧客00518","customer00518@example.com","ST02","アクティブ","2026-06-04 15:15:53.266611"
519,"顧客00519","customer00519@example.com","ST03","非アクティブ","2026-06-04 15:15:53.266611"
520,"顧客00520","customer00520@example.com","ST02","アクティブ","2026-06-04 15:15:53.266611"
521,"顧客00521","customer00521@example.com","ST03","非アクティブ","2026-06-04 15:15:53.266611"
522,"顧客00522","customer00522@example.com","ST01","新規","2026-06-04 15:15:53.266611"
523,"顧客00523","customer00523@example.com","ST02","アクティブ","2026-06-04 15:15:53.266611"
524,"顧客00524","customer00524@example.com","ST03","非アクティブ","2026-06-04 15:15:53.266611"
525,"顧客00525","customer00525@example.com","ST01","新規","2026-06-04 15:15:53.266611"
526,"顧客00526","customer00526@example.com","ST02","アクティブ","2026-06-04 15:15:53.266611"
527,"顧客00527","customer00527@example.com","ST02","アクティブ","2026-06-04 15:15:53.266611"
528,"顧客00528","customer00528@example.com","ST03","非アクティブ","2026-06-04 15:15:53.266611"
529,"顧客00529","customer00529@example.com","ST03","非アクティブ","2026-06-04 15:15:53.266611"
530,"顧客00530","customer00530@example.com","ST03","非アクティブ","2026-06-04 15:15:53.266611"
531,"顧客00531","customer00531@example.com","ST03","非アクティブ","2026-06-04 15:15:53.266611"
532,"顧客00532","customer00532@example.com","ST02","アクティブ","2026-06-04 15:15:53.266611"
533,"顧客00533","customer00533@example.com","ST02","アクティブ","2026-06-04 15:15:53.266611"
534,"顧客00534","customer00534@example.com","ST04","退会","2026-06-04 15:15:53.266611"
535,"顧客00535","customer00535@example.com","ST04","退会","2026-06-04 15:15:53.266611"
536,"顧客00536","customer00536@example.com","ST02","アクティブ","2026-06-04 15:15:53.266611"
537,"顧客00537","customer00537@example.com","ST02","アクティブ","2026-06-04 15:15:53.266611"
538,"顧客00538","customer00538@example.com","ST01","新規","2026-06-04 15:15:53.266611"
539,"顧客00539","customer00539@example.com","ST02","アクティブ","2026-06-04 15:15:53.266611"
540,"顧客00540","customer00540@example.com","ST02","アクティブ","2026-06-04 15:15:53.266611"
541,"顧客00541","customer00541@example.com","ST02","アクティブ","2026-06-04 15:15:53.266611"
542,"顧客00542","customer00542@example.com","ST01","新規","2026-06-04 15:15:53.266611"
543,"顧客00543","customer00543@example.com","ST01","新規","2026-06-04 15:15:53.266611"
544,"顧客00544","customer00544@example.com","ST02","アクティブ","2026-06-04 15:15:53.266611"
545,"顧客00545","customer00545@example.com","ST02","アクティブ","2026-06-04 15:15:53.266611"
546,"顧客00546","customer00546@example.com","ST02","アクティブ","2026-06-04 15:15:53.266611"
547,"顧客00547","customer00547@example.com","ST01","新規","2026-06-04 15:15:53.266611"
548,"顧客00548","customer00548@example.com","ST01","新規","2026-06-04 15:15:53.266611"
549,"顧客00549","customer00549@example.com","ST03","非アクティブ","2026-06-04 15:15:53.266611"
550,"顧客00550","customer00550@example.com","ST04","退会","2026-06-04 15:15:53.266611"
551,"顧客00551","customer00551@example.com","ST03","非アクティブ","2026-06-04 15:15:53.266611"
552,"顧客00552","customer00552@example.com","ST01","新規","2026-06-04 15:15:53.266611"
553,"顧客00553","customer00553@example.com","ST02","アクティブ","2026-06-04 15:15:53.266611"
554,"顧客00554","customer00554@example.com","ST04","退会","2026-06-04 15:15:53.266611"
555,"顧客00555","customer00555@example.com","ST04","退会","2026-06-04 15:15:53.266611"
556,"顧客00556","customer00556@example.com","ST04","退会","2026-06-04 15:15:53.266611"
557,"顧客00557","customer00557@example.com","ST04","退会","2026-06-04 15:15:53.266611"
558,"顧客00558","customer00558@example.com","ST02","アクティブ","2026-06-04 15:15:53.266611"
559,"顧客00559","customer00559@example.com","ST04","退会","2026-06-04 15:15:53.266611"
560,"顧客00560","customer00560@example.com","ST02","アクティブ","2026-06-04 15:15:53.266611"
561,"顧客00561","customer00561@example.com","ST03","非アクティブ","2026-06-04 15:15:53.266611"
562,"顧客00562","customer00562@example.com","ST03","非アクティブ","2026-06-04 15:15:53.266611"
563,"顧客00563","customer00563@example.com","ST02","アクティブ","2026-06-04 15:15:53.266611"
564,"顧客00564","customer00564@example.com","ST02","アクティブ","2026-06-04 15:15:53.266611"
565,"顧客00565","customer00565@example.com","ST04","退会","2026-06-04 15:15:53.266611"
566,"顧客00566","customer00566@example.com","ST03","非アクティブ","2026-06-04 15:15:53.266611"
567,"顧客00567","customer00567@example.com","ST03","非アクティブ","2026-06-04 15:15:53.266611"
568,"顧客00568","customer00568@example.com","ST01","新規","2026-06-04 15:15:53.266611"
569,"顧客00569","customer00569@example.com","ST03","非アクティブ","2026-06-04 15:15:53.266611"
570,"顧客00570","customer00570@example.com","ST02","アクティブ","2026-06-04 15:15:53.266611"
571,"顧客00571","customer00571@example.com","ST04","退会","2026-06-04 15:15:53.266611"
572,"顧客00572","customer00572@example.com","ST02","アクティブ","2026-06-04 15:15:53.266611"
573,"顧客00573","customer00573@example.com","ST02","アクティブ","2026-06-04 15:15:53.266611"
574,"顧客00574","customer00574@example.com","ST03","非アクティブ","2026-06-04 15:15:53.266611"
575,"顧客00575","customer00575@example.com","ST04","退会","2026-06-04 15:15:53.266611"
576,"顧客00576","customer00576@example.com","ST01","新規","2026-06-04 15:15:53.266611"
577,"顧客00577","customer00577@example.com","ST02","アクティブ","2026-06-04 15:15:53.266611"
578,"顧客00578","customer00578@example.com","ST01","新規","2026-06-04 15:15:53.266611"
579,"顧客00579","customer00579@example.com","ST03","非アクティブ","2026-06-04 15:15:53.266611"
580,"顧客00580","customer00580@example.com","ST01","新規","2026-06-04 15:15:53.266611"
581,"顧客00581","customer00581@example.com","ST03","非アクティブ","2026-06-04 15:15:53.266611"
582,"顧客00582","customer00582@example.com","ST01","新規","2026-06-04 15:15:53.266611"
583,"顧客00583","customer00583@example.com","ST03","非アクティブ","2026-06-04 15:15:53.266611"
584,"顧客00584","customer00584@example.com","ST02","アクティブ","2026-06-04 15:15:53.266611"
585,"顧客00585","customer00585@example.com","ST04","退会","2026-06-04 15:15:53.266611"
586,"顧客00586","customer00586@example.com","ST03","非アクティブ","2026-06-04 15:15:53.266611"
587,"顧客00587","customer00587@example.com","ST03","非アクティブ","2026-06-04 15:15:53.266611"
588,"顧客00588","customer00588@example.com","ST02","アクティブ","2026-06-04 15:15:53.266611"
589,"顧客00589","customer00589@example.com","ST04","退会","2026-06-04 15:15:53.266611"
590,"顧客00590","customer00590@example.com","ST03","非アクティブ","2026-06-04 15:15:53.266611"
591,"顧客00591","customer00591@example.com","ST03","非アクティブ","2026-06-04 15:15:53.266611"
592,"顧客00592","customer00592@example.com","ST02","アクティブ","2026-06-04 15:15:53.266611"
593,"顧客00593","customer00593@example.com","ST03","非アクティブ","2026-06-04 15:15:53.266611"
594,"顧客00594","customer00594@example.com","ST04","退会","2026-06-04 15:15:53.266611"
595,"顧客00595","customer00595@example.com","ST04","退会","2026-06-04 15:15:53.266611"
596,"顧客00596","customer00596@example.com","ST01","新規","2026-06-04 15:15:53.266611"
597,"顧客00597","customer00597@example.com","ST03","非アクティブ","2026-06-04 15:15:53.266611"
598,"顧客00598","customer00598@example.com","ST01","新規","2026-06-04 15:15:53.266611"
599,"顧客00599","customer00599@example.com","ST02","アクティブ","2026-06-04 15:15:53.266611"
600,"顧客00600","customer00600@example.com","ST03","非アクティブ","2026-06-04 15:15:53.266611"
601,"顧客00601","customer00601@example.com","ST03","非アクティブ","2026-06-04 15:15:53.266611"
602,"顧客00602","customer00602@example.com","ST02","アクティブ","2026-06-04 15:15:53.266611"
603,"顧客00603","customer00603@example.com","ST03","非アクティブ","2026-06-04 15:15:53.266611"
604,"顧客00604","customer00604@example.com","ST04","退会","2026-06-04 15:15:53.266611"
605,"顧客00605","customer00605@example.com","ST04","退会","2026-06-04 15:15:53.266611"
606,"顧客00606","customer00606@example.com","ST02","アクティブ","2026-06-04 15:15:53.266611"
607,"顧客00607","customer00607@example.com","ST04","退会","2026-06-04 15:15:53.266611"
608,"顧客00608","customer00608@example.com","ST02","アクティブ","2026-06-04 15:15:53.266611"
609,"顧客00609","customer00609@example.com","ST03","非アクティブ","2026-06-04 15:15:53.266611"
610,"顧客00610","customer00610@example.com","ST02","アクティブ","2026-06-04 15:15:53.266611"
611,"顧客00611","customer00611@example.com","ST01","新規","2026-06-04 15:15:53.266611"
612,"顧客00612","customer00612@example.com","ST02","アクティブ","2026-06-04 15:15:53.266611"
613,"顧客00613","customer00613@example.com","ST03","非アクティブ","2026-06-04 15:15:53.266611"
614,"顧客00614","customer00614@example.com","ST02","アクティブ","2026-06-04 15:15:53.266611"
615,"顧客00615","customer00615@example.com","ST01","新規","2026-06-04 15:15:53.266611"
616,"顧客00616","customer00616@example.com","ST04","退会","2026-06-04 15:15:53.266611"
617,"顧客00617","customer00617@example.com","ST02","アクティブ","2026-06-04 15:15:53.266611"
618,"顧客00618","customer00618@example.com","ST04","退会","2026-06-04 15:15:53.266611"
619,"顧客00619","customer00619@example.com","ST04","退会","2026-06-04 15:15:53.266611"
620,"顧客00620","customer00620@example.com","ST02","アクティブ","2026-06-04 15:15:53.266611"
621,"顧客00621","customer00621@example.com","ST01","新規","2026-06-04 15:15:53.266611"
622,"顧客00622","customer00622@example.com","ST02","アクティブ","2026-06-04 15:15:53.266611"
623,"顧客00623","customer00623@example.com","ST02","アクティブ","2026-06-04 15:15:53.266611"
624,"顧客00624","customer00624@example.com","ST03","非アクティブ","2026-06-04 15:15:53.266611"
625,"顧客00625","customer00625@example.com","ST02","アクティブ","2026-06-04 15:15:53.266611"
626,"顧客00626","customer00626@example.com","ST01","新規","2026-06-04 15:15:53.266611"
627,"顧客00627","customer00627@example.com","ST02","アクティブ","2026-06-04 15:15:53.266611"
628,"顧客00628","customer00628@example.com","ST02","アクティブ","2026-06-04 15:15:53.266611"
629,"顧客00629","customer00629@example.com","ST02","アクティブ","2026-06-04 15:15:53.266611"
630,"顧客00630","customer00630@example.com","ST01","新規","2026-06-04 15:15:53.266611"
631,"顧客00631","customer00631@example.com","ST03","非アクティブ","2026-06-04 15:15:53.266611"
632,"顧客00632","customer00632@example.com","ST03","非アクティブ","2026-06-04 15:15:53.266611"
633,"顧客00633","customer00633@example.com","ST01","新規","2026-06-04 15:15:53.266611"
634,"顧客00634","customer00634@example.com","ST02","アクティブ","2026-06-04 15:15:53.266611"
635,"顧客00635","customer00635@example.com","ST02","アクティブ","2026-06-04 15:15:53.266611"
636,"顧客00636","customer00636@example.com","ST03","非アクティブ","2026-06-04 15:15:53.266611"
637,"顧客00637","customer00637@example.com","ST03","非アクティブ","2026-06-04 15:15:53.266611"
638,"顧客00638","customer00638@example.com","ST01","新規","2026-06-04 15:15:53.266611"
639,"顧客00639","customer00639@example.com","ST03","非アクティブ","2026-06-04 15:15:53.266611"
640,"顧客00640","customer00640@example.com","ST03","非アクティブ","2026-06-04 15:15:53.266611"
641,"顧客00641","customer00641@example.com","ST02","アクティブ","2026-06-04 15:15:53.266611"
642,"顧客00642","customer00642@example.com","ST03","非アクティブ","2026-06-04 15:15:53.266611"
643,"顧客00643","customer00643@example.com","ST01","新規","2026-06-04 15:15:53.266611"
644,"顧客00644","customer00644@example.com","ST02","アクティブ","2026-06-04 15:15:53.266611"
645,"顧客00645","customer00645@example.com","ST02","アクティブ","2026-06-04 15:15:53.266611"
646,"顧客00646","customer00646@example.com","ST01","新規","2026-06-04 15:15:53.266611"
647,"顧客00647","customer00647@example.com","ST03","非アクティブ","2026-06-04 15:15:53.266611"
648,"顧客00648","customer00648@example.com","ST02","アクティブ","2026-06-04 15:15:53.266611"
649,"顧客00649","customer00649@example.com","ST04","退会","2026-06-04 15:15:53.266611"
650,"顧客00650","customer00650@example.com","ST02","アクティブ","2026-06-04 15:15:53.266611"
651,"顧客00651","customer00651@example.com","ST01","新規","2026-06-04 15:15:53.266611"
652,"顧客00652","customer00652@example.com","ST04","退会","2026-06-04 15:15:53.266611"
653,"顧客00653","customer00653@example.com","ST02","アクティブ","2026-06-04 15:15:53.266611"
654,"顧客00654","customer00654@example.com","ST02","アクティブ","2026-06-04 15:15:53.266611"
655,"顧客00655","customer00655@example.com","ST03","非アクティブ","2026-06-04 15:15:53.266611"
656,"顧客00656","customer00656@example.com","ST02","アクティブ","2026-06-04 15:15:53.266611"
657,"顧客00657","customer00657@example.com","ST03","非アクティブ","2026-06-04 15:15:53.266611"
658,"顧客00658","customer00658@example.com","ST01","新規","2026-06-04 15:15:53.266611"
659,"顧客00659","customer00659@example.com","ST01","新規","2026-06-04 15:15:53.266611"
660,"顧客00660","customer00660@example.com","ST01","新規","2026-06-04 15:15:53.266611"
661,"顧客00661","customer00661@example.com","ST03","非アクティブ","2026-06-04 15:15:53.266611"
662,"顧客00662","customer00662@example.com","ST04","退会","2026-06-04 15:15:53.266611"
663,"顧客00663","customer00663@example.com","ST04","退会","2026-06-04 15:15:53.266611"
664,"顧客00664","customer00664@example.com","ST03","非アクティブ","2026-06-04 15:15:53.266611"
665,"顧客00665","customer00665@example.com","ST02","アクティブ","2026-06-04 15:15:53.266611"
666,"顧客00666","customer00666@example.com","ST03","非アクティブ","2026-06-04 15:15:53.266611"
667,"顧客00667","customer00667@example.com","ST01","新規","2026-06-04 15:15:53.266611"
668,"顧客00668","customer00668@example.com","ST01","新規","2026-06-04 15:15:53.266611"
669,"顧客00669","customer00669@example.com","ST04","退会","2026-06-04 15:15:53.266611"
670,"顧客00670","customer00670@example.com","ST04","退会","2026-06-04 15:15:53.266611"
671,"顧客00671","customer00671@example.com","ST02","アクティブ","2026-06-04 15:15:53.266611"
672,"顧客00672","customer00672@example.com","ST03","非アクティブ","2026-06-04 15:15:53.266611"
673,"顧客00673","customer00673@example.com","ST02","アクティブ","2026-06-04 15:15:53.266611"
674,"顧客00674","customer00674@example.com","ST02","アクティブ","2026-06-04 15:15:53.266611"
675,"顧客00675","customer00675@example.com","ST03","非アクティブ","2026-06-04 15:15:53.266611"
676,"顧客00676","customer00676@example.com","ST01","新規","2026-06-04 15:15:53.266611"
677,"顧客00677","customer00677@example.com","ST02","アクティブ","2026-06-04 15:15:53.266611"
678,"顧客00678","customer00678@example.com","ST02","アクティブ","2026-06-04 15:15:53.266611"
679,"顧客00679","customer00679@example.com","ST04","退会","2026-06-04 15:15:53.266611"
680,"顧客00680","customer00680@example.com","ST02","アクティブ","2026-06-04 15:15:53.266611"
681,"顧客00681","customer00681@example.com","ST01","新規","2026-06-04 15:15:53.266611"
682,"顧客00682","customer00682@example.com","ST03","非アクティブ","2026-06-04 15:15:53.266611"
683,"顧客00683","customer00683@example.com","ST02","アクティブ","2026-06-04 15:15:53.266611"
684,"顧客00684","customer00684@example.com","ST04","退会","2026-06-04 15:15:53.266611"
685,"顧客00685","customer00685@example.com","ST03","非アクティブ","2026-06-04 15:15:53.266611"
686,"顧客00686","customer00686@example.com","ST01","新規","2026-06-04 15:15:53.266611"
687,"顧客00687","customer00687@example.com","ST03","非アクティブ","2026-06-04 15:15:53.266611"
688,"顧客00688","customer00688@example.com","ST02","アクティブ","2026-06-04 15:15:53.266611"
689,"顧客00689","customer00689@example.com","ST04","退会","2026-06-04 15:15:53.266611"
690,"顧客00690","customer00690@example.com","ST03","非アクティブ","2026-06-04 15:15:53.266611"
691,"顧客00691","customer00691@example.com","ST01","新規","2026-06-04 15:15:53.266611"
692,"顧客00692","customer00692@example.com","ST03","非アクティブ","2026-06-04 15:15:53.266611"
693,"顧客00693","customer00693@example.com","ST03","非アクティブ","2026-06-04 15:15:53.266611"
694,"顧客00694","customer00694@example.com","ST01","新規","2026-06-04 15:15:53.266611"
695,"顧客00695","customer00695@example.com","ST02","アクティブ","2026-06-04 15:15:53.266611"
696,"顧客00696","customer00696@example.com","ST04","退会","2026-06-04 15:15:53.266611"
697,"顧客00697","customer00697@example.com","ST04","退会","2026-06-04 15:15:53.266611"
698,"顧客00698","customer00698@example.com","ST03","非アクティブ","2026-06-04 15:15:53.266611"
699,"顧客00699","customer00699@example.com","ST03","非アクティブ","2026-06-04 15:15:53.266611"
700,"顧客00700","customer00700@example.com","ST02","アクティブ","2026-06-04 15:15:53.266611"
701,"顧客00701","customer00701@example.com","ST02","アクティブ","2026-06-04 15:15:53.266611"
702,"顧客00702","customer00702@example.com","ST03","非アクティブ","2026-06-04 15:15:53.266611"
703,"顧客00703","customer00703@example.com","ST02","アクティブ","2026-06-04 15:15:53.266611"
704,"顧客00704","customer00704@example.com","ST01","新規","2026-06-04 15:15:53.266611"
705,"顧客00705","customer00705@example.com","ST03","非アクティブ","2026-06-04 15:15:53.266611"
706,"顧客00706","customer00706@example.com","ST02","アクティブ","2026-06-04 15:15:53.266611"
707,"顧客00707","customer00707@example.com","ST03","非アクティブ","2026-06-04 15:15:53.266611"
708,"顧客00708","customer00708@example.com","ST04","退会","2026-06-04 15:15:53.266611"
709,"顧客00709","customer00709@example.com","ST02","アクティブ","2026-06-04 15:15:53.266611"
710,"顧客00710","customer00710@example.com","ST02","アクティブ","2026-06-04 15:15:53.266611"
711,"顧客00711","customer00711@example.com","ST01","新規","2026-06-04 15:15:53.266611"
712,"顧客00712","customer00712@example.com","ST02","アクティブ","2026-06-04 15:15:53.266611"
713,"顧客00713","customer00713@example.com","ST03","非アクティブ","2026-06-04 15:15:53.266611"
714,"顧客00714","customer00714@example.com","ST02","アクティブ","2026-06-04 15:15:53.266611"
715,"顧客00715","customer00715@example.com","ST02","アクティブ","2026-06-04 15:15:53.266611"
716,"顧客00716","customer00716@example.com","ST02","アクティブ","2026-06-04 15:15:53.266611"
717,"顧客00717","customer00717@example.com","ST01","新規","2026-06-04 15:15:53.266611"
718,"顧客00718","customer00718@example.com","ST02","アクティブ","2026-06-04 15:15:53.266611"
719,"顧客00719","customer00719@example.com","ST02","アクティブ","2026-06-04 15:15:53.266611"
720,"顧客00720","customer00720@example.com","ST04","退会","2026-06-04 15:15:53.266611"
721,"顧客00721","customer00721@example.com","ST04","退会","2026-06-04 15:15:53.266611"
722,"顧客00722","customer00722@example.com","ST04","退会","2026-06-04 15:15:53.266611"
723,"顧客00723","customer00723@example.com","ST02","アクティブ","2026-06-04 15:15:53.266611"
724,"顧客00724","customer00724@example.com","ST03","非アクティブ","2026-06-04 15:15:53.266611"
725,"顧客00725","customer00725@example.com","ST01","新規","2026-06-04 15:15:53.266611"
726,"顧客00726","customer00726@example.com","ST02","アクティブ","2026-06-04 15:15:53.266611"
727,"顧客00727","customer00727@example.com","ST03","非アクティブ","2026-06-04 15:15:53.266611"
728,"顧客00728","customer00728@example.com","ST02","アクティブ","2026-06-04 15:15:53.266611"
729,"顧客00729","customer00729@example.com","ST01","新規","2026-06-04 15:15:53.266611"
730,"顧客00730","customer00730@example.com","ST01","新規","2026-06-04 15:15:53.266611"
731,"顧客00731","customer00731@example.com","ST01","新規","2026-06-04 15:15:53.266611"
732,"顧客00732","customer00732@example.com","ST04","退会","2026-06-04 15:15:53.266611"
733,"顧客00733","customer00733@example.com","ST02","アクティブ","2026-06-04 15:15:53.266611"
734,"顧客00734","customer00734@example.com","ST04","退会","2026-06-04 15:15:53.266611"
735,"顧客00735","customer00735@example.com","ST02","アクティブ","2026-06-04 15:15:53.266611"
736,"顧客00736","customer00736@example.com","ST03","非アクティブ","2026-06-04 15:15:53.266611"
737,"顧客00737","customer00737@example.com","ST02","アクティブ","2026-06-04 15:15:53.266611"
738,"顧客00738","customer00738@example.com","ST02","アクティブ","2026-06-04 15:15:53.266611"
739,"顧客00739","customer00739@example.com","ST01","新規","2026-06-04 15:15:53.266611"
740,"顧客00740","customer00740@example.com","ST01","新規","2026-06-04 15:15:53.266611"
741,"顧客00741","customer00741@example.com","ST04","退会","2026-06-04 15:15:53.266611"
742,"顧客00742","customer00742@example.com","ST04","退会","2026-06-04 15:15:53.266611"
743,"顧客00743","customer00743@example.com","ST02","アクティブ","2026-06-04 15:15:53.266611"
744,"顧客00744","customer00744@example.com","ST03","非アクティブ","2026-06-04 15:15:53.266611"
745,"顧客00745","customer00745@example.com","ST01","新規","2026-06-04 15:15:53.266611"
746,"顧客00746","customer00746@example.com","ST03","非アクティブ","2026-06-04 15:15:53.266611"
747,"顧客00747","customer00747@example.com","ST02","アクティブ","2026-06-04 15:15:53.266611"
748,"顧客00748","customer00748@example.com","ST02","アクティブ","2026-06-04 15:15:53.266611"
749,"顧客00749","customer00749@example.com","ST02","アクティブ","2026-06-04 15:15:53.266611"
750,"顧客00750","customer00750@example.com","ST02","アクティブ","2026-06-04 15:15:53.266611"
751,"顧客00751","customer00751@example.com","ST03","非アクティブ","2026-06-04 15:15:53.266611"
752,"顧客00752","customer00752@example.com","ST02","アクティブ","2026-06-04 15:15:53.266611"
753,"顧客00753","customer00753@example.com","ST04","退会","2026-06-04 15:15:53.266611"
754,"顧客00754","customer00754@example.com","ST03","非アクティブ","2026-06-04 15:15:53.266611"
755,"顧客00755","customer00755@example.com","ST04","退会","2026-06-04 15:15:53.266611"
756,"顧客00756","customer00756@example.com","ST01","新規","2026-06-04 15:15:53.266611"
757,"顧客00757","customer00757@example.com","ST01","新規","2026-06-04 15:15:53.266611"
758,"顧客00758","customer00758@example.com","ST04","退会","2026-06-04 15:15:53.266611"
759,"顧客00759","customer00759@example.com","ST02","アクティブ","2026-06-04 15:15:53.266611"
760,"顧客00760","customer00760@example.com","ST03","非アクティブ","2026-06-04 15:15:53.266611"
761,"顧客00761","customer00761@example.com","ST03","非アクティブ","2026-06-04 15:15:53.266611"
762,"顧客00762","customer00762@example.com","ST01","新規","2026-06-04 15:15:53.266611"
763,"顧客00763","customer00763@example.com","ST03","非アクティブ","2026-06-04 15:15:53.266611"
764,"顧客00764","customer00764@example.com","ST01","新規","2026-06-04 15:15:53.266611"
765,"顧客00765","customer00765@example.com","ST03","非アクティブ","2026-06-04 15:15:53.266611"
766,"顧客00766","customer00766@example.com","ST02","アクティブ","2026-06-04 15:15:53.266611"
767,"顧客00767","customer00767@example.com","ST04","退会","2026-06-04 15:15:53.266611"
768,"顧客00768","customer00768@example.com","ST02","アクティブ","2026-06-04 15:15:53.266611"
769,"顧客00769","customer00769@example.com","ST02","アクティブ","2026-06-04 15:15:53.266611"
770,"顧客00770","customer00770@example.com","ST02","アクティブ","2026-06-04 15:15:53.266611"
771,"顧客00771","customer00771@example.com","ST01","新規","2026-06-04 15:15:53.266611"
772,"顧客00772","customer00772@example.com","ST02","アクティブ","2026-06-04 15:15:53.266611"
773,"顧客00773","customer00773@example.com","ST01","新規","2026-06-04 15:15:53.266611"
774,"顧客00774","customer00774@example.com","ST02","アクティブ","2026-06-04 15:15:53.266611"
775,"顧客00775","customer00775@example.com","ST04","退会","2026-06-04 15:15:53.266611"
776,"顧客00776","customer00776@example.com","ST01","新規","2026-06-04 15:15:53.266611"
777,"顧客00777","customer00777@example.com","ST02","アクティブ","2026-06-04 15:15:53.266611"
778,"顧客00778","customer00778@example.com","ST02","アクティブ","2026-06-04 15:15:53.266611"
779,"顧客00779","customer00779@example.com","ST02","アクティブ","2026-06-04 15:15:53.266611"
780,"顧客00780","customer00780@example.com","ST01","新規","2026-06-04 15:15:53.266611"
781,"顧客00781","customer00781@example.com","ST03","非アクティブ","2026-06-04 15:15:53.266611"
782,"顧客00782","customer00782@example.com","ST02","アクティブ","2026-06-04 15:15:53.266611"
783,"顧客00783","customer00783@example.com","ST02","アクティブ","2026-06-04 15:15:53.266611"
784,"顧客00784","customer00784@example.com","ST01","新規","2026-06-04 15:15:53.266611"
785,"顧客00785","customer00785@example.com","ST02","アクティブ","2026-06-04 15:15:53.266611"
786,"顧客00786","customer00786@example.com","ST04","退会","2026-06-04 15:15:53.266611"
787,"顧客00787","customer00787@example.com","ST03","非アクティブ","2026-06-04 15:15:53.266611"
788,"顧客00788","customer00788@example.com","ST02","アクティブ","2026-06-04 15:15:53.266611"
789,"顧客00789","customer00789@example.com","ST01","新規","2026-06-04 15:15:53.266611"
790,"顧客00790","customer00790@example.com","ST04","退会","2026-06-04 15:15:53.266611"
791,"顧客00791","customer00791@example.com","ST03","非アクティブ","2026-06-04 15:15:53.266611"
792,"顧客00792","customer00792@example.com","ST03","非アクティブ","2026-06-04 15:15:53.266611"
793,"顧客00793","customer00793@example.com","ST03","非アクティブ","2026-06-04 15:15:53.266611"
794,"顧客00794","customer00794@example.com","ST03","非アクティブ","2026-06-04 15:15:53.266611"
795,"顧客00795","customer00795@example.com","ST02","アクティブ","2026-06-04 15:15:53.266611"
796,"顧客00796","customer00796@example.com","ST04","退会","2026-06-04 15:15:53.266611"
797,"顧客00797","customer00797@example.com","ST02","アクティブ","2026-06-04 15:15:53.266611"
798,"顧客00798","customer00798@example.com","ST03","非アクティブ","2026-06-04 15:15:53.266611"
799,"顧客00799","customer00799@example.com","ST04","退会","2026-06-04 15:15:53.266611"
800,"顧客00800","customer00800@example.com","ST02","アクティブ","2026-06-04 15:15:53.266611"
801,"顧客00801","customer00801@example.com","ST02","アクティブ","2026-06-04 15:15:53.266611"
802,"顧客00802","customer00802@example.com","ST02","アクティブ","2026-06-04 15:15:53.266611"
803,"顧客00803","customer00803@example.com","ST02","アクティブ","2026-06-04 15:15:53.266611"
804,"顧客00804","customer00804@example.com","ST03","非アクティブ","2026-06-04 15:15:53.266611"
805,"顧客00805","customer00805@example.com","ST03","非アクティブ","2026-06-04 15:15:53.266611"
806,"顧客00806","customer00806@example.com","ST01","新規","2026-06-04 15:15:53.266611"
807,"顧客00807","customer00807@example.com","ST02","アクティブ","2026-06-04 15:15:53.266611"
808,"顧客00808","customer00808@example.com","ST02","アクティブ","2026-06-04 15:15:53.266611"
809,"顧客00809","customer00809@example.com","ST01","新規","2026-06-04 15:15:53.266611"
810,"顧客00810","customer00810@example.com","ST02","アクティブ","2026-06-04 15:15:53.266611"
811,"顧客00811","customer00811@example.com","ST01","新規","2026-06-04 15:15:53.266611"
812,"顧客00812","customer00812@example.com","ST02","アクティブ","2026-06-04 15:15:53.266611"
813,"顧客00813","customer00813@example.com","ST01","新規","2026-06-04 15:15:53.266611"
814,"顧客00814","customer00814@example.com","ST03","非アクティブ","2026-06-04 15:15:53.266611"
815,"顧客00815","customer00815@example.com","ST04","退会","2026-06-04 15:15:53.266611"
816,"顧客00816","customer00816@example.com","ST04","退会","2026-06-04 15:15:53.266611"
817,"顧客00817","customer00817@example.com","ST04","退会","2026-06-04 15:15:53.266611"
818,"顧客00818","customer00818@example.com","ST01","新規","2026-06-04 15:15:53.266611"
819,"顧客00819","customer00819@example.com","ST02","アクティブ","2026-06-04 15:15:53.266611"
820,"顧客00820","customer00820@example.com","ST01","新規","2026-06-04 15:15:53.266611"
821,"顧客00821","customer00821@example.com","ST02","アクティブ","2026-06-04 15:15:53.266611"
822,"顧客00822","customer00822@example.com","ST04","退会","2026-06-04 15:15:53.266611"
823,"顧客00823","customer00823@example.com","ST03","非アクティブ","2026-06-04 15:15:53.266611"
824,"顧客00824","customer00824@example.com","ST02","アクティブ","2026-06-04 15:15:53.266611"
825,"顧客00825","customer00825@example.com","ST02","アクティブ","2026-06-04 15:15:53.266611"
826,"顧客00826","customer00826@example.com","ST03","非アクティブ","2026-06-04 15:15:53.266611"
827,"顧客00827","customer00827@example.com","ST04","退会","2026-06-04 15:15:53.266611"
828,"顧客00828","customer00828@example.com","ST02","アクティブ","2026-06-04 15:15:53.266611"
829,"顧客00829","customer00829@example.com","ST02","アクティブ","2026-06-04 15:15:53.266611"
830,"顧客00830","customer00830@example.com","ST01","新規","2026-06-04 15:15:53.266611"
831,"顧客00831","customer00831@example.com","ST03","非アクティブ","2026-06-04 15:15:53.266611"
832,"顧客00832","customer00832@example.com","ST02","アクティブ","2026-06-04 15:15:53.266611"
833,"顧客00833","customer00833@example.com","ST02","アクティブ","2026-06-04 15:15:53.266611"
834,"顧客00834","customer00834@example.com","ST03","非アクティブ","2026-06-04 15:15:53.266611"
835,"顧客00835","customer00835@example.com","ST04","退会","2026-06-04 15:15:53.266611"
836,"顧客00836","customer00836@example.com","ST02","アクティブ","2026-06-04 15:15:53.266611"
837,"顧客00837","customer00837@example.com","ST02","アクティブ","2026-06-04 15:15:53.266611"
838,"顧客00838","customer00838@example.com","ST02","アクティブ","2026-06-04 15:15:53.266611"
839,"顧客00839","customer00839@example.com","ST04","退会","2026-06-04 15:15:53.266611"
840,"顧客00840","customer00840@example.com","ST04","退会","2026-06-04 15:15:53.266611"
841,"顧客00841","customer00841@example.com","ST01","新規","2026-06-04 15:15:53.266611"
842,"顧客00842","customer00842@example.com","ST03","非アクティブ","2026-06-04 15:15:53.266611"
843,"顧客00843","customer00843@example.com","ST01","新規","2026-06-04 15:15:53.266611"
844,"顧客00844","customer00844@example.com","ST01","新規","2026-06-04 15:15:53.266611"
845,"顧客00845","customer00845@example.com","ST03","非アクティブ","2026-06-04 15:15:53.266611"
846,"顧客00846","customer00846@example.com","ST03","非アクティブ","2026-06-04 15:15:53.266611"
847,"顧客00847","customer00847@example.com","ST02","アクティブ","2026-06-04 15:15:53.266611"
848,"顧客00848","customer00848@example.com","ST04","退会","2026-06-04 15:15:53.266611"
849,"顧客00849","customer00849@example.com","ST02","アクティブ","2026-06-04 15:15:53.266611"
850,"顧客00850","customer00850@example.com","ST01","新規","2026-06-04 15:15:53.266611"
851,"顧客00851","customer00851@example.com","ST01","新規","2026-06-04 15:15:53.266611"
852,"顧客00852","customer00852@example.com","ST02","アクティブ","2026-06-04 15:15:53.266611"
853,"顧客00853","customer00853@example.com","ST03","非アクティブ","2026-06-04 15:15:53.266611"
854,"顧客00854","customer00854@example.com","ST03","非アクティブ","2026-06-04 15:15:53.266611"
855,"顧客00855","customer00855@example.com","ST02","アクティブ","2026-06-04 15:15:53.266611"
856,"顧客00856","customer00856@example.com","ST01","新規","2026-06-04 15:15:53.266611"
857,"顧客00857","customer00857@example.com","ST03","非アクティブ","2026-06-04 15:15:53.266611"
858,"顧客00858","customer00858@example.com","ST03","非アクティブ","2026-06-04 15:15:53.266611"
859,"顧客00859","customer00859@example.com","ST02","アクティブ","2026-06-04 15:15:53.266611"
860,"顧客00860","customer00860@example.com","ST04","退会","2026-06-04 15:15:53.266611"
861,"顧客00861","customer00861@example.com","ST02","アクティブ","2026-06-04 15:15:53.266611"
862,"顧客00862","customer00862@example.com","ST01","新規","2026-06-04 15:15:53.266611"
863,"顧客00863","customer00863@example.com","ST02","アクティブ","2026-06-04 15:15:53.266611"
864,"顧客00864","customer00864@example.com","ST04","退会","2026-06-04 15:15:53.266611"
865,"顧客00865","customer00865@example.com","ST02","アクティブ","2026-06-04 15:15:53.266611"
866,"顧客00866","customer00866@example.com","ST04","退会","2026-06-04 15:15:53.266611"
867,"顧客00867","customer00867@example.com","ST02","アクティブ","2026-06-04 15:15:53.266611"
868,"顧客00868","customer00868@example.com","ST03","非アクティブ","2026-06-04 15:15:53.266611"
869,"顧客00869","customer00869@example.com","ST03","非アクティブ","2026-06-04 15:15:53.266611"
870,"顧客00870","customer00870@example.com","ST02","アクティブ","2026-06-04 15:15:53.266611"
871,"顧客00871","customer00871@example.com","ST03","非アクティブ","2026-06-04 15:15:53.266611"
872,"顧客00872","customer00872@example.com","ST04","退会","2026-06-04 15:15:53.266611"
873,"顧客00873","customer00873@example.com","ST02","アクティブ","2026-06-04 15:15:53.266611"
874,"顧客00874","customer00874@example.com","ST01","新規","2026-06-04 15:15:53.266611"
875,"顧客00875","customer00875@example.com","ST01","新規","2026-06-04 15:15:53.266611"
876,"顧客00876","customer00876@example.com","ST04","退会","2026-06-04 15:15:53.266611"
877,"顧客00877","customer00877@example.com","ST03","非アクティブ","2026-06-04 15:15:53.266611"
878,"顧客00878","customer00878@example.com","ST03","非アクティブ","2026-06-04 15:15:53.266611"
879,"顧客00879","customer00879@example.com","ST02","アクティブ","2026-06-04 15:15:53.266611"
880,"顧客00880","customer00880@example.com","ST01","新規","2026-06-04 15:15:53.266611"
881,"顧客00881","customer00881@example.com","ST01","新規","2026-06-04 15:15:53.266611"
882,"顧客00882","customer00882@example.com","ST04","退会","2026-06-04 15:15:53.266611"
883,"顧客00883","customer00883@example.com","ST03","非アクティブ","2026-06-04 15:15:53.266611"
884,"顧客00884","customer00884@example.com","ST03","非アクティブ","2026-06-04 15:15:53.266611"
885,"顧客00885","customer00885@example.com","ST01","新規","2026-06-04 15:15:53.266611"
886,"顧客00886","customer00886@example.com","ST04","退会","2026-06-04 15:15:53.266611"
887,"顧客00887","customer00887@example.com","ST02","アクティブ","2026-06-04 15:15:53.266611"
888,"顧客00888","customer00888@example.com","ST02","アクティブ","2026-06-04 15:15:53.266611"
889,"顧客00889","customer00889@example.com","ST03","非アクティブ","2026-06-04 15:15:53.266611"
890,"顧客00890","customer00890@example.com","ST02","アクティブ","2026-06-04 15:15:53.266611"
891,"顧客00891","customer00891@example.com","ST02","アクティブ","2026-06-04 15:15:53.266611"
892,"顧客00892","customer00892@example.com","ST02","アクティブ","2026-06-04 15:15:53.266611"
893,"顧客00893","customer00893@example.com","ST02","アクティブ","2026-06-04 15:15:53.266611"
894,"顧客00894","customer00894@example.com","ST04","退会","2026-06-04 15:15:53.266611"
895,"顧客00895","customer00895@example.com","ST03","非アクティブ","2026-06-04 15:15:53.266611"
896,"顧客00896","customer00896@example.com","ST02","アクティブ","2026-06-04 15:15:53.266611"
897,"顧客00897","customer00897@example.com","ST02","アクティブ","2026-06-04 15:15:53.266611"
898,"顧客00898","customer00898@example.com","ST02","アクティブ","2026-06-04 15:15:53.266611"
899,"顧客00899","customer00899@example.com","ST01","新規","2026-06-04 15:15:53.266611"
900,"顧客00900","customer00900@example.com","ST02","アクティブ","2026-06-04 15:15:53.266611"
901,"顧客00901","customer00901@example.com","ST03","非アクティブ","2026-06-04 15:15:53.266611"
902,"顧客00902","customer00902@example.com","ST03","非アクティブ","2026-06-04 15:15:53.266611"
903,"顧客00903","customer00903@example.com","ST02","アクティブ","2026-06-04 15:15:53.266611"
904,"顧客00904","customer00904@example.com","ST01","新規","2026-06-04 15:15:53.266611"
905,"顧客00905","customer00905@example.com","ST01","新規","2026-06-04 15:15:53.266611"
906,"顧客00906","customer00906@example.com","ST03","非アクティブ","2026-06-04 15:15:53.266611"
907,"顧客00907","customer00907@example.com","ST01","新規","2026-06-04 15:15:53.266611"
908,"顧客00908","customer00908@example.com","ST03","非アクティブ","2026-06-04 15:15:53.266611"
909,"顧客00909","customer00909@example.com","ST03","非アクティブ","2026-06-04 15:15:53.266611"
910,"顧客00910","customer00910@example.com","ST02","アクティブ","2026-06-04 15:15:53.266611"
911,"顧客00911","customer00911@example.com","ST03","非アクティブ","2026-06-04 15:15:53.266611"
912,"顧客00912","customer00912@example.com","ST04","退会","2026-06-04 15:15:53.266611"
913,"顧客00913","customer00913@example.com","ST01","新規","2026-06-04 15:15:53.266611"
914,"顧客00914","customer00914@example.com","ST03","非アクティブ","2026-06-04 15:15:53.266611"
915,"顧客00915","customer00915@example.com","ST04","退会","2026-06-04 15:15:53.266611"
916,"顧客00916","customer00916@example.com","ST01","新規","2026-06-04 15:15:53.266611"
917,"顧客00917","customer00917@example.com","ST02","アクティブ","2026-06-04 15:15:53.266611"
918,"顧客00918","customer00918@example.com","ST04","退会","2026-06-04 15:15:53.266611"
919,"顧客00919","customer00919@example.com","ST03","非アクティブ","2026-06-04 15:15:53.266611"
920,"顧客00920","customer00920@example.com","ST03","非アクティブ","2026-06-04 15:15:53.266611"
921,"顧客00921","customer00921@example.com","ST01","新規","2026-06-04 15:15:53.266611"
922,"顧客00922","customer00922@example.com","ST04","退会","2026-06-04 15:15:53.266611"
923,"顧客00923","customer00923@example.com","ST02","アクティブ","2026-06-04 15:15:53.266611"
924,"顧客00924","customer00924@example.com","ST02","アクティブ","2026-06-04 15:15:53.266611"
925,"顧客00925","customer00925@example.com","ST03","非アクティブ","2026-06-04 15:15:53.266611"
926,"顧客00926","customer00926@example.com","ST03","非アクティブ","2026-06-04 15:15:53.266611"
927,"顧客00927","customer00927@example.com","ST03","非アクティブ","2026-06-04 15:15:53.266611"
928,"顧客00928","customer00928@example.com","ST01","新規","2026-06-04 15:15:53.266611"
929,"顧客00929","customer00929@example.com","ST01","新規","2026-06-04 15:15:53.266611"
930,"顧客00930","customer00930@example.com","ST02","アクティブ","2026-06-04 15:15:53.266611"
931,"顧客00931","customer00931@example.com","ST03","非アクティブ","2026-06-04 15:15:53.266611"
932,"顧客00932","customer00932@example.com","ST03","非アクティブ","2026-06-04 15:15:53.266611"
933,"顧客00933","customer00933@example.com","ST02","アクティブ","2026-06-04 15:15:53.266611"
934,"顧客00934","customer00934@example.com","ST03","非アクティブ","2026-06-04 15:15:53.266611"
935,"顧客00935","customer00935@example.com","ST04","退会","2026-06-04 15:15:53.266611"
936,"顧客00936","customer00936@example.com","ST04","退会","2026-06-04 15:15:53.266611"
937,"顧客00937","customer00937@example.com","ST02","アクティブ","2026-06-04 15:15:53.266611"
938,"顧客00938","customer00938@example.com","ST04","退会","2026-06-04 15:15:53.266611"
939,"顧客00939","customer00939@example.com","ST02","アクティブ","2026-06-04 15:15:53.266611"
940,"顧客00940","customer00940@example.com","ST03","非アクティブ","2026-06-04 15:15:53.266611"
941,"顧客00941","customer00941@example.com","ST01","新規","2026-06-04 15:15:53.266611"
942,"顧客00942","customer00942@example.com","ST03","非アクティブ","2026-06-04 15:15:53.266611"
943,"顧客00943","customer00943@example.com","ST01","新規","2026-06-04 15:15:53.266611"
944,"顧客00944","customer00944@example.com","ST04","退会","2026-06-04 15:15:53.266611"
945,"顧客00945","customer00945@example.com","ST03","非アクティブ","2026-06-04 15:15:53.266611"
946,"顧客00946","customer00946@example.com","ST03","非アクティブ","2026-06-04 15:15:53.266611"
947,"顧客00947","customer00947@example.com","ST03","非アクティブ","2026-06-04 15:15:53.266611"
948,"顧客00948","customer00948@example.com","ST04","退会","2026-06-04 15:15:53.266611"
949,"顧客00949","customer00949@example.com","ST03","非アクティブ","2026-06-04 15:15:53.266611"
950,"顧客00950","customer00950@example.com","ST02","アクティブ","2026-06-04 15:15:53.266611"
951,"顧客00951","customer00951@example.com","ST04","退会","2026-06-04 15:15:53.266611"
952,"顧客00952","customer00952@example.com","ST04","退会","2026-06-04 15:15:53.266611"
953,"顧客00953","customer00953@example.com","ST02","アクティブ","2026-06-04 15:15:53.266611"
954,"顧客00954","customer00954@example.com","ST03","非アクティブ","2026-06-04 15:15:53.266611"
955,"顧客00955","customer00955@example.com","ST03","非アクティブ","2026-06-04 15:15:53.266611"
956,"顧客00956","customer00956@example.com","ST01","新規","2026-06-04 15:15:53.266611"
957,"顧客00957","customer00957@example.com","ST03","非アクティブ","2026-06-04 15:15:53.266611"
958,"顧客00958","customer00958@example.com","ST04","退会","2026-06-04 15:15:53.266611"
959,"顧客00959","customer00959@example.com","ST01","新規","2026-06-04 15:15:53.266611"
960,"顧客00960","customer00960@example.com","ST01","新規","2026-06-04 15:15:53.266611"
961,"顧客00961","customer00961@example.com","ST03","非アクティブ","2026-06-04 15:15:53.266611"
962,"顧客00962","customer00962@example.com","ST04","退会","2026-06-04 15:15:53.266611"
963,"顧客00963","customer00963@example.com","ST03","非アクティブ","2026-06-04 15:15:53.266611"
964,"顧客00964","customer00964@example.com","ST03","非アクティブ","2026-06-04 15:15:53.266611"
965,"顧客00965","customer00965@example.com","ST04","退会","2026-06-04 15:15:53.266611"
966,"顧客00966","customer00966@example.com","ST02","アクティブ","2026-06-04 15:15:53.266611"
967,"顧客00967","customer00967@example.com","ST02","アクティブ","2026-06-04 15:15:53.266611"
968,"顧客00968","customer00968@example.com","ST04","退会","2026-06-04 15:15:53.266611"
969,"顧客00969","customer00969@example.com","ST04","退会","2026-06-04 15:15:53.266611"
970,"顧客00970","customer00970@example.com","ST04","退会","2026-06-04 15:15:53.266611"
971,"顧客00971","customer00971@example.com","ST03","非アクティブ","2026-06-04 15:15:53.266611"
972,"顧客00972","customer00972@example.com","ST01","新規","2026-06-04 15:15:53.266611"
973,"顧客00973","customer00973@example.com","ST03","非アクティブ","2026-06-04 15:15:53.266611"
974,"顧客00974","customer00974@example.com","ST02","アクティブ","2026-06-04 15:15:53.266611"
975,"顧客00975","customer00975@example.com","ST02","アクティブ","2026-06-04 15:15:53.266611"
976,"顧客00976","customer00976@example.com","ST02","アクティブ","2026-06-04 15:15:53.266611"
977,"顧客00977","customer00977@example.com","ST01","新規","2026-06-04 15:15:53.266611"
978,"顧客00978","customer00978@example.com","ST01","新規","2026-06-04 15:15:53.266611"
979,"顧客00979","customer00979@example.com","ST02","アクティブ","2026-06-04 15:15:53.266611"
980,"顧客00980","customer00980@example.com","ST03","非アクティブ","2026-06-04 15:15:53.266611"
981,"顧客00981","customer00981@example.com","ST01","新規","2026-06-04 15:15:53.266611"
1063,"顧客01063","customer01063@example.com","ST04","退会","2026-06-04 15:15:53.266611"
982,"顧客00982","customer00982@example.com","ST03","非アクティブ","2026-06-04 15:15:53.266611"
983,"顧客00983","customer00983@example.com","ST02","アクティブ","2026-06-04 15:15:53.266611"
984,"顧客00984","customer00984@example.com","ST03","非アクティブ","2026-06-04 15:15:53.266611"
985,"顧客00985","customer00985@example.com","ST03","非アクティブ","2026-06-04 15:15:53.266611"
986,"顧客00986","customer00986@example.com","ST01","新規","2026-06-04 15:15:53.266611"
987,"顧客00987","customer00987@example.com","ST04","退会","2026-06-04 15:15:53.266611"
988,"顧客00988","customer00988@example.com","ST02","アクティブ","2026-06-04 15:15:53.266611"
989,"顧客00989","customer00989@example.com","ST03","非アクティブ","2026-06-04 15:15:53.266611"
990,"顧客00990","customer00990@example.com","ST01","新規","2026-06-04 15:15:53.266611"
991,"顧客00991","customer00991@example.com","ST01","新規","2026-06-04 15:15:53.266611"
992,"顧客00992","customer00992@example.com","ST03","非アクティブ","2026-06-04 15:15:53.266611"
993,"顧客00993","customer00993@example.com","ST02","アクティブ","2026-06-04 15:15:53.266611"
994,"顧客00994","customer00994@example.com","ST04","退会","2026-06-04 15:15:53.266611"
995,"顧客00995","customer00995@example.com","ST03","非アクティブ","2026-06-04 15:15:53.266611"
996,"顧客00996","customer00996@example.com","ST03","非アクティブ","2026-06-04 15:15:53.266611"
997,"顧客00997","customer00997@example.com","ST03","非アクティブ","2026-06-04 15:15:53.266611"
998,"顧客00998","customer00998@example.com","ST01","新規","2026-06-04 15:15:53.266611"
999,"顧客00999","customer00999@example.com","ST03","非アクティブ","2026-06-04 15:15:53.266611"
1000,"顧客01000","customer01000@example.com","ST01","新規","2026-06-04 15:15:53.266611"
1001,"顧客01001","customer01001@example.com","ST01","新規","2026-06-04 15:15:53.266611"
1002,"顧客01002","customer01002@example.com","ST02","アクティブ","2026-06-04 15:15:53.266611"
1003,"顧客01003","customer01003@example.com","ST04","退会","2026-06-04 15:15:53.266611"
1004,"顧客01004","customer01004@example.com","ST03","非アクティブ","2026-06-04 15:15:53.266611"
1005,"顧客01005","customer01005@example.com","ST03","非アクティブ","2026-06-04 15:15:53.266611"
1006,"顧客01006","customer01006@example.com","ST04","退会","2026-06-04 15:15:53.266611"
1007,"顧客01007","customer01007@example.com","ST02","アクティブ","2026-06-04 15:15:53.266611"
1008,"顧客01008","customer01008@example.com","ST04","退会","2026-06-04 15:15:53.266611"
1009,"顧客01009","customer01009@example.com","ST02","アクティブ","2026-06-04 15:15:53.266611"
1010,"顧客01010","customer01010@example.com","ST01","新規","2026-06-04 15:15:53.266611"
1011,"顧客01011","customer01011@example.com","ST03","非アクティブ","2026-06-04 15:15:53.266611"
1012,"顧客01012","customer01012@example.com","ST01","新規","2026-06-04 15:15:53.266611"
1013,"顧客01013","customer01013@example.com","ST01","新規","2026-06-04 15:15:53.266611"
1014,"顧客01014","customer01014@example.com","ST04","退会","2026-06-04 15:15:53.266611"
1015,"顧客01015","customer01015@example.com","ST04","退会","2026-06-04 15:15:53.266611"
1016,"顧客01016","customer01016@example.com","ST02","アクティブ","2026-06-04 15:15:53.266611"
1017,"顧客01017","customer01017@example.com","ST02","アクティブ","2026-06-04 15:15:53.266611"
1018,"顧客01018","customer01018@example.com","ST01","新規","2026-06-04 15:15:53.266611"
1019,"顧客01019","customer01019@example.com","ST02","アクティブ","2026-06-04 15:15:53.266611"
1020,"顧客01020","customer01020@example.com","ST04","退会","2026-06-04 15:15:53.266611"
1021,"顧客01021","customer01021@example.com","ST03","非アクティブ","2026-06-04 15:15:53.266611"
1022,"顧客01022","customer01022@example.com","ST03","非アクティブ","2026-06-04 15:15:53.266611"
1023,"顧客01023","customer01023@example.com","ST02","アクティブ","2026-06-04 15:15:53.266611"
1024,"顧客01024","customer01024@example.com","ST03","非アクティブ","2026-06-04 15:15:53.266611"
1025,"顧客01025","customer01025@example.com","ST03","非アクティブ","2026-06-04 15:15:53.266611"
1026,"顧客01026","customer01026@example.com","ST02","アクティブ","2026-06-04 15:15:53.266611"
1027,"顧客01027","customer01027@example.com","ST02","アクティブ","2026-06-04 15:15:53.266611"
1028,"顧客01028","customer01028@example.com","ST01","新規","2026-06-04 15:15:53.266611"
1029,"顧客01029","customer01029@example.com","ST03","非アクティブ","2026-06-04 15:15:53.266611"
1030,"顧客01030","customer01030@example.com","ST02","アクティブ","2026-06-04 15:15:53.266611"
1031,"顧客01031","customer01031@example.com","ST02","アクティブ","2026-06-04 15:15:53.266611"
1032,"顧客01032","customer01032@example.com","ST02","アクティブ","2026-06-04 15:15:53.266611"
1033,"顧客01033","customer01033@example.com","ST02","アクティブ","2026-06-04 15:15:53.266611"
1034,"顧客01034","customer01034@example.com","ST01","新規","2026-06-04 15:15:53.266611"
1035,"顧客01035","customer01035@example.com","ST01","新規","2026-06-04 15:15:53.266611"
1036,"顧客01036","customer01036@example.com","ST02","アクティブ","2026-06-04 15:15:53.266611"
1037,"顧客01037","customer01037@example.com","ST01","新規","2026-06-04 15:15:53.266611"
1038,"顧客01038","customer01038@example.com","ST03","非アクティブ","2026-06-04 15:15:53.266611"
1039,"顧客01039","customer01039@example.com","ST01","新規","2026-06-04 15:15:53.266611"
1040,"顧客01040","customer01040@example.com","ST03","非アクティブ","2026-06-04 15:15:53.266611"
1041,"顧客01041","customer01041@example.com","ST01","新規","2026-06-04 15:15:53.266611"
1042,"顧客01042","customer01042@example.com","ST03","非アクティブ","2026-06-04 15:15:53.266611"
1043,"顧客01043","customer01043@example.com","ST04","退会","2026-06-04 15:15:53.266611"
1044,"顧客01044","customer01044@example.com","ST02","アクティブ","2026-06-04 15:15:53.266611"
1045,"顧客01045","customer01045@example.com","ST03","非アクティブ","2026-06-04 15:15:53.266611"
1046,"顧客01046","customer01046@example.com","ST01","新規","2026-06-04 15:15:53.266611"
1047,"顧客01047","customer01047@example.com","ST03","非アクティブ","2026-06-04 15:15:53.266611"
1048,"顧客01048","customer01048@example.com","ST03","非アクティブ","2026-06-04 15:15:53.266611"
1049,"顧客01049","customer01049@example.com","ST04","退会","2026-06-04 15:15:53.266611"
1050,"顧客01050","customer01050@example.com","ST04","退会","2026-06-04 15:15:53.266611"
1051,"顧客01051","customer01051@example.com","ST03","非アクティブ","2026-06-04 15:15:53.266611"
1052,"顧客01052","customer01052@example.com","ST03","非アクティブ","2026-06-04 15:15:53.266611"
1053,"顧客01053","customer01053@example.com","ST03","非アクティブ","2026-06-04 15:15:53.266611"
1054,"顧客01054","customer01054@example.com","ST04","退会","2026-06-04 15:15:53.266611"
1055,"顧客01055","customer01055@example.com","ST02","アクティブ","2026-06-04 15:15:53.266611"
1056,"顧客01056","customer01056@example.com","ST02","アクティブ","2026-06-04 15:15:53.266611"
1057,"顧客01057","customer01057@example.com","ST01","新規","2026-06-04 15:15:53.266611"
1058,"顧客01058","customer01058@example.com","ST03","非アクティブ","2026-06-04 15:15:53.266611"
1059,"顧客01059","customer01059@example.com","ST03","非アクティブ","2026-06-04 15:15:53.266611"
1060,"顧客01060","customer01060@example.com","ST01","新規","2026-06-04 15:15:53.266611"
1061,"顧客01061","customer01061@example.com","ST02","アクティブ","2026-06-04 15:15:53.266611"
1062,"顧客01062","customer01062@example.com","ST03","非アクティブ","2026-06-04 15:15:53.266611"
1064,"顧客01064","customer01064@example.com","ST02","アクティブ","2026-06-04 15:15:53.266611"
1065,"顧客01065","customer01065@example.com","ST04","退会","2026-06-04 15:15:53.266611"
1066,"顧客01066","customer01066@example.com","ST04","退会","2026-06-04 15:15:53.266611"
1067,"顧客01067","customer01067@example.com","ST01","新規","2026-06-04 15:15:53.266611"
1068,"顧客01068","customer01068@example.com","ST04","退会","2026-06-04 15:15:53.266611"
1069,"顧客01069","customer01069@example.com","ST02","アクティブ","2026-06-04 15:15:53.266611"
1070,"顧客01070","customer01070@example.com","ST02","アクティブ","2026-06-04 15:15:53.266611"
1071,"顧客01071","customer01071@example.com","ST04","退会","2026-06-04 15:15:53.266611"
1072,"顧客01072","customer01072@example.com","ST02","アクティブ","2026-06-04 15:15:53.266611"
1073,"顧客01073","customer01073@example.com","ST01","新規","2026-06-04 15:15:53.266611"
1074,"顧客01074","customer01074@example.com","ST01","新規","2026-06-04 15:15:53.266611"
1075,"顧客01075","customer01075@example.com","ST03","非アクティブ","2026-06-04 15:15:53.266611"
1076,"顧客01076","customer01076@example.com","ST02","アクティブ","2026-06-04 15:15:53.266611"
1077,"顧客01077","customer01077@example.com","ST02","アクティブ","2026-06-04 15:15:53.266611"
1078,"顧客01078","customer01078@example.com","ST03","非アクティブ","2026-06-04 15:15:53.266611"
1079,"顧客01079","customer01079@example.com","ST03","非アクティブ","2026-06-04 15:15:53.266611"
1080,"顧客01080","customer01080@example.com","ST04","退会","2026-06-04 15:15:53.266611"
1081,"顧客01081","customer01081@example.com","ST02","アクティブ","2026-06-04 15:15:53.266611"
1082,"顧客01082","customer01082@example.com","ST04","退会","2026-06-04 15:15:53.266611"
1083,"顧客01083","customer01083@example.com","ST02","アクティブ","2026-06-04 15:15:53.266611"
1084,"顧客01084","customer01084@example.com","ST03","非アクティブ","2026-06-04 15:15:53.266611"
1085,"顧客01085","customer01085@example.com","ST03","非アクティブ","2026-06-04 15:15:53.266611"
1086,"顧客01086","customer01086@example.com","ST03","非アクティブ","2026-06-04 15:15:53.266611"
1087,"顧客01087","customer01087@example.com","ST04","退会","2026-06-04 15:15:53.266611"
1088,"顧客01088","customer01088@example.com","ST02","アクティブ","2026-06-04 15:15:53.266611"
1089,"顧客01089","customer01089@example.com","ST02","アクティブ","2026-06-04 15:15:53.266611"
1090,"顧客01090","customer01090@example.com","ST02","アクティブ","2026-06-04 15:15:53.266611"
1091,"顧客01091","customer01091@example.com","ST02","アクティブ","2026-06-04 15:15:53.266611"
1092,"顧客01092","customer01092@example.com","ST01","新規","2026-06-04 15:15:53.266611"
1093,"顧客01093","customer01093@example.com","ST02","アクティブ","2026-06-04 15:15:53.266611"
1094,"顧客01094","customer01094@example.com","ST02","アクティブ","2026-06-04 15:15:53.266611"
1095,"顧客01095","customer01095@example.com","ST01","新規","2026-06-04 15:15:53.266611"
1096,"顧客01096","customer01096@example.com","ST03","非アクティブ","2026-06-04 15:15:53.266611"
1097,"顧客01097","customer01097@example.com","ST02","アクティブ","2026-06-04 15:15:53.266611"
1098,"顧客01098","customer01098@example.com","ST02","アクティブ","2026-06-04 15:15:53.266611"
1099,"顧客01099","customer01099@example.com","ST03","非アクティブ","2026-06-04 15:15:53.266611"
1100,"顧客01100","customer01100@example.com","ST03","非アクティブ","2026-06-04 15:15:53.266611"
1101,"顧客01101","customer01101@example.com","ST02","アクティブ","2026-06-04 15:15:53.266611"
1102,"顧客01102","customer01102@example.com","ST02","アクティブ","2026-06-04 15:15:53.266611"
1103,"顧客01103","customer01103@example.com","ST01","新規","2026-06-04 15:15:53.266611"
1104,"顧客01104","customer01104@example.com","ST03","非アクティブ","2026-06-04 15:15:53.266611"
1105,"顧客01105","customer01105@example.com","ST03","非アクティブ","2026-06-04 15:15:53.266611"
1106,"顧客01106","customer01106@example.com","ST01","新規","2026-06-04 15:15:53.266611"
1107,"顧客01107","customer01107@example.com","ST02","アクティブ","2026-06-04 15:15:53.266611"
1108,"顧客01108","customer01108@example.com","ST04","退会","2026-06-04 15:15:53.266611"
1109,"顧客01109","customer01109@example.com","ST02","アクティブ","2026-06-04 15:15:53.266611"
1110,"顧客01110","customer01110@example.com","ST02","アクティブ","2026-06-04 15:15:53.266611"
1111,"顧客01111","customer01111@example.com","ST01","新規","2026-06-04 15:15:53.266611"
1112,"顧客01112","customer01112@example.com","ST04","退会","2026-06-04 15:15:53.266611"
1113,"顧客01113","customer01113@example.com","ST03","非アクティブ","2026-06-04 15:15:53.266611"
1114,"顧客01114","customer01114@example.com","ST02","アクティブ","2026-06-04 15:15:53.266611"
1115,"顧客01115","customer01115@example.com","ST02","アクティブ","2026-06-04 15:15:53.266611"
1116,"顧客01116","customer01116@example.com","ST02","アクティブ","2026-06-04 15:15:53.266611"
1117,"顧客01117","customer01117@example.com","ST01","新規","2026-06-04 15:15:53.266611"
1118,"顧客01118","customer01118@example.com","ST02","アクティブ","2026-06-04 15:15:53.266611"
1119,"顧客01119","customer01119@example.com","ST02","アクティブ","2026-06-04 15:15:53.266611"
1120,"顧客01120","customer01120@example.com","ST02","アクティブ","2026-06-04 15:15:53.266611"
1121,"顧客01121","customer01121@example.com","ST04","退会","2026-06-04 15:15:53.266611"
1122,"顧客01122","customer01122@example.com","ST03","非アクティブ","2026-06-04 15:15:53.266611"
1123,"顧客01123","customer01123@example.com","ST04","退会","2026-06-04 15:15:53.266611"
1124,"顧客01124","customer01124@example.com","ST02","アクティブ","2026-06-04 15:15:53.266611"
1125,"顧客01125","customer01125@example.com","ST03","非アクティブ","2026-06-04 15:15:53.266611"
1126,"顧客01126","customer01126@example.com","ST04","退会","2026-06-04 15:15:53.266611"
1127,"顧客01127","customer01127@example.com","ST03","非アクティブ","2026-06-04 15:15:53.266611"
1128,"顧客01128","customer01128@example.com","ST02","アクティブ","2026-06-04 15:15:53.266611"
1129,"顧客01129","customer01129@example.com","ST01","新規","2026-06-04 15:15:53.266611"
1130,"顧客01130","customer01130@example.com","ST02","アクティブ","2026-06-04 15:15:53.266611"
1131,"顧客01131","customer01131@example.com","ST02","アクティブ","2026-06-04 15:15:53.266611"
1132,"顧客01132","customer01132@example.com","ST04","退会","2026-06-04 15:15:53.266611"
1133,"顧客01133","customer01133@example.com","ST02","アクティブ","2026-06-04 15:15:53.266611"
1134,"顧客01134","customer01134@example.com","ST04","退会","2026-06-04 15:15:53.266611"
1135,"顧客01135","customer01135@example.com","ST04","退会","2026-06-04 15:15:53.266611"
1136,"顧客01136","customer01136@example.com","ST03","非アクティブ","2026-06-04 15:15:53.266611"
1137,"顧客01137","customer01137@example.com","ST02","アクティブ","2026-06-04 15:15:53.266611"
1138,"顧客01138","customer01138@example.com","ST02","アクティブ","2026-06-04 15:15:53.266611"
1139,"顧客01139","customer01139@example.com","ST02","アクティブ","2026-06-04 15:15:53.266611"
1140,"顧客01140","customer01140@example.com","ST02","アクティブ","2026-06-04 15:15:53.266611"
1141,"顧客01141","customer01141@example.com","ST01","新規","2026-06-04 15:15:53.266611"
1142,"顧客01142","customer01142@example.com","ST02","アクティブ","2026-06-04 15:15:53.266611"
1143,"顧客01143","customer01143@example.com","ST03","非アクティブ","2026-06-04 15:15:53.266611"
1144,"顧客01144","customer01144@example.com","ST02","アクティブ","2026-06-04 15:15:53.266611"
1145,"顧客01145","customer01145@example.com","ST02","アクティブ","2026-06-04 15:15:53.266611"
1146,"顧客01146","customer01146@example.com","ST04","退会","2026-06-04 15:15:53.266611"
1147,"顧客01147","customer01147@example.com","ST01","新規","2026-06-04 15:15:53.266611"
1148,"顧客01148","customer01148@example.com","ST03","非アクティブ","2026-06-04 15:15:53.266611"
1149,"顧客01149","customer01149@example.com","ST04","退会","2026-06-04 15:15:53.266611"
1150,"顧客01150","customer01150@example.com","ST03","非アクティブ","2026-06-04 15:15:53.266611"
1151,"顧客01151","customer01151@example.com","ST03","非アクティブ","2026-06-04 15:15:53.266611"
1152,"顧客01152","customer01152@example.com","ST04","退会","2026-06-04 15:15:53.266611"
1153,"顧客01153","customer01153@example.com","ST02","アクティブ","2026-06-04 15:15:53.266611"
1154,"顧客01154","customer01154@example.com","ST04","退会","2026-06-04 15:15:53.266611"
1155,"顧客01155","customer01155@example.com","ST03","非アクティブ","2026-06-04 15:15:53.266611"
1156,"顧客01156","customer01156@example.com","ST04","退会","2026-06-04 15:15:53.266611"
1157,"顧客01157","customer01157@example.com","ST04","退会","2026-06-04 15:15:53.266611"
1158,"顧客01158","customer01158@example.com","ST04","退会","2026-06-04 15:15:53.266611"
1159,"顧客01159","customer01159@example.com","ST02","アクティブ","2026-06-04 15:15:53.266611"
1160,"顧客01160","customer01160@example.com","ST04","退会","2026-06-04 15:15:53.266611"
1161,"顧客01161","customer01161@example.com","ST04","退会","2026-06-04 15:15:53.266611"
1162,"顧客01162","customer01162@example.com","ST02","アクティブ","2026-06-04 15:15:53.266611"
1163,"顧客01163","customer01163@example.com","ST01","新規","2026-06-04 15:15:53.266611"
1164,"顧客01164","customer01164@example.com","ST01","新規","2026-06-04 15:15:53.266611"
1165,"顧客01165","customer01165@example.com","ST02","アクティブ","2026-06-04 15:15:53.266611"
1166,"顧客01166","customer01166@example.com","ST03","非アクティブ","2026-06-04 15:15:53.266611"
1167,"顧客01167","customer01167@example.com","ST04","退会","2026-06-04 15:15:53.266611"
1168,"顧客01168","customer01168@example.com","ST03","非アクティブ","2026-06-04 15:15:53.266611"
1169,"顧客01169","customer01169@example.com","ST02","アクティブ","2026-06-04 15:15:53.266611"
1170,"顧客01170","customer01170@example.com","ST02","アクティブ","2026-06-04 15:15:53.266611"
1171,"顧客01171","customer01171@example.com","ST01","新規","2026-06-04 15:15:53.266611"
1172,"顧客01172","customer01172@example.com","ST01","新規","2026-06-04 15:15:53.266611"
1173,"顧客01173","customer01173@example.com","ST02","アクティブ","2026-06-04 15:15:53.266611"
1174,"顧客01174","customer01174@example.com","ST02","アクティブ","2026-06-04 15:15:53.266611"
1175,"顧客01175","customer01175@example.com","ST03","非アクティブ","2026-06-04 15:15:53.266611"
1176,"顧客01176","customer01176@example.com","ST01","新規","2026-06-04 15:15:53.266611"
1177,"顧客01177","customer01177@example.com","ST02","アクティブ","2026-06-04 15:15:53.266611"
1178,"顧客01178","customer01178@example.com","ST01","新規","2026-06-04 15:15:53.266611"
1179,"顧客01179","customer01179@example.com","ST02","アクティブ","2026-06-04 15:15:53.266611"
1180,"顧客01180","customer01180@example.com","ST03","非アクティブ","2026-06-04 15:15:53.266611"
1181,"顧客01181","customer01181@example.com","ST01","新規","2026-06-04 15:15:53.266611"
1182,"顧客01182","customer01182@example.com","ST02","アクティブ","2026-06-04 15:15:53.266611"
1183,"顧客01183","customer01183@example.com","ST02","アクティブ","2026-06-04 15:15:53.266611"
1184,"顧客01184","customer01184@example.com","ST04","退会","2026-06-04 15:15:53.266611"
1185,"顧客01185","customer01185@example.com","ST04","退会","2026-06-04 15:15:53.266611"
1186,"顧客01186","customer01186@example.com","ST04","退会","2026-06-04 15:15:53.266611"
1187,"顧客01187","customer01187@example.com","ST04","退会","2026-06-04 15:15:53.266611"
1188,"顧客01188","customer01188@example.com","ST04","退会","2026-06-04 15:15:53.266611"
1189,"顧客01189","customer01189@example.com","ST01","新規","2026-06-04 15:15:53.266611"
1190,"顧客01190","customer01190@example.com","ST03","非アクティブ","2026-06-04 15:15:53.266611"
1191,"顧客01191","customer01191@example.com","ST02","アクティブ","2026-06-04 15:15:53.266611"
1192,"顧客01192","customer01192@example.com","ST04","退会","2026-06-04 15:15:53.266611"
1193,"顧客01193","customer01193@example.com","ST01","新規","2026-06-04 15:15:53.266611"
1194,"顧客01194","customer01194@example.com","ST03","非アクティブ","2026-06-04 15:15:53.266611"
1195,"顧客01195","customer01195@example.com","ST02","アクティブ","2026-06-04 15:15:53.266611"
1196,"顧客01196","customer01196@example.com","ST03","非アクティブ","2026-06-04 15:15:53.266611"
1197,"顧客01197","customer01197@example.com","ST02","アクティブ","2026-06-04 15:15:53.266611"
1198,"顧客01198","customer01198@example.com","ST02","アクティブ","2026-06-04 15:15:53.266611"
1199,"顧客01199","customer01199@example.com","ST02","アクティブ","2026-06-04 15:15:53.266611"
1200,"顧客01200","customer01200@example.com","ST02","アクティブ","2026-06-04 15:15:53.266611"
1201,"顧客01201","customer01201@example.com","ST03","非アクティブ","2026-06-04 15:15:53.266611"
1202,"顧客01202","customer01202@example.com","ST02","アクティブ","2026-06-04 15:15:53.266611"
1203,"顧客01203","customer01203@example.com","ST03","非アクティブ","2026-06-04 15:15:53.266611"
1204,"顧客01204","customer01204@example.com","ST03","非アクティブ","2026-06-04 15:15:53.266611"
1205,"顧客01205","customer01205@example.com","ST02","アクティブ","2026-06-04 15:15:53.266611"
1206,"顧客01206","customer01206@example.com","ST03","非アクティブ","2026-06-04 15:15:53.266611"
1207,"顧客01207","customer01207@example.com","ST04","退会","2026-06-04 15:15:53.266611"
1208,"顧客01208","customer01208@example.com","ST03","非アクティブ","2026-06-04 15:15:53.266611"
1209,"顧客01209","customer01209@example.com","ST02","アクティブ","2026-06-04 15:15:53.266611"
1210,"顧客01210","customer01210@example.com","ST03","非アクティブ","2026-06-04 15:15:53.266611"
1211,"顧客01211","customer01211@example.com","ST03","非アクティブ","2026-06-04 15:15:53.266611"
1212,"顧客01212","customer01212@example.com","ST02","アクティブ","2026-06-04 15:15:53.266611"
1213,"顧客01213","customer01213@example.com","ST01","新規","2026-06-04 15:15:53.266611"
1214,"顧客01214","customer01214@example.com","ST04","退会","2026-06-04 15:15:53.266611"
1215,"顧客01215","customer01215@example.com","ST02","アクティブ","2026-06-04 15:15:53.266611"
1216,"顧客01216","customer01216@example.com","ST02","アクティブ","2026-06-04 15:15:53.266611"
1217,"顧客01217","customer01217@example.com","ST03","非アクティブ","2026-06-04 15:15:53.266611"
1218,"顧客01218","customer01218@example.com","ST02","アクティブ","2026-06-04 15:15:53.266611"
1219,"顧客01219","customer01219@example.com","ST02","アクティブ","2026-06-04 15:15:53.266611"
1220,"顧客01220","customer01220@example.com","ST01","新規","2026-06-04 15:15:53.266611"
1221,"顧客01221","customer01221@example.com","ST03","非アクティブ","2026-06-04 15:15:53.266611"
1222,"顧客01222","customer01222@example.com","ST04","退会","2026-06-04 15:15:53.266611"
1223,"顧客01223","customer01223@example.com","ST01","新規","2026-06-04 15:15:53.266611"
1224,"顧客01224","customer01224@example.com","ST02","アクティブ","2026-06-04 15:15:53.266611"
1225,"顧客01225","customer01225@example.com","ST04","退会","2026-06-04 15:15:53.266611"
1226,"顧客01226","customer01226@example.com","ST03","非アクティブ","2026-06-04 15:15:53.266611"
1227,"顧客01227","customer01227@example.com","ST04","退会","2026-06-04 15:15:53.266611"
1228,"顧客01228","customer01228@example.com","ST01","新規","2026-06-04 15:15:53.266611"
1229,"顧客01229","customer01229@example.com","ST03","非アクティブ","2026-06-04 15:15:53.266611"
1230,"顧客01230","customer01230@example.com","ST03","非アクティブ","2026-06-04 15:15:53.266611"
1231,"顧客01231","customer01231@example.com","ST03","非アクティブ","2026-06-04 15:15:53.266611"
1232,"顧客01232","customer01232@example.com","ST03","非アクティブ","2026-06-04 15:15:53.266611"
1233,"顧客01233","customer01233@example.com","ST04","退会","2026-06-04 15:15:53.266611"
1234,"顧客01234","customer01234@example.com","ST02","アクティブ","2026-06-04 15:15:53.266611"
1235,"顧客01235","customer01235@example.com","ST03","非アクティブ","2026-06-04 15:15:53.266611"
1236,"顧客01236","customer01236@example.com","ST04","退会","2026-06-04 15:15:53.266611"
1237,"顧客01237","customer01237@example.com","ST04","退会","2026-06-04 15:15:53.266611"
1238,"顧客01238","customer01238@example.com","ST01","新規","2026-06-04 15:15:53.266611"
1239,"顧客01239","customer01239@example.com","ST04","退会","2026-06-04 15:15:53.266611"
1240,"顧客01240","customer01240@example.com","ST04","退会","2026-06-04 15:15:53.266611"
1241,"顧客01241","customer01241@example.com","ST01","新規","2026-06-04 15:15:53.266611"
1242,"顧客01242","customer01242@example.com","ST04","退会","2026-06-04 15:15:53.266611"
1243,"顧客01243","customer01243@example.com","ST02","アクティブ","2026-06-04 15:15:53.266611"
1244,"顧客01244","customer01244@example.com","ST03","非アクティブ","2026-06-04 15:15:53.266611"
1245,"顧客01245","customer01245@example.com","ST04","退会","2026-06-04 15:15:53.266611"
1246,"顧客01246","customer01246@example.com","ST01","新規","2026-06-04 15:15:53.266611"
1247,"顧客01247","customer01247@example.com","ST03","非アクティブ","2026-06-04 15:15:53.266611"
1248,"顧客01248","customer01248@example.com","ST02","アクティブ","2026-06-04 15:15:53.266611"
1249,"顧客01249","customer01249@example.com","ST04","退会","2026-06-04 15:15:53.266611"
1250,"顧客01250","customer01250@example.com","ST04","退会","2026-06-04 15:15:53.266611"
1251,"顧客01251","customer01251@example.com","ST04","退会","2026-06-04 15:15:53.266611"
1252,"顧客01252","customer01252@example.com","ST01","新規","2026-06-04 15:15:53.266611"
1253,"顧客01253","customer01253@example.com","ST01","新規","2026-06-04 15:15:53.266611"
1254,"顧客01254","customer01254@example.com","ST01","新規","2026-06-04 15:15:53.266611"
1255,"顧客01255","customer01255@example.com","ST03","非アクティブ","2026-06-04 15:15:53.266611"
1256,"顧客01256","customer01256@example.com","ST02","アクティブ","2026-06-04 15:15:53.266611"
1257,"顧客01257","customer01257@example.com","ST02","アクティブ","2026-06-04 15:15:53.266611"
1258,"顧客01258","customer01258@example.com","ST02","アクティブ","2026-06-04 15:15:53.266611"
1259,"顧客01259","customer01259@example.com","ST03","非アクティブ","2026-06-04 15:15:53.266611"
1260,"顧客01260","customer01260@example.com","ST03","非アクティブ","2026-06-04 15:15:53.266611"
1261,"顧客01261","customer01261@example.com","ST03","非アクティブ","2026-06-04 15:15:53.266611"
1262,"顧客01262","customer01262@example.com","ST03","非アクティブ","2026-06-04 15:15:53.266611"
1263,"顧客01263","customer01263@example.com","ST03","非アクティブ","2026-06-04 15:15:53.266611"
1264,"顧客01264","customer01264@example.com","ST03","非アクティブ","2026-06-04 15:15:53.266611"
1265,"顧客01265","customer01265@example.com","ST03","非アクティブ","2026-06-04 15:15:53.266611"
1266,"顧客01266","customer01266@example.com","ST04","退会","2026-06-04 15:15:53.266611"
1267,"顧客01267","customer01267@example.com","ST02","アクティブ","2026-06-04 15:15:53.266611"
1268,"顧客01268","customer01268@example.com","ST01","新規","2026-06-04 15:15:53.266611"
1269,"顧客01269","customer01269@example.com","ST02","アクティブ","2026-06-04 15:15:53.266611"
1270,"顧客01270","customer01270@example.com","ST02","アクティブ","2026-06-04 15:15:53.266611"
1271,"顧客01271","customer01271@example.com","ST04","退会","2026-06-04 15:15:53.266611"
1272,"顧客01272","customer01272@example.com","ST04","退会","2026-06-04 15:15:53.266611"
1273,"顧客01273","customer01273@example.com","ST03","非アクティブ","2026-06-04 15:15:53.266611"
1274,"顧客01274","customer01274@example.com","ST02","アクティブ","2026-06-04 15:15:53.266611"
1275,"顧客01275","customer01275@example.com","ST01","新規","2026-06-04 15:15:53.266611"
1276,"顧客01276","customer01276@example.com","ST02","アクティブ","2026-06-04 15:15:53.266611"
1277,"顧客01277","customer01277@example.com","ST04","退会","2026-06-04 15:15:53.266611"
1278,"顧客01278","customer01278@example.com","ST02","アクティブ","2026-06-04 15:15:53.266611"
1279,"顧客01279","customer01279@example.com","ST02","アクティブ","2026-06-04 15:15:53.266611"
1280,"顧客01280","customer01280@example.com","ST04","退会","2026-06-04 15:15:53.266611"
1281,"顧客01281","customer01281@example.com","ST03","非アクティブ","2026-06-04 15:15:53.266611"
1282,"顧客01282","customer01282@example.com","ST03","非アクティブ","2026-06-04 15:15:53.266611"
1283,"顧客01283","customer01283@example.com","ST04","退会","2026-06-04 15:15:53.266611"
1284,"顧客01284","customer01284@example.com","ST04","退会","2026-06-04 15:15:53.266611"
1285,"顧客01285","customer01285@example.com","ST01","新規","2026-06-04 15:15:53.266611"
1286,"顧客01286","customer01286@example.com","ST01","新規","2026-06-04 15:15:53.266611"
1287,"顧客01287","customer01287@example.com","ST04","退会","2026-06-04 15:15:53.266611"
1288,"顧客01288","customer01288@example.com","ST04","退会","2026-06-04 15:15:53.266611"
1289,"顧客01289","customer01289@example.com","ST03","非アクティブ","2026-06-04 15:15:53.266611"
1290,"顧客01290","customer01290@example.com","ST01","新規","2026-06-04 15:15:53.266611"
1291,"顧客01291","customer01291@example.com","ST02","アクティブ","2026-06-04 15:15:53.266611"
1292,"顧客01292","customer01292@example.com","ST02","アクティブ","2026-06-04 15:15:53.266611"
1293,"顧客01293","customer01293@example.com","ST02","アクティブ","2026-06-04 15:15:53.266611"
1294,"顧客01294","customer01294@example.com","ST03","非アクティブ","2026-06-04 15:15:53.266611"
1295,"顧客01295","customer01295@example.com","ST02","アクティブ","2026-06-04 15:15:53.266611"
1296,"顧客01296","customer01296@example.com","ST01","新規","2026-06-04 15:15:53.266611"
1297,"顧客01297","customer01297@example.com","ST01","新規","2026-06-04 15:15:53.266611"
1298,"顧客01298","customer01298@example.com","ST03","非アクティブ","2026-06-04 15:15:53.266611"
1299,"顧客01299","customer01299@example.com","ST03","非アクティブ","2026-06-04 15:15:53.266611"
1300,"顧客01300","customer01300@example.com","ST02","アクティブ","2026-06-04 15:15:53.266611"
1301,"顧客01301","customer01301@example.com","ST04","退会","2026-06-04 15:15:53.266611"
1302,"顧客01302","customer01302@example.com","ST04","退会","2026-06-04 15:15:53.266611"
1303,"顧客01303","customer01303@example.com","ST03","非アクティブ","2026-06-04 15:15:53.266611"
1304,"顧客01304","customer01304@example.com","ST03","非アクティブ","2026-06-04 15:15:53.266611"
1305,"顧客01305","customer01305@example.com","ST01","新規","2026-06-04 15:15:53.266611"
1306,"顧客01306","customer01306@example.com","ST01","新規","2026-06-04 15:15:53.266611"
1307,"顧客01307","customer01307@example.com","ST03","非アクティブ","2026-06-04 15:15:53.266611"
1308,"顧客01308","customer01308@example.com","ST02","アクティブ","2026-06-04 15:15:53.266611"
1309,"顧客01309","customer01309@example.com","ST02","アクティブ","2026-06-04 15:15:53.266611"
1310,"顧客01310","customer01310@example.com","ST02","アクティブ","2026-06-04 15:15:53.266611"
1311,"顧客01311","customer01311@example.com","ST02","アクティブ","2026-06-04 15:15:53.266611"
1312,"顧客01312","customer01312@example.com","ST01","新規","2026-06-04 15:15:53.266611"
1313,"顧客01313","customer01313@example.com","ST01","新規","2026-06-04 15:15:53.266611"
1314,"顧客01314","customer01314@example.com","ST01","新規","2026-06-04 15:15:53.266611"
1315,"顧客01315","customer01315@example.com","ST04","退会","2026-06-04 15:15:53.266611"
1316,"顧客01316","customer01316@example.com","ST04","退会","2026-06-04 15:15:53.266611"
1317,"顧客01317","customer01317@example.com","ST02","アクティブ","2026-06-04 15:15:53.266611"
1318,"顧客01318","customer01318@example.com","ST04","退会","2026-06-04 15:15:53.266611"
1319,"顧客01319","customer01319@example.com","ST01","新規","2026-06-04 15:15:53.266611"
1320,"顧客01320","customer01320@example.com","ST03","非アクティブ","2026-06-04 15:15:53.266611"
1321,"顧客01321","customer01321@example.com","ST03","非アクティブ","2026-06-04 15:15:53.266611"
1322,"顧客01322","customer01322@example.com","ST04","退会","2026-06-04 15:15:53.266611"
1323,"顧客01323","customer01323@example.com","ST03","非アクティブ","2026-06-04 15:15:53.266611"
1324,"顧客01324","customer01324@example.com","ST01","新規","2026-06-04 15:15:53.266611"
1325,"顧客01325","customer01325@example.com","ST02","アクティブ","2026-06-04 15:15:53.266611"
1326,"顧客01326","customer01326@example.com","ST02","アクティブ","2026-06-04 15:15:53.266611"
1327,"顧客01327","customer01327@example.com","ST01","新規","2026-06-04 15:15:53.266611"
1328,"顧客01328","customer01328@example.com","ST04","退会","2026-06-04 15:15:53.266611"
1329,"顧客01329","customer01329@example.com","ST03","非アクティブ","2026-06-04 15:15:53.266611"
1330,"顧客01330","customer01330@example.com","ST04","退会","2026-06-04 15:15:53.266611"
1331,"顧客01331","customer01331@example.com","ST02","アクティブ","2026-06-04 15:15:53.266611"
1332,"顧客01332","customer01332@example.com","ST02","アクティブ","2026-06-04 15:15:53.266611"
1333,"顧客01333","customer01333@example.com","ST01","新規","2026-06-04 15:15:53.266611"
1334,"顧客01334","customer01334@example.com","ST04","退会","2026-06-04 15:15:53.266611"
1335,"顧客01335","customer01335@example.com","ST01","新規","2026-06-04 15:15:53.266611"
1336,"顧客01336","customer01336@example.com","ST04","退会","2026-06-04 15:15:53.266611"
1337,"顧客01337","customer01337@example.com","ST01","新規","2026-06-04 15:15:53.266611"
1338,"顧客01338","customer01338@example.com","ST03","非アクティブ","2026-06-04 15:15:53.266611"
1339,"顧客01339","customer01339@example.com","ST03","非アクティブ","2026-06-04 15:15:53.266611"
1340,"顧客01340","customer01340@example.com","ST02","アクティブ","2026-06-04 15:15:53.266611"
1341,"顧客01341","customer01341@example.com","ST03","非アクティブ","2026-06-04 15:15:53.266611"
1342,"顧客01342","customer01342@example.com","ST03","非アクティブ","2026-06-04 15:15:53.266611"
1343,"顧客01343","customer01343@example.com","ST01","新規","2026-06-04 15:15:53.266611"
1344,"顧客01344","customer01344@example.com","ST03","非アクティブ","2026-06-04 15:15:53.266611"
1345,"顧客01345","customer01345@example.com","ST02","アクティブ","2026-06-04 15:15:53.266611"
1346,"顧客01346","customer01346@example.com","ST03","非アクティブ","2026-06-04 15:15:53.266611"
1347,"顧客01347","customer01347@example.com","ST01","新規","2026-06-04 15:15:53.266611"
1348,"顧客01348","customer01348@example.com","ST01","新規","2026-06-04 15:15:53.266611"
1349,"顧客01349","customer01349@example.com","ST04","退会","2026-06-04 15:15:53.266611"
1350,"顧客01350","customer01350@example.com","ST01","新規","2026-06-04 15:15:53.266611"
1351,"顧客01351","customer01351@example.com","ST04","退会","2026-06-04 15:15:53.266611"
1352,"顧客01352","customer01352@example.com","ST04","退会","2026-06-04 15:15:53.266611"
1353,"顧客01353","customer01353@example.com","ST03","非アクティブ","2026-06-04 15:15:53.266611"
1354,"顧客01354","customer01354@example.com","ST01","新規","2026-06-04 15:15:53.266611"
1355,"顧客01355","customer01355@example.com","ST03","非アクティブ","2026-06-04 15:15:53.266611"
1356,"顧客01356","customer01356@example.com","ST02","アクティブ","2026-06-04 15:15:53.266611"
1357,"顧客01357","customer01357@example.com","ST04","退会","2026-06-04 15:15:53.266611"
1358,"顧客01358","customer01358@example.com","ST03","非アクティブ","2026-06-04 15:15:53.266611"
1359,"顧客01359","customer01359@example.com","ST02","アクティブ","2026-06-04 15:15:53.266611"
1360,"顧客01360","customer01360@example.com","ST01","新規","2026-06-04 15:15:53.266611"
1361,"顧客01361","customer01361@example.com","ST03","非アクティブ","2026-06-04 15:15:53.266611"
1362,"顧客01362","customer01362@example.com","ST03","非アクティブ","2026-06-04 15:15:53.266611"
1363,"顧客01363","customer01363@example.com","ST03","非アクティブ","2026-06-04 15:15:53.266611"
1364,"顧客01364","customer01364@example.com","ST04","退会","2026-06-04 15:15:53.266611"
1365,"顧客01365","customer01365@example.com","ST02","アクティブ","2026-06-04 15:15:53.266611"
1366,"顧客01366","customer01366@example.com","ST02","アクティブ","2026-06-04 15:15:53.266611"
1367,"顧客01367","customer01367@example.com","ST01","新規","2026-06-04 15:15:53.266611"
1368,"顧客01368","customer01368@example.com","ST02","アクティブ","2026-06-04 15:15:53.266611"
1369,"顧客01369","customer01369@example.com","ST03","非アクティブ","2026-06-04 15:15:53.266611"
1370,"顧客01370","customer01370@example.com","ST03","非アクティブ","2026-06-04 15:15:53.266611"
1371,"顧客01371","customer01371@example.com","ST02","アクティブ","2026-06-04 15:15:53.266611"
1372,"顧客01372","customer01372@example.com","ST02","アクティブ","2026-06-04 15:15:53.266611"
1373,"顧客01373","customer01373@example.com","ST02","アクティブ","2026-06-04 15:15:53.266611"
1374,"顧客01374","customer01374@example.com","ST02","アクティブ","2026-06-04 15:15:53.266611"
1375,"顧客01375","customer01375@example.com","ST02","アクティブ","2026-06-04 15:15:53.266611"
1376,"顧客01376","customer01376@example.com","ST02","アクティブ","2026-06-04 15:15:53.266611"
1377,"顧客01377","customer01377@example.com","ST01","新規","2026-06-04 15:15:53.266611"
1378,"顧客01378","customer01378@example.com","ST03","非アクティブ","2026-06-04 15:15:53.266611"
1379,"顧客01379","customer01379@example.com","ST03","非アクティブ","2026-06-04 15:15:53.266611"
1380,"顧客01380","customer01380@example.com","ST03","非アクティブ","2026-06-04 15:15:53.266611"
1381,"顧客01381","customer01381@example.com","ST02","アクティブ","2026-06-04 15:15:53.266611"
1382,"顧客01382","customer01382@example.com","ST02","アクティブ","2026-06-04 15:15:53.266611"
1383,"顧客01383","customer01383@example.com","ST02","アクティブ","2026-06-04 15:15:53.266611"
1384,"顧客01384","customer01384@example.com","ST04","退会","2026-06-04 15:15:53.266611"
1385,"顧客01385","customer01385@example.com","ST03","非アクティブ","2026-06-04 15:15:53.266611"
1386,"顧客01386","customer01386@example.com","ST02","アクティブ","2026-06-04 15:15:53.266611"
1387,"顧客01387","customer01387@example.com","ST02","アクティブ","2026-06-04 15:15:53.266611"
1388,"顧客01388","customer01388@example.com","ST04","退会","2026-06-04 15:15:53.266611"
1389,"顧客01389","customer01389@example.com","ST02","アクティブ","2026-06-04 15:15:53.266611"
1390,"顧客01390","customer01390@example.com","ST01","新規","2026-06-04 15:15:53.266611"
1391,"顧客01391","customer01391@example.com","ST01","新規","2026-06-04 15:15:53.266611"
1392,"顧客01392","customer01392@example.com","ST02","アクティブ","2026-06-04 15:15:53.266611"
1393,"顧客01393","customer01393@example.com","ST03","非アクティブ","2026-06-04 15:15:53.266611"
1394,"顧客01394","customer01394@example.com","ST04","退会","2026-06-04 15:15:53.266611"
1395,"顧客01395","customer01395@example.com","ST02","アクティブ","2026-06-04 15:15:53.266611"
1396,"顧客01396","customer01396@example.com","ST04","退会","2026-06-04 15:15:53.266611"
1397,"顧客01397","customer01397@example.com","ST01","新規","2026-06-04 15:15:53.266611"
1398,"顧客01398","customer01398@example.com","ST01","新規","2026-06-04 15:15:53.266611"
1399,"顧客01399","customer01399@example.com","ST04","退会","2026-06-04 15:15:53.266611"
1400,"顧客01400","customer01400@example.com","ST01","新規","2026-06-04 15:15:53.266611"
1401,"顧客01401","customer01401@example.com","ST02","アクティブ","2026-06-04 15:15:53.266611"
1402,"顧客01402","customer01402@example.com","ST02","アクティブ","2026-06-04 15:15:53.266611"
1403,"顧客01403","customer01403@example.com","ST01","新規","2026-06-04 15:15:53.266611"
1404,"顧客01404","customer01404@example.com","ST03","非アクティブ","2026-06-04 15:15:53.266611"
1405,"顧客01405","customer01405@example.com","ST04","退会","2026-06-04 15:15:53.266611"
1406,"顧客01406","customer01406@example.com","ST04","退会","2026-06-04 15:15:53.266611"
1407,"顧客01407","customer01407@example.com","ST02","アクティブ","2026-06-04 15:15:53.266611"
1408,"顧客01408","customer01408@example.com","ST02","アクティブ","2026-06-04 15:15:53.266611"
1409,"顧客01409","customer01409@example.com","ST03","非アクティブ","2026-06-04 15:15:53.266611"
1410,"顧客01410","customer01410@example.com","ST04","退会","2026-06-04 15:15:53.266611"
1411,"顧客01411","customer01411@example.com","ST03","非アクティブ","2026-06-04 15:15:53.266611"
1412,"顧客01412","customer01412@example.com","ST02","アクティブ","2026-06-04 15:15:53.266611"
1413,"顧客01413","customer01413@example.com","ST01","新規","2026-06-04 15:15:53.266611"
1414,"顧客01414","customer01414@example.com","ST03","非アクティブ","2026-06-04 15:15:53.266611"
1415,"顧客01415","customer01415@example.com","ST02","アクティブ","2026-06-04 15:15:53.266611"
1416,"顧客01416","customer01416@example.com","ST03","非アクティブ","2026-06-04 15:15:53.266611"
1417,"顧客01417","customer01417@example.com","ST04","退会","2026-06-04 15:15:53.266611"
1418,"顧客01418","customer01418@example.com","ST03","非アクティブ","2026-06-04 15:15:53.266611"
1419,"顧客01419","customer01419@example.com","ST02","アクティブ","2026-06-04 15:15:53.266611"
1420,"顧客01420","customer01420@example.com","ST04","退会","2026-06-04 15:15:53.266611"
1421,"顧客01421","customer01421@example.com","ST03","非アクティブ","2026-06-04 15:15:53.266611"
1422,"顧客01422","customer01422@example.com","ST02","アクティブ","2026-06-04 15:15:53.266611"
1423,"顧客01423","customer01423@example.com","ST02","アクティブ","2026-06-04 15:15:53.266611"
1424,"顧客01424","customer01424@example.com","ST03","非アクティブ","2026-06-04 15:15:53.266611"
1425,"顧客01425","customer01425@example.com","ST02","アクティブ","2026-06-04 15:15:53.266611"
1426,"顧客01426","customer01426@example.com","ST03","非アクティブ","2026-06-04 15:15:53.266611"
1427,"顧客01427","customer01427@example.com","ST01","新規","2026-06-04 15:15:53.266611"
1428,"顧客01428","customer01428@example.com","ST01","新規","2026-06-04 15:15:53.266611"
1429,"顧客01429","customer01429@example.com","ST02","アクティブ","2026-06-04 15:15:53.266611"
1430,"顧客01430","customer01430@example.com","ST03","非アクティブ","2026-06-04 15:15:53.266611"
1431,"顧客01431","customer01431@example.com","ST04","退会","2026-06-04 15:15:53.266611"
1432,"顧客01432","customer01432@example.com","ST01","新規","2026-06-04 15:15:53.266611"
1433,"顧客01433","customer01433@example.com","ST03","非アクティブ","2026-06-04 15:15:53.266611"
1434,"顧客01434","customer01434@example.com","ST03","非アクティブ","2026-06-04 15:15:53.266611"
1435,"顧客01435","customer01435@example.com","ST03","非アクティブ","2026-06-04 15:15:53.266611"
1436,"顧客01436","customer01436@example.com","ST02","アクティブ","2026-06-04 15:15:53.266611"
1437,"顧客01437","customer01437@example.com","ST02","アクティブ","2026-06-04 15:15:53.266611"
1438,"顧客01438","customer01438@example.com","ST01","新規","2026-06-04 15:15:53.266611"
1439,"顧客01439","customer01439@example.com","ST04","退会","2026-06-04 15:15:53.266611"
1440,"顧客01440","customer01440@example.com","ST03","非アクティブ","2026-06-04 15:15:53.266611"
1441,"顧客01441","customer01441@example.com","ST03","非アクティブ","2026-06-04 15:15:53.266611"
1442,"顧客01442","customer01442@example.com","ST03","非アクティブ","2026-06-04 15:15:53.266611"
1443,"顧客01443","customer01443@example.com","ST02","アクティブ","2026-06-04 15:15:53.266611"
1444,"顧客01444","customer01444@example.com","ST01","新規","2026-06-04 15:15:53.266611"
1445,"顧客01445","customer01445@example.com","ST04","退会","2026-06-04 15:15:53.266611"
1446,"顧客01446","customer01446@example.com","ST01","新規","2026-06-04 15:15:53.266611"
1447,"顧客01447","customer01447@example.com","ST02","アクティブ","2026-06-04 15:15:53.266611"
1448,"顧客01448","customer01448@example.com","ST03","非アクティブ","2026-06-04 15:15:53.266611"
1449,"顧客01449","customer01449@example.com","ST02","アクティブ","2026-06-04 15:15:53.266611"
1450,"顧客01450","customer01450@example.com","ST03","非アクティブ","2026-06-04 15:15:53.266611"
1451,"顧客01451","customer01451@example.com","ST01","新規","2026-06-04 15:15:53.266611"
1452,"顧客01452","customer01452@example.com","ST03","非アクティブ","2026-06-04 15:15:53.266611"
1453,"顧客01453","customer01453@example.com","ST01","新規","2026-06-04 15:15:53.266611"
1454,"顧客01454","customer01454@example.com","ST02","アクティブ","2026-06-04 15:15:53.266611"
1455,"顧客01455","customer01455@example.com","ST01","新規","2026-06-04 15:15:53.266611"
1456,"顧客01456","customer01456@example.com","ST04","退会","2026-06-04 15:15:53.266611"
1457,"顧客01457","customer01457@example.com","ST01","新規","2026-06-04 15:15:53.266611"
1458,"顧客01458","customer01458@example.com","ST01","新規","2026-06-04 15:15:53.266611"
1459,"顧客01459","customer01459@example.com","ST04","退会","2026-06-04 15:15:53.266611"
1460,"顧客01460","customer01460@example.com","ST02","アクティブ","2026-06-04 15:15:53.266611"
1461,"顧客01461","customer01461@example.com","ST04","退会","2026-06-04 15:15:53.266611"
1462,"顧客01462","customer01462@example.com","ST02","アクティブ","2026-06-04 15:15:53.266611"
1463,"顧客01463","customer01463@example.com","ST02","アクティブ","2026-06-04 15:15:53.266611"
1464,"顧客01464","customer01464@example.com","ST03","非アクティブ","2026-06-04 15:15:53.266611"
1465,"顧客01465","customer01465@example.com","ST01","新規","2026-06-04 15:15:53.266611"
1466,"顧客01466","customer01466@example.com","ST01","新規","2026-06-04 15:15:53.266611"
1467,"顧客01467","customer01467@example.com","ST04","退会","2026-06-04 15:15:53.266611"
1468,"顧客01468","customer01468@example.com","ST04","退会","2026-06-04 15:15:53.266611"
1469,"顧客01469","customer01469@example.com","ST01","新規","2026-06-04 15:15:53.266611"
1470,"顧客01470","customer01470@example.com","ST04","退会","2026-06-04 15:15:53.266611"
1471,"顧客01471","customer01471@example.com","ST03","非アクティブ","2026-06-04 15:15:53.266611"
1472,"顧客01472","customer01472@example.com","ST02","アクティブ","2026-06-04 15:15:53.266611"
1473,"顧客01473","customer01473@example.com","ST02","アクティブ","2026-06-04 15:15:53.266611"
1474,"顧客01474","customer01474@example.com","ST01","新規","2026-06-04 15:15:53.266611"
1475,"顧客01475","customer01475@example.com","ST03","非アクティブ","2026-06-04 15:15:53.266611"
1476,"顧客01476","customer01476@example.com","ST01","新規","2026-06-04 15:15:53.266611"
1477,"顧客01477","customer01477@example.com","ST04","退会","2026-06-04 15:15:53.266611"
1478,"顧客01478","customer01478@example.com","ST03","非アクティブ","2026-06-04 15:15:53.266611"
1479,"顧客01479","customer01479@example.com","ST04","退会","2026-06-04 15:15:53.266611"
1480,"顧客01480","customer01480@example.com","ST02","アクティブ","2026-06-04 15:15:53.266611"
1481,"顧客01481","customer01481@example.com","ST03","非アクティブ","2026-06-04 15:15:53.266611"
1482,"顧客01482","customer01482@example.com","ST01","新規","2026-06-04 15:15:53.266611"
1483,"顧客01483","customer01483@example.com","ST03","非アクティブ","2026-06-04 15:15:53.266611"
1484,"顧客01484","customer01484@example.com","ST04","退会","2026-06-04 15:15:53.266611"
1485,"顧客01485","customer01485@example.com","ST01","新規","2026-06-04 15:15:53.266611"
1486,"顧客01486","customer01486@example.com","ST03","非アクティブ","2026-06-04 15:15:53.266611"
1487,"顧客01487","customer01487@example.com","ST02","アクティブ","2026-06-04 15:15:53.266611"
1488,"顧客01488","customer01488@example.com","ST03","非アクティブ","2026-06-04 15:15:53.266611"
1489,"顧客01489","customer01489@example.com","ST02","アクティブ","2026-06-04 15:15:53.266611"
1490,"顧客01490","customer01490@example.com","ST04","退会","2026-06-04 15:15:53.266611"
1491,"顧客01491","customer01491@example.com","ST03","非アクティブ","2026-06-04 15:15:53.266611"
1492,"顧客01492","customer01492@example.com","ST01","新規","2026-06-04 15:15:53.266611"
1493,"顧客01493","customer01493@example.com","ST03","非アクティブ","2026-06-04 15:15:53.266611"
1494,"顧客01494","customer01494@example.com","ST03","非アクティブ","2026-06-04 15:15:53.266611"
1495,"顧客01495","customer01495@example.com","ST03","非アクティブ","2026-06-04 15:15:53.266611"
1496,"顧客01496","customer01496@example.com","ST02","アクティブ","2026-06-04 15:15:53.266611"
1497,"顧客01497","customer01497@example.com","ST02","アクティブ","2026-06-04 15:15:53.266611"
1498,"顧客01498","customer01498@example.com","ST02","アクティブ","2026-06-04 15:15:53.266611"
1499,"顧客01499","customer01499@example.com","ST03","非アクティブ","2026-06-04 15:15:53.266611"
1500,"顧客01500","customer01500@example.com","ST03","非アクティブ","2026-06-04 15:15:53.266611"
1501,"顧客01501","customer01501@example.com","ST04","退会","2026-06-04 15:15:53.266611"
1502,"顧客01502","customer01502@example.com","ST02","アクティブ","2026-06-04 15:15:53.266611"
1503,"顧客01503","customer01503@example.com","ST02","アクティブ","2026-06-04 15:15:53.266611"
1504,"顧客01504","customer01504@example.com","ST02","アクティブ","2026-06-04 15:15:53.266611"
1505,"顧客01505","customer01505@example.com","ST04","退会","2026-06-04 15:15:53.266611"
1506,"顧客01506","customer01506@example.com","ST04","退会","2026-06-04 15:15:53.266611"
1507,"顧客01507","customer01507@example.com","ST02","アクティブ","2026-06-04 15:15:53.266611"
1508,"顧客01508","customer01508@example.com","ST03","非アクティブ","2026-06-04 15:15:53.266611"
1509,"顧客01509","customer01509@example.com","ST02","アクティブ","2026-06-04 15:15:53.266611"
1510,"顧客01510","customer01510@example.com","ST03","非アクティブ","2026-06-04 15:15:53.266611"
1511,"顧客01511","customer01511@example.com","ST03","非アクティブ","2026-06-04 15:15:53.266611"
1512,"顧客01512","customer01512@example.com","ST03","非アクティブ","2026-06-04 15:15:53.266611"
1513,"顧客01513","customer01513@example.com","ST01","新規","2026-06-04 15:15:53.266611"
1514,"顧客01514","customer01514@example.com","ST03","非アクティブ","2026-06-04 15:15:53.266611"
1515,"顧客01515","customer01515@example.com","ST04","退会","2026-06-04 15:15:53.266611"
1516,"顧客01516","customer01516@example.com","ST04","退会","2026-06-04 15:15:53.266611"
1517,"顧客01517","customer01517@example.com","ST04","退会","2026-06-04 15:15:53.266611"
1518,"顧客01518","customer01518@example.com","ST04","退会","2026-06-04 15:15:53.266611"
1519,"顧客01519","customer01519@example.com","ST01","新規","2026-06-04 15:15:53.266611"
1520,"顧客01520","customer01520@example.com","ST04","退会","2026-06-04 15:15:53.266611"
1521,"顧客01521","customer01521@example.com","ST03","非アクティブ","2026-06-04 15:15:53.266611"
1522,"顧客01522","customer01522@example.com","ST02","アクティブ","2026-06-04 15:15:53.266611"
1523,"顧客01523","customer01523@example.com","ST03","非アクティブ","2026-06-04 15:15:53.266611"
1524,"顧客01524","customer01524@example.com","ST02","アクティブ","2026-06-04 15:15:53.266611"
1525,"顧客01525","customer01525@example.com","ST03","非アクティブ","2026-06-04 15:15:53.266611"
1526,"顧客01526","customer01526@example.com","ST02","アクティブ","2026-06-04 15:15:53.266611"
1527,"顧客01527","customer01527@example.com","ST01","新規","2026-06-04 15:15:53.266611"
1528,"顧客01528","customer01528@example.com","ST04","退会","2026-06-04 15:15:53.266611"
1529,"顧客01529","customer01529@example.com","ST03","非アクティブ","2026-06-04 15:15:53.266611"
1530,"顧客01530","customer01530@example.com","ST01","新規","2026-06-04 15:15:53.266611"
1531,"顧客01531","customer01531@example.com","ST04","退会","2026-06-04 15:15:53.266611"
1532,"顧客01532","customer01532@example.com","ST03","非アクティブ","2026-06-04 15:15:53.266611"
1533,"顧客01533","customer01533@example.com","ST01","新規","2026-06-04 15:15:53.266611"
1534,"顧客01534","customer01534@example.com","ST01","新規","2026-06-04 15:15:53.266611"
1535,"顧客01535","customer01535@example.com","ST04","退会","2026-06-04 15:15:53.266611"
1536,"顧客01536","customer01536@example.com","ST03","非アクティブ","2026-06-04 15:15:53.266611"
1537,"顧客01537","customer01537@example.com","ST02","アクティブ","2026-06-04 15:15:53.266611"
1538,"顧客01538","customer01538@example.com","ST03","非アクティブ","2026-06-04 15:15:53.266611"
1539,"顧客01539","customer01539@example.com","ST04","退会","2026-06-04 15:15:53.266611"
1540,"顧客01540","customer01540@example.com","ST02","アクティブ","2026-06-04 15:15:53.266611"
1541,"顧客01541","customer01541@example.com","ST01","新規","2026-06-04 15:15:53.266611"
1542,"顧客01542","customer01542@example.com","ST03","非アクティブ","2026-06-04 15:15:53.266611"
1543,"顧客01543","customer01543@example.com","ST01","新規","2026-06-04 15:15:53.266611"
1544,"顧客01544","customer01544@example.com","ST01","新規","2026-06-04 15:15:53.266611"
1545,"顧客01545","customer01545@example.com","ST03","非アクティブ","2026-06-04 15:15:53.266611"
1546,"顧客01546","customer01546@example.com","ST04","退会","2026-06-04 15:15:53.266611"
1547,"顧客01547","customer01547@example.com","ST01","新規","2026-06-04 15:15:53.266611"
1548,"顧客01548","customer01548@example.com","ST01","新規","2026-06-04 15:15:53.266611"
1549,"顧客01549","customer01549@example.com","ST02","アクティブ","2026-06-04 15:15:53.266611"
1550,"顧客01550","customer01550@example.com","ST03","非アクティブ","2026-06-04 15:15:53.266611"
1551,"顧客01551","customer01551@example.com","ST02","アクティブ","2026-06-04 15:15:53.266611"
1552,"顧客01552","customer01552@example.com","ST03","非アクティブ","2026-06-04 15:15:53.266611"
1553,"顧客01553","customer01553@example.com","ST03","非アクティブ","2026-06-04 15:15:53.266611"
1554,"顧客01554","customer01554@example.com","ST02","アクティブ","2026-06-04 15:15:53.266611"
1555,"顧客01555","customer01555@example.com","ST01","新規","2026-06-04 15:15:53.266611"
1556,"顧客01556","customer01556@example.com","ST04","退会","2026-06-04 15:15:53.266611"
1557,"顧客01557","customer01557@example.com","ST03","非アクティブ","2026-06-04 15:15:53.266611"
1558,"顧客01558","customer01558@example.com","ST01","新規","2026-06-04 15:15:53.266611"
1559,"顧客01559","customer01559@example.com","ST01","新規","2026-06-04 15:15:53.266611"
1560,"顧客01560","customer01560@example.com","ST04","退会","2026-06-04 15:15:53.266611"
1561,"顧客01561","customer01561@example.com","ST02","アクティブ","2026-06-04 15:15:53.266611"
1562,"顧客01562","customer01562@example.com","ST04","退会","2026-06-04 15:15:53.266611"
1563,"顧客01563","customer01563@example.com","ST04","退会","2026-06-04 15:15:53.266611"
1564,"顧客01564","customer01564@example.com","ST01","新規","2026-06-04 15:15:53.266611"
1565,"顧客01565","customer01565@example.com","ST03","非アクティブ","2026-06-04 15:15:53.266611"
1566,"顧客01566","customer01566@example.com","ST04","退会","2026-06-04 15:15:53.266611"
1567,"顧客01567","customer01567@example.com","ST03","非アクティブ","2026-06-04 15:15:53.266611"
1568,"顧客01568","customer01568@example.com","ST01","新規","2026-06-04 15:15:53.266611"
1569,"顧客01569","customer01569@example.com","ST02","アクティブ","2026-06-04 15:15:53.266611"
1570,"顧客01570","customer01570@example.com","ST01","新規","2026-06-04 15:15:53.266611"
1571,"顧客01571","customer01571@example.com","ST02","アクティブ","2026-06-04 15:15:53.266611"
1572,"顧客01572","customer01572@example.com","ST04","退会","2026-06-04 15:15:53.266611"
1573,"顧客01573","customer01573@example.com","ST01","新規","2026-06-04 15:15:53.266611"
1574,"顧客01574","customer01574@example.com","ST03","非アクティブ","2026-06-04 15:15:53.266611"
1575,"顧客01575","customer01575@example.com","ST03","非アクティブ","2026-06-04 15:15:53.266611"
1576,"顧客01576","customer01576@example.com","ST04","退会","2026-06-04 15:15:53.266611"
1577,"顧客01577","customer01577@example.com","ST01","新規","2026-06-04 15:15:53.266611"
1578,"顧客01578","customer01578@example.com","ST03","非アクティブ","2026-06-04 15:15:53.266611"
1579,"顧客01579","customer01579@example.com","ST04","退会","2026-06-04 15:15:53.266611"
1580,"顧客01580","customer01580@example.com","ST02","アクティブ","2026-06-04 15:15:53.266611"
1581,"顧客01581","customer01581@example.com","ST02","アクティブ","2026-06-04 15:15:53.266611"
1582,"顧客01582","customer01582@example.com","ST02","アクティブ","2026-06-04 15:15:53.266611"
1583,"顧客01583","customer01583@example.com","ST02","アクティブ","2026-06-04 15:15:53.266611"
1584,"顧客01584","customer01584@example.com","ST02","アクティブ","2026-06-04 15:15:53.266611"
1585,"顧客01585","customer01585@example.com","ST04","退会","2026-06-04 15:15:53.266611"
1586,"顧客01586","customer01586@example.com","ST03","非アクティブ","2026-06-04 15:15:53.266611"
1587,"顧客01587","customer01587@example.com","ST03","非アクティブ","2026-06-04 15:15:53.266611"
1588,"顧客01588","customer01588@example.com","ST04","退会","2026-06-04 15:15:53.266611"
1589,"顧客01589","customer01589@example.com","ST02","アクティブ","2026-06-04 15:15:53.266611"
1590,"顧客01590","customer01590@example.com","ST03","非アクティブ","2026-06-04 15:15:53.266611"
1591,"顧客01591","customer01591@example.com","ST02","アクティブ","2026-06-04 15:15:53.266611"
1592,"顧客01592","customer01592@example.com","ST02","アクティブ","2026-06-04 15:15:53.266611"
1593,"顧客01593","customer01593@example.com","ST04","退会","2026-06-04 15:15:53.266611"
1594,"顧客01594","customer01594@example.com","ST04","退会","2026-06-04 15:15:53.266611"
1595,"顧客01595","customer01595@example.com","ST03","非アクティブ","2026-06-04 15:15:53.266611"
1596,"顧客01596","customer01596@example.com","ST02","アクティブ","2026-06-04 15:15:53.266611"
1597,"顧客01597","customer01597@example.com","ST03","非アクティブ","2026-06-04 15:15:53.266611"
1598,"顧客01598","customer01598@example.com","ST01","新規","2026-06-04 15:15:53.266611"
1599,"顧客01599","customer01599@example.com","ST02","アクティブ","2026-06-04 15:15:53.266611"
1600,"顧客01600","customer01600@example.com","ST04","退会","2026-06-04 15:15:53.266611"
1601,"顧客01601","customer01601@example.com","ST01","新規","2026-06-04 15:15:53.266611"
1602,"顧客01602","customer01602@example.com","ST02","アクティブ","2026-06-04 15:15:53.266611"
1603,"顧客01603","customer01603@example.com","ST04","退会","2026-06-04 15:15:53.266611"
1604,"顧客01604","customer01604@example.com","ST01","新規","2026-06-04 15:15:53.266611"
1605,"顧客01605","customer01605@example.com","ST03","非アクティブ","2026-06-04 15:15:53.266611"
1606,"顧客01606","customer01606@example.com","ST03","非アクティブ","2026-06-04 15:15:53.266611"
1607,"顧客01607","customer01607@example.com","ST01","新規","2026-06-04 15:15:53.266611"
1608,"顧客01608","customer01608@example.com","ST04","退会","2026-06-04 15:15:53.266611"
1609,"顧客01609","customer01609@example.com","ST03","非アクティブ","2026-06-04 15:15:53.266611"
1610,"顧客01610","customer01610@example.com","ST04","退会","2026-06-04 15:15:53.266611"
1611,"顧客01611","customer01611@example.com","ST03","非アクティブ","2026-06-04 15:15:53.266611"
1612,"顧客01612","customer01612@example.com","ST02","アクティブ","2026-06-04 15:15:53.266611"
1613,"顧客01613","customer01613@example.com","ST02","アクティブ","2026-06-04 15:15:53.266611"
1614,"顧客01614","customer01614@example.com","ST02","アクティブ","2026-06-04 15:15:53.266611"
1615,"顧客01615","customer01615@example.com","ST03","非アクティブ","2026-06-04 15:15:53.266611"
1616,"顧客01616","customer01616@example.com","ST03","非アクティブ","2026-06-04 15:15:53.266611"
1617,"顧客01617","customer01617@example.com","ST03","非アクティブ","2026-06-04 15:15:53.266611"
1618,"顧客01618","customer01618@example.com","ST03","非アクティブ","2026-06-04 15:15:53.266611"
1619,"顧客01619","customer01619@example.com","ST01","新規","2026-06-04 15:15:53.266611"
1620,"顧客01620","customer01620@example.com","ST02","アクティブ","2026-06-04 15:15:53.266611"
1621,"顧客01621","customer01621@example.com","ST01","新規","2026-06-04 15:15:53.266611"
1622,"顧客01622","customer01622@example.com","ST02","アクティブ","2026-06-04 15:15:53.266611"
1623,"顧客01623","customer01623@example.com","ST01","新規","2026-06-04 15:15:53.266611"
1624,"顧客01624","customer01624@example.com","ST03","非アクティブ","2026-06-04 15:15:53.266611"
1625,"顧客01625","customer01625@example.com","ST02","アクティブ","2026-06-04 15:15:53.266611"
1626,"顧客01626","customer01626@example.com","ST04","退会","2026-06-04 15:15:53.266611"
1627,"顧客01627","customer01627@example.com","ST04","退会","2026-06-04 15:15:53.266611"
1628,"顧客01628","customer01628@example.com","ST03","非アクティブ","2026-06-04 15:15:53.266611"
1629,"顧客01629","customer01629@example.com","ST04","退会","2026-06-04 15:15:53.266611"
1630,"顧客01630","customer01630@example.com","ST03","非アクティブ","2026-06-04 15:15:53.266611"
1631,"顧客01631","customer01631@example.com","ST01","新規","2026-06-04 15:15:53.266611"
1632,"顧客01632","customer01632@example.com","ST01","新規","2026-06-04 15:15:53.266611"
1633,"顧客01633","customer01633@example.com","ST02","アクティブ","2026-06-04 15:15:53.266611"
1634,"顧客01634","customer01634@example.com","ST01","新規","2026-06-04 15:15:53.266611"
1635,"顧客01635","customer01635@example.com","ST01","新規","2026-06-04 15:15:53.266611"
1636,"顧客01636","customer01636@example.com","ST03","非アクティブ","2026-06-04 15:15:53.266611"
1637,"顧客01637","customer01637@example.com","ST02","アクティブ","2026-06-04 15:15:53.266611"
1638,"顧客01638","customer01638@example.com","ST02","アクティブ","2026-06-04 15:15:53.266611"
1639,"顧客01639","customer01639@example.com","ST04","退会","2026-06-04 15:15:53.266611"
1640,"顧客01640","customer01640@example.com","ST02","アクティブ","2026-06-04 15:15:53.266611"
1641,"顧客01641","customer01641@example.com","ST03","非アクティブ","2026-06-04 15:15:53.266611"
1642,"顧客01642","customer01642@example.com","ST02","アクティブ","2026-06-04 15:15:53.266611"
1643,"顧客01643","customer01643@example.com","ST02","アクティブ","2026-06-04 15:15:53.266611"
1644,"顧客01644","customer01644@example.com","ST03","非アクティブ","2026-06-04 15:15:53.266611"
1645,"顧客01645","customer01645@example.com","ST03","非アクティブ","2026-06-04 15:15:53.266611"
1646,"顧客01646","customer01646@example.com","ST02","アクティブ","2026-06-04 15:15:53.266611"
1647,"顧客01647","customer01647@example.com","ST04","退会","2026-06-04 15:15:53.266611"
1648,"顧客01648","customer01648@example.com","ST04","退会","2026-06-04 15:15:53.266611"
1649,"顧客01649","customer01649@example.com","ST03","非アクティブ","2026-06-04 15:15:53.266611"
1650,"顧客01650","customer01650@example.com","ST04","退会","2026-06-04 15:15:53.266611"
1651,"顧客01651","customer01651@example.com","ST03","非アクティブ","2026-06-04 15:15:53.266611"
1652,"顧客01652","customer01652@example.com","ST03","非アクティブ","2026-06-04 15:15:53.266611"
1653,"顧客01653","customer01653@example.com","ST04","退会","2026-06-04 15:15:53.266611"
1654,"顧客01654","customer01654@example.com","ST02","アクティブ","2026-06-04 15:15:53.266611"
1655,"顧客01655","customer01655@example.com","ST02","アクティブ","2026-06-04 15:15:53.266611"
1656,"顧客01656","customer01656@example.com","ST01","新規","2026-06-04 15:15:53.266611"
1657,"顧客01657","customer01657@example.com","ST03","非アクティブ","2026-06-04 15:15:53.266611"
1658,"顧客01658","customer01658@example.com","ST01","新規","2026-06-04 15:15:53.266611"
1659,"顧客01659","customer01659@example.com","ST02","アクティブ","2026-06-04 15:15:53.266611"
1660,"顧客01660","customer01660@example.com","ST02","アクティブ","2026-06-04 15:15:53.266611"
1661,"顧客01661","customer01661@example.com","ST02","アクティブ","2026-06-04 15:15:53.266611"
1662,"顧客01662","customer01662@example.com","ST03","非アクティブ","2026-06-04 15:15:53.266611"
1663,"顧客01663","customer01663@example.com","ST03","非アクティブ","2026-06-04 15:15:53.266611"
1664,"顧客01664","customer01664@example.com","ST02","アクティブ","2026-06-04 15:15:53.266611"
1665,"顧客01665","customer01665@example.com","ST04","退会","2026-06-04 15:15:53.266611"
1666,"顧客01666","customer01666@example.com","ST03","非アクティブ","2026-06-04 15:15:53.266611"
1667,"顧客01667","customer01667@example.com","ST04","退会","2026-06-04 15:15:53.266611"
1668,"顧客01668","customer01668@example.com","ST01","新規","2026-06-04 15:15:53.266611"
1669,"顧客01669","customer01669@example.com","ST03","非アクティブ","2026-06-04 15:15:53.266611"
1670,"顧客01670","customer01670@example.com","ST02","アクティブ","2026-06-04 15:15:53.266611"
1671,"顧客01671","customer01671@example.com","ST03","非アクティブ","2026-06-04 15:15:53.266611"
1672,"顧客01672","customer01672@example.com","ST02","アクティブ","2026-06-04 15:15:53.266611"
1673,"顧客01673","customer01673@example.com","ST04","退会","2026-06-04 15:15:53.266611"
1674,"顧客01674","customer01674@example.com","ST01","新規","2026-06-04 15:15:53.266611"
1675,"顧客01675","customer01675@example.com","ST04","退会","2026-06-04 15:15:53.266611"
1676,"顧客01676","customer01676@example.com","ST01","新規","2026-06-04 15:15:53.266611"
1677,"顧客01677","customer01677@example.com","ST02","アクティブ","2026-06-04 15:15:53.266611"
1678,"顧客01678","customer01678@example.com","ST02","アクティブ","2026-06-04 15:15:53.266611"
1679,"顧客01679","customer01679@example.com","ST03","非アクティブ","2026-06-04 15:15:53.266611"
1680,"顧客01680","customer01680@example.com","ST03","非アクティブ","2026-06-04 15:15:53.266611"
1681,"顧客01681","customer01681@example.com","ST03","非アクティブ","2026-06-04 15:15:53.266611"
1682,"顧客01682","customer01682@example.com","ST03","非アクティブ","2026-06-04 15:15:53.266611"
1683,"顧客01683","customer01683@example.com","ST04","退会","2026-06-04 15:15:53.266611"
1684,"顧客01684","customer01684@example.com","ST03","非アクティブ","2026-06-04 15:15:53.266611"
1685,"顧客01685","customer01685@example.com","ST02","アクティブ","2026-06-04 15:15:53.266611"
1686,"顧客01686","customer01686@example.com","ST04","退会","2026-06-04 15:15:53.266611"
1687,"顧客01687","customer01687@example.com","ST03","非アクティブ","2026-06-04 15:15:53.266611"
1688,"顧客01688","customer01688@example.com","ST02","アクティブ","2026-06-04 15:15:53.266611"
1689,"顧客01689","customer01689@example.com","ST04","退会","2026-06-04 15:15:53.266611"
1690,"顧客01690","customer01690@example.com","ST04","退会","2026-06-04 15:15:53.266611"
1691,"顧客01691","customer01691@example.com","ST01","新規","2026-06-04 15:15:53.266611"
1692,"顧客01692","customer01692@example.com","ST04","退会","2026-06-04 15:15:53.266611"
1693,"顧客01693","customer01693@example.com","ST04","退会","2026-06-04 15:15:53.266611"
1694,"顧客01694","customer01694@example.com","ST02","アクティブ","2026-06-04 15:15:53.266611"
1695,"顧客01695","customer01695@example.com","ST03","非アクティブ","2026-06-04 15:15:53.266611"
1696,"顧客01696","customer01696@example.com","ST02","アクティブ","2026-06-04 15:15:53.266611"
1697,"顧客01697","customer01697@example.com","ST02","アクティブ","2026-06-04 15:15:53.266611"
1698,"顧客01698","customer01698@example.com","ST03","非アクティブ","2026-06-04 15:15:53.266611"
1699,"顧客01699","customer01699@example.com","ST01","新規","2026-06-04 15:15:53.266611"
1700,"顧客01700","customer01700@example.com","ST02","アクティブ","2026-06-04 15:15:53.266611"
1701,"顧客01701","customer01701@example.com","ST02","アクティブ","2026-06-04 15:15:53.266611"
1702,"顧客01702","customer01702@example.com","ST03","非アクティブ","2026-06-04 15:15:53.266611"
1703,"顧客01703","customer01703@example.com","ST02","アクティブ","2026-06-04 15:15:53.266611"
1704,"顧客01704","customer01704@example.com","ST03","非アクティブ","2026-06-04 15:15:53.266611"
1705,"顧客01705","customer01705@example.com","ST03","非アクティブ","2026-06-04 15:15:53.266611"
1706,"顧客01706","customer01706@example.com","ST02","アクティブ","2026-06-04 15:15:53.266611"
1707,"顧客01707","customer01707@example.com","ST04","退会","2026-06-04 15:15:53.266611"
1708,"顧客01708","customer01708@example.com","ST02","アクティブ","2026-06-04 15:15:53.266611"
1709,"顧客01709","customer01709@example.com","ST01","新規","2026-06-04 15:15:53.266611"
1710,"顧客01710","customer01710@example.com","ST04","退会","2026-06-04 15:15:53.266611"
1711,"顧客01711","customer01711@example.com","ST04","退会","2026-06-04 15:15:53.266611"
1712,"顧客01712","customer01712@example.com","ST03","非アクティブ","2026-06-04 15:15:53.266611"
1713,"顧客01713","customer01713@example.com","ST02","アクティブ","2026-06-04 15:15:53.266611"
1714,"顧客01714","customer01714@example.com","ST01","新規","2026-06-04 15:15:53.266611"
1715,"顧客01715","customer01715@example.com","ST02","アクティブ","2026-06-04 15:15:53.266611"
1716,"顧客01716","customer01716@example.com","ST02","アクティブ","2026-06-04 15:15:53.266611"
1717,"顧客01717","customer01717@example.com","ST03","非アクティブ","2026-06-04 15:15:53.266611"
1718,"顧客01718","customer01718@example.com","ST03","非アクティブ","2026-06-04 15:15:53.266611"
1719,"顧客01719","customer01719@example.com","ST01","新規","2026-06-04 15:15:53.266611"
1720,"顧客01720","customer01720@example.com","ST02","アクティブ","2026-06-04 15:15:53.266611"
1721,"顧客01721","customer01721@example.com","ST03","非アクティブ","2026-06-04 15:15:53.266611"
1722,"顧客01722","customer01722@example.com","ST03","非アクティブ","2026-06-04 15:15:53.266611"
1723,"顧客01723","customer01723@example.com","ST02","アクティブ","2026-06-04 15:15:53.266611"
1724,"顧客01724","customer01724@example.com","ST02","アクティブ","2026-06-04 15:15:53.266611"
1725,"顧客01725","customer01725@example.com","ST03","非アクティブ","2026-06-04 15:15:53.266611"
1726,"顧客01726","customer01726@example.com","ST04","退会","2026-06-04 15:15:53.266611"
1727,"顧客01727","customer01727@example.com","ST02","アクティブ","2026-06-04 15:15:53.266611"
1728,"顧客01728","customer01728@example.com","ST02","アクティブ","2026-06-04 15:15:53.266611"
1729,"顧客01729","customer01729@example.com","ST04","退会","2026-06-04 15:15:53.266611"
1730,"顧客01730","customer01730@example.com","ST04","退会","2026-06-04 15:15:53.266611"
1731,"顧客01731","customer01731@example.com","ST03","非アクティブ","2026-06-04 15:15:53.266611"
1732,"顧客01732","customer01732@example.com","ST02","アクティブ","2026-06-04 15:15:53.266611"
1733,"顧客01733","customer01733@example.com","ST01","新規","2026-06-04 15:15:53.266611"
1734,"顧客01734","customer01734@example.com","ST04","退会","2026-06-04 15:15:53.266611"
1735,"顧客01735","customer01735@example.com","ST04","退会","2026-06-04 15:15:53.266611"
1736,"顧客01736","customer01736@example.com","ST02","アクティブ","2026-06-04 15:15:53.266611"
1737,"顧客01737","customer01737@example.com","ST04","退会","2026-06-04 15:15:53.266611"
1738,"顧客01738","customer01738@example.com","ST02","アクティブ","2026-06-04 15:15:53.266611"
1739,"顧客01739","customer01739@example.com","ST04","退会","2026-06-04 15:15:53.266611"
1740,"顧客01740","customer01740@example.com","ST04","退会","2026-06-04 15:15:53.266611"
1741,"顧客01741","customer01741@example.com","ST04","退会","2026-06-04 15:15:53.266611"
1742,"顧客01742","customer01742@example.com","ST04","退会","2026-06-04 15:15:53.266611"
1743,"顧客01743","customer01743@example.com","ST01","新規","2026-06-04 15:15:53.266611"
1744,"顧客01744","customer01744@example.com","ST04","退会","2026-06-04 15:15:53.266611"
1745,"顧客01745","customer01745@example.com","ST04","退会","2026-06-04 15:15:53.266611"
1746,"顧客01746","customer01746@example.com","ST03","非アクティブ","2026-06-04 15:15:53.266611"
1747,"顧客01747","customer01747@example.com","ST04","退会","2026-06-04 15:15:53.266611"
1748,"顧客01748","customer01748@example.com","ST03","非アクティブ","2026-06-04 15:15:53.266611"
1749,"顧客01749","customer01749@example.com","ST02","アクティブ","2026-06-04 15:15:53.266611"
1750,"顧客01750","customer01750@example.com","ST03","非アクティブ","2026-06-04 15:15:53.266611"
1751,"顧客01751","customer01751@example.com","ST03","非アクティブ","2026-06-04 15:15:53.266611"
1752,"顧客01752","customer01752@example.com","ST01","新規","2026-06-04 15:15:53.266611"
1753,"顧客01753","customer01753@example.com","ST02","アクティブ","2026-06-04 15:15:53.266611"
1754,"顧客01754","customer01754@example.com","ST01","新規","2026-06-04 15:15:53.266611"
1755,"顧客01755","customer01755@example.com","ST02","アクティブ","2026-06-04 15:15:53.266611"
1756,"顧客01756","customer01756@example.com","ST04","退会","2026-06-04 15:15:53.266611"
1757,"顧客01757","customer01757@example.com","ST03","非アクティブ","2026-06-04 15:15:53.266611"
1758,"顧客01758","customer01758@example.com","ST04","退会","2026-06-04 15:15:53.266611"
1759,"顧客01759","customer01759@example.com","ST04","退会","2026-06-04 15:15:53.266611"
1760,"顧客01760","customer01760@example.com","ST04","退会","2026-06-04 15:15:53.266611"
1761,"顧客01761","customer01761@example.com","ST04","退会","2026-06-04 15:15:53.266611"
1762,"顧客01762","customer01762@example.com","ST04","退会","2026-06-04 15:15:53.266611"
1763,"顧客01763","customer01763@example.com","ST02","アクティブ","2026-06-04 15:15:53.266611"
1764,"顧客01764","customer01764@example.com","ST03","非アクティブ","2026-06-04 15:15:53.266611"
1765,"顧客01765","customer01765@example.com","ST01","新規","2026-06-04 15:15:53.266611"
1766,"顧客01766","customer01766@example.com","ST01","新規","2026-06-04 15:15:53.266611"
1767,"顧客01767","customer01767@example.com","ST01","新規","2026-06-04 15:15:53.266611"
1768,"顧客01768","customer01768@example.com","ST04","退会","2026-06-04 15:15:53.266611"
1769,"顧客01769","customer01769@example.com","ST02","アクティブ","2026-06-04 15:15:53.266611"
1770,"顧客01770","customer01770@example.com","ST02","アクティブ","2026-06-04 15:15:53.266611"
1771,"顧客01771","customer01771@example.com","ST04","退会","2026-06-04 15:15:53.266611"
1772,"顧客01772","customer01772@example.com","ST01","新規","2026-06-04 15:15:53.266611"
1773,"顧客01773","customer01773@example.com","ST03","非アクティブ","2026-06-04 15:15:53.266611"
1774,"顧客01774","customer01774@example.com","ST02","アクティブ","2026-06-04 15:15:53.266611"
1775,"顧客01775","customer01775@example.com","ST04","退会","2026-06-04 15:15:53.266611"
1776,"顧客01776","customer01776@example.com","ST04","退会","2026-06-04 15:15:53.266611"
1777,"顧客01777","customer01777@example.com","ST04","退会","2026-06-04 15:15:53.266611"
1778,"顧客01778","customer01778@example.com","ST02","アクティブ","2026-06-04 15:15:53.266611"
1779,"顧客01779","customer01779@example.com","ST01","新規","2026-06-04 15:15:53.266611"
1780,"顧客01780","customer01780@example.com","ST04","退会","2026-06-04 15:15:53.266611"
1781,"顧客01781","customer01781@example.com","ST04","退会","2026-06-04 15:15:53.266611"
1782,"顧客01782","customer01782@example.com","ST01","新規","2026-06-04 15:15:53.266611"
1783,"顧客01783","customer01783@example.com","ST01","新規","2026-06-04 15:15:53.266611"
1784,"顧客01784","customer01784@example.com","ST01","新規","2026-06-04 15:15:53.266611"
1785,"顧客01785","customer01785@example.com","ST01","新規","2026-06-04 15:15:53.266611"
1786,"顧客01786","customer01786@example.com","ST01","新規","2026-06-04 15:15:53.266611"
1787,"顧客01787","customer01787@example.com","ST04","退会","2026-06-04 15:15:53.266611"
1788,"顧客01788","customer01788@example.com","ST02","アクティブ","2026-06-04 15:15:53.266611"
1789,"顧客01789","customer01789@example.com","ST03","非アクティブ","2026-06-04 15:15:53.266611"
1790,"顧客01790","customer01790@example.com","ST03","非アクティブ","2026-06-04 15:15:53.266611"
1791,"顧客01791","customer01791@example.com","ST03","非アクティブ","2026-06-04 15:15:53.266611"
1792,"顧客01792","customer01792@example.com","ST04","退会","2026-06-04 15:15:53.266611"
1793,"顧客01793","customer01793@example.com","ST02","アクティブ","2026-06-04 15:15:53.266611"
1794,"顧客01794","customer01794@example.com","ST04","退会","2026-06-04 15:15:53.266611"
1795,"顧客01795","customer01795@example.com","ST03","非アクティブ","2026-06-04 15:15:53.266611"
1796,"顧客01796","customer01796@example.com","ST01","新規","2026-06-04 15:15:53.266611"
1797,"顧客01797","customer01797@example.com","ST02","アクティブ","2026-06-04 15:15:53.266611"
1798,"顧客01798","customer01798@example.com","ST03","非アクティブ","2026-06-04 15:15:53.266611"
1799,"顧客01799","customer01799@example.com","ST01","新規","2026-06-04 15:15:53.266611"
1800,"顧客01800","customer01800@example.com","ST03","非アクティブ","2026-06-04 15:15:53.266611"
1801,"顧客01801","customer01801@example.com","ST01","新規","2026-06-04 15:15:53.266611"
1802,"顧客01802","customer01802@example.com","ST04","退会","2026-06-04 15:15:53.266611"
1803,"顧客01803","customer01803@example.com","ST01","新規","2026-06-04 15:15:53.266611"
1804,"顧客01804","customer01804@example.com","ST03","非アクティブ","2026-06-04 15:15:53.266611"
1805,"顧客01805","customer01805@example.com","ST01","新規","2026-06-04 15:15:53.266611"
1806,"顧客01806","customer01806@example.com","ST01","新規","2026-06-04 15:15:53.266611"
1807,"顧客01807","customer01807@example.com","ST03","非アクティブ","2026-06-04 15:15:53.266611"
1808,"顧客01808","customer01808@example.com","ST02","アクティブ","2026-06-04 15:15:53.266611"
1809,"顧客01809","customer01809@example.com","ST04","退会","2026-06-04 15:15:53.266611"
1810,"顧客01810","customer01810@example.com","ST01","新規","2026-06-04 15:15:53.266611"
1811,"顧客01811","customer01811@example.com","ST04","退会","2026-06-04 15:15:53.266611"
1812,"顧客01812","customer01812@example.com","ST01","新規","2026-06-04 15:15:53.266611"
1813,"顧客01813","customer01813@example.com","ST04","退会","2026-06-04 15:15:53.266611"
1814,"顧客01814","customer01814@example.com","ST01","新規","2026-06-04 15:15:53.266611"
1815,"顧客01815","customer01815@example.com","ST01","新規","2026-06-04 15:15:53.266611"
1816,"顧客01816","customer01816@example.com","ST03","非アクティブ","2026-06-04 15:15:53.266611"
1817,"顧客01817","customer01817@example.com","ST04","退会","2026-06-04 15:15:53.266611"
1818,"顧客01818","customer01818@example.com","ST03","非アクティブ","2026-06-04 15:15:53.266611"
1819,"顧客01819","customer01819@example.com","ST02","アクティブ","2026-06-04 15:15:53.266611"
1820,"顧客01820","customer01820@example.com","ST03","非アクティブ","2026-06-04 15:15:53.266611"
1821,"顧客01821","customer01821@example.com","ST01","新規","2026-06-04 15:15:53.266611"
1822,"顧客01822","customer01822@example.com","ST04","退会","2026-06-04 15:15:53.266611"
1823,"顧客01823","customer01823@example.com","ST03","非アクティブ","2026-06-04 15:15:53.266611"
1824,"顧客01824","customer01824@example.com","ST03","非アクティブ","2026-06-04 15:15:53.266611"
1825,"顧客01825","customer01825@example.com","ST02","アクティブ","2026-06-04 15:15:53.266611"
1826,"顧客01826","customer01826@example.com","ST04","退会","2026-06-04 15:15:53.266611"
1827,"顧客01827","customer01827@example.com","ST04","退会","2026-06-04 15:15:53.266611"
1828,"顧客01828","customer01828@example.com","ST01","新規","2026-06-04 15:15:53.266611"
1829,"顧客01829","customer01829@example.com","ST01","新規","2026-06-04 15:15:53.266611"
1830,"顧客01830","customer01830@example.com","ST04","退会","2026-06-04 15:15:53.266611"
1831,"顧客01831","customer01831@example.com","ST04","退会","2026-06-04 15:15:53.266611"
1832,"顧客01832","customer01832@example.com","ST03","非アクティブ","2026-06-04 15:15:53.266611"
1833,"顧客01833","customer01833@example.com","ST04","退会","2026-06-04 15:15:53.266611"
1834,"顧客01834","customer01834@example.com","ST02","アクティブ","2026-06-04 15:15:53.266611"
1835,"顧客01835","customer01835@example.com","ST04","退会","2026-06-04 15:15:53.266611"
1836,"顧客01836","customer01836@example.com","ST04","退会","2026-06-04 15:15:53.266611"
1837,"顧客01837","customer01837@example.com","ST01","新規","2026-06-04 15:15:53.266611"
1838,"顧客01838","customer01838@example.com","ST04","退会","2026-06-04 15:15:53.266611"
1839,"顧客01839","customer01839@example.com","ST01","新規","2026-06-04 15:15:53.266611"
1840,"顧客01840","customer01840@example.com","ST02","アクティブ","2026-06-04 15:15:53.266611"
1841,"顧客01841","customer01841@example.com","ST04","退会","2026-06-04 15:15:53.266611"
1842,"顧客01842","customer01842@example.com","ST03","非アクティブ","2026-06-04 15:15:53.266611"
1843,"顧客01843","customer01843@example.com","ST02","アクティブ","2026-06-04 15:15:53.266611"
1844,"顧客01844","customer01844@example.com","ST04","退会","2026-06-04 15:15:53.266611"
1845,"顧客01845","customer01845@example.com","ST04","退会","2026-06-04 15:15:53.266611"
1846,"顧客01846","customer01846@example.com","ST04","退会","2026-06-04 15:15:53.266611"
1847,"顧客01847","customer01847@example.com","ST02","アクティブ","2026-06-04 15:15:53.266611"
1848,"顧客01848","customer01848@example.com","ST02","アクティブ","2026-06-04 15:15:53.266611"
1849,"顧客01849","customer01849@example.com","ST02","アクティブ","2026-06-04 15:15:53.266611"
1850,"顧客01850","customer01850@example.com","ST02","アクティブ","2026-06-04 15:15:53.266611"
1851,"顧客01851","customer01851@example.com","ST04","退会","2026-06-04 15:15:53.266611"
1852,"顧客01852","customer01852@example.com","ST03","非アクティブ","2026-06-04 15:15:53.266611"
1853,"顧客01853","customer01853@example.com","ST03","非アクティブ","2026-06-04 15:15:53.266611"
1854,"顧客01854","customer01854@example.com","ST03","非アクティブ","2026-06-04 15:15:53.266611"
1855,"顧客01855","customer01855@example.com","ST03","非アクティブ","2026-06-04 15:15:53.266611"
1856,"顧客01856","customer01856@example.com","ST01","新規","2026-06-04 15:15:53.266611"
1857,"顧客01857","customer01857@example.com","ST03","非アクティブ","2026-06-04 15:15:53.266611"
1858,"顧客01858","customer01858@example.com","ST02","アクティブ","2026-06-04 15:15:53.266611"
1859,"顧客01859","customer01859@example.com","ST02","アクティブ","2026-06-04 15:15:53.266611"
1860,"顧客01860","customer01860@example.com","ST04","退会","2026-06-04 15:15:53.266611"
1861,"顧客01861","customer01861@example.com","ST02","アクティブ","2026-06-04 15:15:53.266611"
1862,"顧客01862","customer01862@example.com","ST02","アクティブ","2026-06-04 15:15:53.266611"
1863,"顧客01863","customer01863@example.com","ST03","非アクティブ","2026-06-04 15:15:53.266611"
1864,"顧客01864","customer01864@example.com","ST02","アクティブ","2026-06-04 15:15:53.266611"
1865,"顧客01865","customer01865@example.com","ST02","アクティブ","2026-06-04 15:15:53.266611"
1866,"顧客01866","customer01866@example.com","ST03","非アクティブ","2026-06-04 15:15:53.266611"
1867,"顧客01867","customer01867@example.com","ST02","アクティブ","2026-06-04 15:15:53.266611"
1868,"顧客01868","customer01868@example.com","ST02","アクティブ","2026-06-04 15:15:53.266611"
1869,"顧客01869","customer01869@example.com","ST02","アクティブ","2026-06-04 15:15:53.266611"
1870,"顧客01870","customer01870@example.com","ST01","新規","2026-06-04 15:15:53.266611"
1871,"顧客01871","customer01871@example.com","ST02","アクティブ","2026-06-04 15:15:53.266611"
1872,"顧客01872","customer01872@example.com","ST02","アクティブ","2026-06-04 15:15:53.266611"
1873,"顧客01873","customer01873@example.com","ST04","退会","2026-06-04 15:15:53.266611"
1874,"顧客01874","customer01874@example.com","ST01","新規","2026-06-04 15:15:53.266611"
1875,"顧客01875","customer01875@example.com","ST01","新規","2026-06-04 15:15:53.266611"
1876,"顧客01876","customer01876@example.com","ST02","アクティブ","2026-06-04 15:15:53.266611"
1877,"顧客01877","customer01877@example.com","ST02","アクティブ","2026-06-04 15:15:53.266611"
1878,"顧客01878","customer01878@example.com","ST03","非アクティブ","2026-06-04 15:15:53.266611"
1879,"顧客01879","customer01879@example.com","ST01","新規","2026-06-04 15:15:53.266611"
1880,"顧客01880","customer01880@example.com","ST03","非アクティブ","2026-06-04 15:15:53.266611"
1881,"顧客01881","customer01881@example.com","ST02","アクティブ","2026-06-04 15:15:53.266611"
1882,"顧客01882","customer01882@example.com","ST01","新規","2026-06-04 15:15:53.266611"
1883,"顧客01883","customer01883@example.com","ST04","退会","2026-06-04 15:15:53.266611"
1884,"顧客01884","customer01884@example.com","ST01","新規","2026-06-04 15:15:53.266611"
1885,"顧客01885","customer01885@example.com","ST04","退会","2026-06-04 15:15:53.266611"
1886,"顧客01886","customer01886@example.com","ST03","非アクティブ","2026-06-04 15:15:53.266611"
1887,"顧客01887","customer01887@example.com","ST03","非アクティブ","2026-06-04 15:15:53.266611"
1888,"顧客01888","customer01888@example.com","ST03","非アクティブ","2026-06-04 15:15:53.266611"
1889,"顧客01889","customer01889@example.com","ST04","退会","2026-06-04 15:15:53.266611"
1890,"顧客01890","customer01890@example.com","ST04","退会","2026-06-04 15:15:53.266611"
1891,"顧客01891","customer01891@example.com","ST02","アクティブ","2026-06-04 15:15:53.266611"
1892,"顧客01892","customer01892@example.com","ST03","非アクティブ","2026-06-04 15:15:53.266611"
1893,"顧客01893","customer01893@example.com","ST03","非アクティブ","2026-06-04 15:15:53.266611"
1894,"顧客01894","customer01894@example.com","ST03","非アクティブ","2026-06-04 15:15:53.266611"
1895,"顧客01895","customer01895@example.com","ST01","新規","2026-06-04 15:15:53.266611"
1896,"顧客01896","customer01896@example.com","ST02","アクティブ","2026-06-04 15:15:53.266611"
1897,"顧客01897","customer01897@example.com","ST03","非アクティブ","2026-06-04 15:15:53.266611"
1898,"顧客01898","customer01898@example.com","ST03","非アクティブ","2026-06-04 15:15:53.266611"
1899,"顧客01899","customer01899@example.com","ST03","非アクティブ","2026-06-04 15:15:53.266611"
1900,"顧客01900","customer01900@example.com","ST02","アクティブ","2026-06-04 15:15:53.266611"
1901,"顧客01901","customer01901@example.com","ST04","退会","2026-06-04 15:15:53.266611"
1902,"顧客01902","customer01902@example.com","ST03","非アクティブ","2026-06-04 15:15:53.266611"
1903,"顧客01903","customer01903@example.com","ST02","アクティブ","2026-06-04 15:15:53.266611"
1904,"顧客01904","customer01904@example.com","ST02","アクティブ","2026-06-04 15:15:53.266611"
1905,"顧客01905","customer01905@example.com","ST02","アクティブ","2026-06-04 15:15:53.266611"
1906,"顧客01906","customer01906@example.com","ST03","非アクティブ","2026-06-04 15:15:53.266611"
1907,"顧客01907","customer01907@example.com","ST04","退会","2026-06-04 15:15:53.266611"
1908,"顧客01908","customer01908@example.com","ST03","非アクティブ","2026-06-04 15:15:53.266611"
1909,"顧客01909","customer01909@example.com","ST03","非アクティブ","2026-06-04 15:15:53.266611"
1910,"顧客01910","customer01910@example.com","ST02","アクティブ","2026-06-04 15:15:53.266611"
1911,"顧客01911","customer01911@example.com","ST03","非アクティブ","2026-06-04 15:15:53.266611"
1912,"顧客01912","customer01912@example.com","ST02","アクティブ","2026-06-04 15:15:53.266611"
1913,"顧客01913","customer01913@example.com","ST02","アクティブ","2026-06-04 15:15:53.266611"
1914,"顧客01914","customer01914@example.com","ST01","新規","2026-06-04 15:15:53.266611"
1915,"顧客01915","customer01915@example.com","ST04","退会","2026-06-04 15:15:53.266611"
1916,"顧客01916","customer01916@example.com","ST03","非アクティブ","2026-06-04 15:15:53.266611"
1917,"顧客01917","customer01917@example.com","ST02","アクティブ","2026-06-04 15:15:53.266611"
1918,"顧客01918","customer01918@example.com","ST01","新規","2026-06-04 15:15:53.266611"
1919,"顧客01919","customer01919@example.com","ST01","新規","2026-06-04 15:15:53.266611"
1920,"顧客01920","customer01920@example.com","ST03","非アクティブ","2026-06-04 15:15:53.266611"
1921,"顧客01921","customer01921@example.com","ST04","退会","2026-06-04 15:15:53.266611"
1922,"顧客01922","customer01922@example.com","ST04","退会","2026-06-04 15:15:53.266611"
1923,"顧客01923","customer01923@example.com","ST02","アクティブ","2026-06-04 15:15:53.266611"
1924,"顧客01924","customer01924@example.com","ST03","非アクティブ","2026-06-04 15:15:53.266611"
1925,"顧客01925","customer01925@example.com","ST03","非アクティブ","2026-06-04 15:15:53.266611"
1926,"顧客01926","customer01926@example.com","ST02","アクティブ","2026-06-04 15:15:53.266611"
1927,"顧客01927","customer01927@example.com","ST04","退会","2026-06-04 15:15:53.266611"
1928,"顧客01928","customer01928@example.com","ST02","アクティブ","2026-06-04 15:15:53.266611"
1929,"顧客01929","customer01929@example.com","ST04","退会","2026-06-04 15:15:53.266611"
1930,"顧客01930","customer01930@example.com","ST04","退会","2026-06-04 15:15:53.266611"
1931,"顧客01931","customer01931@example.com","ST03","非アクティブ","2026-06-04 15:15:53.266611"
1932,"顧客01932","customer01932@example.com","ST04","退会","2026-06-04 15:15:53.266611"
1933,"顧客01933","customer01933@example.com","ST04","退会","2026-06-04 15:15:53.266611"
1934,"顧客01934","customer01934@example.com","ST04","退会","2026-06-04 15:15:53.266611"
1935,"顧客01935","customer01935@example.com","ST02","アクティブ","2026-06-04 15:15:53.266611"
1936,"顧客01936","customer01936@example.com","ST02","アクティブ","2026-06-04 15:15:53.266611"
1937,"顧客01937","customer01937@example.com","ST04","退会","2026-06-04 15:15:53.266611"
1938,"顧客01938","customer01938@example.com","ST04","退会","2026-06-04 15:15:53.266611"
1939,"顧客01939","customer01939@example.com","ST03","非アクティブ","2026-06-04 15:15:53.266611"
1940,"顧客01940","customer01940@example.com","ST01","新規","2026-06-04 15:15:53.266611"
1941,"顧客01941","customer01941@example.com","ST04","退会","2026-06-04 15:15:53.266611"
1942,"顧客01942","customer01942@example.com","ST02","アクティブ","2026-06-04 15:15:53.266611"
1943,"顧客01943","customer01943@example.com","ST02","アクティブ","2026-06-04 15:15:53.266611"
1944,"顧客01944","customer01944@example.com","ST03","非アクティブ","2026-06-04 15:15:53.266611"
1945,"顧客01945","customer01945@example.com","ST03","非アクティブ","2026-06-04 15:15:53.266611"
1946,"顧客01946","customer01946@example.com","ST03","非アクティブ","2026-06-04 15:15:53.266611"
1947,"顧客01947","customer01947@example.com","ST02","アクティブ","2026-06-04 15:15:53.266611"
1948,"顧客01948","customer01948@example.com","ST02","アクティブ","2026-06-04 15:15:53.266611"
1949,"顧客01949","customer01949@example.com","ST01","新規","2026-06-04 15:15:53.266611"
1950,"顧客01950","customer01950@example.com","ST03","非アクティブ","2026-06-04 15:15:53.266611"
1951,"顧客01951","customer01951@example.com","ST03","非アクティブ","2026-06-04 15:15:53.266611"
1952,"顧客01952","customer01952@example.com","ST02","アクティブ","2026-06-04 15:15:53.266611"
1953,"顧客01953","customer01953@example.com","ST03","非アクティブ","2026-06-04 15:15:53.266611"
1954,"顧客01954","customer01954@example.com","ST01","新規","2026-06-04 15:15:53.266611"
1955,"顧客01955","customer01955@example.com","ST01","新規","2026-06-04 15:15:53.266611"
1956,"顧客01956","customer01956@example.com","ST01","新規","2026-06-04 15:15:53.266611"
1957,"顧客01957","customer01957@example.com","ST01","新規","2026-06-04 15:15:53.266611"
1958,"顧客01958","customer01958@example.com","ST02","アクティブ","2026-06-04 15:15:53.266611"
1959,"顧客01959","customer01959@example.com","ST03","非アクティブ","2026-06-04 15:15:53.266611"
1960,"顧客01960","customer01960@example.com","ST03","非アクティブ","2026-06-04 15:15:53.266611"
1961,"顧客01961","customer01961@example.com","ST02","アクティブ","2026-06-04 15:15:53.266611"
1962,"顧客01962","customer01962@example.com","ST01","新規","2026-06-04 15:15:53.266611"
1963,"顧客01963","customer01963@example.com","ST03","非アクティブ","2026-06-04 15:15:53.266611"
1964,"顧客01964","customer01964@example.com","ST04","退会","2026-06-04 15:15:53.266611"
1965,"顧客01965","customer01965@example.com","ST02","アクティブ","2026-06-04 15:15:53.266611"
1966,"顧客01966","customer01966@example.com","ST03","非アクティブ","2026-06-04 15:15:53.266611"
1967,"顧客01967","customer01967@example.com","ST04","退会","2026-06-04 15:15:53.266611"
1968,"顧客01968","customer01968@example.com","ST02","アクティブ","2026-06-04 15:15:53.266611"
1969,"顧客01969","customer01969@example.com","ST02","アクティブ","2026-06-04 15:15:53.266611"
1970,"顧客01970","customer01970@example.com","ST02","アクティブ","2026-06-04 15:15:53.266611"
1971,"顧客01971","customer01971@example.com","ST02","アクティブ","2026-06-04 15:15:53.266611"
1972,"顧客01972","customer01972@example.com","ST01","新規","2026-06-04 15:15:53.266611"
1973,"顧客01973","customer01973@example.com","ST01","新規","2026-06-04 15:15:53.266611"
1974,"顧客01974","customer01974@example.com","ST04","退会","2026-06-04 15:15:53.266611"
1975,"顧客01975","customer01975@example.com","ST02","アクティブ","2026-06-04 15:15:53.266611"
1976,"顧客01976","customer01976@example.com","ST02","アクティブ","2026-06-04 15:15:53.266611"
1977,"顧客01977","customer01977@example.com","ST04","退会","2026-06-04 15:15:53.266611"
1978,"顧客01978","customer01978@example.com","ST04","退会","2026-06-04 15:15:53.266611"
1979,"顧客01979","customer01979@example.com","ST03","非アクティブ","2026-06-04 15:15:53.266611"
1980,"顧客01980","customer01980@example.com","ST02","アクティブ","2026-06-04 15:15:53.266611"
1981,"顧客01981","customer01981@example.com","ST03","非アクティブ","2026-06-04 15:15:53.266611"
1982,"顧客01982","customer01982@example.com","ST01","新規","2026-06-04 15:15:53.266611"
1983,"顧客01983","customer01983@example.com","ST02","アクティブ","2026-06-04 15:15:53.266611"
1984,"顧客01984","customer01984@example.com","ST02","アクティブ","2026-06-04 15:15:53.266611"
1985,"顧客01985","customer01985@example.com","ST01","新規","2026-06-04 15:15:53.266611"
1986,"顧客01986","customer01986@example.com","ST03","非アクティブ","2026-06-04 15:15:53.266611"
1987,"顧客01987","customer01987@example.com","ST03","非アクティブ","2026-06-04 15:15:53.266611"
1988,"顧客01988","customer01988@example.com","ST03","非アクティブ","2026-06-04 15:15:53.266611"
1989,"顧客01989","customer01989@example.com","ST01","新規","2026-06-04 15:15:53.266611"
1990,"顧客01990","customer01990@example.com","ST01","新規","2026-06-04 15:15:53.266611"
1991,"顧客01991","customer01991@example.com","ST01","新規","2026-06-04 15:15:53.266611"
1992,"顧客01992","customer01992@example.com","ST03","非アクティブ","2026-06-04 15:15:53.266611"
1993,"顧客01993","customer01993@example.com","ST04","退会","2026-06-04 15:15:53.266611"
1994,"顧客01994","customer01994@example.com","ST02","アクティブ","2026-06-04 15:15:53.266611"
1995,"顧客01995","customer01995@example.com","ST03","非アクティブ","2026-06-04 15:15:53.266611"
1996,"顧客01996","customer01996@example.com","ST01","新規","2026-06-04 15:15:53.266611"
1997,"顧客01997","customer01997@example.com","ST01","新規","2026-06-04 15:15:53.266611"
1998,"顧客01998","customer01998@example.com","ST01","新規","2026-06-04 15:15:53.266611"
1999,"顧客01999","customer01999@example.com","ST02","アクティブ","2026-06-04 15:15:53.266611"
2000,"顧客02000","customer02000@example.com","ST03","非アクティブ","2026-06-04 15:15:53.266611"
2001,"顧客02001","customer02001@example.com","ST01","新規","2026-06-04 15:15:53.266611"
2002,"顧客02002","customer02002@example.com","ST02","アクティブ","2026-06-04 15:15:53.266611"
2003,"顧客02003","customer02003@example.com","ST02","アクティブ","2026-06-04 15:15:53.266611"
2004,"顧客02004","customer02004@example.com","ST03","非アクティブ","2026-06-04 15:15:53.266611"
2005,"顧客02005","customer02005@example.com","ST02","アクティブ","2026-06-04 15:15:53.266611"
2006,"顧客02006","customer02006@example.com","ST02","アクティブ","2026-06-04 15:15:53.266611"
2007,"顧客02007","customer02007@example.com","ST02","アクティブ","2026-06-04 15:15:53.266611"
2008,"顧客02008","customer02008@example.com","ST03","非アクティブ","2026-06-04 15:15:53.266611"
2009,"顧客02009","customer02009@example.com","ST03","非アクティブ","2026-06-04 15:15:53.266611"
2010,"顧客02010","customer02010@example.com","ST04","退会","2026-06-04 15:15:53.266611"
2011,"顧客02011","customer02011@example.com","ST03","非アクティブ","2026-06-04 15:15:53.266611"
2012,"顧客02012","customer02012@example.com","ST03","非アクティブ","2026-06-04 15:15:53.266611"
2013,"顧客02013","customer02013@example.com","ST03","非アクティブ","2026-06-04 15:15:53.266611"
2014,"顧客02014","customer02014@example.com","ST02","アクティブ","2026-06-04 15:15:53.266611"
2015,"顧客02015","customer02015@example.com","ST03","非アクティブ","2026-06-04 15:15:53.266611"
2016,"顧客02016","customer02016@example.com","ST02","アクティブ","2026-06-04 15:15:53.266611"
2017,"顧客02017","customer02017@example.com","ST02","アクティブ","2026-06-04 15:15:53.266611"
2018,"顧客02018","customer02018@example.com","ST03","非アクティブ","2026-06-04 15:15:53.266611"
2019,"顧客02019","customer02019@example.com","ST01","新規","2026-06-04 15:15:53.266611"
2020,"顧客02020","customer02020@example.com","ST02","アクティブ","2026-06-04 15:15:53.266611"
2021,"顧客02021","customer02021@example.com","ST02","アクティブ","2026-06-04 15:15:53.266611"
2022,"顧客02022","customer02022@example.com","ST01","新規","2026-06-04 15:15:53.266611"
2023,"顧客02023","customer02023@example.com","ST04","退会","2026-06-04 15:15:53.266611"
2024,"顧客02024","customer02024@example.com","ST03","非アクティブ","2026-06-04 15:15:53.266611"
2025,"顧客02025","customer02025@example.com","ST02","アクティブ","2026-06-04 15:15:53.266611"
2026,"顧客02026","customer02026@example.com","ST02","アクティブ","2026-06-04 15:15:53.266611"
2027,"顧客02027","customer02027@example.com","ST01","新規","2026-06-04 15:15:53.266611"
2028,"顧客02028","customer02028@example.com","ST01","新規","2026-06-04 15:15:53.266611"
2029,"顧客02029","customer02029@example.com","ST02","アクティブ","2026-06-04 15:15:53.266611"
2030,"顧客02030","customer02030@example.com","ST02","アクティブ","2026-06-04 15:15:53.266611"
2031,"顧客02031","customer02031@example.com","ST02","アクティブ","2026-06-04 15:15:53.266611"
2032,"顧客02032","customer02032@example.com","ST01","新規","2026-06-04 15:15:53.266611"
2033,"顧客02033","customer02033@example.com","ST02","アクティブ","2026-06-04 15:15:53.266611"
2034,"顧客02034","customer02034@example.com","ST02","アクティブ","2026-06-04 15:15:53.266611"
2035,"顧客02035","customer02035@example.com","ST04","退会","2026-06-04 15:15:53.266611"
2036,"顧客02036","customer02036@example.com","ST04","退会","2026-06-04 15:15:53.266611"
2037,"顧客02037","customer02037@example.com","ST04","退会","2026-06-04 15:15:53.266611"
2038,"顧客02038","customer02038@example.com","ST04","退会","2026-06-04 15:15:53.266611"
2039,"顧客02039","customer02039@example.com","ST03","非アクティブ","2026-06-04 15:15:53.266611"
2040,"顧客02040","customer02040@example.com","ST04","退会","2026-06-04 15:15:53.266611"
2041,"顧客02041","customer02041@example.com","ST04","退会","2026-06-04 15:15:53.266611"
2042,"顧客02042","customer02042@example.com","ST01","新規","2026-06-04 15:15:53.266611"
2043,"顧客02043","customer02043@example.com","ST02","アクティブ","2026-06-04 15:15:53.266611"
2044,"顧客02044","customer02044@example.com","ST02","アクティブ","2026-06-04 15:15:53.266611"
2045,"顧客02045","customer02045@example.com","ST03","非アクティブ","2026-06-04 15:15:53.266611"
2046,"顧客02046","customer02046@example.com","ST02","アクティブ","2026-06-04 15:15:53.266611"
2047,"顧客02047","customer02047@example.com","ST03","非アクティブ","2026-06-04 15:15:53.266611"
2048,"顧客02048","customer02048@example.com","ST04","退会","2026-06-04 15:15:53.266611"
2049,"顧客02049","customer02049@example.com","ST03","非アクティブ","2026-06-04 15:15:53.266611"
2050,"顧客02050","customer02050@example.com","ST03","非アクティブ","2026-06-04 15:15:53.266611"
2051,"顧客02051","customer02051@example.com","ST04","退会","2026-06-04 15:15:53.266611"
2052,"顧客02052","customer02052@example.com","ST02","アクティブ","2026-06-04 15:15:53.266611"
2053,"顧客02053","customer02053@example.com","ST01","新規","2026-06-04 15:15:53.266611"
2054,"顧客02054","customer02054@example.com","ST01","新規","2026-06-04 15:15:53.266611"
2055,"顧客02055","customer02055@example.com","ST03","非アクティブ","2026-06-04 15:15:53.266611"
2056,"顧客02056","customer02056@example.com","ST01","新規","2026-06-04 15:15:53.266611"
2057,"顧客02057","customer02057@example.com","ST04","退会","2026-06-04 15:15:53.266611"
2058,"顧客02058","customer02058@example.com","ST03","非アクティブ","2026-06-04 15:15:53.266611"
2059,"顧客02059","customer02059@example.com","ST02","アクティブ","2026-06-04 15:15:53.266611"
2060,"顧客02060","customer02060@example.com","ST03","非アクティブ","2026-06-04 15:15:53.266611"
2061,"顧客02061","customer02061@example.com","ST03","非アクティブ","2026-06-04 15:15:53.266611"
2062,"顧客02062","customer02062@example.com","ST02","アクティブ","2026-06-04 15:15:53.266611"
2063,"顧客02063","customer02063@example.com","ST01","新規","2026-06-04 15:15:53.266611"
2064,"顧客02064","customer02064@example.com","ST02","アクティブ","2026-06-04 15:15:53.266611"
2065,"顧客02065","customer02065@example.com","ST02","アクティブ","2026-06-04 15:15:53.266611"
2066,"顧客02066","customer02066@example.com","ST04","退会","2026-06-04 15:15:53.266611"
2067,"顧客02067","customer02067@example.com","ST03","非アクティブ","2026-06-04 15:15:53.266611"
2068,"顧客02068","customer02068@example.com","ST02","アクティブ","2026-06-04 15:15:53.266611"
2069,"顧客02069","customer02069@example.com","ST02","アクティブ","2026-06-04 15:15:53.266611"
2070,"顧客02070","customer02070@example.com","ST03","非アクティブ","2026-06-04 15:15:53.266611"
2071,"顧客02071","customer02071@example.com","ST02","アクティブ","2026-06-04 15:15:53.266611"
2072,"顧客02072","customer02072@example.com","ST03","非アクティブ","2026-06-04 15:15:53.266611"
2073,"顧客02073","customer02073@example.com","ST03","非アクティブ","2026-06-04 15:15:53.266611"
2074,"顧客02074","customer02074@example.com","ST03","非アクティブ","2026-06-04 15:15:53.266611"
2075,"顧客02075","customer02075@example.com","ST04","退会","2026-06-04 15:15:53.266611"
2076,"顧客02076","customer02076@example.com","ST02","アクティブ","2026-06-04 15:15:53.266611"
2077,"顧客02077","customer02077@example.com","ST04","退会","2026-06-04 15:15:53.266611"
2078,"顧客02078","customer02078@example.com","ST04","退会","2026-06-04 15:15:53.266611"
2079,"顧客02079","customer02079@example.com","ST02","アクティブ","2026-06-04 15:15:53.266611"
2080,"顧客02080","customer02080@example.com","ST01","新規","2026-06-04 15:15:53.266611"
2081,"顧客02081","customer02081@example.com","ST04","退会","2026-06-04 15:15:53.266611"
2082,"顧客02082","customer02082@example.com","ST01","新規","2026-06-04 15:15:53.266611"
2083,"顧客02083","customer02083@example.com","ST01","新規","2026-06-04 15:15:53.266611"
2084,"顧客02084","customer02084@example.com","ST03","非アクティブ","2026-06-04 15:15:53.266611"
2085,"顧客02085","customer02085@example.com","ST03","非アクティブ","2026-06-04 15:15:53.266611"
2086,"顧客02086","customer02086@example.com","ST01","新規","2026-06-04 15:15:53.266611"
2087,"顧客02087","customer02087@example.com","ST04","退会","2026-06-04 15:15:53.266611"
2088,"顧客02088","customer02088@example.com","ST02","アクティブ","2026-06-04 15:15:53.266611"
2089,"顧客02089","customer02089@example.com","ST02","アクティブ","2026-06-04 15:15:53.266611"
2090,"顧客02090","customer02090@example.com","ST01","新規","2026-06-04 15:15:53.266611"
2091,"顧客02091","customer02091@example.com","ST03","非アクティブ","2026-06-04 15:15:53.266611"
2092,"顧客02092","customer02092@example.com","ST02","アクティブ","2026-06-04 15:15:53.266611"
2093,"顧客02093","customer02093@example.com","ST04","退会","2026-06-04 15:15:53.266611"
2094,"顧客02094","customer02094@example.com","ST02","アクティブ","2026-06-04 15:15:53.266611"
2095,"顧客02095","customer02095@example.com","ST02","アクティブ","2026-06-04 15:15:53.266611"
2096,"顧客02096","customer02096@example.com","ST03","非アクティブ","2026-06-04 15:15:53.266611"
2097,"顧客02097","customer02097@example.com","ST02","アクティブ","2026-06-04 15:15:53.266611"
2098,"顧客02098","customer02098@example.com","ST04","退会","2026-06-04 15:15:53.266611"
2099,"顧客02099","customer02099@example.com","ST02","アクティブ","2026-06-04 15:15:53.266611"
2100,"顧客02100","customer02100@example.com","ST01","新規","2026-06-04 15:15:53.266611"
2101,"顧客02101","customer02101@example.com","ST03","非アクティブ","2026-06-04 15:15:53.266611"
2102,"顧客02102","customer02102@example.com","ST02","アクティブ","2026-06-04 15:15:53.266611"
2103,"顧客02103","customer02103@example.com","ST01","新規","2026-06-04 15:15:53.266611"
2104,"顧客02104","customer02104@example.com","ST01","新規","2026-06-04 15:15:53.266611"
2105,"顧客02105","customer02105@example.com","ST02","アクティブ","2026-06-04 15:15:53.266611"
2106,"顧客02106","customer02106@example.com","ST03","非アクティブ","2026-06-04 15:15:53.266611"
2107,"顧客02107","customer02107@example.com","ST03","非アクティブ","2026-06-04 15:15:53.266611"
2108,"顧客02108","customer02108@example.com","ST02","アクティブ","2026-06-04 15:15:53.266611"
2109,"顧客02109","customer02109@example.com","ST02","アクティブ","2026-06-04 15:15:53.266611"
2110,"顧客02110","customer02110@example.com","ST01","新規","2026-06-04 15:15:53.266611"
2111,"顧客02111","customer02111@example.com","ST02","アクティブ","2026-06-04 15:15:53.266611"
2112,"顧客02112","customer02112@example.com","ST03","非アクティブ","2026-06-04 15:15:53.266611"
2113,"顧客02113","customer02113@example.com","ST04","退会","2026-06-04 15:15:53.266611"
2114,"顧客02114","customer02114@example.com","ST02","アクティブ","2026-06-04 15:15:53.266611"
2115,"顧客02115","customer02115@example.com","ST01","新規","2026-06-04 15:15:53.266611"
2116,"顧客02116","customer02116@example.com","ST03","非アクティブ","2026-06-04 15:15:53.266611"
2117,"顧客02117","customer02117@example.com","ST01","新規","2026-06-04 15:15:53.266611"
2118,"顧客02118","customer02118@example.com","ST03","非アクティブ","2026-06-04 15:15:53.266611"
2119,"顧客02119","customer02119@example.com","ST04","退会","2026-06-04 15:15:53.266611"
2120,"顧客02120","customer02120@example.com","ST03","非アクティブ","2026-06-04 15:15:53.266611"
2121,"顧客02121","customer02121@example.com","ST03","非アクティブ","2026-06-04 15:15:53.266611"
2122,"顧客02122","customer02122@example.com","ST03","非アクティブ","2026-06-04 15:15:53.266611"
2123,"顧客02123","customer02123@example.com","ST04","退会","2026-06-04 15:15:53.266611"
2124,"顧客02124","customer02124@example.com","ST02","アクティブ","2026-06-04 15:15:53.266611"
2125,"顧客02125","customer02125@example.com","ST04","退会","2026-06-04 15:15:53.266611"
2126,"顧客02126","customer02126@example.com","ST03","非アクティブ","2026-06-04 15:15:53.266611"
2127,"顧客02127","customer02127@example.com","ST04","退会","2026-06-04 15:15:53.266611"
2128,"顧客02128","customer02128@example.com","ST04","退会","2026-06-04 15:15:53.266611"
2129,"顧客02129","customer02129@example.com","ST01","新規","2026-06-04 15:15:53.266611"
2130,"顧客02130","customer02130@example.com","ST01","新規","2026-06-04 15:15:53.266611"
2131,"顧客02131","customer02131@example.com","ST04","退会","2026-06-04 15:15:53.266611"
2132,"顧客02132","customer02132@example.com","ST04","退会","2026-06-04 15:15:53.266611"
2133,"顧客02133","customer02133@example.com","ST03","非アクティブ","2026-06-04 15:15:53.266611"
2134,"顧客02134","customer02134@example.com","ST02","アクティブ","2026-06-04 15:15:53.266611"
2135,"顧客02135","customer02135@example.com","ST02","アクティブ","2026-06-04 15:15:53.266611"
2136,"顧客02136","customer02136@example.com","ST03","非アクティブ","2026-06-04 15:15:53.266611"
2137,"顧客02137","customer02137@example.com","ST01","新規","2026-06-04 15:15:53.266611"
2138,"顧客02138","customer02138@example.com","ST02","アクティブ","2026-06-04 15:15:53.266611"
2139,"顧客02139","customer02139@example.com","ST04","退会","2026-06-04 15:15:53.266611"
2140,"顧客02140","customer02140@example.com","ST04","退会","2026-06-04 15:15:53.266611"
2141,"顧客02141","customer02141@example.com","ST02","アクティブ","2026-06-04 15:15:53.266611"
2142,"顧客02142","customer02142@example.com","ST01","新規","2026-06-04 15:15:53.266611"
2143,"顧客02143","customer02143@example.com","ST04","退会","2026-06-04 15:15:53.266611"
2144,"顧客02144","customer02144@example.com","ST03","非アクティブ","2026-06-04 15:15:53.266611"
2145,"顧客02145","customer02145@example.com","ST02","アクティブ","2026-06-04 15:15:53.266611"
2146,"顧客02146","customer02146@example.com","ST04","退会","2026-06-04 15:15:53.266611"
2147,"顧客02147","customer02147@example.com","ST02","アクティブ","2026-06-04 15:15:53.266611"
2148,"顧客02148","customer02148@example.com","ST02","アクティブ","2026-06-04 15:15:53.266611"
2149,"顧客02149","customer02149@example.com","ST02","アクティブ","2026-06-04 15:15:53.266611"
2150,"顧客02150","customer02150@example.com","ST01","新規","2026-06-04 15:15:53.266611"
2151,"顧客02151","customer02151@example.com","ST02","アクティブ","2026-06-04 15:15:53.266611"
2152,"顧客02152","customer02152@example.com","ST02","アクティブ","2026-06-04 15:15:53.266611"
2153,"顧客02153","customer02153@example.com","ST03","非アクティブ","2026-06-04 15:15:53.266611"
2154,"顧客02154","customer02154@example.com","ST01","新規","2026-06-04 15:15:53.266611"
2155,"顧客02155","customer02155@example.com","ST01","新規","2026-06-04 15:15:53.266611"
2156,"顧客02156","customer02156@example.com","ST02","アクティブ","2026-06-04 15:15:53.266611"
2157,"顧客02157","customer02157@example.com","ST04","退会","2026-06-04 15:15:53.266611"
2158,"顧客02158","customer02158@example.com","ST01","新規","2026-06-04 15:15:53.266611"
2159,"顧客02159","customer02159@example.com","ST02","アクティブ","2026-06-04 15:15:53.266611"
2160,"顧客02160","customer02160@example.com","ST03","非アクティブ","2026-06-04 15:15:53.266611"
2161,"顧客02161","customer02161@example.com","ST02","アクティブ","2026-06-04 15:15:53.266611"
2162,"顧客02162","customer02162@example.com","ST03","非アクティブ","2026-06-04 15:15:53.266611"
2163,"顧客02163","customer02163@example.com","ST04","退会","2026-06-04 15:15:53.266611"
2164,"顧客02164","customer02164@example.com","ST02","アクティブ","2026-06-04 15:15:53.266611"
2165,"顧客02165","customer02165@example.com","ST02","アクティブ","2026-06-04 15:15:53.266611"
2166,"顧客02166","customer02166@example.com","ST03","非アクティブ","2026-06-04 15:15:53.266611"
2167,"顧客02167","customer02167@example.com","ST02","アクティブ","2026-06-04 15:15:53.266611"
2168,"顧客02168","customer02168@example.com","ST01","新規","2026-06-04 15:15:53.266611"
2169,"顧客02169","customer02169@example.com","ST04","退会","2026-06-04 15:15:53.266611"
2170,"顧客02170","customer02170@example.com","ST04","退会","2026-06-04 15:15:53.266611"
2171,"顧客02171","customer02171@example.com","ST03","非アクティブ","2026-06-04 15:15:53.266611"
2172,"顧客02172","customer02172@example.com","ST03","非アクティブ","2026-06-04 15:15:53.266611"
2173,"顧客02173","customer02173@example.com","ST02","アクティブ","2026-06-04 15:15:53.266611"
2174,"顧客02174","customer02174@example.com","ST02","アクティブ","2026-06-04 15:15:53.266611"
2175,"顧客02175","customer02175@example.com","ST01","新規","2026-06-04 15:15:53.266611"
2176,"顧客02176","customer02176@example.com","ST01","新規","2026-06-04 15:15:53.266611"
2177,"顧客02177","customer02177@example.com","ST04","退会","2026-06-04 15:15:53.266611"
2178,"顧客02178","customer02178@example.com","ST02","アクティブ","2026-06-04 15:15:53.266611"
2179,"顧客02179","customer02179@example.com","ST03","非アクティブ","2026-06-04 15:15:53.266611"
2180,"顧客02180","customer02180@example.com","ST04","退会","2026-06-04 15:15:53.266611"
2181,"顧客02181","customer02181@example.com","ST04","退会","2026-06-04 15:15:53.266611"
2182,"顧客02182","customer02182@example.com","ST02","アクティブ","2026-06-04 15:15:53.266611"
2183,"顧客02183","customer02183@example.com","ST03","非アクティブ","2026-06-04 15:15:53.266611"
2184,"顧客02184","customer02184@example.com","ST03","非アクティブ","2026-06-04 15:15:53.266611"
2185,"顧客02185","customer02185@example.com","ST03","非アクティブ","2026-06-04 15:15:53.266611"
2186,"顧客02186","customer02186@example.com","ST04","退会","2026-06-04 15:15:53.266611"
2187,"顧客02187","customer02187@example.com","ST03","非アクティブ","2026-06-04 15:15:53.266611"
2188,"顧客02188","customer02188@example.com","ST03","非アクティブ","2026-06-04 15:15:53.266611"
2189,"顧客02189","customer02189@example.com","ST03","非アクティブ","2026-06-04 15:15:53.266611"
2190,"顧客02190","customer02190@example.com","ST01","新規","2026-06-04 15:15:53.266611"
2191,"顧客02191","customer02191@example.com","ST02","アクティブ","2026-06-04 15:15:53.266611"
2192,"顧客02192","customer02192@example.com","ST03","非アクティブ","2026-06-04 15:15:53.266611"
2193,"顧客02193","customer02193@example.com","ST01","新規","2026-06-04 15:15:53.266611"
2194,"顧客02194","customer02194@example.com","ST02","アクティブ","2026-06-04 15:15:53.266611"
2195,"顧客02195","customer02195@example.com","ST02","アクティブ","2026-06-04 15:15:53.266611"
2196,"顧客02196","customer02196@example.com","ST01","新規","2026-06-04 15:15:53.266611"
2197,"顧客02197","customer02197@example.com","ST04","退会","2026-06-04 15:15:53.266611"
2198,"顧客02198","customer02198@example.com","ST03","非アクティブ","2026-06-04 15:15:53.266611"
2199,"顧客02199","customer02199@example.com","ST03","非アクティブ","2026-06-04 15:15:53.266611"
2200,"顧客02200","customer02200@example.com","ST04","退会","2026-06-04 15:15:53.266611"
2201,"顧客02201","customer02201@example.com","ST03","非アクティブ","2026-06-04 15:15:53.266611"
2202,"顧客02202","customer02202@example.com","ST03","非アクティブ","2026-06-04 15:15:53.266611"
2203,"顧客02203","customer02203@example.com","ST01","新規","2026-06-04 15:15:53.266611"
2204,"顧客02204","customer02204@example.com","ST03","非アクティブ","2026-06-04 15:15:53.266611"
2205,"顧客02205","customer02205@example.com","ST04","退会","2026-06-04 15:15:53.266611"
2206,"顧客02206","customer02206@example.com","ST02","アクティブ","2026-06-04 15:15:53.266611"
2207,"顧客02207","customer02207@example.com","ST01","新規","2026-06-04 15:15:53.266611"
2208,"顧客02208","customer02208@example.com","ST01","新規","2026-06-04 15:15:53.266611"
2209,"顧客02209","customer02209@example.com","ST03","非アクティブ","2026-06-04 15:15:53.266611"
2210,"顧客02210","customer02210@example.com","ST03","非アクティブ","2026-06-04 15:15:53.266611"
2211,"顧客02211","customer02211@example.com","ST03","非アクティブ","2026-06-04 15:15:53.266611"
2212,"顧客02212","customer02212@example.com","ST01","新規","2026-06-04 15:15:53.266611"
2213,"顧客02213","customer02213@example.com","ST04","退会","2026-06-04 15:15:53.266611"
2214,"顧客02214","customer02214@example.com","ST03","非アクティブ","2026-06-04 15:15:53.266611"
2215,"顧客02215","customer02215@example.com","ST02","アクティブ","2026-06-04 15:15:53.266611"
2216,"顧客02216","customer02216@example.com","ST03","非アクティブ","2026-06-04 15:15:53.266611"
2217,"顧客02217","customer02217@example.com","ST02","アクティブ","2026-06-04 15:15:53.266611"
2218,"顧客02218","customer02218@example.com","ST02","アクティブ","2026-06-04 15:15:53.266611"
2219,"顧客02219","customer02219@example.com","ST04","退会","2026-06-04 15:15:53.266611"
2220,"顧客02220","customer02220@example.com","ST03","非アクティブ","2026-06-04 15:15:53.266611"
2221,"顧客02221","customer02221@example.com","ST02","アクティブ","2026-06-04 15:15:53.266611"
2222,"顧客02222","customer02222@example.com","ST04","退会","2026-06-04 15:15:53.266611"
2223,"顧客02223","customer02223@example.com","ST03","非アクティブ","2026-06-04 15:15:53.266611"
2224,"顧客02224","customer02224@example.com","ST03","非アクティブ","2026-06-04 15:15:53.266611"
2225,"顧客02225","customer02225@example.com","ST02","アクティブ","2026-06-04 15:15:53.266611"
2226,"顧客02226","customer02226@example.com","ST03","非アクティブ","2026-06-04 15:15:53.266611"
2227,"顧客02227","customer02227@example.com","ST02","アクティブ","2026-06-04 15:15:53.266611"
2228,"顧客02228","customer02228@example.com","ST03","非アクティブ","2026-06-04 15:15:53.266611"
2229,"顧客02229","customer02229@example.com","ST03","非アクティブ","2026-06-04 15:15:53.266611"
2230,"顧客02230","customer02230@example.com","ST03","非アクティブ","2026-06-04 15:15:53.266611"
2231,"顧客02231","customer02231@example.com","ST02","アクティブ","2026-06-04 15:15:53.266611"
2232,"顧客02232","customer02232@example.com","ST03","非アクティブ","2026-06-04 15:15:53.266611"
2233,"顧客02233","customer02233@example.com","ST03","非アクティブ","2026-06-04 15:15:53.266611"
2234,"顧客02234","customer02234@example.com","ST02","アクティブ","2026-06-04 15:15:53.266611"
2235,"顧客02235","customer02235@example.com","ST04","退会","2026-06-04 15:15:53.266611"
2236,"顧客02236","customer02236@example.com","ST03","非アクティブ","2026-06-04 15:15:53.266611"
2237,"顧客02237","customer02237@example.com","ST01","新規","2026-06-04 15:15:53.266611"
2238,"顧客02238","customer02238@example.com","ST03","非アクティブ","2026-06-04 15:15:53.266611"
2239,"顧客02239","customer02239@example.com","ST03","非アクティブ","2026-06-04 15:15:53.266611"
2240,"顧客02240","customer02240@example.com","ST03","非アクティブ","2026-06-04 15:15:53.266611"
2241,"顧客02241","customer02241@example.com","ST02","アクティブ","2026-06-04 15:15:53.266611"
2242,"顧客02242","customer02242@example.com","ST02","アクティブ","2026-06-04 15:15:53.266611"
2243,"顧客02243","customer02243@example.com","ST04","退会","2026-06-04 15:15:53.266611"
2244,"顧客02244","customer02244@example.com","ST03","非アクティブ","2026-06-04 15:15:53.266611"
2245,"顧客02245","customer02245@example.com","ST03","非アクティブ","2026-06-04 15:15:53.266611"
2246,"顧客02246","customer02246@example.com","ST03","非アクティブ","2026-06-04 15:15:53.266611"
2247,"顧客02247","customer02247@example.com","ST03","非アクティブ","2026-06-04 15:15:53.266611"
2248,"顧客02248","customer02248@example.com","ST03","非アクティブ","2026-06-04 15:15:53.266611"
2249,"顧客02249","customer02249@example.com","ST01","新規","2026-06-04 15:15:53.266611"
2250,"顧客02250","customer02250@example.com","ST02","アクティブ","2026-06-04 15:15:53.266611"
2251,"顧客02251","customer02251@example.com","ST03","非アクティブ","2026-06-04 15:15:53.266611"
2252,"顧客02252","customer02252@example.com","ST01","新規","2026-06-04 15:15:53.266611"
2253,"顧客02253","customer02253@example.com","ST02","アクティブ","2026-06-04 15:15:53.266611"
2254,"顧客02254","customer02254@example.com","ST04","退会","2026-06-04 15:15:53.266611"
2255,"顧客02255","customer02255@example.com","ST02","アクティブ","2026-06-04 15:15:53.266611"
2256,"顧客02256","customer02256@example.com","ST04","退会","2026-06-04 15:15:53.266611"
2257,"顧客02257","customer02257@example.com","ST03","非アクティブ","2026-06-04 15:15:53.266611"
2258,"顧客02258","customer02258@example.com","ST03","非アクティブ","2026-06-04 15:15:53.266611"
2259,"顧客02259","customer02259@example.com","ST01","新規","2026-06-04 15:15:53.266611"
2260,"顧客02260","customer02260@example.com","ST03","非アクティブ","2026-06-04 15:15:53.266611"
2261,"顧客02261","customer02261@example.com","ST02","アクティブ","2026-06-04 15:15:53.266611"
2262,"顧客02262","customer02262@example.com","ST01","新規","2026-06-04 15:15:53.266611"
2263,"顧客02263","customer02263@example.com","ST01","新規","2026-06-04 15:15:53.266611"
2264,"顧客02264","customer02264@example.com","ST01","新規","2026-06-04 15:15:53.266611"
2265,"顧客02265","customer02265@example.com","ST03","非アクティブ","2026-06-04 15:15:53.266611"
2266,"顧客02266","customer02266@example.com","ST02","アクティブ","2026-06-04 15:15:53.266611"
2267,"顧客02267","customer02267@example.com","ST04","退会","2026-06-04 15:15:53.266611"
2268,"顧客02268","customer02268@example.com","ST04","退会","2026-06-04 15:15:53.266611"
2269,"顧客02269","customer02269@example.com","ST02","アクティブ","2026-06-04 15:15:53.266611"
2270,"顧客02270","customer02270@example.com","ST02","アクティブ","2026-06-04 15:15:53.266611"
2271,"顧客02271","customer02271@example.com","ST04","退会","2026-06-04 15:15:53.266611"
2272,"顧客02272","customer02272@example.com","ST02","アクティブ","2026-06-04 15:15:53.266611"
2273,"顧客02273","customer02273@example.com","ST02","アクティブ","2026-06-04 15:15:53.266611"
2274,"顧客02274","customer02274@example.com","ST04","退会","2026-06-04 15:15:53.266611"
2275,"顧客02275","customer02275@example.com","ST01","新規","2026-06-04 15:15:53.266611"
2276,"顧客02276","customer02276@example.com","ST03","非アクティブ","2026-06-04 15:15:53.266611"
2277,"顧客02277","customer02277@example.com","ST01","新規","2026-06-04 15:15:53.266611"
2278,"顧客02278","customer02278@example.com","ST01","新規","2026-06-04 15:15:53.266611"
2279,"顧客02279","customer02279@example.com","ST03","非アクティブ","2026-06-04 15:15:53.266611"
2280,"顧客02280","customer02280@example.com","ST03","非アクティブ","2026-06-04 15:15:53.266611"
2281,"顧客02281","customer02281@example.com","ST02","アクティブ","2026-06-04 15:15:53.266611"
2282,"顧客02282","customer02282@example.com","ST04","退会","2026-06-04 15:15:53.266611"
2283,"顧客02283","customer02283@example.com","ST03","非アクティブ","2026-06-04 15:15:53.266611"
2284,"顧客02284","customer02284@example.com","ST01","新規","2026-06-04 15:15:53.266611"
2285,"顧客02285","customer02285@example.com","ST03","非アクティブ","2026-06-04 15:15:53.266611"
2286,"顧客02286","customer02286@example.com","ST02","アクティブ","2026-06-04 15:15:53.266611"
2287,"顧客02287","customer02287@example.com","ST01","新規","2026-06-04 15:15:53.266611"
2288,"顧客02288","customer02288@example.com","ST04","退会","2026-06-04 15:15:53.266611"
2289,"顧客02289","customer02289@example.com","ST03","非アクティブ","2026-06-04 15:15:53.266611"
2290,"顧客02290","customer02290@example.com","ST03","非アクティブ","2026-06-04 15:15:53.266611"
2291,"顧客02291","customer02291@example.com","ST03","非アクティブ","2026-06-04 15:15:53.266611"
2292,"顧客02292","customer02292@example.com","ST01","新規","2026-06-04 15:15:53.266611"
2293,"顧客02293","customer02293@example.com","ST04","退会","2026-06-04 15:15:53.266611"
2294,"顧客02294","customer02294@example.com","ST03","非アクティブ","2026-06-04 15:15:53.266611"
2295,"顧客02295","customer02295@example.com","ST04","退会","2026-06-04 15:15:53.266611"
2296,"顧客02296","customer02296@example.com","ST03","非アクティブ","2026-06-04 15:15:53.266611"
2297,"顧客02297","customer02297@example.com","ST03","非アクティブ","2026-06-04 15:15:53.266611"
2298,"顧客02298","customer02298@example.com","ST02","アクティブ","2026-06-04 15:15:53.266611"
2299,"顧客02299","customer02299@example.com","ST02","アクティブ","2026-06-04 15:15:53.266611"
2300,"顧客02300","customer02300@example.com","ST02","アクティブ","2026-06-04 15:15:53.266611"
2301,"顧客02301","customer02301@example.com","ST01","新規","2026-06-04 15:15:53.266611"
2302,"顧客02302","customer02302@example.com","ST03","非アクティブ","2026-06-04 15:15:53.266611"
2303,"顧客02303","customer02303@example.com","ST03","非アクティブ","2026-06-04 15:15:53.266611"
2304,"顧客02304","customer02304@example.com","ST04","退会","2026-06-04 15:15:53.266611"
2305,"顧客02305","customer02305@example.com","ST02","アクティブ","2026-06-04 15:15:53.266611"
2306,"顧客02306","customer02306@example.com","ST01","新規","2026-06-04 15:15:53.266611"
2307,"顧客02307","customer02307@example.com","ST03","非アクティブ","2026-06-04 15:15:53.266611"
2308,"顧客02308","customer02308@example.com","ST02","アクティブ","2026-06-04 15:15:53.266611"
2309,"顧客02309","customer02309@example.com","ST04","退会","2026-06-04 15:15:53.266611"
2310,"顧客02310","customer02310@example.com","ST01","新規","2026-06-04 15:15:53.266611"
2311,"顧客02311","customer02311@example.com","ST04","退会","2026-06-04 15:15:53.266611"
2312,"顧客02312","customer02312@example.com","ST03","非アクティブ","2026-06-04 15:15:53.266611"
2313,"顧客02313","customer02313@example.com","ST02","アクティブ","2026-06-04 15:15:53.266611"
2314,"顧客02314","customer02314@example.com","ST02","アクティブ","2026-06-04 15:15:53.266611"
2315,"顧客02315","customer02315@example.com","ST02","アクティブ","2026-06-04 15:15:53.266611"
2316,"顧客02316","customer02316@example.com","ST02","アクティブ","2026-06-04 15:15:53.266611"
2317,"顧客02317","customer02317@example.com","ST02","アクティブ","2026-06-04 15:15:53.266611"
2318,"顧客02318","customer02318@example.com","ST04","退会","2026-06-04 15:15:53.266611"
2319,"顧客02319","customer02319@example.com","ST02","アクティブ","2026-06-04 15:15:53.266611"
2320,"顧客02320","customer02320@example.com","ST01","新規","2026-06-04 15:15:53.266611"
2321,"顧客02321","customer02321@example.com","ST03","非アクティブ","2026-06-04 15:15:53.266611"
2322,"顧客02322","customer02322@example.com","ST01","新規","2026-06-04 15:15:53.266611"
2323,"顧客02323","customer02323@example.com","ST01","新規","2026-06-04 15:15:53.266611"
2324,"顧客02324","customer02324@example.com","ST01","新規","2026-06-04 15:15:53.266611"
2325,"顧客02325","customer02325@example.com","ST02","アクティブ","2026-06-04 15:15:53.266611"
2326,"顧客02326","customer02326@example.com","ST04","退会","2026-06-04 15:15:53.266611"
2327,"顧客02327","customer02327@example.com","ST04","退会","2026-06-04 15:15:53.266611"
2328,"顧客02328","customer02328@example.com","ST04","退会","2026-06-04 15:15:53.266611"
2329,"顧客02329","customer02329@example.com","ST04","退会","2026-06-04 15:15:53.266611"
2330,"顧客02330","customer02330@example.com","ST01","新規","2026-06-04 15:15:53.266611"
2331,"顧客02331","customer02331@example.com","ST04","退会","2026-06-04 15:15:53.266611"
2332,"顧客02332","customer02332@example.com","ST03","非アクティブ","2026-06-04 15:15:53.266611"
2333,"顧客02333","customer02333@example.com","ST01","新規","2026-06-04 15:15:53.266611"
2334,"顧客02334","customer02334@example.com","ST02","アクティブ","2026-06-04 15:15:53.266611"
2335,"顧客02335","customer02335@example.com","ST02","アクティブ","2026-06-04 15:15:53.266611"
2336,"顧客02336","customer02336@example.com","ST04","退会","2026-06-04 15:15:53.266611"
2337,"顧客02337","customer02337@example.com","ST02","アクティブ","2026-06-04 15:15:53.266611"
2338,"顧客02338","customer02338@example.com","ST02","アクティブ","2026-06-04 15:15:53.266611"
2339,"顧客02339","customer02339@example.com","ST04","退会","2026-06-04 15:15:53.266611"
2340,"顧客02340","customer02340@example.com","ST04","退会","2026-06-04 15:15:53.266611"
2341,"顧客02341","customer02341@example.com","ST02","アクティブ","2026-06-04 15:15:53.266611"
2342,"顧客02342","customer02342@example.com","ST02","アクティブ","2026-06-04 15:15:53.266611"
2343,"顧客02343","customer02343@example.com","ST03","非アクティブ","2026-06-04 15:15:53.266611"
2344,"顧客02344","customer02344@example.com","ST03","非アクティブ","2026-06-04 15:15:53.266611"
2345,"顧客02345","customer02345@example.com","ST03","非アクティブ","2026-06-04 15:15:53.266611"
2346,"顧客02346","customer02346@example.com","ST02","アクティブ","2026-06-04 15:15:53.266611"
2347,"顧客02347","customer02347@example.com","ST02","アクティブ","2026-06-04 15:15:53.266611"
2348,"顧客02348","customer02348@example.com","ST01","新規","2026-06-04 15:15:53.266611"
2349,"顧客02349","customer02349@example.com","ST01","新規","2026-06-04 15:15:53.266611"
2350,"顧客02350","customer02350@example.com","ST03","非アクティブ","2026-06-04 15:15:53.266611"
2351,"顧客02351","customer02351@example.com","ST03","非アクティブ","2026-06-04 15:15:53.266611"
2352,"顧客02352","customer02352@example.com","ST03","非アクティブ","2026-06-04 15:15:53.266611"
2353,"顧客02353","customer02353@example.com","ST03","非アクティブ","2026-06-04 15:15:53.266611"
2354,"顧客02354","customer02354@example.com","ST03","非アクティブ","2026-06-04 15:15:53.266611"
2355,"顧客02355","customer02355@example.com","ST04","退会","2026-06-04 15:15:53.266611"
2356,"顧客02356","customer02356@example.com","ST04","退会","2026-06-04 15:15:53.266611"
2357,"顧客02357","customer02357@example.com","ST03","非アクティブ","2026-06-04 15:15:53.266611"
2358,"顧客02358","customer02358@example.com","ST03","非アクティブ","2026-06-04 15:15:53.266611"
2359,"顧客02359","customer02359@example.com","ST03","非アクティブ","2026-06-04 15:15:53.266611"
2360,"顧客02360","customer02360@example.com","ST02","アクティブ","2026-06-04 15:15:53.266611"
2361,"顧客02361","customer02361@example.com","ST03","非アクティブ","2026-06-04 15:15:53.266611"
2362,"顧客02362","customer02362@example.com","ST02","アクティブ","2026-06-04 15:15:53.266611"
2363,"顧客02363","customer02363@example.com","ST01","新規","2026-06-04 15:15:53.266611"
2364,"顧客02364","customer02364@example.com","ST01","新規","2026-06-04 15:15:53.266611"
2365,"顧客02365","customer02365@example.com","ST01","新規","2026-06-04 15:15:53.266611"
2366,"顧客02366","customer02366@example.com","ST04","退会","2026-06-04 15:15:53.266611"
2367,"顧客02367","customer02367@example.com","ST02","アクティブ","2026-06-04 15:15:53.266611"
2368,"顧客02368","customer02368@example.com","ST03","非アクティブ","2026-06-04 15:15:53.266611"
2369,"顧客02369","customer02369@example.com","ST02","アクティブ","2026-06-04 15:15:53.266611"
2370,"顧客02370","customer02370@example.com","ST01","新規","2026-06-04 15:15:53.266611"
2371,"顧客02371","customer02371@example.com","ST02","アクティブ","2026-06-04 15:15:53.266611"
2372,"顧客02372","customer02372@example.com","ST02","アクティブ","2026-06-04 15:15:53.266611"
2373,"顧客02373","customer02373@example.com","ST01","新規","2026-06-04 15:15:53.266611"
2374,"顧客02374","customer02374@example.com","ST01","新規","2026-06-04 15:15:53.266611"
2375,"顧客02375","customer02375@example.com","ST04","退会","2026-06-04 15:15:53.266611"
2376,"顧客02376","customer02376@example.com","ST03","非アクティブ","2026-06-04 15:15:53.266611"
2377,"顧客02377","customer02377@example.com","ST01","新規","2026-06-04 15:15:53.266611"
2378,"顧客02378","customer02378@example.com","ST02","アクティブ","2026-06-04 15:15:53.266611"
2379,"顧客02379","customer02379@example.com","ST03","非アクティブ","2026-06-04 15:15:53.266611"
2380,"顧客02380","customer02380@example.com","ST01","新規","2026-06-04 15:15:53.266611"
2381,"顧客02381","customer02381@example.com","ST03","非アクティブ","2026-06-04 15:15:53.266611"
2382,"顧客02382","customer02382@example.com","ST04","退会","2026-06-04 15:15:53.266611"
2383,"顧客02383","customer02383@example.com","ST02","アクティブ","2026-06-04 15:15:53.266611"
2384,"顧客02384","customer02384@example.com","ST04","退会","2026-06-04 15:15:53.266611"
2385,"顧客02385","customer02385@example.com","ST04","退会","2026-06-04 15:15:53.266611"
2386,"顧客02386","customer02386@example.com","ST02","アクティブ","2026-06-04 15:15:53.266611"
2387,"顧客02387","customer02387@example.com","ST03","非アクティブ","2026-06-04 15:15:53.266611"
2388,"顧客02388","customer02388@example.com","ST01","新規","2026-06-04 15:15:53.266611"
2389,"顧客02389","customer02389@example.com","ST04","退会","2026-06-04 15:15:53.266611"
2390,"顧客02390","customer02390@example.com","ST03","非アクティブ","2026-06-04 15:15:53.266611"
2391,"顧客02391","customer02391@example.com","ST03","非アクティブ","2026-06-04 15:15:53.266611"
2392,"顧客02392","customer02392@example.com","ST01","新規","2026-06-04 15:15:53.266611"
2393,"顧客02393","customer02393@example.com","ST03","非アクティブ","2026-06-04 15:15:53.266611"
2394,"顧客02394","customer02394@example.com","ST02","アクティブ","2026-06-04 15:15:53.266611"
2395,"顧客02395","customer02395@example.com","ST03","非アクティブ","2026-06-04 15:15:53.266611"
2396,"顧客02396","customer02396@example.com","ST02","アクティブ","2026-06-04 15:15:53.266611"
2397,"顧客02397","customer02397@example.com","ST03","非アクティブ","2026-06-04 15:15:53.266611"
2398,"顧客02398","customer02398@example.com","ST03","非アクティブ","2026-06-04 15:15:53.266611"
2399,"顧客02399","customer02399@example.com","ST04","退会","2026-06-04 15:15:53.266611"
2400,"顧客02400","customer02400@example.com","ST02","アクティブ","2026-06-04 15:15:53.266611"
2401,"顧客02401","customer02401@example.com","ST04","退会","2026-06-04 15:15:53.266611"
2402,"顧客02402","customer02402@example.com","ST03","非アクティブ","2026-06-04 15:15:53.266611"
2403,"顧客02403","customer02403@example.com","ST04","退会","2026-06-04 15:15:53.266611"
2404,"顧客02404","customer02404@example.com","ST02","アクティブ","2026-06-04 15:15:53.266611"
2405,"顧客02405","customer02405@example.com","ST03","非アクティブ","2026-06-04 15:15:53.266611"
2406,"顧客02406","customer02406@example.com","ST02","アクティブ","2026-06-04 15:15:53.266611"
2407,"顧客02407","customer02407@example.com","ST01","新規","2026-06-04 15:15:53.266611"
2408,"顧客02408","customer02408@example.com","ST01","新規","2026-06-04 15:15:53.266611"
2409,"顧客02409","customer02409@example.com","ST04","退会","2026-06-04 15:15:53.266611"
2410,"顧客02410","customer02410@example.com","ST02","アクティブ","2026-06-04 15:15:53.266611"
2411,"顧客02411","customer02411@example.com","ST03","非アクティブ","2026-06-04 15:15:53.266611"
2412,"顧客02412","customer02412@example.com","ST04","退会","2026-06-04 15:15:53.266611"
2413,"顧客02413","customer02413@example.com","ST02","アクティブ","2026-06-04 15:15:53.266611"
2414,"顧客02414","customer02414@example.com","ST01","新規","2026-06-04 15:15:53.266611"
2415,"顧客02415","customer02415@example.com","ST03","非アクティブ","2026-06-04 15:15:53.266611"
2416,"顧客02416","customer02416@example.com","ST02","アクティブ","2026-06-04 15:15:53.266611"
2417,"顧客02417","customer02417@example.com","ST02","アクティブ","2026-06-04 15:15:53.266611"
2418,"顧客02418","customer02418@example.com","ST01","新規","2026-06-04 15:15:53.266611"
2419,"顧客02419","customer02419@example.com","ST02","アクティブ","2026-06-04 15:15:53.266611"
2420,"顧客02420","customer02420@example.com","ST03","非アクティブ","2026-06-04 15:15:53.266611"
2421,"顧客02421","customer02421@example.com","ST03","非アクティブ","2026-06-04 15:15:53.266611"
2422,"顧客02422","customer02422@example.com","ST04","退会","2026-06-04 15:15:53.266611"
2423,"顧客02423","customer02423@example.com","ST01","新規","2026-06-04 15:15:53.266611"
2424,"顧客02424","customer02424@example.com","ST01","新規","2026-06-04 15:15:53.266611"
2425,"顧客02425","customer02425@example.com","ST03","非アクティブ","2026-06-04 15:15:53.266611"
2426,"顧客02426","customer02426@example.com","ST03","非アクティブ","2026-06-04 15:15:53.266611"
2427,"顧客02427","customer02427@example.com","ST03","非アクティブ","2026-06-04 15:15:53.266611"
2428,"顧客02428","customer02428@example.com","ST01","新規","2026-06-04 15:15:53.266611"
2429,"顧客02429","customer02429@example.com","ST03","非アクティブ","2026-06-04 15:15:53.266611"
2430,"顧客02430","customer02430@example.com","ST02","アクティブ","2026-06-04 15:15:53.266611"
2431,"顧客02431","customer02431@example.com","ST03","非アクティブ","2026-06-04 15:15:53.266611"
2432,"顧客02432","customer02432@example.com","ST03","非アクティブ","2026-06-04 15:15:53.266611"
2433,"顧客02433","customer02433@example.com","ST04","退会","2026-06-04 15:15:53.266611"
2434,"顧客02434","customer02434@example.com","ST03","非アクティブ","2026-06-04 15:15:53.266611"
2435,"顧客02435","customer02435@example.com","ST02","アクティブ","2026-06-04 15:15:53.266611"
2436,"顧客02436","customer02436@example.com","ST02","アクティブ","2026-06-04 15:15:53.266611"
2437,"顧客02437","customer02437@example.com","ST04","退会","2026-06-04 15:15:53.266611"
2438,"顧客02438","customer02438@example.com","ST04","退会","2026-06-04 15:15:53.266611"
2439,"顧客02439","customer02439@example.com","ST03","非アクティブ","2026-06-04 15:15:53.266611"
2440,"顧客02440","customer02440@example.com","ST03","非アクティブ","2026-06-04 15:15:53.266611"
2441,"顧客02441","customer02441@example.com","ST02","アクティブ","2026-06-04 15:15:53.266611"
2442,"顧客02442","customer02442@example.com","ST04","退会","2026-06-04 15:15:53.266611"
2443,"顧客02443","customer02443@example.com","ST03","非アクティブ","2026-06-04 15:15:53.266611"
2444,"顧客02444","customer02444@example.com","ST01","新規","2026-06-04 15:15:53.266611"
2445,"顧客02445","customer02445@example.com","ST01","新規","2026-06-04 15:15:53.266611"
2446,"顧客02446","customer02446@example.com","ST04","退会","2026-06-04 15:15:53.266611"
2447,"顧客02447","customer02447@example.com","ST02","アクティブ","2026-06-04 15:15:53.266611"
2448,"顧客02448","customer02448@example.com","ST01","新規","2026-06-04 15:15:53.266611"
2449,"顧客02449","customer02449@example.com","ST04","退会","2026-06-04 15:15:53.266611"
2450,"顧客02450","customer02450@example.com","ST02","アクティブ","2026-06-04 15:15:53.266611"
2451,"顧客02451","customer02451@example.com","ST03","非アクティブ","2026-06-04 15:15:53.266611"
2452,"顧客02452","customer02452@example.com","ST03","非アクティブ","2026-06-04 15:15:53.266611"
2453,"顧客02453","customer02453@example.com","ST03","非アクティブ","2026-06-04 15:15:53.266611"
2454,"顧客02454","customer02454@example.com","ST02","アクティブ","2026-06-04 15:15:53.266611"
2455,"顧客02455","customer02455@example.com","ST03","非アクティブ","2026-06-04 15:15:53.266611"
2456,"顧客02456","customer02456@example.com","ST04","退会","2026-06-04 15:15:53.266611"
2457,"顧客02457","customer02457@example.com","ST03","非アクティブ","2026-06-04 15:15:53.266611"
2458,"顧客02458","customer02458@example.com","ST01","新規","2026-06-04 15:15:53.266611"
2459,"顧客02459","customer02459@example.com","ST02","アクティブ","2026-06-04 15:15:53.266611"
2460,"顧客02460","customer02460@example.com","ST02","アクティブ","2026-06-04 15:15:53.266611"
2461,"顧客02461","customer02461@example.com","ST03","非アクティブ","2026-06-04 15:15:53.266611"
2462,"顧客02462","customer02462@example.com","ST02","アクティブ","2026-06-04 15:15:53.266611"
2463,"顧客02463","customer02463@example.com","ST01","新規","2026-06-04 15:15:53.266611"
2464,"顧客02464","customer02464@example.com","ST02","アクティブ","2026-06-04 15:15:53.266611"
2465,"顧客02465","customer02465@example.com","ST01","新規","2026-06-04 15:15:53.266611"
2466,"顧客02466","customer02466@example.com","ST01","新規","2026-06-04 15:15:53.266611"
2467,"顧客02467","customer02467@example.com","ST04","退会","2026-06-04 15:15:53.266611"
2468,"顧客02468","customer02468@example.com","ST03","非アクティブ","2026-06-04 15:15:53.266611"
2469,"顧客02469","customer02469@example.com","ST02","アクティブ","2026-06-04 15:15:53.266611"
2470,"顧客02470","customer02470@example.com","ST04","退会","2026-06-04 15:15:53.266611"
2471,"顧客02471","customer02471@example.com","ST01","新規","2026-06-04 15:15:53.266611"
2472,"顧客02472","customer02472@example.com","ST03","非アクティブ","2026-06-04 15:15:53.266611"
2473,"顧客02473","customer02473@example.com","ST02","アクティブ","2026-06-04 15:15:53.266611"
2474,"顧客02474","customer02474@example.com","ST03","非アクティブ","2026-06-04 15:15:53.266611"
2475,"顧客02475","customer02475@example.com","ST04","退会","2026-06-04 15:15:53.266611"
2476,"顧客02476","customer02476@example.com","ST01","新規","2026-06-04 15:15:53.266611"
2477,"顧客02477","customer02477@example.com","ST01","新規","2026-06-04 15:15:53.266611"
2478,"顧客02478","customer02478@example.com","ST01","新規","2026-06-04 15:15:53.266611"
2479,"顧客02479","customer02479@example.com","ST03","非アクティブ","2026-06-04 15:15:53.266611"
2480,"顧客02480","customer02480@example.com","ST04","退会","2026-06-04 15:15:53.266611"
2481,"顧客02481","customer02481@example.com","ST04","退会","2026-06-04 15:15:53.266611"
2482,"顧客02482","customer02482@example.com","ST04","退会","2026-06-04 15:15:53.266611"
2483,"顧客02483","customer02483@example.com","ST04","退会","2026-06-04 15:15:53.266611"
2484,"顧客02484","customer02484@example.com","ST04","退会","2026-06-04 15:15:53.266611"
2485,"顧客02485","customer02485@example.com","ST01","新規","2026-06-04 15:15:53.266611"
2486,"顧客02486","customer02486@example.com","ST03","非アクティブ","2026-06-04 15:15:53.266611"
2487,"顧客02487","customer02487@example.com","ST03","非アクティブ","2026-06-04 15:15:53.266611"
2488,"顧客02488","customer02488@example.com","ST02","アクティブ","2026-06-04 15:15:53.266611"
2489,"顧客02489","customer02489@example.com","ST01","新規","2026-06-04 15:15:53.266611"
2490,"顧客02490","customer02490@example.com","ST02","アクティブ","2026-06-04 15:15:53.266611"
2491,"顧客02491","customer02491@example.com","ST03","非アクティブ","2026-06-04 15:15:53.266611"
2492,"顧客02492","customer02492@example.com","ST04","退会","2026-06-04 15:15:53.266611"
2493,"顧客02493","customer02493@example.com","ST04","退会","2026-06-04 15:15:53.266611"
2494,"顧客02494","customer02494@example.com","ST04","退会","2026-06-04 15:15:53.266611"
2495,"顧客02495","customer02495@example.com","ST01","新規","2026-06-04 15:15:53.266611"
2496,"顧客02496","customer02496@example.com","ST03","非アクティブ","2026-06-04 15:15:53.266611"
2497,"顧客02497","customer02497@example.com","ST02","アクティブ","2026-06-04 15:15:53.266611"
2498,"顧客02498","customer02498@example.com","ST02","アクティブ","2026-06-04 15:15:53.266611"
2499,"顧客02499","customer02499@example.com","ST04","退会","2026-06-04 15:15:53.266611"
2500,"顧客02500","customer02500@example.com","ST04","退会","2026-06-04 15:15:53.266611"
2501,"顧客02501","customer02501@example.com","ST04","退会","2026-06-04 15:15:53.266611"
2502,"顧客02502","customer02502@example.com","ST04","退会","2026-06-04 15:15:53.266611"
2503,"顧客02503","customer02503@example.com","ST04","退会","2026-06-04 15:15:53.266611"
2504,"顧客02504","customer02504@example.com","ST01","新規","2026-06-04 15:15:53.266611"
2505,"顧客02505","customer02505@example.com","ST02","アクティブ","2026-06-04 15:15:53.266611"
2506,"顧客02506","customer02506@example.com","ST04","退会","2026-06-04 15:15:53.266611"
2507,"顧客02507","customer02507@example.com","ST03","非アクティブ","2026-06-04 15:15:53.266611"
2508,"顧客02508","customer02508@example.com","ST01","新規","2026-06-04 15:15:53.266611"
2509,"顧客02509","customer02509@example.com","ST01","新規","2026-06-04 15:15:53.266611"
2510,"顧客02510","customer02510@example.com","ST01","新規","2026-06-04 15:15:53.266611"
2511,"顧客02511","customer02511@example.com","ST02","アクティブ","2026-06-04 15:15:53.266611"
2512,"顧客02512","customer02512@example.com","ST02","アクティブ","2026-06-04 15:15:53.266611"
2513,"顧客02513","customer02513@example.com","ST04","退会","2026-06-04 15:15:53.266611"
2514,"顧客02514","customer02514@example.com","ST03","非アクティブ","2026-06-04 15:15:53.266611"
2515,"顧客02515","customer02515@example.com","ST03","非アクティブ","2026-06-04 15:15:53.266611"
2516,"顧客02516","customer02516@example.com","ST02","アクティブ","2026-06-04 15:15:53.266611"
2517,"顧客02517","customer02517@example.com","ST01","新規","2026-06-04 15:15:53.266611"
2518,"顧客02518","customer02518@example.com","ST03","非アクティブ","2026-06-04 15:15:53.266611"
2519,"顧客02519","customer02519@example.com","ST02","アクティブ","2026-06-04 15:15:53.266611"
2520,"顧客02520","customer02520@example.com","ST04","退会","2026-06-04 15:15:53.266611"
2521,"顧客02521","customer02521@example.com","ST01","新規","2026-06-04 15:15:53.266611"
2522,"顧客02522","customer02522@example.com","ST04","退会","2026-06-04 15:15:53.266611"
2523,"顧客02523","customer02523@example.com","ST03","非アクティブ","2026-06-04 15:15:53.266611"
2524,"顧客02524","customer02524@example.com","ST03","非アクティブ","2026-06-04 15:15:53.266611"
2525,"顧客02525","customer02525@example.com","ST01","新規","2026-06-04 15:15:53.266611"
2526,"顧客02526","customer02526@example.com","ST02","アクティブ","2026-06-04 15:15:53.266611"
2527,"顧客02527","customer02527@example.com","ST03","非アクティブ","2026-06-04 15:15:53.266611"
2528,"顧客02528","customer02528@example.com","ST03","非アクティブ","2026-06-04 15:15:53.266611"
2529,"顧客02529","customer02529@example.com","ST04","退会","2026-06-04 15:15:53.266611"
2530,"顧客02530","customer02530@example.com","ST02","アクティブ","2026-06-04 15:15:53.266611"
2531,"顧客02531","customer02531@example.com","ST03","非アクティブ","2026-06-04 15:15:53.266611"
2532,"顧客02532","customer02532@example.com","ST02","アクティブ","2026-06-04 15:15:53.266611"
2533,"顧客02533","customer02533@example.com","ST02","アクティブ","2026-06-04 15:15:53.266611"
2534,"顧客02534","customer02534@example.com","ST01","新規","2026-06-04 15:15:53.266611"
2535,"顧客02535","customer02535@example.com","ST02","アクティブ","2026-06-04 15:15:53.266611"
2536,"顧客02536","customer02536@example.com","ST02","アクティブ","2026-06-04 15:15:53.266611"
2537,"顧客02537","customer02537@example.com","ST02","アクティブ","2026-06-04 15:15:53.266611"
2538,"顧客02538","customer02538@example.com","ST03","非アクティブ","2026-06-04 15:15:53.266611"
2539,"顧客02539","customer02539@example.com","ST02","アクティブ","2026-06-04 15:15:53.266611"
2540,"顧客02540","customer02540@example.com","ST01","新規","2026-06-04 15:15:53.266611"
2541,"顧客02541","customer02541@example.com","ST04","退会","2026-06-04 15:15:53.266611"
2542,"顧客02542","customer02542@example.com","ST01","新規","2026-06-04 15:15:53.266611"
2543,"顧客02543","customer02543@example.com","ST02","アクティブ","2026-06-04 15:15:53.266611"
2544,"顧客02544","customer02544@example.com","ST02","アクティブ","2026-06-04 15:15:53.266611"
2545,"顧客02545","customer02545@example.com","ST04","退会","2026-06-04 15:15:53.266611"
2546,"顧客02546","customer02546@example.com","ST04","退会","2026-06-04 15:15:53.266611"
2547,"顧客02547","customer02547@example.com","ST02","アクティブ","2026-06-04 15:15:53.266611"
2548,"顧客02548","customer02548@example.com","ST01","新規","2026-06-04 15:15:53.266611"
2549,"顧客02549","customer02549@example.com","ST01","新規","2026-06-04 15:15:53.266611"
2550,"顧客02550","customer02550@example.com","ST01","新規","2026-06-04 15:15:53.266611"
2551,"顧客02551","customer02551@example.com","ST04","退会","2026-06-04 15:15:53.266611"
2552,"顧客02552","customer02552@example.com","ST03","非アクティブ","2026-06-04 15:15:53.266611"
2553,"顧客02553","customer02553@example.com","ST04","退会","2026-06-04 15:15:53.266611"
2554,"顧客02554","customer02554@example.com","ST01","新規","2026-06-04 15:15:53.266611"
2555,"顧客02555","customer02555@example.com","ST01","新規","2026-06-04 15:15:53.266611"
2556,"顧客02556","customer02556@example.com","ST02","アクティブ","2026-06-04 15:15:53.266611"
2557,"顧客02557","customer02557@example.com","ST02","アクティブ","2026-06-04 15:15:53.266611"
2558,"顧客02558","customer02558@example.com","ST03","非アクティブ","2026-06-04 15:15:53.266611"
2559,"顧客02559","customer02559@example.com","ST01","新規","2026-06-04 15:15:53.266611"
2560,"顧客02560","customer02560@example.com","ST03","非アクティブ","2026-06-04 15:15:53.266611"
2561,"顧客02561","customer02561@example.com","ST03","非アクティブ","2026-06-04 15:15:53.266611"
2562,"顧客02562","customer02562@example.com","ST02","アクティブ","2026-06-04 15:15:53.266611"
2563,"顧客02563","customer02563@example.com","ST03","非アクティブ","2026-06-04 15:15:53.266611"
2564,"顧客02564","customer02564@example.com","ST03","非アクティブ","2026-06-04 15:15:53.266611"
2565,"顧客02565","customer02565@example.com","ST02","アクティブ","2026-06-04 15:15:53.266611"
2566,"顧客02566","customer02566@example.com","ST02","アクティブ","2026-06-04 15:15:53.266611"
2567,"顧客02567","customer02567@example.com","ST04","退会","2026-06-04 15:15:53.266611"
2568,"顧客02568","customer02568@example.com","ST03","非アクティブ","2026-06-04 15:15:53.266611"
2569,"顧客02569","customer02569@example.com","ST01","新規","2026-06-04 15:15:53.266611"
2570,"顧客02570","customer02570@example.com","ST03","非アクティブ","2026-06-04 15:15:53.266611"
2571,"顧客02571","customer02571@example.com","ST03","非アクティブ","2026-06-04 15:15:53.266611"
2572,"顧客02572","customer02572@example.com","ST02","アクティブ","2026-06-04 15:15:53.266611"
2573,"顧客02573","customer02573@example.com","ST01","新規","2026-06-04 15:15:53.266611"
2574,"顧客02574","customer02574@example.com","ST04","退会","2026-06-04 15:15:53.266611"
2575,"顧客02575","customer02575@example.com","ST02","アクティブ","2026-06-04 15:15:53.266611"
2576,"顧客02576","customer02576@example.com","ST03","非アクティブ","2026-06-04 15:15:53.266611"
2577,"顧客02577","customer02577@example.com","ST01","新規","2026-06-04 15:15:53.266611"
2578,"顧客02578","customer02578@example.com","ST01","新規","2026-06-04 15:15:53.266611"
2579,"顧客02579","customer02579@example.com","ST01","新規","2026-06-04 15:15:53.266611"
2580,"顧客02580","customer02580@example.com","ST02","アクティブ","2026-06-04 15:15:53.266611"
2581,"顧客02581","customer02581@example.com","ST01","新規","2026-06-04 15:15:53.266611"
2582,"顧客02582","customer02582@example.com","ST04","退会","2026-06-04 15:15:53.266611"
2583,"顧客02583","customer02583@example.com","ST04","退会","2026-06-04 15:15:53.266611"
2584,"顧客02584","customer02584@example.com","ST01","新規","2026-06-04 15:15:53.266611"
2585,"顧客02585","customer02585@example.com","ST02","アクティブ","2026-06-04 15:15:53.266611"
2586,"顧客02586","customer02586@example.com","ST04","退会","2026-06-04 15:15:53.266611"
2587,"顧客02587","customer02587@example.com","ST04","退会","2026-06-04 15:15:53.266611"
2588,"顧客02588","customer02588@example.com","ST03","非アクティブ","2026-06-04 15:15:53.266611"
2589,"顧客02589","customer02589@example.com","ST01","新規","2026-06-04 15:15:53.266611"
2590,"顧客02590","customer02590@example.com","ST03","非アクティブ","2026-06-04 15:15:53.266611"
2591,"顧客02591","customer02591@example.com","ST04","退会","2026-06-04 15:15:53.266611"
2592,"顧客02592","customer02592@example.com","ST02","アクティブ","2026-06-04 15:15:53.266611"
2593,"顧客02593","customer02593@example.com","ST01","新規","2026-06-04 15:15:53.266611"
2594,"顧客02594","customer02594@example.com","ST02","アクティブ","2026-06-04 15:15:53.266611"
2595,"顧客02595","customer02595@example.com","ST02","アクティブ","2026-06-04 15:15:53.266611"
2596,"顧客02596","customer02596@example.com","ST04","退会","2026-06-04 15:15:53.266611"
2597,"顧客02597","customer02597@example.com","ST03","非アクティブ","2026-06-04 15:15:53.266611"
2598,"顧客02598","customer02598@example.com","ST04","退会","2026-06-04 15:15:53.266611"
2599,"顧客02599","customer02599@example.com","ST01","新規","2026-06-04 15:15:53.266611"
2600,"顧客02600","customer02600@example.com","ST02","アクティブ","2026-06-04 15:15:53.266611"
2601,"顧客02601","customer02601@example.com","ST01","新規","2026-06-04 15:15:53.266611"
2602,"顧客02602","customer02602@example.com","ST03","非アクティブ","2026-06-04 15:15:53.266611"
2603,"顧客02603","customer02603@example.com","ST01","新規","2026-06-04 15:15:53.266611"
2604,"顧客02604","customer02604@example.com","ST02","アクティブ","2026-06-04 15:15:53.266611"
2605,"顧客02605","customer02605@example.com","ST03","非アクティブ","2026-06-04 15:15:53.266611"
2606,"顧客02606","customer02606@example.com","ST01","新規","2026-06-04 15:15:53.266611"
2607,"顧客02607","customer02607@example.com","ST03","非アクティブ","2026-06-04 15:15:53.266611"
2608,"顧客02608","customer02608@example.com","ST02","アクティブ","2026-06-04 15:15:53.266611"
2609,"顧客02609","customer02609@example.com","ST04","退会","2026-06-04 15:15:53.266611"
2610,"顧客02610","customer02610@example.com","ST02","アクティブ","2026-06-04 15:15:53.266611"
2611,"顧客02611","customer02611@example.com","ST02","アクティブ","2026-06-04 15:15:53.266611"
2612,"顧客02612","customer02612@example.com","ST03","非アクティブ","2026-06-04 15:15:53.266611"
2613,"顧客02613","customer02613@example.com","ST04","退会","2026-06-04 15:15:53.266611"
2614,"顧客02614","customer02614@example.com","ST03","非アクティブ","2026-06-04 15:15:53.266611"
2615,"顧客02615","customer02615@example.com","ST04","退会","2026-06-04 15:15:53.266611"
2616,"顧客02616","customer02616@example.com","ST02","アクティブ","2026-06-04 15:15:53.266611"
2617,"顧客02617","customer02617@example.com","ST03","非アクティブ","2026-06-04 15:15:53.266611"
2618,"顧客02618","customer02618@example.com","ST01","新規","2026-06-04 15:15:53.266611"
2619,"顧客02619","customer02619@example.com","ST01","新規","2026-06-04 15:15:53.266611"
2620,"顧客02620","customer02620@example.com","ST03","非アクティブ","2026-06-04 15:15:53.266611"
2621,"顧客02621","customer02621@example.com","ST02","アクティブ","2026-06-04 15:15:53.266611"
2622,"顧客02622","customer02622@example.com","ST02","アクティブ","2026-06-04 15:15:53.266611"
2623,"顧客02623","customer02623@example.com","ST03","非アクティブ","2026-06-04 15:15:53.266611"
2624,"顧客02624","customer02624@example.com","ST04","退会","2026-06-04 15:15:53.266611"
2625,"顧客02625","customer02625@example.com","ST03","非アクティブ","2026-06-04 15:15:53.266611"
2626,"顧客02626","customer02626@example.com","ST02","アクティブ","2026-06-04 15:15:53.266611"
2627,"顧客02627","customer02627@example.com","ST02","アクティブ","2026-06-04 15:15:53.266611"
2628,"顧客02628","customer02628@example.com","ST03","非アクティブ","2026-06-04 15:15:53.266611"
2629,"顧客02629","customer02629@example.com","ST01","新規","2026-06-04 15:15:53.266611"
2630,"顧客02630","customer02630@example.com","ST02","アクティブ","2026-06-04 15:15:53.266611"
2631,"顧客02631","customer02631@example.com","ST02","アクティブ","2026-06-04 15:15:53.266611"
2632,"顧客02632","customer02632@example.com","ST03","非アクティブ","2026-06-04 15:15:53.266611"
2633,"顧客02633","customer02633@example.com","ST01","新規","2026-06-04 15:15:53.266611"
2634,"顧客02634","customer02634@example.com","ST03","非アクティブ","2026-06-04 15:15:53.266611"
2635,"顧客02635","customer02635@example.com","ST01","新規","2026-06-04 15:15:53.266611"
2636,"顧客02636","customer02636@example.com","ST04","退会","2026-06-04 15:15:53.266611"
2637,"顧客02637","customer02637@example.com","ST04","退会","2026-06-04 15:15:53.266611"
2638,"顧客02638","customer02638@example.com","ST03","非アクティブ","2026-06-04 15:15:53.266611"
2639,"顧客02639","customer02639@example.com","ST03","非アクティブ","2026-06-04 15:15:53.266611"
2640,"顧客02640","customer02640@example.com","ST02","アクティブ","2026-06-04 15:15:53.266611"
2641,"顧客02641","customer02641@example.com","ST01","新規","2026-06-04 15:15:53.266611"
2642,"顧客02642","customer02642@example.com","ST03","非アクティブ","2026-06-04 15:15:53.266611"
2643,"顧客02643","customer02643@example.com","ST03","非アクティブ","2026-06-04 15:15:53.266611"
2644,"顧客02644","customer02644@example.com","ST01","新規","2026-06-04 15:15:53.266611"
2645,"顧客02645","customer02645@example.com","ST04","退会","2026-06-04 15:15:53.266611"
2646,"顧客02646","customer02646@example.com","ST03","非アクティブ","2026-06-04 15:15:53.266611"
2647,"顧客02647","customer02647@example.com","ST01","新規","2026-06-04 15:15:53.266611"
2648,"顧客02648","customer02648@example.com","ST02","アクティブ","2026-06-04 15:15:53.266611"
2649,"顧客02649","customer02649@example.com","ST01","新規","2026-06-04 15:15:53.266611"
2650,"顧客02650","customer02650@example.com","ST02","アクティブ","2026-06-04 15:15:53.266611"
2651,"顧客02651","customer02651@example.com","ST02","アクティブ","2026-06-04 15:15:53.266611"
2652,"顧客02652","customer02652@example.com","ST02","アクティブ","2026-06-04 15:15:53.266611"
2653,"顧客02653","customer02653@example.com","ST02","アクティブ","2026-06-04 15:15:53.266611"
2654,"顧客02654","customer02654@example.com","ST04","退会","2026-06-04 15:15:53.266611"
2655,"顧客02655","customer02655@example.com","ST03","非アクティブ","2026-06-04 15:15:53.266611"
2656,"顧客02656","customer02656@example.com","ST01","新規","2026-06-04 15:15:53.266611"
2657,"顧客02657","customer02657@example.com","ST03","非アクティブ","2026-06-04 15:15:53.266611"
2658,"顧客02658","customer02658@example.com","ST02","アクティブ","2026-06-04 15:15:53.266611"
2659,"顧客02659","customer02659@example.com","ST02","アクティブ","2026-06-04 15:15:53.266611"
2660,"顧客02660","customer02660@example.com","ST03","非アクティブ","2026-06-04 15:15:53.266611"
2661,"顧客02661","customer02661@example.com","ST03","非アクティブ","2026-06-04 15:15:53.266611"
2662,"顧客02662","customer02662@example.com","ST03","非アクティブ","2026-06-04 15:15:53.266611"
2663,"顧客02663","customer02663@example.com","ST04","退会","2026-06-04 15:15:53.266611"
2664,"顧客02664","customer02664@example.com","ST03","非アクティブ","2026-06-04 15:15:53.266611"
2665,"顧客02665","customer02665@example.com","ST03","非アクティブ","2026-06-04 15:15:53.266611"
2666,"顧客02666","customer02666@example.com","ST01","新規","2026-06-04 15:15:53.266611"
2667,"顧客02667","customer02667@example.com","ST02","アクティブ","2026-06-04 15:15:53.266611"
2668,"顧客02668","customer02668@example.com","ST03","非アクティブ","2026-06-04 15:15:53.266611"
2669,"顧客02669","customer02669@example.com","ST03","非アクティブ","2026-06-04 15:15:53.266611"
2670,"顧客02670","customer02670@example.com","ST01","新規","2026-06-04 15:15:53.266611"
2671,"顧客02671","customer02671@example.com","ST02","アクティブ","2026-06-04 15:15:53.266611"
2672,"顧客02672","customer02672@example.com","ST04","退会","2026-06-04 15:15:53.266611"
2673,"顧客02673","customer02673@example.com","ST03","非アクティブ","2026-06-04 15:15:53.266611"
2674,"顧客02674","customer02674@example.com","ST03","非アクティブ","2026-06-04 15:15:53.266611"
2675,"顧客02675","customer02675@example.com","ST04","退会","2026-06-04 15:15:53.266611"
2676,"顧客02676","customer02676@example.com","ST01","新規","2026-06-04 15:15:53.266611"
2677,"顧客02677","customer02677@example.com","ST01","新規","2026-06-04 15:15:53.266611"
2678,"顧客02678","customer02678@example.com","ST03","非アクティブ","2026-06-04 15:15:53.266611"
2679,"顧客02679","customer02679@example.com","ST01","新規","2026-06-04 15:15:53.266611"
2680,"顧客02680","customer02680@example.com","ST04","退会","2026-06-04 15:15:53.266611"
2681,"顧客02681","customer02681@example.com","ST01","新規","2026-06-04 15:15:53.266611"
2682,"顧客02682","customer02682@example.com","ST01","新規","2026-06-04 15:15:53.266611"
2683,"顧客02683","customer02683@example.com","ST02","アクティブ","2026-06-04 15:15:53.266611"
2684,"顧客02684","customer02684@example.com","ST01","新規","2026-06-04 15:15:53.266611"
2685,"顧客02685","customer02685@example.com","ST01","新規","2026-06-04 15:15:53.266611"
2686,"顧客02686","customer02686@example.com","ST02","アクティブ","2026-06-04 15:15:53.266611"
2687,"顧客02687","customer02687@example.com","ST03","非アクティブ","2026-06-04 15:15:53.266611"
2688,"顧客02688","customer02688@example.com","ST01","新規","2026-06-04 15:15:53.266611"
2689,"顧客02689","customer02689@example.com","ST03","非アクティブ","2026-06-04 15:15:53.266611"
2690,"顧客02690","customer02690@example.com","ST01","新規","2026-06-04 15:15:53.266611"
2691,"顧客02691","customer02691@example.com","ST02","アクティブ","2026-06-04 15:15:53.266611"
2692,"顧客02692","customer02692@example.com","ST01","新規","2026-06-04 15:15:53.266611"
2693,"顧客02693","customer02693@example.com","ST03","非アクティブ","2026-06-04 15:15:53.266611"
2694,"顧客02694","customer02694@example.com","ST04","退会","2026-06-04 15:15:53.266611"
2695,"顧客02695","customer02695@example.com","ST01","新規","2026-06-04 15:15:53.266611"
2696,"顧客02696","customer02696@example.com","ST02","アクティブ","2026-06-04 15:15:53.266611"
2697,"顧客02697","customer02697@example.com","ST04","退会","2026-06-04 15:15:53.266611"
2698,"顧客02698","customer02698@example.com","ST02","アクティブ","2026-06-04 15:15:53.266611"
2699,"顧客02699","customer02699@example.com","ST01","新規","2026-06-04 15:15:53.266611"
2700,"顧客02700","customer02700@example.com","ST03","非アクティブ","2026-06-04 15:15:53.266611"
2701,"顧客02701","customer02701@example.com","ST01","新規","2026-06-04 15:15:53.266611"
2702,"顧客02702","customer02702@example.com","ST01","新規","2026-06-04 15:15:53.266611"
2703,"顧客02703","customer02703@example.com","ST01","新規","2026-06-04 15:15:53.266611"
2704,"顧客02704","customer02704@example.com","ST02","アクティブ","2026-06-04 15:15:53.266611"
2705,"顧客02705","customer02705@example.com","ST01","新規","2026-06-04 15:15:53.266611"
2706,"顧客02706","customer02706@example.com","ST02","アクティブ","2026-06-04 15:15:53.266611"
2707,"顧客02707","customer02707@example.com","ST03","非アクティブ","2026-06-04 15:15:53.266611"
2708,"顧客02708","customer02708@example.com","ST02","アクティブ","2026-06-04 15:15:53.266611"
2709,"顧客02709","customer02709@example.com","ST03","非アクティブ","2026-06-04 15:15:53.266611"
2710,"顧客02710","customer02710@example.com","ST04","退会","2026-06-04 15:15:53.266611"
2711,"顧客02711","customer02711@example.com","ST03","非アクティブ","2026-06-04 15:15:53.266611"
2712,"顧客02712","customer02712@example.com","ST03","非アクティブ","2026-06-04 15:15:53.266611"
2713,"顧客02713","customer02713@example.com","ST01","新規","2026-06-04 15:15:53.266611"
2714,"顧客02714","customer02714@example.com","ST01","新規","2026-06-04 15:15:53.266611"
2715,"顧客02715","customer02715@example.com","ST03","非アクティブ","2026-06-04 15:15:53.266611"
2716,"顧客02716","customer02716@example.com","ST03","非アクティブ","2026-06-04 15:15:53.266611"
2717,"顧客02717","customer02717@example.com","ST02","アクティブ","2026-06-04 15:15:53.266611"
2718,"顧客02718","customer02718@example.com","ST02","アクティブ","2026-06-04 15:15:53.266611"
2719,"顧客02719","customer02719@example.com","ST02","アクティブ","2026-06-04 15:15:53.266611"
2720,"顧客02720","customer02720@example.com","ST02","アクティブ","2026-06-04 15:15:53.266611"
2721,"顧客02721","customer02721@example.com","ST02","アクティブ","2026-06-04 15:15:53.266611"
2722,"顧客02722","customer02722@example.com","ST02","アクティブ","2026-06-04 15:15:53.266611"
2723,"顧客02723","customer02723@example.com","ST03","非アクティブ","2026-06-04 15:15:53.266611"
2724,"顧客02724","customer02724@example.com","ST01","新規","2026-06-04 15:15:53.266611"
2725,"顧客02725","customer02725@example.com","ST03","非アクティブ","2026-06-04 15:15:53.266611"
2726,"顧客02726","customer02726@example.com","ST02","アクティブ","2026-06-04 15:15:53.266611"
2727,"顧客02727","customer02727@example.com","ST02","アクティブ","2026-06-04 15:15:53.266611"
2728,"顧客02728","customer02728@example.com","ST04","退会","2026-06-04 15:15:53.266611"
2729,"顧客02729","customer02729@example.com","ST04","退会","2026-06-04 15:15:53.266611"
2730,"顧客02730","customer02730@example.com","ST02","アクティブ","2026-06-04 15:15:53.266611"
2731,"顧客02731","customer02731@example.com","ST01","新規","2026-06-04 15:15:53.266611"
2732,"顧客02732","customer02732@example.com","ST04","退会","2026-06-04 15:15:53.266611"
2733,"顧客02733","customer02733@example.com","ST03","非アクティブ","2026-06-04 15:15:53.266611"
2734,"顧客02734","customer02734@example.com","ST03","非アクティブ","2026-06-04 15:15:53.266611"
2735,"顧客02735","customer02735@example.com","ST03","非アクティブ","2026-06-04 15:15:53.266611"
2736,"顧客02736","customer02736@example.com","ST02","アクティブ","2026-06-04 15:15:53.266611"
2737,"顧客02737","customer02737@example.com","ST03","非アクティブ","2026-06-04 15:15:53.266611"
2738,"顧客02738","customer02738@example.com","ST03","非アクティブ","2026-06-04 15:15:53.266611"
2739,"顧客02739","customer02739@example.com","ST01","新規","2026-06-04 15:15:53.266611"
2740,"顧客02740","customer02740@example.com","ST02","アクティブ","2026-06-04 15:15:53.266611"
2741,"顧客02741","customer02741@example.com","ST03","非アクティブ","2026-06-04 15:15:53.266611"
2742,"顧客02742","customer02742@example.com","ST03","非アクティブ","2026-06-04 15:15:53.266611"
2743,"顧客02743","customer02743@example.com","ST03","非アクティブ","2026-06-04 15:15:53.266611"
2744,"顧客02744","customer02744@example.com","ST02","アクティブ","2026-06-04 15:15:53.266611"
2745,"顧客02745","customer02745@example.com","ST02","アクティブ","2026-06-04 15:15:53.266611"
2746,"顧客02746","customer02746@example.com","ST02","アクティブ","2026-06-04 15:15:53.266611"
2747,"顧客02747","customer02747@example.com","ST03","非アクティブ","2026-06-04 15:15:53.266611"
2748,"顧客02748","customer02748@example.com","ST03","非アクティブ","2026-06-04 15:15:53.266611"
2749,"顧客02749","customer02749@example.com","ST02","アクティブ","2026-06-04 15:15:53.266611"
2750,"顧客02750","customer02750@example.com","ST02","アクティブ","2026-06-04 15:15:53.266611"
2751,"顧客02751","customer02751@example.com","ST02","アクティブ","2026-06-04 15:15:53.266611"
2752,"顧客02752","customer02752@example.com","ST01","新規","2026-06-04 15:15:53.266611"
2753,"顧客02753","customer02753@example.com","ST03","非アクティブ","2026-06-04 15:15:53.266611"
2754,"顧客02754","customer02754@example.com","ST04","退会","2026-06-04 15:15:53.266611"
2755,"顧客02755","customer02755@example.com","ST04","退会","2026-06-04 15:15:53.266611"
2756,"顧客02756","customer02756@example.com","ST03","非アクティブ","2026-06-04 15:15:53.266611"
2757,"顧客02757","customer02757@example.com","ST03","非アクティブ","2026-06-04 15:15:53.266611"
2758,"顧客02758","customer02758@example.com","ST02","アクティブ","2026-06-04 15:15:53.266611"
2759,"顧客02759","customer02759@example.com","ST02","アクティブ","2026-06-04 15:15:53.266611"
2760,"顧客02760","customer02760@example.com","ST04","退会","2026-06-04 15:15:53.266611"
2761,"顧客02761","customer02761@example.com","ST01","新規","2026-06-04 15:15:53.266611"
2762,"顧客02762","customer02762@example.com","ST02","アクティブ","2026-06-04 15:15:53.266611"
2763,"顧客02763","customer02763@example.com","ST01","新規","2026-06-04 15:15:53.266611"
2764,"顧客02764","customer02764@example.com","ST04","退会","2026-06-04 15:15:53.266611"
2765,"顧客02765","customer02765@example.com","ST02","アクティブ","2026-06-04 15:15:53.266611"
2766,"顧客02766","customer02766@example.com","ST04","退会","2026-06-04 15:15:53.266611"
2767,"顧客02767","customer02767@example.com","ST03","非アクティブ","2026-06-04 15:15:53.266611"
2768,"顧客02768","customer02768@example.com","ST03","非アクティブ","2026-06-04 15:15:53.266611"
2769,"顧客02769","customer02769@example.com","ST03","非アクティブ","2026-06-04 15:15:53.266611"
2770,"顧客02770","customer02770@example.com","ST03","非アクティブ","2026-06-04 15:15:53.266611"
2771,"顧客02771","customer02771@example.com","ST02","アクティブ","2026-06-04 15:15:53.266611"
2772,"顧客02772","customer02772@example.com","ST02","アクティブ","2026-06-04 15:15:53.266611"
2773,"顧客02773","customer02773@example.com","ST03","非アクティブ","2026-06-04 15:15:53.266611"
2774,"顧客02774","customer02774@example.com","ST01","新規","2026-06-04 15:15:53.266611"
2775,"顧客02775","customer02775@example.com","ST02","アクティブ","2026-06-04 15:15:53.266611"
2776,"顧客02776","customer02776@example.com","ST03","非アクティブ","2026-06-04 15:15:53.266611"
2777,"顧客02777","customer02777@example.com","ST01","新規","2026-06-04 15:15:53.266611"
2778,"顧客02778","customer02778@example.com","ST01","新規","2026-06-04 15:15:53.266611"
2779,"顧客02779","customer02779@example.com","ST04","退会","2026-06-04 15:15:53.266611"
2780,"顧客02780","customer02780@example.com","ST02","アクティブ","2026-06-04 15:15:53.266611"
2781,"顧客02781","customer02781@example.com","ST01","新規","2026-06-04 15:15:53.266611"
2782,"顧客02782","customer02782@example.com","ST04","退会","2026-06-04 15:15:53.266611"
2783,"顧客02783","customer02783@example.com","ST02","アクティブ","2026-06-04 15:15:53.266611"
2784,"顧客02784","customer02784@example.com","ST03","非アクティブ","2026-06-04 15:15:53.266611"
2785,"顧客02785","customer02785@example.com","ST03","非アクティブ","2026-06-04 15:15:53.266611"
2786,"顧客02786","customer02786@example.com","ST03","非アクティブ","2026-06-04 15:15:53.266611"
2787,"顧客02787","customer02787@example.com","ST01","新規","2026-06-04 15:15:53.266611"
2788,"顧客02788","customer02788@example.com","ST02","アクティブ","2026-06-04 15:15:53.266611"
2789,"顧客02789","customer02789@example.com","ST03","非アクティブ","2026-06-04 15:15:53.266611"
2790,"顧客02790","customer02790@example.com","ST04","退会","2026-06-04 15:15:53.266611"
2791,"顧客02791","customer02791@example.com","ST01","新規","2026-06-04 15:15:53.266611"
2792,"顧客02792","customer02792@example.com","ST04","退会","2026-06-04 15:15:53.266611"
2793,"顧客02793","customer02793@example.com","ST03","非アクティブ","2026-06-04 15:15:53.266611"
2794,"顧客02794","customer02794@example.com","ST03","非アクティブ","2026-06-04 15:15:53.266611"
2795,"顧客02795","customer02795@example.com","ST03","非アクティブ","2026-06-04 15:15:53.266611"
2796,"顧客02796","customer02796@example.com","ST04","退会","2026-06-04 15:15:53.266611"
2797,"顧客02797","customer02797@example.com","ST02","アクティブ","2026-06-04 15:15:53.266611"
2798,"顧客02798","customer02798@example.com","ST01","新規","2026-06-04 15:15:53.266611"
2799,"顧客02799","customer02799@example.com","ST03","非アクティブ","2026-06-04 15:15:53.266611"
2800,"顧客02800","customer02800@example.com","ST03","非アクティブ","2026-06-04 15:15:53.266611"
2801,"顧客02801","customer02801@example.com","ST01","新規","2026-06-04 15:15:53.266611"
2802,"顧客02802","customer02802@example.com","ST01","新規","2026-06-04 15:15:53.266611"
2803,"顧客02803","customer02803@example.com","ST03","非アクティブ","2026-06-04 15:15:53.266611"
2804,"顧客02804","customer02804@example.com","ST02","アクティブ","2026-06-04 15:15:53.266611"
2805,"顧客02805","customer02805@example.com","ST03","非アクティブ","2026-06-04 15:15:53.266611"
2806,"顧客02806","customer02806@example.com","ST04","退会","2026-06-04 15:15:53.266611"
2807,"顧客02807","customer02807@example.com","ST01","新規","2026-06-04 15:15:53.266611"
2808,"顧客02808","customer02808@example.com","ST02","アクティブ","2026-06-04 15:15:53.266611"
2809,"顧客02809","customer02809@example.com","ST01","新規","2026-06-04 15:15:53.266611"
2810,"顧客02810","customer02810@example.com","ST01","新規","2026-06-04 15:15:53.266611"
2811,"顧客02811","customer02811@example.com","ST02","アクティブ","2026-06-04 15:15:53.266611"
2812,"顧客02812","customer02812@example.com","ST02","アクティブ","2026-06-04 15:15:53.266611"
2813,"顧客02813","customer02813@example.com","ST01","新規","2026-06-04 15:15:53.266611"
2814,"顧客02814","customer02814@example.com","ST02","アクティブ","2026-06-04 15:15:53.266611"
2815,"顧客02815","customer02815@example.com","ST04","退会","2026-06-04 15:15:53.266611"
2816,"顧客02816","customer02816@example.com","ST04","退会","2026-06-04 15:15:53.266611"
2817,"顧客02817","customer02817@example.com","ST04","退会","2026-06-04 15:15:53.266611"
2818,"顧客02818","customer02818@example.com","ST04","退会","2026-06-04 15:15:53.266611"
2819,"顧客02819","customer02819@example.com","ST03","非アクティブ","2026-06-04 15:15:53.266611"
2820,"顧客02820","customer02820@example.com","ST03","非アクティブ","2026-06-04 15:15:53.266611"
2821,"顧客02821","customer02821@example.com","ST02","アクティブ","2026-06-04 15:15:53.266611"
2822,"顧客02822","customer02822@example.com","ST03","非アクティブ","2026-06-04 15:15:53.266611"
2823,"顧客02823","customer02823@example.com","ST03","非アクティブ","2026-06-04 15:15:53.266611"
2824,"顧客02824","customer02824@example.com","ST03","非アクティブ","2026-06-04 15:15:53.266611"
2825,"顧客02825","customer02825@example.com","ST03","非アクティブ","2026-06-04 15:15:53.266611"
2826,"顧客02826","customer02826@example.com","ST03","非アクティブ","2026-06-04 15:15:53.266611"
2827,"顧客02827","customer02827@example.com","ST03","非アクティブ","2026-06-04 15:15:53.266611"
2828,"顧客02828","customer02828@example.com","ST04","退会","2026-06-04 15:15:53.266611"
2829,"顧客02829","customer02829@example.com","ST02","アクティブ","2026-06-04 15:15:53.266611"
2830,"顧客02830","customer02830@example.com","ST02","アクティブ","2026-06-04 15:15:53.266611"
2831,"顧客02831","customer02831@example.com","ST03","非アクティブ","2026-06-04 15:15:53.266611"
2832,"顧客02832","customer02832@example.com","ST02","アクティブ","2026-06-04 15:15:53.266611"
2833,"顧客02833","customer02833@example.com","ST03","非アクティブ","2026-06-04 15:15:53.266611"
2834,"顧客02834","customer02834@example.com","ST03","非アクティブ","2026-06-04 15:15:53.266611"
2835,"顧客02835","customer02835@example.com","ST01","新規","2026-06-04 15:15:53.266611"
2836,"顧客02836","customer02836@example.com","ST01","新規","2026-06-04 15:15:53.266611"
2837,"顧客02837","customer02837@example.com","ST04","退会","2026-06-04 15:15:53.266611"
2838,"顧客02838","customer02838@example.com","ST02","アクティブ","2026-06-04 15:15:53.266611"
2839,"顧客02839","customer02839@example.com","ST01","新規","2026-06-04 15:15:53.266611"
2840,"顧客02840","customer02840@example.com","ST04","退会","2026-06-04 15:15:53.266611"
2841,"顧客02841","customer02841@example.com","ST02","アクティブ","2026-06-04 15:15:53.266611"
2842,"顧客02842","customer02842@example.com","ST01","新規","2026-06-04 15:15:53.266611"
2843,"顧客02843","customer02843@example.com","ST02","アクティブ","2026-06-04 15:15:53.266611"
2844,"顧客02844","customer02844@example.com","ST02","アクティブ","2026-06-04 15:15:53.266611"
2845,"顧客02845","customer02845@example.com","ST03","非アクティブ","2026-06-04 15:15:53.266611"
2846,"顧客02846","customer02846@example.com","ST03","非アクティブ","2026-06-04 15:15:53.266611"
2847,"顧客02847","customer02847@example.com","ST03","非アクティブ","2026-06-04 15:15:53.266611"
2848,"顧客02848","customer02848@example.com","ST02","アクティブ","2026-06-04 15:15:53.266611"
2849,"顧客02849","customer02849@example.com","ST01","新規","2026-06-04 15:15:53.266611"
2850,"顧客02850","customer02850@example.com","ST03","非アクティブ","2026-06-04 15:15:53.266611"
2851,"顧客02851","customer02851@example.com","ST02","アクティブ","2026-06-04 15:15:53.266611"
2852,"顧客02852","customer02852@example.com","ST04","退会","2026-06-04 15:15:53.266611"
2853,"顧客02853","customer02853@example.com","ST03","非アクティブ","2026-06-04 15:15:53.266611"
2854,"顧客02854","customer02854@example.com","ST02","アクティブ","2026-06-04 15:15:53.266611"
2855,"顧客02855","customer02855@example.com","ST02","アクティブ","2026-06-04 15:15:53.266611"
2856,"顧客02856","customer02856@example.com","ST04","退会","2026-06-04 15:15:53.266611"
2857,"顧客02857","customer02857@example.com","ST02","アクティブ","2026-06-04 15:15:53.266611"
2858,"顧客02858","customer02858@example.com","ST02","アクティブ","2026-06-04 15:15:53.266611"
2859,"顧客02859","customer02859@example.com","ST02","アクティブ","2026-06-04 15:15:53.266611"
2860,"顧客02860","customer02860@example.com","ST02","アクティブ","2026-06-04 15:15:53.266611"
2861,"顧客02861","customer02861@example.com","ST02","アクティブ","2026-06-04 15:15:53.266611"
2862,"顧客02862","customer02862@example.com","ST01","新規","2026-06-04 15:15:53.266611"
2863,"顧客02863","customer02863@example.com","ST01","新規","2026-06-04 15:15:53.266611"
2864,"顧客02864","customer02864@example.com","ST03","非アクティブ","2026-06-04 15:15:53.266611"
2865,"顧客02865","customer02865@example.com","ST04","退会","2026-06-04 15:15:53.266611"
2866,"顧客02866","customer02866@example.com","ST01","新規","2026-06-04 15:15:53.266611"
2867,"顧客02867","customer02867@example.com","ST01","新規","2026-06-04 15:15:53.266611"
2868,"顧客02868","customer02868@example.com","ST04","退会","2026-06-04 15:15:53.266611"
2869,"顧客02869","customer02869@example.com","ST04","退会","2026-06-04 15:15:53.266611"
2870,"顧客02870","customer02870@example.com","ST03","非アクティブ","2026-06-04 15:15:53.266611"
2871,"顧客02871","customer02871@example.com","ST04","退会","2026-06-04 15:15:53.266611"
2872,"顧客02872","customer02872@example.com","ST03","非アクティブ","2026-06-04 15:15:53.266611"
2873,"顧客02873","customer02873@example.com","ST02","アクティブ","2026-06-04 15:15:53.266611"
2874,"顧客02874","customer02874@example.com","ST01","新規","2026-06-04 15:15:53.266611"
2875,"顧客02875","customer02875@example.com","ST03","非アクティブ","2026-06-04 15:15:53.266611"
2876,"顧客02876","customer02876@example.com","ST02","アクティブ","2026-06-04 15:15:53.266611"
2877,"顧客02877","customer02877@example.com","ST03","非アクティブ","2026-06-04 15:15:53.266611"
2878,"顧客02878","customer02878@example.com","ST03","非アクティブ","2026-06-04 15:15:53.266611"
2879,"顧客02879","customer02879@example.com","ST04","退会","2026-06-04 15:15:53.266611"
2880,"顧客02880","customer02880@example.com","ST02","アクティブ","2026-06-04 15:15:53.266611"
2881,"顧客02881","customer02881@example.com","ST02","アクティブ","2026-06-04 15:15:53.266611"
2882,"顧客02882","customer02882@example.com","ST02","アクティブ","2026-06-04 15:15:53.266611"
2883,"顧客02883","customer02883@example.com","ST01","新規","2026-06-04 15:15:53.266611"
2884,"顧客02884","customer02884@example.com","ST03","非アクティブ","2026-06-04 15:15:53.266611"
2885,"顧客02885","customer02885@example.com","ST01","新規","2026-06-04 15:15:53.266611"
2886,"顧客02886","customer02886@example.com","ST04","退会","2026-06-04 15:15:53.266611"
2887,"顧客02887","customer02887@example.com","ST03","非アクティブ","2026-06-04 15:15:53.266611"
2888,"顧客02888","customer02888@example.com","ST04","退会","2026-06-04 15:15:53.266611"
2889,"顧客02889","customer02889@example.com","ST04","退会","2026-06-04 15:15:53.266611"
2890,"顧客02890","customer02890@example.com","ST04","退会","2026-06-04 15:15:53.266611"
2891,"顧客02891","customer02891@example.com","ST03","非アクティブ","2026-06-04 15:15:53.266611"
2892,"顧客02892","customer02892@example.com","ST04","退会","2026-06-04 15:15:53.266611"
2893,"顧客02893","customer02893@example.com","ST03","非アクティブ","2026-06-04 15:15:53.266611"
2894,"顧客02894","customer02894@example.com","ST04","退会","2026-06-04 15:15:53.266611"
2895,"顧客02895","customer02895@example.com","ST03","非アクティブ","2026-06-04 15:15:53.266611"
2896,"顧客02896","customer02896@example.com","ST03","非アクティブ","2026-06-04 15:15:53.266611"
2897,"顧客02897","customer02897@example.com","ST04","退会","2026-06-04 15:15:53.266611"
2898,"顧客02898","customer02898@example.com","ST03","非アクティブ","2026-06-04 15:15:53.266611"
2899,"顧客02899","customer02899@example.com","ST02","アクティブ","2026-06-04 15:15:53.266611"
2900,"顧客02900","customer02900@example.com","ST03","非アクティブ","2026-06-04 15:15:53.266611"
2901,"顧客02901","customer02901@example.com","ST01","新規","2026-06-04 15:15:53.266611"
2902,"顧客02902","customer02902@example.com","ST01","新規","2026-06-04 15:15:53.266611"
2903,"顧客02903","customer02903@example.com","ST02","アクティブ","2026-06-04 15:15:53.266611"
2904,"顧客02904","customer02904@example.com","ST03","非アクティブ","2026-06-04 15:15:53.266611"
2905,"顧客02905","customer02905@example.com","ST03","非アクティブ","2026-06-04 15:15:53.266611"
2906,"顧客02906","customer02906@example.com","ST04","退会","2026-06-04 15:15:53.266611"
2907,"顧客02907","customer02907@example.com","ST02","アクティブ","2026-06-04 15:15:53.266611"
2908,"顧客02908","customer02908@example.com","ST03","非アクティブ","2026-06-04 15:15:53.266611"
2909,"顧客02909","customer02909@example.com","ST03","非アクティブ","2026-06-04 15:15:53.266611"
2910,"顧客02910","customer02910@example.com","ST02","アクティブ","2026-06-04 15:15:53.266611"
2911,"顧客02911","customer02911@example.com","ST01","新規","2026-06-04 15:15:53.266611"
2912,"顧客02912","customer02912@example.com","ST02","アクティブ","2026-06-04 15:15:53.266611"
2913,"顧客02913","customer02913@example.com","ST01","新規","2026-06-04 15:15:53.266611"
2914,"顧客02914","customer02914@example.com","ST04","退会","2026-06-04 15:15:53.266611"
2915,"顧客02915","customer02915@example.com","ST04","退会","2026-06-04 15:15:53.266611"
2916,"顧客02916","customer02916@example.com","ST04","退会","2026-06-04 15:15:53.266611"
2917,"顧客02917","customer02917@example.com","ST01","新規","2026-06-04 15:15:53.266611"
2918,"顧客02918","customer02918@example.com","ST03","非アクティブ","2026-06-04 15:15:53.266611"
2919,"顧客02919","customer02919@example.com","ST03","非アクティブ","2026-06-04 15:15:53.266611"
2920,"顧客02920","customer02920@example.com","ST03","非アクティブ","2026-06-04 15:15:53.266611"
2921,"顧客02921","customer02921@example.com","ST02","アクティブ","2026-06-04 15:15:53.266611"
2922,"顧客02922","customer02922@example.com","ST03","非アクティブ","2026-06-04 15:15:53.266611"
2923,"顧客02923","customer02923@example.com","ST03","非アクティブ","2026-06-04 15:15:53.266611"
2924,"顧客02924","customer02924@example.com","ST03","非アクティブ","2026-06-04 15:15:53.266611"
2925,"顧客02925","customer02925@example.com","ST02","アクティブ","2026-06-04 15:15:53.266611"
2926,"顧客02926","customer02926@example.com","ST03","非アクティブ","2026-06-04 15:15:53.266611"
2927,"顧客02927","customer02927@example.com","ST01","新規","2026-06-04 15:15:53.266611"
2928,"顧客02928","customer02928@example.com","ST02","アクティブ","2026-06-04 15:15:53.266611"
2929,"顧客02929","customer02929@example.com","ST04","退会","2026-06-04 15:15:53.266611"
2930,"顧客02930","customer02930@example.com","ST02","アクティブ","2026-06-04 15:15:53.266611"
2931,"顧客02931","customer02931@example.com","ST03","非アクティブ","2026-06-04 15:15:53.266611"
2932,"顧客02932","customer02932@example.com","ST01","新規","2026-06-04 15:15:53.266611"
2933,"顧客02933","customer02933@example.com","ST02","アクティブ","2026-06-04 15:15:53.266611"
2934,"顧客02934","customer02934@example.com","ST01","新規","2026-06-04 15:15:53.266611"
2935,"顧客02935","customer02935@example.com","ST03","非アクティブ","2026-06-04 15:15:53.266611"
2936,"顧客02936","customer02936@example.com","ST02","アクティブ","2026-06-04 15:15:53.266611"
2937,"顧客02937","customer02937@example.com","ST04","退会","2026-06-04 15:15:53.266611"
2938,"顧客02938","customer02938@example.com","ST04","退会","2026-06-04 15:15:53.266611"
2939,"顧客02939","customer02939@example.com","ST03","非アクティブ","2026-06-04 15:15:53.266611"
2940,"顧客02940","customer02940@example.com","ST01","新規","2026-06-04 15:15:53.266611"
2941,"顧客02941","customer02941@example.com","ST03","非アクティブ","2026-06-04 15:15:53.266611"
2942,"顧客02942","customer02942@example.com","ST04","退会","2026-06-04 15:15:53.266611"
2943,"顧客02943","customer02943@example.com","ST03","非アクティブ","2026-06-04 15:15:53.266611"
2944,"顧客02944","customer02944@example.com","ST04","退会","2026-06-04 15:15:53.266611"
2945,"顧客02945","customer02945@example.com","ST02","アクティブ","2026-06-04 15:15:53.266611"
2946,"顧客02946","customer02946@example.com","ST01","新規","2026-06-04 15:15:53.266611"
2947,"顧客02947","customer02947@example.com","ST03","非アクティブ","2026-06-04 15:15:53.266611"
2948,"顧客02948","customer02948@example.com","ST03","非アクティブ","2026-06-04 15:15:53.266611"
2949,"顧客02949","customer02949@example.com","ST02","アクティブ","2026-06-04 15:15:53.266611"
2950,"顧客02950","customer02950@example.com","ST03","非アクティブ","2026-06-04 15:15:53.266611"
2951,"顧客02951","customer02951@example.com","ST02","アクティブ","2026-06-04 15:15:53.266611"
2952,"顧客02952","customer02952@example.com","ST02","アクティブ","2026-06-04 15:15:53.266611"
2953,"顧客02953","customer02953@example.com","ST02","アクティブ","2026-06-04 15:15:53.266611"
2954,"顧客02954","customer02954@example.com","ST02","アクティブ","2026-06-04 15:15:53.266611"
2955,"顧客02955","customer02955@example.com","ST04","退会","2026-06-04 15:15:53.266611"
2956,"顧客02956","customer02956@example.com","ST02","アクティブ","2026-06-04 15:15:53.266611"
2957,"顧客02957","customer02957@example.com","ST02","アクティブ","2026-06-04 15:15:53.266611"
2958,"顧客02958","customer02958@example.com","ST03","非アクティブ","2026-06-04 15:15:53.266611"
2959,"顧客02959","customer02959@example.com","ST01","新規","2026-06-04 15:15:53.266611"
2960,"顧客02960","customer02960@example.com","ST02","アクティブ","2026-06-04 15:15:53.266611"
2961,"顧客02961","customer02961@example.com","ST03","非アクティブ","2026-06-04 15:15:53.266611"
2962,"顧客02962","customer02962@example.com","ST04","退会","2026-06-04 15:15:53.266611"
2963,"顧客02963","customer02963@example.com","ST04","退会","2026-06-04 15:15:53.266611"
2964,"顧客02964","customer02964@example.com","ST02","アクティブ","2026-06-04 15:15:53.266611"
2965,"顧客02965","customer02965@example.com","ST02","アクティブ","2026-06-04 15:15:53.266611"
2966,"顧客02966","customer02966@example.com","ST04","退会","2026-06-04 15:15:53.266611"
2967,"顧客02967","customer02967@example.com","ST02","アクティブ","2026-06-04 15:15:53.266611"
2968,"顧客02968","customer02968@example.com","ST04","退会","2026-06-04 15:15:53.266611"
2969,"顧客02969","customer02969@example.com","ST02","アクティブ","2026-06-04 15:15:53.266611"
2970,"顧客02970","customer02970@example.com","ST03","非アクティブ","2026-06-04 15:15:53.266611"
2971,"顧客02971","customer02971@example.com","ST01","新規","2026-06-04 15:15:53.266611"
2972,"顧客02972","customer02972@example.com","ST04","退会","2026-06-04 15:15:53.266611"
2973,"顧客02973","customer02973@example.com","ST01","新規","2026-06-04 15:15:53.266611"
2974,"顧客02974","customer02974@example.com","ST03","非アクティブ","2026-06-04 15:15:53.266611"
2975,"顧客02975","customer02975@example.com","ST01","新規","2026-06-04 15:15:53.266611"
2976,"顧客02976","customer02976@example.com","ST01","新規","2026-06-04 15:15:53.266611"
2977,"顧客02977","customer02977@example.com","ST02","アクティブ","2026-06-04 15:15:53.266611"
2978,"顧客02978","customer02978@example.com","ST03","非アクティブ","2026-06-04 15:15:53.266611"
2979,"顧客02979","customer02979@example.com","ST02","アクティブ","2026-06-04 15:15:53.266611"
2980,"顧客02980","customer02980@example.com","ST01","新規","2026-06-04 15:15:53.266611"
2981,"顧客02981","customer02981@example.com","ST01","新規","2026-06-04 15:15:53.266611"
2982,"顧客02982","customer02982@example.com","ST03","非アクティブ","2026-06-04 15:15:53.266611"
2983,"顧客02983","customer02983@example.com","ST04","退会","2026-06-04 15:15:53.266611"
2984,"顧客02984","customer02984@example.com","ST02","アクティブ","2026-06-04 15:15:53.266611"
2985,"顧客02985","customer02985@example.com","ST01","新規","2026-06-04 15:15:53.266611"
2986,"顧客02986","customer02986@example.com","ST02","アクティブ","2026-06-04 15:15:53.266611"
2987,"顧客02987","customer02987@example.com","ST02","アクティブ","2026-06-04 15:15:53.266611"
2988,"顧客02988","customer02988@example.com","ST01","新規","2026-06-04 15:15:53.266611"
2989,"顧客02989","customer02989@example.com","ST01","新規","2026-06-04 15:15:53.266611"
2990,"顧客02990","customer02990@example.com","ST04","退会","2026-06-04 15:15:53.266611"
2991,"顧客02991","customer02991@example.com","ST03","非アクティブ","2026-06-04 15:15:53.266611"
2992,"顧客02992","customer02992@example.com","ST03","非アクティブ","2026-06-04 15:15:53.266611"
2993,"顧客02993","customer02993@example.com","ST03","非アクティブ","2026-06-04 15:15:53.266611"
2994,"顧客02994","customer02994@example.com","ST01","新規","2026-06-04 15:15:53.266611"
2995,"顧客02995","customer02995@example.com","ST03","非アクティブ","2026-06-04 15:15:53.266611"
2996,"顧客02996","customer02996@example.com","ST02","アクティブ","2026-06-04 15:15:53.266611"
2997,"顧客02997","customer02997@example.com","ST02","アクティブ","2026-06-04 15:15:53.266611"
2998,"顧客02998","customer02998@example.com","ST04","退会","2026-06-04 15:15:53.266611"
2999,"顧客02999","customer02999@example.com","ST02","アクティブ","2026-06-04 15:15:53.266611"
3000,"顧客03000","customer03000@example.com","ST02","アクティブ","2026-06-04 15:15:53.266611"
3001,"顧客03001","customer03001@example.com","ST04","退会","2026-06-04 15:15:53.266611"
3002,"顧客03002","customer03002@example.com","ST02","アクティブ","2026-06-04 15:15:53.266611"
3003,"顧客03003","customer03003@example.com","ST04","退会","2026-06-04 15:15:53.266611"
3004,"顧客03004","customer03004@example.com","ST02","アクティブ","2026-06-04 15:15:53.266611"
3005,"顧客03005","customer03005@example.com","ST01","新規","2026-06-04 15:15:53.266611"
3006,"顧客03006","customer03006@example.com","ST01","新規","2026-06-04 15:15:53.266611"
3007,"顧客03007","customer03007@example.com","ST01","新規","2026-06-04 15:15:53.266611"
3008,"顧客03008","customer03008@example.com","ST03","非アクティブ","2026-06-04 15:15:53.266611"
3009,"顧客03009","customer03009@example.com","ST02","アクティブ","2026-06-04 15:15:53.266611"
3010,"顧客03010","customer03010@example.com","ST04","退会","2026-06-04 15:15:53.266611"
3011,"顧客03011","customer03011@example.com","ST02","アクティブ","2026-06-04 15:15:53.266611"
3012,"顧客03012","customer03012@example.com","ST02","アクティブ","2026-06-04 15:15:53.266611"
3013,"顧客03013","customer03013@example.com","ST03","非アクティブ","2026-06-04 15:15:53.266611"
3014,"顧客03014","customer03014@example.com","ST04","退会","2026-06-04 15:15:53.266611"
3015,"顧客03015","customer03015@example.com","ST02","アクティブ","2026-06-04 15:15:53.266611"
3016,"顧客03016","customer03016@example.com","ST03","非アクティブ","2026-06-04 15:15:53.266611"
3017,"顧客03017","customer03017@example.com","ST03","非アクティブ","2026-06-04 15:15:53.266611"
3018,"顧客03018","customer03018@example.com","ST02","アクティブ","2026-06-04 15:15:53.266611"
3019,"顧客03019","customer03019@example.com","ST02","アクティブ","2026-06-04 15:15:53.266611"
3020,"顧客03020","customer03020@example.com","ST01","新規","2026-06-04 15:15:53.266611"
3021,"顧客03021","customer03021@example.com","ST02","アクティブ","2026-06-04 15:15:53.266611"
3022,"顧客03022","customer03022@example.com","ST02","アクティブ","2026-06-04 15:15:53.266611"
3023,"顧客03023","customer03023@example.com","ST01","新規","2026-06-04 15:15:53.266611"
3024,"顧客03024","customer03024@example.com","ST02","アクティブ","2026-06-04 15:15:53.266611"
3025,"顧客03025","customer03025@example.com","ST03","非アクティブ","2026-06-04 15:15:53.266611"
3026,"顧客03026","customer03026@example.com","ST02","アクティブ","2026-06-04 15:15:53.266611"
3027,"顧客03027","customer03027@example.com","ST03","非アクティブ","2026-06-04 15:15:53.266611"
3028,"顧客03028","customer03028@example.com","ST02","アクティブ","2026-06-04 15:15:53.266611"
3029,"顧客03029","customer03029@example.com","ST03","非アクティブ","2026-06-04 15:15:53.266611"
3030,"顧客03030","customer03030@example.com","ST04","退会","2026-06-04 15:15:53.266611"
3031,"顧客03031","customer03031@example.com","ST01","新規","2026-06-04 15:15:53.266611"
3032,"顧客03032","customer03032@example.com","ST03","非アクティブ","2026-06-04 15:15:53.266611"
3033,"顧客03033","customer03033@example.com","ST01","新規","2026-06-04 15:15:53.266611"
3034,"顧客03034","customer03034@example.com","ST04","退会","2026-06-04 15:15:53.266611"
3035,"顧客03035","customer03035@example.com","ST02","アクティブ","2026-06-04 15:15:53.266611"
3036,"顧客03036","customer03036@example.com","ST01","新規","2026-06-04 15:15:53.266611"
3037,"顧客03037","customer03037@example.com","ST03","非アクティブ","2026-06-04 15:15:53.266611"
3038,"顧客03038","customer03038@example.com","ST01","新規","2026-06-04 15:15:53.266611"
3039,"顧客03039","customer03039@example.com","ST04","退会","2026-06-04 15:15:53.266611"
3040,"顧客03040","customer03040@example.com","ST03","非アクティブ","2026-06-04 15:15:53.266611"
3041,"顧客03041","customer03041@example.com","ST03","非アクティブ","2026-06-04 15:15:53.266611"
3042,"顧客03042","customer03042@example.com","ST03","非アクティブ","2026-06-04 15:15:53.266611"
3043,"顧客03043","customer03043@example.com","ST03","非アクティブ","2026-06-04 15:15:53.266611"
3044,"顧客03044","customer03044@example.com","ST01","新規","2026-06-04 15:15:53.266611"
3045,"顧客03045","customer03045@example.com","ST04","退会","2026-06-04 15:15:53.266611"
3046,"顧客03046","customer03046@example.com","ST03","非アクティブ","2026-06-04 15:15:53.266611"
3047,"顧客03047","customer03047@example.com","ST01","新規","2026-06-04 15:15:53.266611"
3048,"顧客03048","customer03048@example.com","ST03","非アクティブ","2026-06-04 15:15:53.266611"
3049,"顧客03049","customer03049@example.com","ST02","アクティブ","2026-06-04 15:15:53.266611"
3050,"顧客03050","customer03050@example.com","ST01","新規","2026-06-04 15:15:53.266611"
3051,"顧客03051","customer03051@example.com","ST01","新規","2026-06-04 15:15:53.266611"
3052,"顧客03052","customer03052@example.com","ST01","新規","2026-06-04 15:15:53.266611"
3053,"顧客03053","customer03053@example.com","ST01","新規","2026-06-04 15:15:53.266611"
3054,"顧客03054","customer03054@example.com","ST04","退会","2026-06-04 15:15:53.266611"
3055,"顧客03055","customer03055@example.com","ST02","アクティブ","2026-06-04 15:15:53.266611"
3056,"顧客03056","customer03056@example.com","ST04","退会","2026-06-04 15:15:53.266611"
3057,"顧客03057","customer03057@example.com","ST03","非アクティブ","2026-06-04 15:15:53.266611"
3058,"顧客03058","customer03058@example.com","ST03","非アクティブ","2026-06-04 15:15:53.266611"
3059,"顧客03059","customer03059@example.com","ST03","非アクティブ","2026-06-04 15:15:53.266611"
3060,"顧客03060","customer03060@example.com","ST02","アクティブ","2026-06-04 15:15:53.266611"
3061,"顧客03061","customer03061@example.com","ST02","アクティブ","2026-06-04 15:15:53.266611"
3062,"顧客03062","customer03062@example.com","ST02","アクティブ","2026-06-04 15:15:53.266611"
3063,"顧客03063","customer03063@example.com","ST03","非アクティブ","2026-06-04 15:15:53.266611"
3064,"顧客03064","customer03064@example.com","ST01","新規","2026-06-04 15:15:53.266611"
3065,"顧客03065","customer03065@example.com","ST01","新規","2026-06-04 15:15:53.266611"
3066,"顧客03066","customer03066@example.com","ST03","非アクティブ","2026-06-04 15:15:53.266611"
3067,"顧客03067","customer03067@example.com","ST04","退会","2026-06-04 15:15:53.266611"
3068,"顧客03068","customer03068@example.com","ST04","退会","2026-06-04 15:15:53.266611"
3069,"顧客03069","customer03069@example.com","ST04","退会","2026-06-04 15:15:53.266611"
3070,"顧客03070","customer03070@example.com","ST03","非アクティブ","2026-06-04 15:15:53.266611"
3071,"顧客03071","customer03071@example.com","ST04","退会","2026-06-04 15:15:53.266611"
3072,"顧客03072","customer03072@example.com","ST04","退会","2026-06-04 15:15:53.266611"
3073,"顧客03073","customer03073@example.com","ST04","退会","2026-06-04 15:15:53.266611"
3074,"顧客03074","customer03074@example.com","ST01","新規","2026-06-04 15:15:53.266611"
3075,"顧客03075","customer03075@example.com","ST01","新規","2026-06-04 15:15:53.266611"
3076,"顧客03076","customer03076@example.com","ST04","退会","2026-06-04 15:15:53.266611"
3077,"顧客03077","customer03077@example.com","ST04","退会","2026-06-04 15:15:53.266611"
3078,"顧客03078","customer03078@example.com","ST02","アクティブ","2026-06-04 15:15:53.266611"
3079,"顧客03079","customer03079@example.com","ST03","非アクティブ","2026-06-04 15:15:53.266611"
3080,"顧客03080","customer03080@example.com","ST04","退会","2026-06-04 15:15:53.266611"
3081,"顧客03081","customer03081@example.com","ST01","新規","2026-06-04 15:15:53.266611"
3082,"顧客03082","customer03082@example.com","ST01","新規","2026-06-04 15:15:53.266611"
3083,"顧客03083","customer03083@example.com","ST02","アクティブ","2026-06-04 15:15:53.266611"
3084,"顧客03084","customer03084@example.com","ST03","非アクティブ","2026-06-04 15:15:53.266611"
3085,"顧客03085","customer03085@example.com","ST04","退会","2026-06-04 15:15:53.266611"
3086,"顧客03086","customer03086@example.com","ST03","非アクティブ","2026-06-04 15:15:53.266611"
3087,"顧客03087","customer03087@example.com","ST02","アクティブ","2026-06-04 15:15:53.266611"
3088,"顧客03088","customer03088@example.com","ST01","新規","2026-06-04 15:15:53.266611"
3089,"顧客03089","customer03089@example.com","ST03","非アクティブ","2026-06-04 15:15:53.266611"
3090,"顧客03090","customer03090@example.com","ST01","新規","2026-06-04 15:15:53.266611"
3091,"顧客03091","customer03091@example.com","ST02","アクティブ","2026-06-04 15:15:53.266611"
3092,"顧客03092","customer03092@example.com","ST02","アクティブ","2026-06-04 15:15:53.266611"
3093,"顧客03093","customer03093@example.com","ST03","非アクティブ","2026-06-04 15:15:53.266611"
3094,"顧客03094","customer03094@example.com","ST01","新規","2026-06-04 15:15:53.266611"
3095,"顧客03095","customer03095@example.com","ST02","アクティブ","2026-06-04 15:15:53.266611"
3096,"顧客03096","customer03096@example.com","ST04","退会","2026-06-04 15:15:53.266611"
3097,"顧客03097","customer03097@example.com","ST02","アクティブ","2026-06-04 15:15:53.266611"
3098,"顧客03098","customer03098@example.com","ST03","非アクティブ","2026-06-04 15:15:53.266611"
3099,"顧客03099","customer03099@example.com","ST01","新規","2026-06-04 15:15:53.266611"
3100,"顧客03100","customer03100@example.com","ST01","新規","2026-06-04 15:15:53.266611"
3101,"顧客03101","customer03101@example.com","ST03","非アクティブ","2026-06-04 15:15:53.266611"
3102,"顧客03102","customer03102@example.com","ST01","新規","2026-06-04 15:15:53.266611"
3103,"顧客03103","customer03103@example.com","ST04","退会","2026-06-04 15:15:53.266611"
3104,"顧客03104","customer03104@example.com","ST03","非アクティブ","2026-06-04 15:15:53.266611"
3105,"顧客03105","customer03105@example.com","ST03","非アクティブ","2026-06-04 15:15:53.266611"
3106,"顧客03106","customer03106@example.com","ST02","アクティブ","2026-06-04 15:15:53.266611"
3107,"顧客03107","customer03107@example.com","ST04","退会","2026-06-04 15:15:53.266611"
3108,"顧客03108","customer03108@example.com","ST02","アクティブ","2026-06-04 15:15:53.266611"
3109,"顧客03109","customer03109@example.com","ST03","非アクティブ","2026-06-04 15:15:53.266611"
3110,"顧客03110","customer03110@example.com","ST02","アクティブ","2026-06-04 15:15:53.266611"
3111,"顧客03111","customer03111@example.com","ST03","非アクティブ","2026-06-04 15:15:53.266611"
3112,"顧客03112","customer03112@example.com","ST03","非アクティブ","2026-06-04 15:15:53.266611"
3113,"顧客03113","customer03113@example.com","ST04","退会","2026-06-04 15:15:53.266611"
3114,"顧客03114","customer03114@example.com","ST02","アクティブ","2026-06-04 15:15:53.266611"
3115,"顧客03115","customer03115@example.com","ST01","新規","2026-06-04 15:15:53.266611"
3116,"顧客03116","customer03116@example.com","ST03","非アクティブ","2026-06-04 15:15:53.266611"
3117,"顧客03117","customer03117@example.com","ST04","退会","2026-06-04 15:15:53.266611"
3118,"顧客03118","customer03118@example.com","ST03","非アクティブ","2026-06-04 15:15:53.266611"
3119,"顧客03119","customer03119@example.com","ST02","アクティブ","2026-06-04 15:15:53.266611"
3120,"顧客03120","customer03120@example.com","ST02","アクティブ","2026-06-04 15:15:53.266611"
3121,"顧客03121","customer03121@example.com","ST03","非アクティブ","2026-06-04 15:15:53.266611"
3122,"顧客03122","customer03122@example.com","ST03","非アクティブ","2026-06-04 15:15:53.266611"
3123,"顧客03123","customer03123@example.com","ST03","非アクティブ","2026-06-04 15:15:53.266611"
3124,"顧客03124","customer03124@example.com","ST03","非アクティブ","2026-06-04 15:15:53.266611"
3125,"顧客03125","customer03125@example.com","ST01","新規","2026-06-04 15:15:53.266611"
3126,"顧客03126","customer03126@example.com","ST04","退会","2026-06-04 15:15:53.266611"
3127,"顧客03127","customer03127@example.com","ST03","非アクティブ","2026-06-04 15:15:53.266611"
3128,"顧客03128","customer03128@example.com","ST03","非アクティブ","2026-06-04 15:15:53.266611"
3129,"顧客03129","customer03129@example.com","ST03","非アクティブ","2026-06-04 15:15:53.266611"
3130,"顧客03130","customer03130@example.com","ST01","新規","2026-06-04 15:15:53.266611"
3131,"顧客03131","customer03131@example.com","ST02","アクティブ","2026-06-04 15:15:53.266611"
3132,"顧客03132","customer03132@example.com","ST03","非アクティブ","2026-06-04 15:15:53.266611"
3133,"顧客03133","customer03133@example.com","ST03","非アクティブ","2026-06-04 15:15:53.266611"
3134,"顧客03134","customer03134@example.com","ST04","退会","2026-06-04 15:15:53.266611"
3135,"顧客03135","customer03135@example.com","ST03","非アクティブ","2026-06-04 15:15:53.266611"
3136,"顧客03136","customer03136@example.com","ST01","新規","2026-06-04 15:15:53.266611"
3137,"顧客03137","customer03137@example.com","ST01","新規","2026-06-04 15:15:53.266611"
3138,"顧客03138","customer03138@example.com","ST03","非アクティブ","2026-06-04 15:15:53.266611"
3139,"顧客03139","customer03139@example.com","ST02","アクティブ","2026-06-04 15:15:53.266611"
3140,"顧客03140","customer03140@example.com","ST02","アクティブ","2026-06-04 15:15:53.266611"
3141,"顧客03141","customer03141@example.com","ST04","退会","2026-06-04 15:15:53.266611"
3142,"顧客03142","customer03142@example.com","ST04","退会","2026-06-04 15:15:53.266611"
3143,"顧客03143","customer03143@example.com","ST01","新規","2026-06-04 15:15:53.266611"
3144,"顧客03144","customer03144@example.com","ST02","アクティブ","2026-06-04 15:15:53.266611"
3145,"顧客03145","customer03145@example.com","ST01","新規","2026-06-04 15:15:53.266611"
3146,"顧客03146","customer03146@example.com","ST04","退会","2026-06-04 15:15:53.266611"
3147,"顧客03147","customer03147@example.com","ST02","アクティブ","2026-06-04 15:15:53.266611"
3148,"顧客03148","customer03148@example.com","ST01","新規","2026-06-04 15:15:53.266611"
3149,"顧客03149","customer03149@example.com","ST03","非アクティブ","2026-06-04 15:15:53.266611"
3150,"顧客03150","customer03150@example.com","ST02","アクティブ","2026-06-04 15:15:53.266611"
3151,"顧客03151","customer03151@example.com","ST03","非アクティブ","2026-06-04 15:15:53.266611"
3152,"顧客03152","customer03152@example.com","ST04","退会","2026-06-04 15:15:53.266611"
3153,"顧客03153","customer03153@example.com","ST03","非アクティブ","2026-06-04 15:15:53.266611"
3154,"顧客03154","customer03154@example.com","ST01","新規","2026-06-04 15:15:53.266611"
3155,"顧客03155","customer03155@example.com","ST01","新規","2026-06-04 15:15:53.266611"
3156,"顧客03156","customer03156@example.com","ST03","非アクティブ","2026-06-04 15:15:53.266611"
3157,"顧客03157","customer03157@example.com","ST01","新規","2026-06-04 15:15:53.266611"
3158,"顧客03158","customer03158@example.com","ST03","非アクティブ","2026-06-04 15:15:53.266611"
3159,"顧客03159","customer03159@example.com","ST02","アクティブ","2026-06-04 15:15:53.266611"
3160,"顧客03160","customer03160@example.com","ST02","アクティブ","2026-06-04 15:15:53.266611"
3161,"顧客03161","customer03161@example.com","ST03","非アクティブ","2026-06-04 15:15:53.266611"
3162,"顧客03162","customer03162@example.com","ST04","退会","2026-06-04 15:15:53.266611"
3163,"顧客03163","customer03163@example.com","ST04","退会","2026-06-04 15:15:53.266611"
3164,"顧客03164","customer03164@example.com","ST03","非アクティブ","2026-06-04 15:15:53.266611"
3165,"顧客03165","customer03165@example.com","ST03","非アクティブ","2026-06-04 15:15:53.266611"
3166,"顧客03166","customer03166@example.com","ST03","非アクティブ","2026-06-04 15:15:53.266611"
3167,"顧客03167","customer03167@example.com","ST03","非アクティブ","2026-06-04 15:15:53.266611"
3168,"顧客03168","customer03168@example.com","ST04","退会","2026-06-04 15:15:53.266611"
3169,"顧客03169","customer03169@example.com","ST03","非アクティブ","2026-06-04 15:15:53.266611"
3170,"顧客03170","customer03170@example.com","ST04","退会","2026-06-04 15:15:53.266611"
3171,"顧客03171","customer03171@example.com","ST01","新規","2026-06-04 15:15:53.266611"
3172,"顧客03172","customer03172@example.com","ST03","非アクティブ","2026-06-04 15:15:53.266611"
3173,"顧客03173","customer03173@example.com","ST02","アクティブ","2026-06-04 15:15:53.266611"
3174,"顧客03174","customer03174@example.com","ST03","非アクティブ","2026-06-04 15:15:53.266611"
3175,"顧客03175","customer03175@example.com","ST03","非アクティブ","2026-06-04 15:15:53.266611"
3176,"顧客03176","customer03176@example.com","ST04","退会","2026-06-04 15:15:53.266611"
3177,"顧客03177","customer03177@example.com","ST04","退会","2026-06-04 15:15:53.266611"
3178,"顧客03178","customer03178@example.com","ST01","新規","2026-06-04 15:15:53.266611"
3179,"顧客03179","customer03179@example.com","ST03","非アクティブ","2026-06-04 15:15:53.266611"
3180,"顧客03180","customer03180@example.com","ST01","新規","2026-06-04 15:15:53.266611"
3181,"顧客03181","customer03181@example.com","ST02","アクティブ","2026-06-04 15:15:53.266611"
3182,"顧客03182","customer03182@example.com","ST02","アクティブ","2026-06-04 15:15:53.266611"
3183,"顧客03183","customer03183@example.com","ST02","アクティブ","2026-06-04 15:15:53.266611"
3184,"顧客03184","customer03184@example.com","ST02","アクティブ","2026-06-04 15:15:53.266611"
3185,"顧客03185","customer03185@example.com","ST04","退会","2026-06-04 15:15:53.266611"
3186,"顧客03186","customer03186@example.com","ST04","退会","2026-06-04 15:15:53.266611"
3187,"顧客03187","customer03187@example.com","ST02","アクティブ","2026-06-04 15:15:53.266611"
3188,"顧客03188","customer03188@example.com","ST03","非アクティブ","2026-06-04 15:15:53.266611"
3189,"顧客03189","customer03189@example.com","ST04","退会","2026-06-04 15:15:53.266611"
3190,"顧客03190","customer03190@example.com","ST02","アクティブ","2026-06-04 15:15:53.266611"
3191,"顧客03191","customer03191@example.com","ST03","非アクティブ","2026-06-04 15:15:53.266611"
3192,"顧客03192","customer03192@example.com","ST01","新規","2026-06-04 15:15:53.266611"
3193,"顧客03193","customer03193@example.com","ST02","アクティブ","2026-06-04 15:15:53.266611"
3194,"顧客03194","customer03194@example.com","ST02","アクティブ","2026-06-04 15:15:53.266611"
3195,"顧客03195","customer03195@example.com","ST03","非アクティブ","2026-06-04 15:15:53.266611"
3196,"顧客03196","customer03196@example.com","ST04","退会","2026-06-04 15:15:53.266611"
3197,"顧客03197","customer03197@example.com","ST01","新規","2026-06-04 15:15:53.266611"
3198,"顧客03198","customer03198@example.com","ST02","アクティブ","2026-06-04 15:15:53.266611"
3199,"顧客03199","customer03199@example.com","ST03","非アクティブ","2026-06-04 15:15:53.266611"
3200,"顧客03200","customer03200@example.com","ST01","新規","2026-06-04 15:15:53.266611"
3201,"顧客03201","customer03201@example.com","ST02","アクティブ","2026-06-04 15:15:53.266611"
3202,"顧客03202","customer03202@example.com","ST02","アクティブ","2026-06-04 15:15:53.266611"
3203,"顧客03203","customer03203@example.com","ST02","アクティブ","2026-06-04 15:15:53.266611"
3204,"顧客03204","customer03204@example.com","ST02","アクティブ","2026-06-04 15:15:53.266611"
3205,"顧客03205","customer03205@example.com","ST03","非アクティブ","2026-06-04 15:15:53.266611"
3206,"顧客03206","customer03206@example.com","ST03","非アクティブ","2026-06-04 15:15:53.266611"
3207,"顧客03207","customer03207@example.com","ST03","非アクティブ","2026-06-04 15:15:53.266611"
3208,"顧客03208","customer03208@example.com","ST03","非アクティブ","2026-06-04 15:15:53.266611"
3209,"顧客03209","customer03209@example.com","ST02","アクティブ","2026-06-04 15:15:53.266611"
3210,"顧客03210","customer03210@example.com","ST03","非アクティブ","2026-06-04 15:15:53.266611"
3211,"顧客03211","customer03211@example.com","ST02","アクティブ","2026-06-04 15:15:53.266611"
3212,"顧客03212","customer03212@example.com","ST04","退会","2026-06-04 15:15:53.266611"
3213,"顧客03213","customer03213@example.com","ST02","アクティブ","2026-06-04 15:15:53.266611"
3214,"顧客03214","customer03214@example.com","ST02","アクティブ","2026-06-04 15:15:53.266611"
3215,"顧客03215","customer03215@example.com","ST03","非アクティブ","2026-06-04 15:15:53.266611"
3216,"顧客03216","customer03216@example.com","ST03","非アクティブ","2026-06-04 15:15:53.266611"
3217,"顧客03217","customer03217@example.com","ST02","アクティブ","2026-06-04 15:15:53.266611"
3218,"顧客03218","customer03218@example.com","ST02","アクティブ","2026-06-04 15:15:53.266611"
3219,"顧客03219","customer03219@example.com","ST02","アクティブ","2026-06-04 15:15:53.266611"
3220,"顧客03220","customer03220@example.com","ST02","アクティブ","2026-06-04 15:15:53.266611"
3221,"顧客03221","customer03221@example.com","ST03","非アクティブ","2026-06-04 15:15:53.266611"
3222,"顧客03222","customer03222@example.com","ST03","非アクティブ","2026-06-04 15:15:53.266611"
3223,"顧客03223","customer03223@example.com","ST03","非アクティブ","2026-06-04 15:15:53.266611"
3224,"顧客03224","customer03224@example.com","ST02","アクティブ","2026-06-04 15:15:53.266611"
3225,"顧客03225","customer03225@example.com","ST01","新規","2026-06-04 15:15:53.266611"
3226,"顧客03226","customer03226@example.com","ST04","退会","2026-06-04 15:15:53.266611"
3227,"顧客03227","customer03227@example.com","ST03","非アクティブ","2026-06-04 15:15:53.266611"
3228,"顧客03228","customer03228@example.com","ST03","非アクティブ","2026-06-04 15:15:53.266611"
3229,"顧客03229","customer03229@example.com","ST01","新規","2026-06-04 15:15:53.266611"
3230,"顧客03230","customer03230@example.com","ST03","非アクティブ","2026-06-04 15:15:53.266611"
3231,"顧客03231","customer03231@example.com","ST02","アクティブ","2026-06-04 15:15:53.266611"
3232,"顧客03232","customer03232@example.com","ST02","アクティブ","2026-06-04 15:15:53.266611"
3233,"顧客03233","customer03233@example.com","ST01","新規","2026-06-04 15:15:53.266611"
3234,"顧客03234","customer03234@example.com","ST01","新規","2026-06-04 15:15:53.266611"
3235,"顧客03235","customer03235@example.com","ST02","アクティブ","2026-06-04 15:15:53.266611"
3236,"顧客03236","customer03236@example.com","ST02","アクティブ","2026-06-04 15:15:53.266611"
3237,"顧客03237","customer03237@example.com","ST04","退会","2026-06-04 15:15:53.266611"
3238,"顧客03238","customer03238@example.com","ST03","非アクティブ","2026-06-04 15:15:53.266611"
3239,"顧客03239","customer03239@example.com","ST03","非アクティブ","2026-06-04 15:15:53.266611"
3240,"顧客03240","customer03240@example.com","ST03","非アクティブ","2026-06-04 15:15:53.266611"
3241,"顧客03241","customer03241@example.com","ST02","アクティブ","2026-06-04 15:15:53.266611"
3242,"顧客03242","customer03242@example.com","ST01","新規","2026-06-04 15:15:53.266611"
3243,"顧客03243","customer03243@example.com","ST03","非アクティブ","2026-06-04 15:15:53.266611"
3244,"顧客03244","customer03244@example.com","ST03","非アクティブ","2026-06-04 15:15:53.266611"
3245,"顧客03245","customer03245@example.com","ST02","アクティブ","2026-06-04 15:15:53.266611"
3246,"顧客03246","customer03246@example.com","ST04","退会","2026-06-04 15:15:53.266611"
3247,"顧客03247","customer03247@example.com","ST03","非アクティブ","2026-06-04 15:15:53.266611"
3248,"顧客03248","customer03248@example.com","ST02","アクティブ","2026-06-04 15:15:53.266611"
3249,"顧客03249","customer03249@example.com","ST03","非アクティブ","2026-06-04 15:15:53.266611"
3250,"顧客03250","customer03250@example.com","ST04","退会","2026-06-04 15:15:53.266611"
3251,"顧客03251","customer03251@example.com","ST04","退会","2026-06-04 15:15:53.266611"
3252,"顧客03252","customer03252@example.com","ST03","非アクティブ","2026-06-04 15:15:53.266611"
3253,"顧客03253","customer03253@example.com","ST02","アクティブ","2026-06-04 15:15:53.266611"
3254,"顧客03254","customer03254@example.com","ST04","退会","2026-06-04 15:15:53.266611"
3255,"顧客03255","customer03255@example.com","ST01","新規","2026-06-04 15:15:53.266611"
3256,"顧客03256","customer03256@example.com","ST02","アクティブ","2026-06-04 15:15:53.266611"
3257,"顧客03257","customer03257@example.com","ST03","非アクティブ","2026-06-04 15:15:53.266611"
3258,"顧客03258","customer03258@example.com","ST02","アクティブ","2026-06-04 15:15:53.266611"
3259,"顧客03259","customer03259@example.com","ST02","アクティブ","2026-06-04 15:15:53.266611"
3260,"顧客03260","customer03260@example.com","ST03","非アクティブ","2026-06-04 15:15:53.266611"
3261,"顧客03261","customer03261@example.com","ST03","非アクティブ","2026-06-04 15:15:53.266611"
3262,"顧客03262","customer03262@example.com","ST03","非アクティブ","2026-06-04 15:15:53.266611"
3263,"顧客03263","customer03263@example.com","ST04","退会","2026-06-04 15:15:53.266611"
3264,"顧客03264","customer03264@example.com","ST02","アクティブ","2026-06-04 15:15:53.266611"
3265,"顧客03265","customer03265@example.com","ST03","非アクティブ","2026-06-04 15:15:53.266611"
3266,"顧客03266","customer03266@example.com","ST01","新規","2026-06-04 15:15:53.266611"
3267,"顧客03267","customer03267@example.com","ST01","新規","2026-06-04 15:15:53.266611"
3268,"顧客03268","customer03268@example.com","ST04","退会","2026-06-04 15:15:53.266611"
3269,"顧客03269","customer03269@example.com","ST02","アクティブ","2026-06-04 15:15:53.266611"
3270,"顧客03270","customer03270@example.com","ST01","新規","2026-06-04 15:15:53.266611"
3271,"顧客03271","customer03271@example.com","ST03","非アクティブ","2026-06-04 15:15:53.266611"
3272,"顧客03272","customer03272@example.com","ST04","退会","2026-06-04 15:15:53.266611"
3273,"顧客03273","customer03273@example.com","ST04","退会","2026-06-04 15:15:53.266611"
3274,"顧客03274","customer03274@example.com","ST01","新規","2026-06-04 15:15:53.266611"
3275,"顧客03275","customer03275@example.com","ST02","アクティブ","2026-06-04 15:15:53.266611"
3276,"顧客03276","customer03276@example.com","ST04","退会","2026-06-04 15:15:53.266611"
3277,"顧客03277","customer03277@example.com","ST02","アクティブ","2026-06-04 15:15:53.266611"
3278,"顧客03278","customer03278@example.com","ST04","退会","2026-06-04 15:15:53.266611"
3279,"顧客03279","customer03279@example.com","ST03","非アクティブ","2026-06-04 15:15:53.266611"
3280,"顧客03280","customer03280@example.com","ST01","新規","2026-06-04 15:15:53.266611"
3281,"顧客03281","customer03281@example.com","ST03","非アクティブ","2026-06-04 15:15:53.266611"
3282,"顧客03282","customer03282@example.com","ST02","アクティブ","2026-06-04 15:15:53.266611"
3283,"顧客03283","customer03283@example.com","ST02","アクティブ","2026-06-04 15:15:53.266611"
3284,"顧客03284","customer03284@example.com","ST02","アクティブ","2026-06-04 15:15:53.266611"
3285,"顧客03285","customer03285@example.com","ST03","非アクティブ","2026-06-04 15:15:53.266611"
3286,"顧客03286","customer03286@example.com","ST04","退会","2026-06-04 15:15:53.266611"
3287,"顧客03287","customer03287@example.com","ST04","退会","2026-06-04 15:15:53.266611"
3288,"顧客03288","customer03288@example.com","ST01","新規","2026-06-04 15:15:53.266611"
3289,"顧客03289","customer03289@example.com","ST02","アクティブ","2026-06-04 15:15:53.266611"
3290,"顧客03290","customer03290@example.com","ST02","アクティブ","2026-06-04 15:15:53.266611"
3291,"顧客03291","customer03291@example.com","ST04","退会","2026-06-04 15:15:53.266611"
3292,"顧客03292","customer03292@example.com","ST01","新規","2026-06-04 15:15:53.266611"
3293,"顧客03293","customer03293@example.com","ST02","アクティブ","2026-06-04 15:15:53.266611"
3294,"顧客03294","customer03294@example.com","ST02","アクティブ","2026-06-04 15:15:53.266611"
3295,"顧客03295","customer03295@example.com","ST01","新規","2026-06-04 15:15:53.266611"
3296,"顧客03296","customer03296@example.com","ST03","非アクティブ","2026-06-04 15:15:53.266611"
3297,"顧客03297","customer03297@example.com","ST04","退会","2026-06-04 15:15:53.266611"
3298,"顧客03298","customer03298@example.com","ST03","非アクティブ","2026-06-04 15:15:53.266611"
3299,"顧客03299","customer03299@example.com","ST02","アクティブ","2026-06-04 15:15:53.266611"
3300,"顧客03300","customer03300@example.com","ST01","新規","2026-06-04 15:15:53.266611"
3301,"顧客03301","customer03301@example.com","ST01","新規","2026-06-04 15:15:53.266611"
3302,"顧客03302","customer03302@example.com","ST03","非アクティブ","2026-06-04 15:15:53.266611"
3303,"顧客03303","customer03303@example.com","ST02","アクティブ","2026-06-04 15:15:53.266611"
3304,"顧客03304","customer03304@example.com","ST04","退会","2026-06-04 15:15:53.266611"
3305,"顧客03305","customer03305@example.com","ST03","非アクティブ","2026-06-04 15:15:53.266611"
3306,"顧客03306","customer03306@example.com","ST04","退会","2026-06-04 15:15:53.266611"
3307,"顧客03307","customer03307@example.com","ST04","退会","2026-06-04 15:15:53.266611"
3308,"顧客03308","customer03308@example.com","ST03","非アクティブ","2026-06-04 15:15:53.266611"
3309,"顧客03309","customer03309@example.com","ST04","退会","2026-06-04 15:15:53.266611"
3310,"顧客03310","customer03310@example.com","ST04","退会","2026-06-04 15:15:53.266611"
3311,"顧客03311","customer03311@example.com","ST04","退会","2026-06-04 15:15:53.266611"
3312,"顧客03312","customer03312@example.com","ST03","非アクティブ","2026-06-04 15:15:53.266611"
3313,"顧客03313","customer03313@example.com","ST02","アクティブ","2026-06-04 15:15:53.266611"
3314,"顧客03314","customer03314@example.com","ST03","非アクティブ","2026-06-04 15:15:53.266611"
3315,"顧客03315","customer03315@example.com","ST01","新規","2026-06-04 15:15:53.266611"
3316,"顧客03316","customer03316@example.com","ST01","新規","2026-06-04 15:15:53.266611"
3317,"顧客03317","customer03317@example.com","ST03","非アクティブ","2026-06-04 15:15:53.266611"
3318,"顧客03318","customer03318@example.com","ST03","非アクティブ","2026-06-04 15:15:53.266611"
3319,"顧客03319","customer03319@example.com","ST04","退会","2026-06-04 15:15:53.266611"
3320,"顧客03320","customer03320@example.com","ST02","アクティブ","2026-06-04 15:15:53.266611"
3321,"顧客03321","customer03321@example.com","ST02","アクティブ","2026-06-04 15:15:53.266611"
3322,"顧客03322","customer03322@example.com","ST01","新規","2026-06-04 15:15:53.266611"
3323,"顧客03323","customer03323@example.com","ST04","退会","2026-06-04 15:15:53.266611"
3324,"顧客03324","customer03324@example.com","ST02","アクティブ","2026-06-04 15:15:53.266611"
3325,"顧客03325","customer03325@example.com","ST04","退会","2026-06-04 15:15:53.266611"
3326,"顧客03326","customer03326@example.com","ST03","非アクティブ","2026-06-04 15:15:53.266611"
3327,"顧客03327","customer03327@example.com","ST01","新規","2026-06-04 15:15:53.266611"
3328,"顧客03328","customer03328@example.com","ST04","退会","2026-06-04 15:15:53.266611"
3329,"顧客03329","customer03329@example.com","ST02","アクティブ","2026-06-04 15:15:53.266611"
3330,"顧客03330","customer03330@example.com","ST03","非アクティブ","2026-06-04 15:15:53.266611"
3331,"顧客03331","customer03331@example.com","ST04","退会","2026-06-04 15:15:53.266611"
3332,"顧客03332","customer03332@example.com","ST01","新規","2026-06-04 15:15:53.266611"
3333,"顧客03333","customer03333@example.com","ST01","新規","2026-06-04 15:15:53.266611"
3334,"顧客03334","customer03334@example.com","ST04","退会","2026-06-04 15:15:53.266611"
3335,"顧客03335","customer03335@example.com","ST03","非アクティブ","2026-06-04 15:15:53.266611"
3336,"顧客03336","customer03336@example.com","ST03","非アクティブ","2026-06-04 15:15:53.266611"
3337,"顧客03337","customer03337@example.com","ST04","退会","2026-06-04 15:15:53.266611"
3338,"顧客03338","customer03338@example.com","ST01","新規","2026-06-04 15:15:53.266611"
3339,"顧客03339","customer03339@example.com","ST02","アクティブ","2026-06-04 15:15:53.266611"
3340,"顧客03340","customer03340@example.com","ST03","非アクティブ","2026-06-04 15:15:53.266611"
3341,"顧客03341","customer03341@example.com","ST03","非アクティブ","2026-06-04 15:15:53.266611"
3342,"顧客03342","customer03342@example.com","ST01","新規","2026-06-04 15:15:53.266611"
3343,"顧客03343","customer03343@example.com","ST03","非アクティブ","2026-06-04 15:15:53.266611"
3344,"顧客03344","customer03344@example.com","ST03","非アクティブ","2026-06-04 15:15:53.266611"
3345,"顧客03345","customer03345@example.com","ST04","退会","2026-06-04 15:15:53.266611"
3346,"顧客03346","customer03346@example.com","ST01","新規","2026-06-04 15:15:53.266611"
3347,"顧客03347","customer03347@example.com","ST01","新規","2026-06-04 15:15:53.266611"
3348,"顧客03348","customer03348@example.com","ST01","新規","2026-06-04 15:15:53.266611"
3349,"顧客03349","customer03349@example.com","ST03","非アクティブ","2026-06-04 15:15:53.266611"
3350,"顧客03350","customer03350@example.com","ST03","非アクティブ","2026-06-04 15:15:53.266611"
3351,"顧客03351","customer03351@example.com","ST02","アクティブ","2026-06-04 15:15:53.266611"
3352,"顧客03352","customer03352@example.com","ST03","非アクティブ","2026-06-04 15:15:53.266611"
3353,"顧客03353","customer03353@example.com","ST04","退会","2026-06-04 15:15:53.266611"
3354,"顧客03354","customer03354@example.com","ST02","アクティブ","2026-06-04 15:15:53.266611"
3355,"顧客03355","customer03355@example.com","ST03","非アクティブ","2026-06-04 15:15:53.266611"
3356,"顧客03356","customer03356@example.com","ST02","アクティブ","2026-06-04 15:15:53.266611"
3357,"顧客03357","customer03357@example.com","ST02","アクティブ","2026-06-04 15:15:53.266611"
3358,"顧客03358","customer03358@example.com","ST01","新規","2026-06-04 15:15:53.266611"
3359,"顧客03359","customer03359@example.com","ST04","退会","2026-06-04 15:15:53.266611"
3360,"顧客03360","customer03360@example.com","ST03","非アクティブ","2026-06-04 15:15:53.266611"
3361,"顧客03361","customer03361@example.com","ST02","アクティブ","2026-06-04 15:15:53.266611"
3362,"顧客03362","customer03362@example.com","ST02","アクティブ","2026-06-04 15:15:53.266611"
3363,"顧客03363","customer03363@example.com","ST04","退会","2026-06-04 15:15:53.266611"
3364,"顧客03364","customer03364@example.com","ST02","アクティブ","2026-06-04 15:15:53.266611"
3365,"顧客03365","customer03365@example.com","ST01","新規","2026-06-04 15:15:53.266611"
3366,"顧客03366","customer03366@example.com","ST03","非アクティブ","2026-06-04 15:15:53.266611"
3367,"顧客03367","customer03367@example.com","ST03","非アクティブ","2026-06-04 15:15:53.266611"
3368,"顧客03368","customer03368@example.com","ST03","非アクティブ","2026-06-04 15:15:53.266611"
3369,"顧客03369","customer03369@example.com","ST01","新規","2026-06-04 15:15:53.266611"
3370,"顧客03370","customer03370@example.com","ST01","新規","2026-06-04 15:15:53.266611"
3371,"顧客03371","customer03371@example.com","ST03","非アクティブ","2026-06-04 15:15:53.266611"
3372,"顧客03372","customer03372@example.com","ST04","退会","2026-06-04 15:15:53.266611"
3373,"顧客03373","customer03373@example.com","ST03","非アクティブ","2026-06-04 15:15:53.266611"
3374,"顧客03374","customer03374@example.com","ST02","アクティブ","2026-06-04 15:15:53.266611"
3375,"顧客03375","customer03375@example.com","ST01","新規","2026-06-04 15:15:53.266611"
3376,"顧客03376","customer03376@example.com","ST03","非アクティブ","2026-06-04 15:15:53.266611"
3377,"顧客03377","customer03377@example.com","ST04","退会","2026-06-04 15:15:53.266611"
3378,"顧客03378","customer03378@example.com","ST02","アクティブ","2026-06-04 15:15:53.266611"
3379,"顧客03379","customer03379@example.com","ST04","退会","2026-06-04 15:15:53.266611"
3380,"顧客03380","customer03380@example.com","ST03","非アクティブ","2026-06-04 15:15:53.266611"
3381,"顧客03381","customer03381@example.com","ST02","アクティブ","2026-06-04 15:15:53.266611"
3382,"顧客03382","customer03382@example.com","ST04","退会","2026-06-04 15:15:53.266611"
3383,"顧客03383","customer03383@example.com","ST01","新規","2026-06-04 15:15:53.266611"
3384,"顧客03384","customer03384@example.com","ST02","アクティブ","2026-06-04 15:15:53.266611"
3385,"顧客03385","customer03385@example.com","ST03","非アクティブ","2026-06-04 15:15:53.266611"
3386,"顧客03386","customer03386@example.com","ST04","退会","2026-06-04 15:15:53.266611"
3387,"顧客03387","customer03387@example.com","ST03","非アクティブ","2026-06-04 15:15:53.266611"
3388,"顧客03388","customer03388@example.com","ST01","新規","2026-06-04 15:15:53.266611"
3389,"顧客03389","customer03389@example.com","ST03","非アクティブ","2026-06-04 15:15:53.266611"
3390,"顧客03390","customer03390@example.com","ST02","アクティブ","2026-06-04 15:15:53.266611"
3391,"顧客03391","customer03391@example.com","ST04","退会","2026-06-04 15:15:53.266611"
3392,"顧客03392","customer03392@example.com","ST01","新規","2026-06-04 15:15:53.266611"
3393,"顧客03393","customer03393@example.com","ST03","非アクティブ","2026-06-04 15:15:53.266611"
3394,"顧客03394","customer03394@example.com","ST03","非アクティブ","2026-06-04 15:15:53.266611"
3395,"顧客03395","customer03395@example.com","ST01","新規","2026-06-04 15:15:53.266611"
3396,"顧客03396","customer03396@example.com","ST04","退会","2026-06-04 15:15:53.266611"
3397,"顧客03397","customer03397@example.com","ST01","新規","2026-06-04 15:15:53.266611"
3398,"顧客03398","customer03398@example.com","ST01","新規","2026-06-04 15:15:53.266611"
3399,"顧客03399","customer03399@example.com","ST02","アクティブ","2026-06-04 15:15:53.266611"
3400,"顧客03400","customer03400@example.com","ST02","アクティブ","2026-06-04 15:15:53.266611"
3401,"顧客03401","customer03401@example.com","ST02","アクティブ","2026-06-04 15:15:53.266611"
3402,"顧客03402","customer03402@example.com","ST03","非アクティブ","2026-06-04 15:15:53.266611"
3403,"顧客03403","customer03403@example.com","ST04","退会","2026-06-04 15:15:53.266611"
3404,"顧客03404","customer03404@example.com","ST01","新規","2026-06-04 15:15:53.266611"
3405,"顧客03405","customer03405@example.com","ST02","アクティブ","2026-06-04 15:15:53.266611"
3406,"顧客03406","customer03406@example.com","ST01","新規","2026-06-04 15:15:53.266611"
3407,"顧客03407","customer03407@example.com","ST04","退会","2026-06-04 15:15:53.266611"
3408,"顧客03408","customer03408@example.com","ST01","新規","2026-06-04 15:15:53.266611"
3409,"顧客03409","customer03409@example.com","ST02","アクティブ","2026-06-04 15:15:53.266611"
3410,"顧客03410","customer03410@example.com","ST02","アクティブ","2026-06-04 15:15:53.266611"
3411,"顧客03411","customer03411@example.com","ST01","新規","2026-06-04 15:15:53.266611"
3412,"顧客03412","customer03412@example.com","ST01","新規","2026-06-04 15:15:53.266611"
3413,"顧客03413","customer03413@example.com","ST03","非アクティブ","2026-06-04 15:15:53.266611"
3414,"顧客03414","customer03414@example.com","ST04","退会","2026-06-04 15:15:53.266611"
3415,"顧客03415","customer03415@example.com","ST01","新規","2026-06-04 15:15:53.266611"
3416,"顧客03416","customer03416@example.com","ST03","非アクティブ","2026-06-04 15:15:53.266611"
3417,"顧客03417","customer03417@example.com","ST04","退会","2026-06-04 15:15:53.266611"
3418,"顧客03418","customer03418@example.com","ST01","新規","2026-06-04 15:15:53.266611"
3419,"顧客03419","customer03419@example.com","ST02","アクティブ","2026-06-04 15:15:53.266611"
3420,"顧客03420","customer03420@example.com","ST02","アクティブ","2026-06-04 15:15:53.266611"
3421,"顧客03421","customer03421@example.com","ST02","アクティブ","2026-06-04 15:15:53.266611"
3422,"顧客03422","customer03422@example.com","ST02","アクティブ","2026-06-04 15:15:53.266611"
3423,"顧客03423","customer03423@example.com","ST02","アクティブ","2026-06-04 15:15:53.266611"
3424,"顧客03424","customer03424@example.com","ST02","アクティブ","2026-06-04 15:15:53.266611"
3425,"顧客03425","customer03425@example.com","ST03","非アクティブ","2026-06-04 15:15:53.266611"
3426,"顧客03426","customer03426@example.com","ST02","アクティブ","2026-06-04 15:15:53.266611"
3427,"顧客03427","customer03427@example.com","ST02","アクティブ","2026-06-04 15:15:53.266611"
3428,"顧客03428","customer03428@example.com","ST03","非アクティブ","2026-06-04 15:15:53.266611"
3429,"顧客03429","customer03429@example.com","ST01","新規","2026-06-04 15:15:53.266611"
3430,"顧客03430","customer03430@example.com","ST02","アクティブ","2026-06-04 15:15:53.266611"
3431,"顧客03431","customer03431@example.com","ST01","新規","2026-06-04 15:15:53.266611"
3432,"顧客03432","customer03432@example.com","ST04","退会","2026-06-04 15:15:53.266611"
3433,"顧客03433","customer03433@example.com","ST03","非アクティブ","2026-06-04 15:15:53.266611"
3434,"顧客03434","customer03434@example.com","ST02","アクティブ","2026-06-04 15:15:53.266611"
3435,"顧客03435","customer03435@example.com","ST01","新規","2026-06-04 15:15:53.266611"
3436,"顧客03436","customer03436@example.com","ST04","退会","2026-06-04 15:15:53.266611"
3437,"顧客03437","customer03437@example.com","ST01","新規","2026-06-04 15:15:53.266611"
3438,"顧客03438","customer03438@example.com","ST01","新規","2026-06-04 15:15:53.266611"
3439,"顧客03439","customer03439@example.com","ST01","新規","2026-06-04 15:15:53.266611"
3440,"顧客03440","customer03440@example.com","ST04","退会","2026-06-04 15:15:53.266611"
3441,"顧客03441","customer03441@example.com","ST03","非アクティブ","2026-06-04 15:15:53.266611"
3442,"顧客03442","customer03442@example.com","ST02","アクティブ","2026-06-04 15:15:53.266611"
3443,"顧客03443","customer03443@example.com","ST02","アクティブ","2026-06-04 15:15:53.266611"
3444,"顧客03444","customer03444@example.com","ST04","退会","2026-06-04 15:15:53.266611"
3445,"顧客03445","customer03445@example.com","ST01","新規","2026-06-04 15:15:53.266611"
3446,"顧客03446","customer03446@example.com","ST01","新規","2026-06-04 15:15:53.266611"
3447,"顧客03447","customer03447@example.com","ST03","非アクティブ","2026-06-04 15:15:53.266611"
3448,"顧客03448","customer03448@example.com","ST02","アクティブ","2026-06-04 15:15:53.266611"
3449,"顧客03449","customer03449@example.com","ST03","非アクティブ","2026-06-04 15:15:53.266611"
3450,"顧客03450","customer03450@example.com","ST03","非アクティブ","2026-06-04 15:15:53.266611"
3451,"顧客03451","customer03451@example.com","ST04","退会","2026-06-04 15:15:53.266611"
3452,"顧客03452","customer03452@example.com","ST04","退会","2026-06-04 15:15:53.266611"
3453,"顧客03453","customer03453@example.com","ST01","新規","2026-06-04 15:15:53.266611"
3454,"顧客03454","customer03454@example.com","ST01","新規","2026-06-04 15:15:53.266611"
3455,"顧客03455","customer03455@example.com","ST01","新規","2026-06-04 15:15:53.266611"
3456,"顧客03456","customer03456@example.com","ST01","新規","2026-06-04 15:15:53.266611"
3457,"顧客03457","customer03457@example.com","ST04","退会","2026-06-04 15:15:53.266611"
3458,"顧客03458","customer03458@example.com","ST01","新規","2026-06-04 15:15:53.266611"
3459,"顧客03459","customer03459@example.com","ST04","退会","2026-06-04 15:15:53.266611"
3460,"顧客03460","customer03460@example.com","ST03","非アクティブ","2026-06-04 15:15:53.266611"
3461,"顧客03461","customer03461@example.com","ST02","アクティブ","2026-06-04 15:15:53.266611"
3462,"顧客03462","customer03462@example.com","ST03","非アクティブ","2026-06-04 15:15:53.266611"
3463,"顧客03463","customer03463@example.com","ST04","退会","2026-06-04 15:15:53.266611"
3464,"顧客03464","customer03464@example.com","ST03","非アクティブ","2026-06-04 15:15:53.266611"
3465,"顧客03465","customer03465@example.com","ST03","非アクティブ","2026-06-04 15:15:53.266611"
3466,"顧客03466","customer03466@example.com","ST03","非アクティブ","2026-06-04 15:15:53.266611"
3467,"顧客03467","customer03467@example.com","ST02","アクティブ","2026-06-04 15:15:53.266611"
3468,"顧客03468","customer03468@example.com","ST02","アクティブ","2026-06-04 15:15:53.266611"
3469,"顧客03469","customer03469@example.com","ST02","アクティブ","2026-06-04 15:15:53.266611"
3470,"顧客03470","customer03470@example.com","ST02","アクティブ","2026-06-04 15:15:53.266611"
3471,"顧客03471","customer03471@example.com","ST01","新規","2026-06-04 15:15:53.266611"
3472,"顧客03472","customer03472@example.com","ST02","アクティブ","2026-06-04 15:15:53.266611"
3473,"顧客03473","customer03473@example.com","ST03","非アクティブ","2026-06-04 15:15:53.266611"
3474,"顧客03474","customer03474@example.com","ST02","アクティブ","2026-06-04 15:15:53.266611"
3475,"顧客03475","customer03475@example.com","ST01","新規","2026-06-04 15:15:53.266611"
3476,"顧客03476","customer03476@example.com","ST01","新規","2026-06-04 15:15:53.266611"
3477,"顧客03477","customer03477@example.com","ST02","アクティブ","2026-06-04 15:15:53.266611"
3478,"顧客03478","customer03478@example.com","ST04","退会","2026-06-04 15:15:53.266611"
3479,"顧客03479","customer03479@example.com","ST01","新規","2026-06-04 15:15:53.266611"
3480,"顧客03480","customer03480@example.com","ST01","新規","2026-06-04 15:15:53.266611"
3481,"顧客03481","customer03481@example.com","ST04","退会","2026-06-04 15:15:53.266611"
3482,"顧客03482","customer03482@example.com","ST03","非アクティブ","2026-06-04 15:15:53.266611"
3483,"顧客03483","customer03483@example.com","ST04","退会","2026-06-04 15:15:53.266611"
3484,"顧客03484","customer03484@example.com","ST01","新規","2026-06-04 15:15:53.266611"
3485,"顧客03485","customer03485@example.com","ST03","非アクティブ","2026-06-04 15:15:53.266611"
3486,"顧客03486","customer03486@example.com","ST04","退会","2026-06-04 15:15:53.266611"
3487,"顧客03487","customer03487@example.com","ST04","退会","2026-06-04 15:15:53.266611"
3488,"顧客03488","customer03488@example.com","ST02","アクティブ","2026-06-04 15:15:53.266611"
3489,"顧客03489","customer03489@example.com","ST03","非アクティブ","2026-06-04 15:15:53.266611"
3490,"顧客03490","customer03490@example.com","ST03","非アクティブ","2026-06-04 15:15:53.266611"
3491,"顧客03491","customer03491@example.com","ST04","退会","2026-06-04 15:15:53.266611"
3492,"顧客03492","customer03492@example.com","ST04","退会","2026-06-04 15:15:53.266611"
3493,"顧客03493","customer03493@example.com","ST03","非アクティブ","2026-06-04 15:15:53.266611"
3494,"顧客03494","customer03494@example.com","ST01","新規","2026-06-04 15:15:53.266611"
3495,"顧客03495","customer03495@example.com","ST01","新規","2026-06-04 15:15:53.266611"
3496,"顧客03496","customer03496@example.com","ST01","新規","2026-06-04 15:15:53.266611"
3497,"顧客03497","customer03497@example.com","ST01","新規","2026-06-04 15:15:53.266611"
3498,"顧客03498","customer03498@example.com","ST02","アクティブ","2026-06-04 15:15:53.266611"
3499,"顧客03499","customer03499@example.com","ST03","非アクティブ","2026-06-04 15:15:53.266611"
3500,"顧客03500","customer03500@example.com","ST02","アクティブ","2026-06-04 15:15:53.266611"
3501,"顧客03501","customer03501@example.com","ST04","退会","2026-06-04 15:15:53.266611"
3502,"顧客03502","customer03502@example.com","ST02","アクティブ","2026-06-04 15:15:53.266611"
3503,"顧客03503","customer03503@example.com","ST04","退会","2026-06-04 15:15:53.266611"
3504,"顧客03504","customer03504@example.com","ST03","非アクティブ","2026-06-04 15:15:53.266611"
3505,"顧客03505","customer03505@example.com","ST03","非アクティブ","2026-06-04 15:15:53.266611"
3506,"顧客03506","customer03506@example.com","ST03","非アクティブ","2026-06-04 15:15:53.266611"
3507,"顧客03507","customer03507@example.com","ST01","新規","2026-06-04 15:15:53.266611"
3508,"顧客03508","customer03508@example.com","ST02","アクティブ","2026-06-04 15:15:53.266611"
3509,"顧客03509","customer03509@example.com","ST03","非アクティブ","2026-06-04 15:15:53.266611"
3510,"顧客03510","customer03510@example.com","ST02","アクティブ","2026-06-04 15:15:53.266611"
3511,"顧客03511","customer03511@example.com","ST03","非アクティブ","2026-06-04 15:15:53.266611"
3512,"顧客03512","customer03512@example.com","ST03","非アクティブ","2026-06-04 15:15:53.266611"
3513,"顧客03513","customer03513@example.com","ST02","アクティブ","2026-06-04 15:15:53.266611"
3514,"顧客03514","customer03514@example.com","ST03","非アクティブ","2026-06-04 15:15:53.266611"
3515,"顧客03515","customer03515@example.com","ST04","退会","2026-06-04 15:15:53.266611"
3516,"顧客03516","customer03516@example.com","ST04","退会","2026-06-04 15:15:53.266611"
3517,"顧客03517","customer03517@example.com","ST01","新規","2026-06-04 15:15:53.266611"
3518,"顧客03518","customer03518@example.com","ST04","退会","2026-06-04 15:15:53.266611"
3519,"顧客03519","customer03519@example.com","ST03","非アクティブ","2026-06-04 15:15:53.266611"
3520,"顧客03520","customer03520@example.com","ST04","退会","2026-06-04 15:15:53.266611"
3521,"顧客03521","customer03521@example.com","ST02","アクティブ","2026-06-04 15:15:53.266611"
3522,"顧客03522","customer03522@example.com","ST03","非アクティブ","2026-06-04 15:15:53.266611"
3523,"顧客03523","customer03523@example.com","ST01","新規","2026-06-04 15:15:53.266611"
3524,"顧客03524","customer03524@example.com","ST02","アクティブ","2026-06-04 15:15:53.266611"
3525,"顧客03525","customer03525@example.com","ST03","非アクティブ","2026-06-04 15:15:53.266611"
3526,"顧客03526","customer03526@example.com","ST04","退会","2026-06-04 15:15:53.266611"
3527,"顧客03527","customer03527@example.com","ST04","退会","2026-06-04 15:15:53.266611"
3528,"顧客03528","customer03528@example.com","ST02","アクティブ","2026-06-04 15:15:53.266611"
3529,"顧客03529","customer03529@example.com","ST02","アクティブ","2026-06-04 15:15:53.266611"
3530,"顧客03530","customer03530@example.com","ST02","アクティブ","2026-06-04 15:15:53.266611"
3531,"顧客03531","customer03531@example.com","ST02","アクティブ","2026-06-04 15:15:53.266611"
3532,"顧客03532","customer03532@example.com","ST02","アクティブ","2026-06-04 15:15:53.266611"
3533,"顧客03533","customer03533@example.com","ST02","アクティブ","2026-06-04 15:15:53.266611"
3534,"顧客03534","customer03534@example.com","ST01","新規","2026-06-04 15:15:53.266611"
3535,"顧客03535","customer03535@example.com","ST03","非アクティブ","2026-06-04 15:15:53.266611"
3536,"顧客03536","customer03536@example.com","ST03","非アクティブ","2026-06-04 15:15:53.266611"
3537,"顧客03537","customer03537@example.com","ST04","退会","2026-06-04 15:15:53.266611"
3538,"顧客03538","customer03538@example.com","ST02","アクティブ","2026-06-04 15:15:53.266611"
3539,"顧客03539","customer03539@example.com","ST02","アクティブ","2026-06-04 15:15:53.266611"
3540,"顧客03540","customer03540@example.com","ST02","アクティブ","2026-06-04 15:15:53.266611"
3541,"顧客03541","customer03541@example.com","ST03","非アクティブ","2026-06-04 15:15:53.266611"
3542,"顧客03542","customer03542@example.com","ST01","新規","2026-06-04 15:15:53.266611"
3543,"顧客03543","customer03543@example.com","ST04","退会","2026-06-04 15:15:53.266611"
3544,"顧客03544","customer03544@example.com","ST03","非アクティブ","2026-06-04 15:15:53.266611"
3545,"顧客03545","customer03545@example.com","ST01","新規","2026-06-04 15:15:53.266611"
3546,"顧客03546","customer03546@example.com","ST03","非アクティブ","2026-06-04 15:15:53.266611"
3547,"顧客03547","customer03547@example.com","ST03","非アクティブ","2026-06-04 15:15:53.266611"
3548,"顧客03548","customer03548@example.com","ST01","新規","2026-06-04 15:15:53.266611"
3549,"顧客03549","customer03549@example.com","ST02","アクティブ","2026-06-04 15:15:53.266611"
3550,"顧客03550","customer03550@example.com","ST01","新規","2026-06-04 15:15:53.266611"
3551,"顧客03551","customer03551@example.com","ST03","非アクティブ","2026-06-04 15:15:53.266611"
3552,"顧客03552","customer03552@example.com","ST01","新規","2026-06-04 15:15:53.266611"
3553,"顧客03553","customer03553@example.com","ST02","アクティブ","2026-06-04 15:15:53.266611"
3554,"顧客03554","customer03554@example.com","ST01","新規","2026-06-04 15:15:53.266611"
3555,"顧客03555","customer03555@example.com","ST01","新規","2026-06-04 15:15:53.266611"
3556,"顧客03556","customer03556@example.com","ST04","退会","2026-06-04 15:15:53.266611"
3557,"顧客03557","customer03557@example.com","ST04","退会","2026-06-04 15:15:53.266611"
3558,"顧客03558","customer03558@example.com","ST02","アクティブ","2026-06-04 15:15:53.266611"
3559,"顧客03559","customer03559@example.com","ST02","アクティブ","2026-06-04 15:15:53.266611"
3560,"顧客03560","customer03560@example.com","ST04","退会","2026-06-04 15:15:53.266611"
3561,"顧客03561","customer03561@example.com","ST02","アクティブ","2026-06-04 15:15:53.266611"
3562,"顧客03562","customer03562@example.com","ST01","新規","2026-06-04 15:15:53.266611"
3563,"顧客03563","customer03563@example.com","ST02","アクティブ","2026-06-04 15:15:53.266611"
3564,"顧客03564","customer03564@example.com","ST04","退会","2026-06-04 15:15:53.266611"
3565,"顧客03565","customer03565@example.com","ST03","非アクティブ","2026-06-04 15:15:53.266611"
3566,"顧客03566","customer03566@example.com","ST03","非アクティブ","2026-06-04 15:15:53.266611"
3567,"顧客03567","customer03567@example.com","ST02","アクティブ","2026-06-04 15:15:53.266611"
3568,"顧客03568","customer03568@example.com","ST04","退会","2026-06-04 15:15:53.266611"
3569,"顧客03569","customer03569@example.com","ST01","新規","2026-06-04 15:15:53.266611"
3570,"顧客03570","customer03570@example.com","ST03","非アクティブ","2026-06-04 15:15:53.266611"
3571,"顧客03571","customer03571@example.com","ST03","非アクティブ","2026-06-04 15:15:53.266611"
3572,"顧客03572","customer03572@example.com","ST03","非アクティブ","2026-06-04 15:15:53.266611"
3573,"顧客03573","customer03573@example.com","ST02","アクティブ","2026-06-04 15:15:53.266611"
3574,"顧客03574","customer03574@example.com","ST02","アクティブ","2026-06-04 15:15:53.266611"
3575,"顧客03575","customer03575@example.com","ST03","非アクティブ","2026-06-04 15:15:53.266611"
3576,"顧客03576","customer03576@example.com","ST03","非アクティブ","2026-06-04 15:15:53.266611"
3577,"顧客03577","customer03577@example.com","ST03","非アクティブ","2026-06-04 15:15:53.266611"
3578,"顧客03578","customer03578@example.com","ST03","非アクティブ","2026-06-04 15:15:53.266611"
3579,"顧客03579","customer03579@example.com","ST02","アクティブ","2026-06-04 15:15:53.266611"
3580,"顧客03580","customer03580@example.com","ST03","非アクティブ","2026-06-04 15:15:53.266611"
3581,"顧客03581","customer03581@example.com","ST02","アクティブ","2026-06-04 15:15:53.266611"
3582,"顧客03582","customer03582@example.com","ST03","非アクティブ","2026-06-04 15:15:53.266611"
3583,"顧客03583","customer03583@example.com","ST03","非アクティブ","2026-06-04 15:15:53.266611"
3584,"顧客03584","customer03584@example.com","ST02","アクティブ","2026-06-04 15:15:53.266611"
3585,"顧客03585","customer03585@example.com","ST03","非アクティブ","2026-06-04 15:15:53.266611"
3586,"顧客03586","customer03586@example.com","ST01","新規","2026-06-04 15:15:53.266611"
3587,"顧客03587","customer03587@example.com","ST02","アクティブ","2026-06-04 15:15:53.266611"
3588,"顧客03588","customer03588@example.com","ST01","新規","2026-06-04 15:15:53.266611"
3589,"顧客03589","customer03589@example.com","ST02","アクティブ","2026-06-04 15:15:53.266611"
3590,"顧客03590","customer03590@example.com","ST01","新規","2026-06-04 15:15:53.266611"
3591,"顧客03591","customer03591@example.com","ST02","アクティブ","2026-06-04 15:15:53.266611"
3592,"顧客03592","customer03592@example.com","ST01","新規","2026-06-04 15:15:53.266611"
3593,"顧客03593","customer03593@example.com","ST03","非アクティブ","2026-06-04 15:15:53.266611"
3594,"顧客03594","customer03594@example.com","ST03","非アクティブ","2026-06-04 15:15:53.266611"
3595,"顧客03595","customer03595@example.com","ST03","非アクティブ","2026-06-04 15:15:53.266611"
3596,"顧客03596","customer03596@example.com","ST02","アクティブ","2026-06-04 15:15:53.266611"
3597,"顧客03597","customer03597@example.com","ST04","退会","2026-06-04 15:15:53.266611"
3598,"顧客03598","customer03598@example.com","ST03","非アクティブ","2026-06-04 15:15:53.266611"
3599,"顧客03599","customer03599@example.com","ST02","アクティブ","2026-06-04 15:15:53.266611"
3600,"顧客03600","customer03600@example.com","ST02","アクティブ","2026-06-04 15:15:53.266611"
3601,"顧客03601","customer03601@example.com","ST03","非アクティブ","2026-06-04 15:15:53.266611"
3602,"顧客03602","customer03602@example.com","ST03","非アクティブ","2026-06-04 15:15:53.266611"
3603,"顧客03603","customer03603@example.com","ST04","退会","2026-06-04 15:15:53.266611"
3604,"顧客03604","customer03604@example.com","ST01","新規","2026-06-04 15:15:53.266611"
3605,"顧客03605","customer03605@example.com","ST03","非アクティブ","2026-06-04 15:15:53.266611"
3606,"顧客03606","customer03606@example.com","ST03","非アクティブ","2026-06-04 15:15:53.266611"
3607,"顧客03607","customer03607@example.com","ST02","アクティブ","2026-06-04 15:15:53.266611"
3608,"顧客03608","customer03608@example.com","ST03","非アクティブ","2026-06-04 15:15:53.266611"
3609,"顧客03609","customer03609@example.com","ST02","アクティブ","2026-06-04 15:15:53.266611"
3610,"顧客03610","customer03610@example.com","ST03","非アクティブ","2026-06-04 15:15:53.266611"
3611,"顧客03611","customer03611@example.com","ST04","退会","2026-06-04 15:15:53.266611"
3612,"顧客03612","customer03612@example.com","ST01","新規","2026-06-04 15:15:53.266611"
3613,"顧客03613","customer03613@example.com","ST03","非アクティブ","2026-06-04 15:15:53.266611"
3614,"顧客03614","customer03614@example.com","ST02","アクティブ","2026-06-04 15:15:53.266611"
3615,"顧客03615","customer03615@example.com","ST01","新規","2026-06-04 15:15:53.266611"
3616,"顧客03616","customer03616@example.com","ST04","退会","2026-06-04 15:15:53.266611"
3617,"顧客03617","customer03617@example.com","ST01","新規","2026-06-04 15:15:53.266611"
3618,"顧客03618","customer03618@example.com","ST02","アクティブ","2026-06-04 15:15:53.266611"
3619,"顧客03619","customer03619@example.com","ST04","退会","2026-06-04 15:15:53.266611"
3620,"顧客03620","customer03620@example.com","ST03","非アクティブ","2026-06-04 15:15:53.266611"
3621,"顧客03621","customer03621@example.com","ST03","非アクティブ","2026-06-04 15:15:53.266611"
3622,"顧客03622","customer03622@example.com","ST03","非アクティブ","2026-06-04 15:15:53.266611"
3623,"顧客03623","customer03623@example.com","ST04","退会","2026-06-04 15:15:53.266611"
3624,"顧客03624","customer03624@example.com","ST03","非アクティブ","2026-06-04 15:15:53.266611"
3625,"顧客03625","customer03625@example.com","ST01","新規","2026-06-04 15:15:53.266611"
3626,"顧客03626","customer03626@example.com","ST02","アクティブ","2026-06-04 15:15:53.266611"
3627,"顧客03627","customer03627@example.com","ST02","アクティブ","2026-06-04 15:15:53.266611"
3628,"顧客03628","customer03628@example.com","ST03","非アクティブ","2026-06-04 15:15:53.266611"
3629,"顧客03629","customer03629@example.com","ST03","非アクティブ","2026-06-04 15:15:53.266611"
3630,"顧客03630","customer03630@example.com","ST04","退会","2026-06-04 15:15:53.266611"
3631,"顧客03631","customer03631@example.com","ST04","退会","2026-06-04 15:15:53.266611"
3632,"顧客03632","customer03632@example.com","ST01","新規","2026-06-04 15:15:53.266611"
3633,"顧客03633","customer03633@example.com","ST01","新規","2026-06-04 15:15:53.266611"
3634,"顧客03634","customer03634@example.com","ST04","退会","2026-06-04 15:15:53.266611"
3635,"顧客03635","customer03635@example.com","ST04","退会","2026-06-04 15:15:53.266611"
3636,"顧客03636","customer03636@example.com","ST01","新規","2026-06-04 15:15:53.266611"
3637,"顧客03637","customer03637@example.com","ST04","退会","2026-06-04 15:15:53.266611"
3638,"顧客03638","customer03638@example.com","ST03","非アクティブ","2026-06-04 15:15:53.266611"
3639,"顧客03639","customer03639@example.com","ST04","退会","2026-06-04 15:15:53.266611"
3640,"顧客03640","customer03640@example.com","ST03","非アクティブ","2026-06-04 15:15:53.266611"
3641,"顧客03641","customer03641@example.com","ST04","退会","2026-06-04 15:15:53.266611"
3642,"顧客03642","customer03642@example.com","ST04","退会","2026-06-04 15:15:53.266611"
3643,"顧客03643","customer03643@example.com","ST01","新規","2026-06-04 15:15:53.266611"
3644,"顧客03644","customer03644@example.com","ST02","アクティブ","2026-06-04 15:15:53.266611"
3645,"顧客03645","customer03645@example.com","ST01","新規","2026-06-04 15:15:53.266611"
3646,"顧客03646","customer03646@example.com","ST03","非アクティブ","2026-06-04 15:15:53.266611"
3647,"顧客03647","customer03647@example.com","ST02","アクティブ","2026-06-04 15:15:53.266611"
3648,"顧客03648","customer03648@example.com","ST02","アクティブ","2026-06-04 15:15:53.266611"
3649,"顧客03649","customer03649@example.com","ST03","非アクティブ","2026-06-04 15:15:53.266611"
3650,"顧客03650","customer03650@example.com","ST03","非アクティブ","2026-06-04 15:15:53.266611"
3651,"顧客03651","customer03651@example.com","ST03","非アクティブ","2026-06-04 15:15:53.266611"
3652,"顧客03652","customer03652@example.com","ST02","アクティブ","2026-06-04 15:15:53.266611"
3653,"顧客03653","customer03653@example.com","ST02","アクティブ","2026-06-04 15:15:53.266611"
3654,"顧客03654","customer03654@example.com","ST04","退会","2026-06-04 15:15:53.266611"
3655,"顧客03655","customer03655@example.com","ST01","新規","2026-06-04 15:15:53.266611"
3656,"顧客03656","customer03656@example.com","ST04","退会","2026-06-04 15:15:53.266611"
3657,"顧客03657","customer03657@example.com","ST02","アクティブ","2026-06-04 15:15:53.266611"
3658,"顧客03658","customer03658@example.com","ST01","新規","2026-06-04 15:15:53.266611"
3659,"顧客03659","customer03659@example.com","ST02","アクティブ","2026-06-04 15:15:53.266611"
3660,"顧客03660","customer03660@example.com","ST01","新規","2026-06-04 15:15:53.266611"
3661,"顧客03661","customer03661@example.com","ST03","非アクティブ","2026-06-04 15:15:53.266611"
3662,"顧客03662","customer03662@example.com","ST02","アクティブ","2026-06-04 15:15:53.266611"
3663,"顧客03663","customer03663@example.com","ST02","アクティブ","2026-06-04 15:15:53.266611"
3664,"顧客03664","customer03664@example.com","ST04","退会","2026-06-04 15:15:53.266611"
3665,"顧客03665","customer03665@example.com","ST03","非アクティブ","2026-06-04 15:15:53.266611"
3666,"顧客03666","customer03666@example.com","ST02","アクティブ","2026-06-04 15:15:53.266611"
3667,"顧客03667","customer03667@example.com","ST02","アクティブ","2026-06-04 15:15:53.266611"
3668,"顧客03668","customer03668@example.com","ST03","非アクティブ","2026-06-04 15:15:53.266611"
3669,"顧客03669","customer03669@example.com","ST03","非アクティブ","2026-06-04 15:15:53.266611"
3670,"顧客03670","customer03670@example.com","ST03","非アクティブ","2026-06-04 15:15:53.266611"
3671,"顧客03671","customer03671@example.com","ST03","非アクティブ","2026-06-04 15:15:53.266611"
3672,"顧客03672","customer03672@example.com","ST01","新規","2026-06-04 15:15:53.266611"
3673,"顧客03673","customer03673@example.com","ST01","新規","2026-06-04 15:15:53.266611"
3674,"顧客03674","customer03674@example.com","ST03","非アクティブ","2026-06-04 15:15:53.266611"
3675,"顧客03675","customer03675@example.com","ST02","アクティブ","2026-06-04 15:15:53.266611"
3676,"顧客03676","customer03676@example.com","ST03","非アクティブ","2026-06-04 15:15:53.266611"
3677,"顧客03677","customer03677@example.com","ST01","新規","2026-06-04 15:15:53.266611"
3678,"顧客03678","customer03678@example.com","ST01","新規","2026-06-04 15:15:53.266611"
3679,"顧客03679","customer03679@example.com","ST03","非アクティブ","2026-06-04 15:15:53.266611"
3680,"顧客03680","customer03680@example.com","ST03","非アクティブ","2026-06-04 15:15:53.266611"
3681,"顧客03681","customer03681@example.com","ST04","退会","2026-06-04 15:15:53.266611"
3682,"顧客03682","customer03682@example.com","ST02","アクティブ","2026-06-04 15:15:53.266611"
3683,"顧客03683","customer03683@example.com","ST01","新規","2026-06-04 15:15:53.266611"
3684,"顧客03684","customer03684@example.com","ST02","アクティブ","2026-06-04 15:15:53.266611"
3685,"顧客03685","customer03685@example.com","ST01","新規","2026-06-04 15:15:53.266611"
3686,"顧客03686","customer03686@example.com","ST01","新規","2026-06-04 15:15:53.266611"
3687,"顧客03687","customer03687@example.com","ST02","アクティブ","2026-06-04 15:15:53.266611"
3688,"顧客03688","customer03688@example.com","ST02","アクティブ","2026-06-04 15:15:53.266611"
3689,"顧客03689","customer03689@example.com","ST01","新規","2026-06-04 15:15:53.266611"
3690,"顧客03690","customer03690@example.com","ST03","非アクティブ","2026-06-04 15:15:53.266611"
3691,"顧客03691","customer03691@example.com","ST02","アクティブ","2026-06-04 15:15:53.266611"
3692,"顧客03692","customer03692@example.com","ST02","アクティブ","2026-06-04 15:15:53.266611"
3693,"顧客03693","customer03693@example.com","ST03","非アクティブ","2026-06-04 15:15:53.266611"
3694,"顧客03694","customer03694@example.com","ST03","非アクティブ","2026-06-04 15:15:53.266611"
3695,"顧客03695","customer03695@example.com","ST04","退会","2026-06-04 15:15:53.266611"
3696,"顧客03696","customer03696@example.com","ST03","非アクティブ","2026-06-04 15:15:53.266611"
3697,"顧客03697","customer03697@example.com","ST01","新規","2026-06-04 15:15:53.266611"
3698,"顧客03698","customer03698@example.com","ST04","退会","2026-06-04 15:15:53.266611"
3699,"顧客03699","customer03699@example.com","ST02","アクティブ","2026-06-04 15:15:53.266611"
3700,"顧客03700","customer03700@example.com","ST01","新規","2026-06-04 15:15:53.266611"
3701,"顧客03701","customer03701@example.com","ST03","非アクティブ","2026-06-04 15:15:53.266611"
3702,"顧客03702","customer03702@example.com","ST03","非アクティブ","2026-06-04 15:15:53.266611"
3703,"顧客03703","customer03703@example.com","ST01","新規","2026-06-04 15:15:53.266611"
3704,"顧客03704","customer03704@example.com","ST04","退会","2026-06-04 15:15:53.266611"
3705,"顧客03705","customer03705@example.com","ST04","退会","2026-06-04 15:15:53.266611"
3706,"顧客03706","customer03706@example.com","ST03","非アクティブ","2026-06-04 15:15:53.266611"
3707,"顧客03707","customer03707@example.com","ST01","新規","2026-06-04 15:15:53.266611"
3708,"顧客03708","customer03708@example.com","ST03","非アクティブ","2026-06-04 15:15:53.266611"
3709,"顧客03709","customer03709@example.com","ST02","アクティブ","2026-06-04 15:15:53.266611"
3710,"顧客03710","customer03710@example.com","ST03","非アクティブ","2026-06-04 15:15:53.266611"
3711,"顧客03711","customer03711@example.com","ST01","新規","2026-06-04 15:15:53.266611"
3712,"顧客03712","customer03712@example.com","ST02","アクティブ","2026-06-04 15:15:53.266611"
3713,"顧客03713","customer03713@example.com","ST02","アクティブ","2026-06-04 15:15:53.266611"
3714,"顧客03714","customer03714@example.com","ST01","新規","2026-06-04 15:15:53.266611"
3715,"顧客03715","customer03715@example.com","ST03","非アクティブ","2026-06-04 15:15:53.266611"
3716,"顧客03716","customer03716@example.com","ST04","退会","2026-06-04 15:15:53.266611"
3717,"顧客03717","customer03717@example.com","ST01","新規","2026-06-04 15:15:53.266611"
3718,"顧客03718","customer03718@example.com","ST04","退会","2026-06-04 15:15:53.266611"
3719,"顧客03719","customer03719@example.com","ST02","アクティブ","2026-06-04 15:15:53.266611"
3720,"顧客03720","customer03720@example.com","ST03","非アクティブ","2026-06-04 15:15:53.266611"
3721,"顧客03721","customer03721@example.com","ST02","アクティブ","2026-06-04 15:15:53.266611"
3722,"顧客03722","customer03722@example.com","ST03","非アクティブ","2026-06-04 15:15:53.266611"
3723,"顧客03723","customer03723@example.com","ST04","退会","2026-06-04 15:15:53.266611"
3724,"顧客03724","customer03724@example.com","ST02","アクティブ","2026-06-04 15:15:53.266611"
3725,"顧客03725","customer03725@example.com","ST04","退会","2026-06-04 15:15:53.266611"
3726,"顧客03726","customer03726@example.com","ST02","アクティブ","2026-06-04 15:15:53.266611"
3727,"顧客03727","customer03727@example.com","ST03","非アクティブ","2026-06-04 15:15:53.266611"
3728,"顧客03728","customer03728@example.com","ST03","非アクティブ","2026-06-04 15:15:53.266611"
3729,"顧客03729","customer03729@example.com","ST03","非アクティブ","2026-06-04 15:15:53.266611"
3730,"顧客03730","customer03730@example.com","ST04","退会","2026-06-04 15:15:53.266611"
3731,"顧客03731","customer03731@example.com","ST04","退会","2026-06-04 15:15:53.266611"
3732,"顧客03732","customer03732@example.com","ST04","退会","2026-06-04 15:15:53.266611"
3733,"顧客03733","customer03733@example.com","ST02","アクティブ","2026-06-04 15:15:53.266611"
3734,"顧客03734","customer03734@example.com","ST02","アクティブ","2026-06-04 15:15:53.266611"
3735,"顧客03735","customer03735@example.com","ST02","アクティブ","2026-06-04 15:15:53.266611"
3736,"顧客03736","customer03736@example.com","ST02","アクティブ","2026-06-04 15:15:53.266611"
3737,"顧客03737","customer03737@example.com","ST04","退会","2026-06-04 15:15:53.266611"
3738,"顧客03738","customer03738@example.com","ST04","退会","2026-06-04 15:15:53.266611"
3739,"顧客03739","customer03739@example.com","ST03","非アクティブ","2026-06-04 15:15:53.266611"
3740,"顧客03740","customer03740@example.com","ST03","非アクティブ","2026-06-04 15:15:53.266611"
3741,"顧客03741","customer03741@example.com","ST03","非アクティブ","2026-06-04 15:15:53.266611"
3742,"顧客03742","customer03742@example.com","ST01","新規","2026-06-04 15:15:53.266611"
3743,"顧客03743","customer03743@example.com","ST03","非アクティブ","2026-06-04 15:15:53.266611"
3744,"顧客03744","customer03744@example.com","ST04","退会","2026-06-04 15:15:53.266611"
3745,"顧客03745","customer03745@example.com","ST01","新規","2026-06-04 15:15:53.266611"
3746,"顧客03746","customer03746@example.com","ST03","非アクティブ","2026-06-04 15:15:53.266611"
3747,"顧客03747","customer03747@example.com","ST04","退会","2026-06-04 15:15:53.266611"
3748,"顧客03748","customer03748@example.com","ST04","退会","2026-06-04 15:15:53.266611"
3749,"顧客03749","customer03749@example.com","ST02","アクティブ","2026-06-04 15:15:53.266611"
3750,"顧客03750","customer03750@example.com","ST04","退会","2026-06-04 15:15:53.266611"
3751,"顧客03751","customer03751@example.com","ST03","非アクティブ","2026-06-04 15:15:53.266611"
3752,"顧客03752","customer03752@example.com","ST01","新規","2026-06-04 15:15:53.266611"
3753,"顧客03753","customer03753@example.com","ST03","非アクティブ","2026-06-04 15:15:53.266611"
3754,"顧客03754","customer03754@example.com","ST02","アクティブ","2026-06-04 15:15:53.266611"
3755,"顧客03755","customer03755@example.com","ST02","アクティブ","2026-06-04 15:15:53.266611"
3756,"顧客03756","customer03756@example.com","ST02","アクティブ","2026-06-04 15:15:53.266611"
3757,"顧客03757","customer03757@example.com","ST03","非アクティブ","2026-06-04 15:15:53.266611"
3758,"顧客03758","customer03758@example.com","ST03","非アクティブ","2026-06-04 15:15:53.266611"
3759,"顧客03759","customer03759@example.com","ST04","退会","2026-06-04 15:15:53.266611"
3760,"顧客03760","customer03760@example.com","ST03","非アクティブ","2026-06-04 15:15:53.266611"
3761,"顧客03761","customer03761@example.com","ST01","新規","2026-06-04 15:15:53.266611"
3762,"顧客03762","customer03762@example.com","ST04","退会","2026-06-04 15:15:53.266611"
3763,"顧客03763","customer03763@example.com","ST03","非アクティブ","2026-06-04 15:15:53.266611"
3764,"顧客03764","customer03764@example.com","ST04","退会","2026-06-04 15:15:53.266611"
3765,"顧客03765","customer03765@example.com","ST01","新規","2026-06-04 15:15:53.266611"
3766,"顧客03766","customer03766@example.com","ST02","アクティブ","2026-06-04 15:15:53.266611"
3767,"顧客03767","customer03767@example.com","ST02","アクティブ","2026-06-04 15:15:53.266611"
3768,"顧客03768","customer03768@example.com","ST01","新規","2026-06-04 15:15:53.266611"
3769,"顧客03769","customer03769@example.com","ST01","新規","2026-06-04 15:15:53.266611"
3770,"顧客03770","customer03770@example.com","ST01","新規","2026-06-04 15:15:53.266611"
3771,"顧客03771","customer03771@example.com","ST04","退会","2026-06-04 15:15:53.266611"
3772,"顧客03772","customer03772@example.com","ST04","退会","2026-06-04 15:15:53.266611"
3773,"顧客03773","customer03773@example.com","ST02","アクティブ","2026-06-04 15:15:53.266611"
3774,"顧客03774","customer03774@example.com","ST03","非アクティブ","2026-06-04 15:15:53.266611"
3775,"顧客03775","customer03775@example.com","ST03","非アクティブ","2026-06-04 15:15:53.266611"
3776,"顧客03776","customer03776@example.com","ST02","アクティブ","2026-06-04 15:15:53.266611"
3777,"顧客03777","customer03777@example.com","ST02","アクティブ","2026-06-04 15:15:53.266611"
3778,"顧客03778","customer03778@example.com","ST02","アクティブ","2026-06-04 15:15:53.266611"
3779,"顧客03779","customer03779@example.com","ST01","新規","2026-06-04 15:15:53.266611"
3780,"顧客03780","customer03780@example.com","ST04","退会","2026-06-04 15:15:53.266611"
3781,"顧客03781","customer03781@example.com","ST03","非アクティブ","2026-06-04 15:15:53.266611"
3782,"顧客03782","customer03782@example.com","ST04","退会","2026-06-04 15:15:53.266611"
3783,"顧客03783","customer03783@example.com","ST02","アクティブ","2026-06-04 15:15:53.266611"
3784,"顧客03784","customer03784@example.com","ST03","非アクティブ","2026-06-04 15:15:53.266611"
3785,"顧客03785","customer03785@example.com","ST01","新規","2026-06-04 15:15:53.266611"
3786,"顧客03786","customer03786@example.com","ST02","アクティブ","2026-06-04 15:15:53.266611"
3787,"顧客03787","customer03787@example.com","ST04","退会","2026-06-04 15:15:53.266611"
3788,"顧客03788","customer03788@example.com","ST03","非アクティブ","2026-06-04 15:15:53.266611"
3789,"顧客03789","customer03789@example.com","ST01","新規","2026-06-04 15:15:53.266611"
3790,"顧客03790","customer03790@example.com","ST03","非アクティブ","2026-06-04 15:15:53.266611"
3791,"顧客03791","customer03791@example.com","ST03","非アクティブ","2026-06-04 15:15:53.266611"
3792,"顧客03792","customer03792@example.com","ST01","新規","2026-06-04 15:15:53.266611"
3793,"顧客03793","customer03793@example.com","ST01","新規","2026-06-04 15:15:53.266611"
3794,"顧客03794","customer03794@example.com","ST03","非アクティブ","2026-06-04 15:15:53.266611"
3795,"顧客03795","customer03795@example.com","ST02","アクティブ","2026-06-04 15:15:53.266611"
3796,"顧客03796","customer03796@example.com","ST02","アクティブ","2026-06-04 15:15:53.266611"
3797,"顧客03797","customer03797@example.com","ST03","非アクティブ","2026-06-04 15:15:53.266611"
3798,"顧客03798","customer03798@example.com","ST02","アクティブ","2026-06-04 15:15:53.266611"
3799,"顧客03799","customer03799@example.com","ST02","アクティブ","2026-06-04 15:15:53.266611"
3800,"顧客03800","customer03800@example.com","ST03","非アクティブ","2026-06-04 15:15:53.266611"
3801,"顧客03801","customer03801@example.com","ST03","非アクティブ","2026-06-04 15:15:53.266611"
3802,"顧客03802","customer03802@example.com","ST03","非アクティブ","2026-06-04 15:15:53.266611"
3803,"顧客03803","customer03803@example.com","ST03","非アクティブ","2026-06-04 15:15:53.266611"
3804,"顧客03804","customer03804@example.com","ST02","アクティブ","2026-06-04 15:15:53.266611"
3805,"顧客03805","customer03805@example.com","ST04","退会","2026-06-04 15:15:53.266611"
3806,"顧客03806","customer03806@example.com","ST04","退会","2026-06-04 15:15:53.266611"
3807,"顧客03807","customer03807@example.com","ST01","新規","2026-06-04 15:15:53.266611"
3808,"顧客03808","customer03808@example.com","ST01","新規","2026-06-04 15:15:53.266611"
3809,"顧客03809","customer03809@example.com","ST03","非アクティブ","2026-06-04 15:15:53.266611"
3810,"顧客03810","customer03810@example.com","ST02","アクティブ","2026-06-04 15:15:53.266611"
3811,"顧客03811","customer03811@example.com","ST01","新規","2026-06-04 15:15:53.266611"
3812,"顧客03812","customer03812@example.com","ST03","非アクティブ","2026-06-04 15:15:53.266611"
3813,"顧客03813","customer03813@example.com","ST02","アクティブ","2026-06-04 15:15:53.266611"
3814,"顧客03814","customer03814@example.com","ST02","アクティブ","2026-06-04 15:15:53.266611"
3815,"顧客03815","customer03815@example.com","ST01","新規","2026-06-04 15:15:53.266611"
3816,"顧客03816","customer03816@example.com","ST02","アクティブ","2026-06-04 15:15:53.266611"
3817,"顧客03817","customer03817@example.com","ST04","退会","2026-06-04 15:15:53.266611"
3818,"顧客03818","customer03818@example.com","ST03","非アクティブ","2026-06-04 15:15:53.266611"
3819,"顧客03819","customer03819@example.com","ST02","アクティブ","2026-06-04 15:15:53.266611"
3820,"顧客03820","customer03820@example.com","ST03","非アクティブ","2026-06-04 15:15:53.266611"
3821,"顧客03821","customer03821@example.com","ST03","非アクティブ","2026-06-04 15:15:53.266611"
3822,"顧客03822","customer03822@example.com","ST04","退会","2026-06-04 15:15:53.266611"
3823,"顧客03823","customer03823@example.com","ST04","退会","2026-06-04 15:15:53.266611"
3824,"顧客03824","customer03824@example.com","ST02","アクティブ","2026-06-04 15:15:53.266611"
3825,"顧客03825","customer03825@example.com","ST04","退会","2026-06-04 15:15:53.266611"
3826,"顧客03826","customer03826@example.com","ST02","アクティブ","2026-06-04 15:15:53.266611"
3827,"顧客03827","customer03827@example.com","ST02","アクティブ","2026-06-04 15:15:53.266611"
3828,"顧客03828","customer03828@example.com","ST04","退会","2026-06-04 15:15:53.266611"
3829,"顧客03829","customer03829@example.com","ST02","アクティブ","2026-06-04 15:15:53.266611"
3830,"顧客03830","customer03830@example.com","ST04","退会","2026-06-04 15:15:53.266611"
3831,"顧客03831","customer03831@example.com","ST02","アクティブ","2026-06-04 15:15:53.266611"
3832,"顧客03832","customer03832@example.com","ST03","非アクティブ","2026-06-04 15:15:53.266611"
3833,"顧客03833","customer03833@example.com","ST04","退会","2026-06-04 15:15:53.266611"
3834,"顧客03834","customer03834@example.com","ST01","新規","2026-06-04 15:15:53.266611"
3835,"顧客03835","customer03835@example.com","ST02","アクティブ","2026-06-04 15:15:53.266611"
3836,"顧客03836","customer03836@example.com","ST04","退会","2026-06-04 15:15:53.266611"
3837,"顧客03837","customer03837@example.com","ST02","アクティブ","2026-06-04 15:15:53.266611"
3838,"顧客03838","customer03838@example.com","ST03","非アクティブ","2026-06-04 15:15:53.266611"
3839,"顧客03839","customer03839@example.com","ST03","非アクティブ","2026-06-04 15:15:53.266611"
3840,"顧客03840","customer03840@example.com","ST01","新規","2026-06-04 15:15:53.266611"
3841,"顧客03841","customer03841@example.com","ST02","アクティブ","2026-06-04 15:15:53.266611"
3842,"顧客03842","customer03842@example.com","ST01","新規","2026-06-04 15:15:53.266611"
3843,"顧客03843","customer03843@example.com","ST03","非アクティブ","2026-06-04 15:15:53.266611"
3844,"顧客03844","customer03844@example.com","ST04","退会","2026-06-04 15:15:53.266611"
3845,"顧客03845","customer03845@example.com","ST03","非アクティブ","2026-06-04 15:15:53.266611"
3846,"顧客03846","customer03846@example.com","ST02","アクティブ","2026-06-04 15:15:53.266611"
3847,"顧客03847","customer03847@example.com","ST03","非アクティブ","2026-06-04 15:15:53.266611"
3848,"顧客03848","customer03848@example.com","ST02","アクティブ","2026-06-04 15:15:53.266611"
3849,"顧客03849","customer03849@example.com","ST02","アクティブ","2026-06-04 15:15:53.266611"
3850,"顧客03850","customer03850@example.com","ST04","退会","2026-06-04 15:15:53.266611"
3851,"顧客03851","customer03851@example.com","ST01","新規","2026-06-04 15:15:53.266611"
3852,"顧客03852","customer03852@example.com","ST01","新規","2026-06-04 15:15:53.266611"
3853,"顧客03853","customer03853@example.com","ST02","アクティブ","2026-06-04 15:15:53.266611"
3854,"顧客03854","customer03854@example.com","ST03","非アクティブ","2026-06-04 15:15:53.266611"
3855,"顧客03855","customer03855@example.com","ST02","アクティブ","2026-06-04 15:15:53.266611"
3856,"顧客03856","customer03856@example.com","ST04","退会","2026-06-04 15:15:53.266611"
3857,"顧客03857","customer03857@example.com","ST03","非アクティブ","2026-06-04 15:15:53.266611"
3858,"顧客03858","customer03858@example.com","ST03","非アクティブ","2026-06-04 15:15:53.266611"
3859,"顧客03859","customer03859@example.com","ST04","退会","2026-06-04 15:15:53.266611"
3860,"顧客03860","customer03860@example.com","ST01","新規","2026-06-04 15:15:53.266611"
3861,"顧客03861","customer03861@example.com","ST01","新規","2026-06-04 15:15:53.266611"
3862,"顧客03862","customer03862@example.com","ST01","新規","2026-06-04 15:15:53.266611"
3863,"顧客03863","customer03863@example.com","ST01","新規","2026-06-04 15:15:53.266611"
3864,"顧客03864","customer03864@example.com","ST02","アクティブ","2026-06-04 15:15:53.266611"
3865,"顧客03865","customer03865@example.com","ST03","非アクティブ","2026-06-04 15:15:53.266611"
3866,"顧客03866","customer03866@example.com","ST02","アクティブ","2026-06-04 15:15:53.266611"
3867,"顧客03867","customer03867@example.com","ST03","非アクティブ","2026-06-04 15:15:53.266611"
3868,"顧客03868","customer03868@example.com","ST02","アクティブ","2026-06-04 15:15:53.266611"
3869,"顧客03869","customer03869@example.com","ST04","退会","2026-06-04 15:15:53.266611"
3870,"顧客03870","customer03870@example.com","ST04","退会","2026-06-04 15:15:53.266611"
3871,"顧客03871","customer03871@example.com","ST01","新規","2026-06-04 15:15:53.266611"
3872,"顧客03872","customer03872@example.com","ST02","アクティブ","2026-06-04 15:15:53.266611"
3873,"顧客03873","customer03873@example.com","ST03","非アクティブ","2026-06-04 15:15:53.266611"
3874,"顧客03874","customer03874@example.com","ST02","アクティブ","2026-06-04 15:15:53.266611"
3875,"顧客03875","customer03875@example.com","ST03","非アクティブ","2026-06-04 15:15:53.266611"
3876,"顧客03876","customer03876@example.com","ST02","アクティブ","2026-06-04 15:15:53.266611"
3877,"顧客03877","customer03877@example.com","ST01","新規","2026-06-04 15:15:53.266611"
3878,"顧客03878","customer03878@example.com","ST02","アクティブ","2026-06-04 15:15:53.266611"
3879,"顧客03879","customer03879@example.com","ST04","退会","2026-06-04 15:15:53.266611"
3880,"顧客03880","customer03880@example.com","ST02","アクティブ","2026-06-04 15:15:53.266611"
3881,"顧客03881","customer03881@example.com","ST03","非アクティブ","2026-06-04 15:15:53.266611"
3882,"顧客03882","customer03882@example.com","ST02","アクティブ","2026-06-04 15:15:53.266611"
3883,"顧客03883","customer03883@example.com","ST01","新規","2026-06-04 15:15:53.266611"
3884,"顧客03884","customer03884@example.com","ST01","新規","2026-06-04 15:15:53.266611"
3885,"顧客03885","customer03885@example.com","ST02","アクティブ","2026-06-04 15:15:53.266611"
3886,"顧客03886","customer03886@example.com","ST04","退会","2026-06-04 15:15:53.266611"
3887,"顧客03887","customer03887@example.com","ST03","非アクティブ","2026-06-04 15:15:53.266611"
3888,"顧客03888","customer03888@example.com","ST03","非アクティブ","2026-06-04 15:15:53.266611"
3889,"顧客03889","customer03889@example.com","ST02","アクティブ","2026-06-04 15:15:53.266611"
3890,"顧客03890","customer03890@example.com","ST01","新規","2026-06-04 15:15:53.266611"
3891,"顧客03891","customer03891@example.com","ST01","新規","2026-06-04 15:15:53.266611"
3892,"顧客03892","customer03892@example.com","ST02","アクティブ","2026-06-04 15:15:53.266611"
3893,"顧客03893","customer03893@example.com","ST02","アクティブ","2026-06-04 15:15:53.266611"
3894,"顧客03894","customer03894@example.com","ST01","新規","2026-06-04 15:15:53.266611"
3895,"顧客03895","customer03895@example.com","ST04","退会","2026-06-04 15:15:53.266611"
3896,"顧客03896","customer03896@example.com","ST02","アクティブ","2026-06-04 15:15:53.266611"
3897,"顧客03897","customer03897@example.com","ST04","退会","2026-06-04 15:15:53.266611"
3898,"顧客03898","customer03898@example.com","ST04","退会","2026-06-04 15:15:53.266611"
3899,"顧客03899","customer03899@example.com","ST03","非アクティブ","2026-06-04 15:15:53.266611"
3900,"顧客03900","customer03900@example.com","ST03","非アクティブ","2026-06-04 15:15:53.266611"
3901,"顧客03901","customer03901@example.com","ST02","アクティブ","2026-06-04 15:15:53.266611"
3902,"顧客03902","customer03902@example.com","ST02","アクティブ","2026-06-04 15:15:53.266611"
3903,"顧客03903","customer03903@example.com","ST03","非アクティブ","2026-06-04 15:15:53.266611"
3904,"顧客03904","customer03904@example.com","ST03","非アクティブ","2026-06-04 15:15:53.266611"
3905,"顧客03905","customer03905@example.com","ST02","アクティブ","2026-06-04 15:15:53.266611"
3906,"顧客03906","customer03906@example.com","ST03","非アクティブ","2026-06-04 15:15:53.266611"
3907,"顧客03907","customer03907@example.com","ST03","非アクティブ","2026-06-04 15:15:53.266611"
3908,"顧客03908","customer03908@example.com","ST03","非アクティブ","2026-06-04 15:15:53.266611"
3909,"顧客03909","customer03909@example.com","ST01","新規","2026-06-04 15:15:53.266611"
3910,"顧客03910","customer03910@example.com","ST04","退会","2026-06-04 15:15:53.266611"
3911,"顧客03911","customer03911@example.com","ST03","非アクティブ","2026-06-04 15:15:53.266611"
3912,"顧客03912","customer03912@example.com","ST01","新規","2026-06-04 15:15:53.266611"
3913,"顧客03913","customer03913@example.com","ST02","アクティブ","2026-06-04 15:15:53.266611"
3914,"顧客03914","customer03914@example.com","ST04","退会","2026-06-04 15:15:53.266611"
3915,"顧客03915","customer03915@example.com","ST04","退会","2026-06-04 15:15:53.266611"
3916,"顧客03916","customer03916@example.com","ST01","新規","2026-06-04 15:15:53.266611"
3917,"顧客03917","customer03917@example.com","ST03","非アクティブ","2026-06-04 15:15:53.266611"
3918,"顧客03918","customer03918@example.com","ST01","新規","2026-06-04 15:15:53.266611"
3919,"顧客03919","customer03919@example.com","ST04","退会","2026-06-04 15:15:53.266611"
3920,"顧客03920","customer03920@example.com","ST03","非アクティブ","2026-06-04 15:15:53.266611"
3921,"顧客03921","customer03921@example.com","ST03","非アクティブ","2026-06-04 15:15:53.266611"
3922,"顧客03922","customer03922@example.com","ST04","退会","2026-06-04 15:15:53.266611"
3923,"顧客03923","customer03923@example.com","ST03","非アクティブ","2026-06-04 15:15:53.266611"
3924,"顧客03924","customer03924@example.com","ST04","退会","2026-06-04 15:15:53.266611"
3925,"顧客03925","customer03925@example.com","ST02","アクティブ","2026-06-04 15:15:53.266611"
3926,"顧客03926","customer03926@example.com","ST02","アクティブ","2026-06-04 15:15:53.266611"
3927,"顧客03927","customer03927@example.com","ST03","非アクティブ","2026-06-04 15:15:53.266611"
3928,"顧客03928","customer03928@example.com","ST02","アクティブ","2026-06-04 15:15:53.266611"
3929,"顧客03929","customer03929@example.com","ST01","新規","2026-06-04 15:15:53.266611"
3930,"顧客03930","customer03930@example.com","ST04","退会","2026-06-04 15:15:53.266611"
3931,"顧客03931","customer03931@example.com","ST03","非アクティブ","2026-06-04 15:15:53.266611"
3932,"顧客03932","customer03932@example.com","ST04","退会","2026-06-04 15:15:53.266611"
3933,"顧客03933","customer03933@example.com","ST03","非アクティブ","2026-06-04 15:15:53.266611"
3934,"顧客03934","customer03934@example.com","ST02","アクティブ","2026-06-04 15:15:53.266611"
3935,"顧客03935","customer03935@example.com","ST01","新規","2026-06-04 15:15:53.266611"
3936,"顧客03936","customer03936@example.com","ST02","アクティブ","2026-06-04 15:15:53.266611"
3937,"顧客03937","customer03937@example.com","ST02","アクティブ","2026-06-04 15:15:53.266611"
3938,"顧客03938","customer03938@example.com","ST01","新規","2026-06-04 15:15:53.266611"
3939,"顧客03939","customer03939@example.com","ST03","非アクティブ","2026-06-04 15:15:53.266611"
3940,"顧客03940","customer03940@example.com","ST03","非アクティブ","2026-06-04 15:15:53.266611"
3941,"顧客03941","customer03941@example.com","ST04","退会","2026-06-04 15:15:53.266611"
3942,"顧客03942","customer03942@example.com","ST04","退会","2026-06-04 15:15:53.266611"
3943,"顧客03943","customer03943@example.com","ST03","非アクティブ","2026-06-04 15:15:53.266611"
3944,"顧客03944","customer03944@example.com","ST04","退会","2026-06-04 15:15:53.266611"
3945,"顧客03945","customer03945@example.com","ST04","退会","2026-06-04 15:15:53.266611"
3946,"顧客03946","customer03946@example.com","ST03","非アクティブ","2026-06-04 15:15:53.266611"
3947,"顧客03947","customer03947@example.com","ST01","新規","2026-06-04 15:15:53.266611"
3948,"顧客03948","customer03948@example.com","ST02","アクティブ","2026-06-04 15:15:53.266611"
3949,"顧客03949","customer03949@example.com","ST03","非アクティブ","2026-06-04 15:15:53.266611"
3950,"顧客03950","customer03950@example.com","ST03","非アクティブ","2026-06-04 15:15:53.266611"
3951,"顧客03951","customer03951@example.com","ST04","退会","2026-06-04 15:15:53.266611"
3952,"顧客03952","customer03952@example.com","ST04","退会","2026-06-04 15:15:53.266611"
3953,"顧客03953","customer03953@example.com","ST04","退会","2026-06-04 15:15:53.266611"
3954,"顧客03954","customer03954@example.com","ST04","退会","2026-06-04 15:15:53.266611"
3955,"顧客03955","customer03955@example.com","ST03","非アクティブ","2026-06-04 15:15:53.266611"
3956,"顧客03956","customer03956@example.com","ST03","非アクティブ","2026-06-04 15:15:53.266611"
3957,"顧客03957","customer03957@example.com","ST01","新規","2026-06-04 15:15:53.266611"
3958,"顧客03958","customer03958@example.com","ST02","アクティブ","2026-06-04 15:15:53.266611"
3959,"顧客03959","customer03959@example.com","ST02","アクティブ","2026-06-04 15:15:53.266611"
3960,"顧客03960","customer03960@example.com","ST01","新規","2026-06-04 15:15:53.266611"
3961,"顧客03961","customer03961@example.com","ST01","新規","2026-06-04 15:15:53.266611"
3962,"顧客03962","customer03962@example.com","ST04","退会","2026-06-04 15:15:53.266611"
3963,"顧客03963","customer03963@example.com","ST02","アクティブ","2026-06-04 15:15:53.266611"
3964,"顧客03964","customer03964@example.com","ST03","非アクティブ","2026-06-04 15:15:53.266611"
3965,"顧客03965","customer03965@example.com","ST02","アクティブ","2026-06-04 15:15:53.266611"
3966,"顧客03966","customer03966@example.com","ST03","非アクティブ","2026-06-04 15:15:53.266611"
3967,"顧客03967","customer03967@example.com","ST03","非アクティブ","2026-06-04 15:15:53.266611"
3968,"顧客03968","customer03968@example.com","ST03","非アクティブ","2026-06-04 15:15:53.266611"
3969,"顧客03969","customer03969@example.com","ST03","非アクティブ","2026-06-04 15:15:53.266611"
3970,"顧客03970","customer03970@example.com","ST01","新規","2026-06-04 15:15:53.266611"
3971,"顧客03971","customer03971@example.com","ST03","非アクティブ","2026-06-04 15:15:53.266611"
3972,"顧客03972","customer03972@example.com","ST03","非アクティブ","2026-06-04 15:15:53.266611"
3973,"顧客03973","customer03973@example.com","ST01","新規","2026-06-04 15:15:53.266611"
3974,"顧客03974","customer03974@example.com","ST02","アクティブ","2026-06-04 15:15:53.266611"
3975,"顧客03975","customer03975@example.com","ST01","新規","2026-06-04 15:15:53.266611"
3976,"顧客03976","customer03976@example.com","ST02","アクティブ","2026-06-04 15:15:53.266611"
3977,"顧客03977","customer03977@example.com","ST04","退会","2026-06-04 15:15:53.266611"
3978,"顧客03978","customer03978@example.com","ST04","退会","2026-06-04 15:15:53.266611"
3979,"顧客03979","customer03979@example.com","ST01","新規","2026-06-04 15:15:53.266611"
3980,"顧客03980","customer03980@example.com","ST04","退会","2026-06-04 15:15:53.266611"
3981,"顧客03981","customer03981@example.com","ST04","退会","2026-06-04 15:15:53.266611"
3982,"顧客03982","customer03982@example.com","ST01","新規","2026-06-04 15:15:53.266611"
3983,"顧客03983","customer03983@example.com","ST02","アクティブ","2026-06-04 15:15:53.266611"
3984,"顧客03984","customer03984@example.com","ST03","非アクティブ","2026-06-04 15:15:53.266611"
3985,"顧客03985","customer03985@example.com","ST03","非アクティブ","2026-06-04 15:15:53.266611"
3986,"顧客03986","customer03986@example.com","ST02","アクティブ","2026-06-04 15:15:53.266611"
3987,"顧客03987","customer03987@example.com","ST01","新規","2026-06-04 15:15:53.266611"
3988,"顧客03988","customer03988@example.com","ST02","アクティブ","2026-06-04 15:15:53.266611"
3989,"顧客03989","customer03989@example.com","ST02","アクティブ","2026-06-04 15:15:53.266611"
3990,"顧客03990","customer03990@example.com","ST02","アクティブ","2026-06-04 15:15:53.266611"
3991,"顧客03991","customer03991@example.com","ST03","非アクティブ","2026-06-04 15:15:53.266611"
3992,"顧客03992","customer03992@example.com","ST01","新規","2026-06-04 15:15:53.266611"
3993,"顧客03993","customer03993@example.com","ST01","新規","2026-06-04 15:15:53.266611"
3994,"顧客03994","customer03994@example.com","ST04","退会","2026-06-04 15:15:53.266611"
3995,"顧客03995","customer03995@example.com","ST02","アクティブ","2026-06-04 15:15:53.266611"
3996,"顧客03996","customer03996@example.com","ST03","非アクティブ","2026-06-04 15:15:53.266611"
3997,"顧客03997","customer03997@example.com","ST03","非アクティブ","2026-06-04 15:15:53.266611"
3998,"顧客03998","customer03998@example.com","ST03","非アクティブ","2026-06-04 15:15:53.266611"
3999,"顧客03999","customer03999@example.com","ST03","非アクティブ","2026-06-04 15:15:53.266611"
4000,"顧客04000","customer04000@example.com","ST03","非アクティブ","2026-06-04 15:15:53.266611"
4001,"顧客04001","customer04001@example.com","ST02","アクティブ","2026-06-04 15:15:53.266611"
4002,"顧客04002","customer04002@example.com","ST03","非アクティブ","2026-06-04 15:15:53.266611"
4003,"顧客04003","customer04003@example.com","ST04","退会","2026-06-04 15:15:53.266611"
4004,"顧客04004","customer04004@example.com","ST02","アクティブ","2026-06-04 15:15:53.266611"
4005,"顧客04005","customer04005@example.com","ST03","非アクティブ","2026-06-04 15:15:53.266611"
4006,"顧客04006","customer04006@example.com","ST04","退会","2026-06-04 15:15:53.266611"
4007,"顧客04007","customer04007@example.com","ST01","新規","2026-06-04 15:15:53.266611"
4008,"顧客04008","customer04008@example.com","ST02","アクティブ","2026-06-04 15:15:53.266611"
4009,"顧客04009","customer04009@example.com","ST02","アクティブ","2026-06-04 15:15:53.266611"
4010,"顧客04010","customer04010@example.com","ST04","退会","2026-06-04 15:15:53.266611"
4011,"顧客04011","customer04011@example.com","ST01","新規","2026-06-04 15:15:53.266611"
4012,"顧客04012","customer04012@example.com","ST04","退会","2026-06-04 15:15:53.266611"
4013,"顧客04013","customer04013@example.com","ST03","非アクティブ","2026-06-04 15:15:53.266611"
4014,"顧客04014","customer04014@example.com","ST03","非アクティブ","2026-06-04 15:15:53.266611"
4015,"顧客04015","customer04015@example.com","ST03","非アクティブ","2026-06-04 15:15:53.266611"
4016,"顧客04016","customer04016@example.com","ST04","退会","2026-06-04 15:15:53.266611"
4017,"顧客04017","customer04017@example.com","ST03","非アクティブ","2026-06-04 15:15:53.266611"
4018,"顧客04018","customer04018@example.com","ST02","アクティブ","2026-06-04 15:15:53.266611"
4019,"顧客04019","customer04019@example.com","ST02","アクティブ","2026-06-04 15:15:53.266611"
4020,"顧客04020","customer04020@example.com","ST03","非アクティブ","2026-06-04 15:15:53.266611"
4021,"顧客04021","customer04021@example.com","ST04","退会","2026-06-04 15:15:53.266611"
4022,"顧客04022","customer04022@example.com","ST03","非アクティブ","2026-06-04 15:15:53.266611"
4023,"顧客04023","customer04023@example.com","ST03","非アクティブ","2026-06-04 15:15:53.266611"
4024,"顧客04024","customer04024@example.com","ST01","新規","2026-06-04 15:15:53.266611"
4025,"顧客04025","customer04025@example.com","ST01","新規","2026-06-04 15:15:53.266611"
4026,"顧客04026","customer04026@example.com","ST01","新規","2026-06-04 15:15:53.266611"
4027,"顧客04027","customer04027@example.com","ST03","非アクティブ","2026-06-04 15:15:53.266611"
4028,"顧客04028","customer04028@example.com","ST03","非アクティブ","2026-06-04 15:15:53.266611"
4029,"顧客04029","customer04029@example.com","ST03","非アクティブ","2026-06-04 15:15:53.266611"
4030,"顧客04030","customer04030@example.com","ST03","非アクティブ","2026-06-04 15:15:53.266611"
4031,"顧客04031","customer04031@example.com","ST02","アクティブ","2026-06-04 15:15:53.266611"
4032,"顧客04032","customer04032@example.com","ST03","非アクティブ","2026-06-04 15:15:53.266611"
4033,"顧客04033","customer04033@example.com","ST01","新規","2026-06-04 15:15:53.266611"
4034,"顧客04034","customer04034@example.com","ST04","退会","2026-06-04 15:15:53.266611"
4035,"顧客04035","customer04035@example.com","ST03","非アクティブ","2026-06-04 15:15:53.266611"
4036,"顧客04036","customer04036@example.com","ST03","非アクティブ","2026-06-04 15:15:53.266611"
4037,"顧客04037","customer04037@example.com","ST03","非アクティブ","2026-06-04 15:15:53.266611"
4038,"顧客04038","customer04038@example.com","ST02","アクティブ","2026-06-04 15:15:53.266611"
4039,"顧客04039","customer04039@example.com","ST03","非アクティブ","2026-06-04 15:15:53.266611"
4040,"顧客04040","customer04040@example.com","ST03","非アクティブ","2026-06-04 15:15:53.266611"
4041,"顧客04041","customer04041@example.com","ST04","退会","2026-06-04 15:15:53.266611"
4042,"顧客04042","customer04042@example.com","ST02","アクティブ","2026-06-04 15:15:53.266611"
4043,"顧客04043","customer04043@example.com","ST02","アクティブ","2026-06-04 15:15:53.266611"
4044,"顧客04044","customer04044@example.com","ST01","新規","2026-06-04 15:15:53.266611"
4045,"顧客04045","customer04045@example.com","ST01","新規","2026-06-04 15:15:53.266611"
4046,"顧客04046","customer04046@example.com","ST01","新規","2026-06-04 15:15:53.266611"
4047,"顧客04047","customer04047@example.com","ST02","アクティブ","2026-06-04 15:15:53.266611"
4048,"顧客04048","customer04048@example.com","ST02","アクティブ","2026-06-04 15:15:53.266611"
4049,"顧客04049","customer04049@example.com","ST03","非アクティブ","2026-06-04 15:15:53.266611"
4050,"顧客04050","customer04050@example.com","ST02","アクティブ","2026-06-04 15:15:53.266611"
4051,"顧客04051","customer04051@example.com","ST02","アクティブ","2026-06-04 15:15:53.266611"
4052,"顧客04052","customer04052@example.com","ST02","アクティブ","2026-06-04 15:15:53.266611"
4053,"顧客04053","customer04053@example.com","ST04","退会","2026-06-04 15:15:53.266611"
4054,"顧客04054","customer04054@example.com","ST01","新規","2026-06-04 15:15:53.266611"
4055,"顧客04055","customer04055@example.com","ST01","新規","2026-06-04 15:15:53.266611"
4056,"顧客04056","customer04056@example.com","ST04","退会","2026-06-04 15:15:53.266611"
4057,"顧客04057","customer04057@example.com","ST04","退会","2026-06-04 15:15:53.266611"
4058,"顧客04058","customer04058@example.com","ST02","アクティブ","2026-06-04 15:15:53.266611"
4059,"顧客04059","customer04059@example.com","ST02","アクティブ","2026-06-04 15:15:53.266611"
4060,"顧客04060","customer04060@example.com","ST03","非アクティブ","2026-06-04 15:15:53.266611"
4061,"顧客04061","customer04061@example.com","ST04","退会","2026-06-04 15:15:53.266611"
4062,"顧客04062","customer04062@example.com","ST04","退会","2026-06-04 15:15:53.266611"
4063,"顧客04063","customer04063@example.com","ST03","非アクティブ","2026-06-04 15:15:53.266611"
4064,"顧客04064","customer04064@example.com","ST03","非アクティブ","2026-06-04 15:15:53.266611"
4065,"顧客04065","customer04065@example.com","ST02","アクティブ","2026-06-04 15:15:53.266611"
4066,"顧客04066","customer04066@example.com","ST03","非アクティブ","2026-06-04 15:15:53.266611"
4067,"顧客04067","customer04067@example.com","ST04","退会","2026-06-04 15:15:53.266611"
4068,"顧客04068","customer04068@example.com","ST03","非アクティブ","2026-06-04 15:15:53.266611"
4069,"顧客04069","customer04069@example.com","ST03","非アクティブ","2026-06-04 15:15:53.266611"
4070,"顧客04070","customer04070@example.com","ST02","アクティブ","2026-06-04 15:15:53.266611"
4071,"顧客04071","customer04071@example.com","ST01","新規","2026-06-04 15:15:53.266611"
4072,"顧客04072","customer04072@example.com","ST03","非アクティブ","2026-06-04 15:15:53.266611"
4073,"顧客04073","customer04073@example.com","ST01","新規","2026-06-04 15:15:53.266611"
4074,"顧客04074","customer04074@example.com","ST02","アクティブ","2026-06-04 15:15:53.266611"
4075,"顧客04075","customer04075@example.com","ST02","アクティブ","2026-06-04 15:15:53.266611"
4076,"顧客04076","customer04076@example.com","ST04","退会","2026-06-04 15:15:53.266611"
4077,"顧客04077","customer04077@example.com","ST02","アクティブ","2026-06-04 15:15:53.266611"
4078,"顧客04078","customer04078@example.com","ST01","新規","2026-06-04 15:15:53.266611"
4079,"顧客04079","customer04079@example.com","ST04","退会","2026-06-04 15:15:53.266611"
4080,"顧客04080","customer04080@example.com","ST02","アクティブ","2026-06-04 15:15:53.266611"
4081,"顧客04081","customer04081@example.com","ST01","新規","2026-06-04 15:15:53.266611"
4082,"顧客04082","customer04082@example.com","ST03","非アクティブ","2026-06-04 15:15:53.266611"
4083,"顧客04083","customer04083@example.com","ST04","退会","2026-06-04 15:15:53.266611"
4084,"顧客04084","customer04084@example.com","ST01","新規","2026-06-04 15:15:53.266611"
4085,"顧客04085","customer04085@example.com","ST04","退会","2026-06-04 15:15:53.266611"
4086,"顧客04086","customer04086@example.com","ST04","退会","2026-06-04 15:15:53.266611"
4087,"顧客04087","customer04087@example.com","ST04","退会","2026-06-04 15:15:53.266611"
4088,"顧客04088","customer04088@example.com","ST01","新規","2026-06-04 15:15:53.266611"
4089,"顧客04089","customer04089@example.com","ST03","非アクティブ","2026-06-04 15:15:53.266611"
4090,"顧客04090","customer04090@example.com","ST04","退会","2026-06-04 15:15:53.266611"
4091,"顧客04091","customer04091@example.com","ST02","アクティブ","2026-06-04 15:15:53.266611"
4092,"顧客04092","customer04092@example.com","ST02","アクティブ","2026-06-04 15:15:53.266611"
4093,"顧客04093","customer04093@example.com","ST02","アクティブ","2026-06-04 15:15:53.266611"
4094,"顧客04094","customer04094@example.com","ST02","アクティブ","2026-06-04 15:15:53.266611"
4095,"顧客04095","customer04095@example.com","ST04","退会","2026-06-04 15:15:53.266611"
4096,"顧客04096","customer04096@example.com","ST02","アクティブ","2026-06-04 15:15:53.266611"
4097,"顧客04097","customer04097@example.com","ST03","非アクティブ","2026-06-04 15:15:53.266611"
4098,"顧客04098","customer04098@example.com","ST04","退会","2026-06-04 15:15:53.266611"
4099,"顧客04099","customer04099@example.com","ST03","非アクティブ","2026-06-04 15:15:53.266611"
4100,"顧客04100","customer04100@example.com","ST01","新規","2026-06-04 15:15:53.266611"
4101,"顧客04101","customer04101@example.com","ST02","アクティブ","2026-06-04 15:15:53.266611"
4102,"顧客04102","customer04102@example.com","ST04","退会","2026-06-04 15:15:53.266611"
4103,"顧客04103","customer04103@example.com","ST02","アクティブ","2026-06-04 15:15:53.266611"
4104,"顧客04104","customer04104@example.com","ST03","非アクティブ","2026-06-04 15:15:53.266611"
4105,"顧客04105","customer04105@example.com","ST03","非アクティブ","2026-06-04 15:15:53.266611"
4106,"顧客04106","customer04106@example.com","ST04","退会","2026-06-04 15:15:53.266611"
4107,"顧客04107","customer04107@example.com","ST02","アクティブ","2026-06-04 15:15:53.266611"
4108,"顧客04108","customer04108@example.com","ST03","非アクティブ","2026-06-04 15:15:53.266611"
4109,"顧客04109","customer04109@example.com","ST02","アクティブ","2026-06-04 15:15:53.266611"
4110,"顧客04110","customer04110@example.com","ST01","新規","2026-06-04 15:15:53.266611"
4111,"顧客04111","customer04111@example.com","ST01","新規","2026-06-04 15:15:53.266611"
4112,"顧客04112","customer04112@example.com","ST04","退会","2026-06-04 15:15:53.266611"
4113,"顧客04113","customer04113@example.com","ST02","アクティブ","2026-06-04 15:15:53.266611"
4114,"顧客04114","customer04114@example.com","ST03","非アクティブ","2026-06-04 15:15:53.266611"
4115,"顧客04115","customer04115@example.com","ST03","非アクティブ","2026-06-04 15:15:53.266611"
4116,"顧客04116","customer04116@example.com","ST03","非アクティブ","2026-06-04 15:15:53.266611"
4117,"顧客04117","customer04117@example.com","ST01","新規","2026-06-04 15:15:53.266611"
4118,"顧客04118","customer04118@example.com","ST03","非アクティブ","2026-06-04 15:15:53.266611"
4119,"顧客04119","customer04119@example.com","ST01","新規","2026-06-04 15:15:53.266611"
4120,"顧客04120","customer04120@example.com","ST02","アクティブ","2026-06-04 15:15:53.266611"
4121,"顧客04121","customer04121@example.com","ST01","新規","2026-06-04 15:15:53.266611"
4122,"顧客04122","customer04122@example.com","ST04","退会","2026-06-04 15:15:53.266611"
4123,"顧客04123","customer04123@example.com","ST03","非アクティブ","2026-06-04 15:15:53.266611"
4124,"顧客04124","customer04124@example.com","ST01","新規","2026-06-04 15:15:53.266611"
4125,"顧客04125","customer04125@example.com","ST02","アクティブ","2026-06-04 15:15:53.266611"
4126,"顧客04126","customer04126@example.com","ST03","非アクティブ","2026-06-04 15:15:53.266611"
4127,"顧客04127","customer04127@example.com","ST04","退会","2026-06-04 15:15:53.266611"
4128,"顧客04128","customer04128@example.com","ST02","アクティブ","2026-06-04 15:15:53.266611"
4129,"顧客04129","customer04129@example.com","ST04","退会","2026-06-04 15:15:53.266611"
4130,"顧客04130","customer04130@example.com","ST04","退会","2026-06-04 15:15:53.266611"
4131,"顧客04131","customer04131@example.com","ST04","退会","2026-06-04 15:15:53.266611"
4132,"顧客04132","customer04132@example.com","ST03","非アクティブ","2026-06-04 15:15:53.266611"
4133,"顧客04133","customer04133@example.com","ST01","新規","2026-06-04 15:15:53.266611"
4134,"顧客04134","customer04134@example.com","ST01","新規","2026-06-04 15:15:53.266611"
4135,"顧客04135","customer04135@example.com","ST03","非アクティブ","2026-06-04 15:15:53.266611"
4136,"顧客04136","customer04136@example.com","ST01","新規","2026-06-04 15:15:53.266611"
4137,"顧客04137","customer04137@example.com","ST02","アクティブ","2026-06-04 15:15:53.266611"
4138,"顧客04138","customer04138@example.com","ST03","非アクティブ","2026-06-04 15:15:53.266611"
4139,"顧客04139","customer04139@example.com","ST01","新規","2026-06-04 15:15:53.266611"
4140,"顧客04140","customer04140@example.com","ST04","退会","2026-06-04 15:15:53.266611"
4141,"顧客04141","customer04141@example.com","ST03","非アクティブ","2026-06-04 15:15:53.266611"
4142,"顧客04142","customer04142@example.com","ST01","新規","2026-06-04 15:15:53.266611"
4143,"顧客04143","customer04143@example.com","ST03","非アクティブ","2026-06-04 15:15:53.266611"
4144,"顧客04144","customer04144@example.com","ST03","非アクティブ","2026-06-04 15:15:53.266611"
4145,"顧客04145","customer04145@example.com","ST02","アクティブ","2026-06-04 15:15:53.266611"
4146,"顧客04146","customer04146@example.com","ST03","非アクティブ","2026-06-04 15:15:53.266611"
4147,"顧客04147","customer04147@example.com","ST03","非アクティブ","2026-06-04 15:15:53.266611"
4148,"顧客04148","customer04148@example.com","ST03","非アクティブ","2026-06-04 15:15:53.266611"
4149,"顧客04149","customer04149@example.com","ST02","アクティブ","2026-06-04 15:15:53.266611"
4150,"顧客04150","customer04150@example.com","ST02","アクティブ","2026-06-04 15:15:53.266611"
4151,"顧客04151","customer04151@example.com","ST01","新規","2026-06-04 15:15:53.266611"
4152,"顧客04152","customer04152@example.com","ST01","新規","2026-06-04 15:15:53.266611"
4153,"顧客04153","customer04153@example.com","ST01","新規","2026-06-04 15:15:53.266611"
4154,"顧客04154","customer04154@example.com","ST04","退会","2026-06-04 15:15:53.266611"
4155,"顧客04155","customer04155@example.com","ST04","退会","2026-06-04 15:15:53.266611"
4156,"顧客04156","customer04156@example.com","ST03","非アクティブ","2026-06-04 15:15:53.266611"
4157,"顧客04157","customer04157@example.com","ST02","アクティブ","2026-06-04 15:15:53.266611"
4158,"顧客04158","customer04158@example.com","ST01","新規","2026-06-04 15:15:53.266611"
4159,"顧客04159","customer04159@example.com","ST01","新規","2026-06-04 15:15:53.266611"
4160,"顧客04160","customer04160@example.com","ST03","非アクティブ","2026-06-04 15:15:53.266611"
4161,"顧客04161","customer04161@example.com","ST03","非アクティブ","2026-06-04 15:15:53.266611"
4162,"顧客04162","customer04162@example.com","ST01","新規","2026-06-04 15:15:53.266611"
4163,"顧客04163","customer04163@example.com","ST04","退会","2026-06-04 15:15:53.266611"
4164,"顧客04164","customer04164@example.com","ST02","アクティブ","2026-06-04 15:15:53.266611"
4165,"顧客04165","customer04165@example.com","ST03","非アクティブ","2026-06-04 15:15:53.266611"
4166,"顧客04166","customer04166@example.com","ST04","退会","2026-06-04 15:15:53.266611"
4167,"顧客04167","customer04167@example.com","ST01","新規","2026-06-04 15:15:53.266611"
4168,"顧客04168","customer04168@example.com","ST04","退会","2026-06-04 15:15:53.266611"
4169,"顧客04169","customer04169@example.com","ST03","非アクティブ","2026-06-04 15:15:53.266611"
4170,"顧客04170","customer04170@example.com","ST02","アクティブ","2026-06-04 15:15:53.266611"
4171,"顧客04171","customer04171@example.com","ST01","新規","2026-06-04 15:15:53.266611"
4172,"顧客04172","customer04172@example.com","ST01","新規","2026-06-04 15:15:53.266611"
4173,"顧客04173","customer04173@example.com","ST02","アクティブ","2026-06-04 15:15:53.266611"
4174,"顧客04174","customer04174@example.com","ST02","アクティブ","2026-06-04 15:15:53.266611"
4175,"顧客04175","customer04175@example.com","ST02","アクティブ","2026-06-04 15:15:53.266611"
4176,"顧客04176","customer04176@example.com","ST03","非アクティブ","2026-06-04 15:15:53.266611"
4177,"顧客04177","customer04177@example.com","ST03","非アクティブ","2026-06-04 15:15:53.266611"
4178,"顧客04178","customer04178@example.com","ST01","新規","2026-06-04 15:15:53.266611"
4179,"顧客04179","customer04179@example.com","ST03","非アクティブ","2026-06-04 15:15:53.266611"
4180,"顧客04180","customer04180@example.com","ST02","アクティブ","2026-06-04 15:15:53.266611"
4181,"顧客04181","customer04181@example.com","ST03","非アクティブ","2026-06-04 15:15:53.266611"
4182,"顧客04182","customer04182@example.com","ST02","アクティブ","2026-06-04 15:15:53.266611"
4183,"顧客04183","customer04183@example.com","ST02","アクティブ","2026-06-04 15:15:53.266611"
4184,"顧客04184","customer04184@example.com","ST04","退会","2026-06-04 15:15:53.266611"
4185,"顧客04185","customer04185@example.com","ST02","アクティブ","2026-06-04 15:15:53.266611"
4186,"顧客04186","customer04186@example.com","ST02","アクティブ","2026-06-04 15:15:53.266611"
4187,"顧客04187","customer04187@example.com","ST03","非アクティブ","2026-06-04 15:15:53.266611"
4188,"顧客04188","customer04188@example.com","ST03","非アクティブ","2026-06-04 15:15:53.266611"
4189,"顧客04189","customer04189@example.com","ST02","アクティブ","2026-06-04 15:15:53.266611"
4190,"顧客04190","customer04190@example.com","ST01","新規","2026-06-04 15:15:53.266611"
4191,"顧客04191","customer04191@example.com","ST03","非アクティブ","2026-06-04 15:15:53.266611"
4192,"顧客04192","customer04192@example.com","ST02","アクティブ","2026-06-04 15:15:53.266611"
4193,"顧客04193","customer04193@example.com","ST03","非アクティブ","2026-06-04 15:15:53.266611"
4194,"顧客04194","customer04194@example.com","ST01","新規","2026-06-04 15:15:53.266611"
4195,"顧客04195","customer04195@example.com","ST04","退会","2026-06-04 15:15:53.266611"
4196,"顧客04196","customer04196@example.com","ST02","アクティブ","2026-06-04 15:15:53.266611"
4197,"顧客04197","customer04197@example.com","ST02","アクティブ","2026-06-04 15:15:53.266611"
4198,"顧客04198","customer04198@example.com","ST02","アクティブ","2026-06-04 15:15:53.266611"
4199,"顧客04199","customer04199@example.com","ST03","非アクティブ","2026-06-04 15:15:53.266611"
4200,"顧客04200","customer04200@example.com","ST01","新規","2026-06-04 15:15:53.266611"
4201,"顧客04201","customer04201@example.com","ST01","新規","2026-06-04 15:15:53.266611"
4202,"顧客04202","customer04202@example.com","ST04","退会","2026-06-04 15:15:53.266611"
4203,"顧客04203","customer04203@example.com","ST01","新規","2026-06-04 15:15:53.266611"
4204,"顧客04204","customer04204@example.com","ST04","退会","2026-06-04 15:15:53.266611"
4205,"顧客04205","customer04205@example.com","ST03","非アクティブ","2026-06-04 15:15:53.266611"
4206,"顧客04206","customer04206@example.com","ST01","新規","2026-06-04 15:15:53.266611"
4207,"顧客04207","customer04207@example.com","ST03","非アクティブ","2026-06-04 15:15:53.266611"
4208,"顧客04208","customer04208@example.com","ST02","アクティブ","2026-06-04 15:15:53.266611"
4209,"顧客04209","customer04209@example.com","ST04","退会","2026-06-04 15:15:53.266611"
4210,"顧客04210","customer04210@example.com","ST03","非アクティブ","2026-06-04 15:15:53.266611"
4211,"顧客04211","customer04211@example.com","ST03","非アクティブ","2026-06-04 15:15:53.266611"
4212,"顧客04212","customer04212@example.com","ST02","アクティブ","2026-06-04 15:15:53.266611"
4213,"顧客04213","customer04213@example.com","ST01","新規","2026-06-04 15:15:53.266611"
4214,"顧客04214","customer04214@example.com","ST04","退会","2026-06-04 15:15:53.266611"
4215,"顧客04215","customer04215@example.com","ST03","非アクティブ","2026-06-04 15:15:53.266611"
4216,"顧客04216","customer04216@example.com","ST01","新規","2026-06-04 15:15:53.266611"
4217,"顧客04217","customer04217@example.com","ST04","退会","2026-06-04 15:15:53.266611"
4218,"顧客04218","customer04218@example.com","ST03","非アクティブ","2026-06-04 15:15:53.266611"
4219,"顧客04219","customer04219@example.com","ST02","アクティブ","2026-06-04 15:15:53.266611"
4220,"顧客04220","customer04220@example.com","ST03","非アクティブ","2026-06-04 15:15:53.266611"
4221,"顧客04221","customer04221@example.com","ST01","新規","2026-06-04 15:15:53.266611"
4222,"顧客04222","customer04222@example.com","ST02","アクティブ","2026-06-04 15:15:53.266611"
4223,"顧客04223","customer04223@example.com","ST02","アクティブ","2026-06-04 15:15:53.266611"
4224,"顧客04224","customer04224@example.com","ST04","退会","2026-06-04 15:15:53.266611"
4225,"顧客04225","customer04225@example.com","ST01","新規","2026-06-04 15:15:53.266611"
4226,"顧客04226","customer04226@example.com","ST04","退会","2026-06-04 15:15:53.266611"
4227,"顧客04227","customer04227@example.com","ST02","アクティブ","2026-06-04 15:15:53.266611"
4228,"顧客04228","customer04228@example.com","ST04","退会","2026-06-04 15:15:53.266611"
4229,"顧客04229","customer04229@example.com","ST02","アクティブ","2026-06-04 15:15:53.266611"
4230,"顧客04230","customer04230@example.com","ST02","アクティブ","2026-06-04 15:15:53.266611"
4231,"顧客04231","customer04231@example.com","ST03","非アクティブ","2026-06-04 15:15:53.266611"
4232,"顧客04232","customer04232@example.com","ST03","非アクティブ","2026-06-04 15:15:53.266611"
4233,"顧客04233","customer04233@example.com","ST03","非アクティブ","2026-06-04 15:15:53.266611"
4234,"顧客04234","customer04234@example.com","ST03","非アクティブ","2026-06-04 15:15:53.266611"
4235,"顧客04235","customer04235@example.com","ST01","新規","2026-06-04 15:15:53.266611"
4236,"顧客04236","customer04236@example.com","ST04","退会","2026-06-04 15:15:53.266611"
4237,"顧客04237","customer04237@example.com","ST04","退会","2026-06-04 15:15:53.266611"
4238,"顧客04238","customer04238@example.com","ST03","非アクティブ","2026-06-04 15:15:53.266611"
4239,"顧客04239","customer04239@example.com","ST03","非アクティブ","2026-06-04 15:15:53.266611"
4240,"顧客04240","customer04240@example.com","ST02","アクティブ","2026-06-04 15:15:53.266611"
4241,"顧客04241","customer04241@example.com","ST03","非アクティブ","2026-06-04 15:15:53.266611"
4242,"顧客04242","customer04242@example.com","ST02","アクティブ","2026-06-04 15:15:53.266611"
4243,"顧客04243","customer04243@example.com","ST03","非アクティブ","2026-06-04 15:15:53.266611"
4244,"顧客04244","customer04244@example.com","ST02","アクティブ","2026-06-04 15:15:53.266611"
4245,"顧客04245","customer04245@example.com","ST02","アクティブ","2026-06-04 15:15:53.266611"
4246,"顧客04246","customer04246@example.com","ST02","アクティブ","2026-06-04 15:15:53.266611"
4247,"顧客04247","customer04247@example.com","ST01","新規","2026-06-04 15:15:53.266611"
4248,"顧客04248","customer04248@example.com","ST01","新規","2026-06-04 15:15:53.266611"
4249,"顧客04249","customer04249@example.com","ST03","非アクティブ","2026-06-04 15:15:53.266611"
4250,"顧客04250","customer04250@example.com","ST02","アクティブ","2026-06-04 15:15:53.266611"
4251,"顧客04251","customer04251@example.com","ST04","退会","2026-06-04 15:15:53.266611"
4252,"顧客04252","customer04252@example.com","ST04","退会","2026-06-04 15:15:53.266611"
4253,"顧客04253","customer04253@example.com","ST02","アクティブ","2026-06-04 15:15:53.266611"
4254,"顧客04254","customer04254@example.com","ST03","非アクティブ","2026-06-04 15:15:53.266611"
4255,"顧客04255","customer04255@example.com","ST04","退会","2026-06-04 15:15:53.266611"
4256,"顧客04256","customer04256@example.com","ST03","非アクティブ","2026-06-04 15:15:53.266611"
4257,"顧客04257","customer04257@example.com","ST01","新規","2026-06-04 15:15:53.266611"
4258,"顧客04258","customer04258@example.com","ST01","新規","2026-06-04 15:15:53.266611"
4259,"顧客04259","customer04259@example.com","ST03","非アクティブ","2026-06-04 15:15:53.266611"
4260,"顧客04260","customer04260@example.com","ST02","アクティブ","2026-06-04 15:15:53.266611"
4261,"顧客04261","customer04261@example.com","ST04","退会","2026-06-04 15:15:53.266611"
4262,"顧客04262","customer04262@example.com","ST03","非アクティブ","2026-06-04 15:15:53.266611"
4263,"顧客04263","customer04263@example.com","ST02","アクティブ","2026-06-04 15:15:53.266611"
4264,"顧客04264","customer04264@example.com","ST01","新規","2026-06-04 15:15:53.266611"
4265,"顧客04265","customer04265@example.com","ST04","退会","2026-06-04 15:15:53.266611"
4266,"顧客04266","customer04266@example.com","ST02","アクティブ","2026-06-04 15:15:53.266611"
4267,"顧客04267","customer04267@example.com","ST02","アクティブ","2026-06-04 15:15:53.266611"
4268,"顧客04268","customer04268@example.com","ST02","アクティブ","2026-06-04 15:15:53.266611"
4269,"顧客04269","customer04269@example.com","ST03","非アクティブ","2026-06-04 15:15:53.266611"
4270,"顧客04270","customer04270@example.com","ST04","退会","2026-06-04 15:15:53.266611"
4271,"顧客04271","customer04271@example.com","ST03","非アクティブ","2026-06-04 15:15:53.266611"
4272,"顧客04272","customer04272@example.com","ST01","新規","2026-06-04 15:15:53.266611"
4273,"顧客04273","customer04273@example.com","ST01","新規","2026-06-04 15:15:53.266611"
4274,"顧客04274","customer04274@example.com","ST02","アクティブ","2026-06-04 15:15:53.266611"
4275,"顧客04275","customer04275@example.com","ST01","新規","2026-06-04 15:15:53.266611"
4276,"顧客04276","customer04276@example.com","ST04","退会","2026-06-04 15:15:53.266611"
4277,"顧客04277","customer04277@example.com","ST04","退会","2026-06-04 15:15:53.266611"
4278,"顧客04278","customer04278@example.com","ST02","アクティブ","2026-06-04 15:15:53.266611"
4279,"顧客04279","customer04279@example.com","ST02","アクティブ","2026-06-04 15:15:53.266611"
4280,"顧客04280","customer04280@example.com","ST01","新規","2026-06-04 15:15:53.266611"
4281,"顧客04281","customer04281@example.com","ST02","アクティブ","2026-06-04 15:15:53.266611"
4282,"顧客04282","customer04282@example.com","ST02","アクティブ","2026-06-04 15:15:53.266611"
4283,"顧客04283","customer04283@example.com","ST03","非アクティブ","2026-06-04 15:15:53.266611"
4284,"顧客04284","customer04284@example.com","ST03","非アクティブ","2026-06-04 15:15:53.266611"
4285,"顧客04285","customer04285@example.com","ST02","アクティブ","2026-06-04 15:15:53.266611"
4286,"顧客04286","customer04286@example.com","ST02","アクティブ","2026-06-04 15:15:53.266611"
4287,"顧客04287","customer04287@example.com","ST01","新規","2026-06-04 15:15:53.266611"
4288,"顧客04288","customer04288@example.com","ST04","退会","2026-06-04 15:15:53.266611"
4289,"顧客04289","customer04289@example.com","ST03","非アクティブ","2026-06-04 15:15:53.266611"
4290,"顧客04290","customer04290@example.com","ST03","非アクティブ","2026-06-04 15:15:53.266611"
4291,"顧客04291","customer04291@example.com","ST02","アクティブ","2026-06-04 15:15:53.266611"
4292,"顧客04292","customer04292@example.com","ST04","退会","2026-06-04 15:15:53.266611"
4293,"顧客04293","customer04293@example.com","ST03","非アクティブ","2026-06-04 15:15:53.266611"
4294,"顧客04294","customer04294@example.com","ST01","新規","2026-06-04 15:15:53.266611"
4295,"顧客04295","customer04295@example.com","ST03","非アクティブ","2026-06-04 15:15:53.266611"
4296,"顧客04296","customer04296@example.com","ST03","非アクティブ","2026-06-04 15:15:53.266611"
4297,"顧客04297","customer04297@example.com","ST01","新規","2026-06-04 15:15:53.266611"
4298,"顧客04298","customer04298@example.com","ST04","退会","2026-06-04 15:15:53.266611"
4299,"顧客04299","customer04299@example.com","ST04","退会","2026-06-04 15:15:53.266611"
4300,"顧客04300","customer04300@example.com","ST01","新規","2026-06-04 15:15:53.266611"
4301,"顧客04301","customer04301@example.com","ST01","新規","2026-06-04 15:15:53.266611"
4302,"顧客04302","customer04302@example.com","ST04","退会","2026-06-04 15:15:53.266611"
4303,"顧客04303","customer04303@example.com","ST02","アクティブ","2026-06-04 15:15:53.266611"
4304,"顧客04304","customer04304@example.com","ST03","非アクティブ","2026-06-04 15:15:53.266611"
4305,"顧客04305","customer04305@example.com","ST04","退会","2026-06-04 15:15:53.266611"
4306,"顧客04306","customer04306@example.com","ST02","アクティブ","2026-06-04 15:15:53.266611"
4307,"顧客04307","customer04307@example.com","ST02","アクティブ","2026-06-04 15:15:53.266611"
4308,"顧客04308","customer04308@example.com","ST02","アクティブ","2026-06-04 15:15:53.266611"
4309,"顧客04309","customer04309@example.com","ST04","退会","2026-06-04 15:15:53.266611"
4310,"顧客04310","customer04310@example.com","ST03","非アクティブ","2026-06-04 15:15:53.266611"
4311,"顧客04311","customer04311@example.com","ST02","アクティブ","2026-06-04 15:15:53.266611"
4312,"顧客04312","customer04312@example.com","ST04","退会","2026-06-04 15:15:53.266611"
4313,"顧客04313","customer04313@example.com","ST03","非アクティブ","2026-06-04 15:15:53.266611"
4314,"顧客04314","customer04314@example.com","ST02","アクティブ","2026-06-04 15:15:53.266611"
4315,"顧客04315","customer04315@example.com","ST02","アクティブ","2026-06-04 15:15:53.266611"
4316,"顧客04316","customer04316@example.com","ST04","退会","2026-06-04 15:15:53.266611"
4317,"顧客04317","customer04317@example.com","ST04","退会","2026-06-04 15:15:53.266611"
4318,"顧客04318","customer04318@example.com","ST01","新規","2026-06-04 15:15:53.266611"
4319,"顧客04319","customer04319@example.com","ST01","新規","2026-06-04 15:15:53.266611"
4320,"顧客04320","customer04320@example.com","ST01","新規","2026-06-04 15:15:53.266611"
4321,"顧客04321","customer04321@example.com","ST02","アクティブ","2026-06-04 15:15:53.266611"
4322,"顧客04322","customer04322@example.com","ST02","アクティブ","2026-06-04 15:15:53.266611"
4323,"顧客04323","customer04323@example.com","ST02","アクティブ","2026-06-04 15:15:53.266611"
4324,"顧客04324","customer04324@example.com","ST01","新規","2026-06-04 15:15:53.266611"
4325,"顧客04325","customer04325@example.com","ST01","新規","2026-06-04 15:15:53.266611"
4326,"顧客04326","customer04326@example.com","ST03","非アクティブ","2026-06-04 15:15:53.266611"
4327,"顧客04327","customer04327@example.com","ST03","非アクティブ","2026-06-04 15:15:53.266611"
4328,"顧客04328","customer04328@example.com","ST02","アクティブ","2026-06-04 15:15:53.266611"
4329,"顧客04329","customer04329@example.com","ST03","非アクティブ","2026-06-04 15:15:53.266611"
4330,"顧客04330","customer04330@example.com","ST02","アクティブ","2026-06-04 15:15:53.266611"
4331,"顧客04331","customer04331@example.com","ST04","退会","2026-06-04 15:15:53.266611"
4332,"顧客04332","customer04332@example.com","ST02","アクティブ","2026-06-04 15:15:53.266611"
4333,"顧客04333","customer04333@example.com","ST03","非アクティブ","2026-06-04 15:15:53.266611"
4334,"顧客04334","customer04334@example.com","ST04","退会","2026-06-04 15:15:53.266611"
4335,"顧客04335","customer04335@example.com","ST03","非アクティブ","2026-06-04 15:15:53.266611"
4336,"顧客04336","customer04336@example.com","ST03","非アクティブ","2026-06-04 15:15:53.266611"
4337,"顧客04337","customer04337@example.com","ST01","新規","2026-06-04 15:15:53.266611"
4338,"顧客04338","customer04338@example.com","ST03","非アクティブ","2026-06-04 15:15:53.266611"
4339,"顧客04339","customer04339@example.com","ST04","退会","2026-06-04 15:15:53.266611"
4340,"顧客04340","customer04340@example.com","ST02","アクティブ","2026-06-04 15:15:53.266611"
4341,"顧客04341","customer04341@example.com","ST01","新規","2026-06-04 15:15:53.266611"
4342,"顧客04342","customer04342@example.com","ST02","アクティブ","2026-06-04 15:15:53.266611"
4343,"顧客04343","customer04343@example.com","ST02","アクティブ","2026-06-04 15:15:53.266611"
4344,"顧客04344","customer04344@example.com","ST02","アクティブ","2026-06-04 15:15:53.266611"
4345,"顧客04345","customer04345@example.com","ST02","アクティブ","2026-06-04 15:15:53.266611"
4346,"顧客04346","customer04346@example.com","ST02","アクティブ","2026-06-04 15:15:53.266611"
4347,"顧客04347","customer04347@example.com","ST02","アクティブ","2026-06-04 15:15:53.266611"
4348,"顧客04348","customer04348@example.com","ST02","アクティブ","2026-06-04 15:15:53.266611"
4349,"顧客04349","customer04349@example.com","ST02","アクティブ","2026-06-04 15:15:53.266611"
4350,"顧客04350","customer04350@example.com","ST03","非アクティブ","2026-06-04 15:15:53.266611"
4351,"顧客04351","customer04351@example.com","ST03","非アクティブ","2026-06-04 15:15:53.266611"
4352,"顧客04352","customer04352@example.com","ST01","新規","2026-06-04 15:15:53.266611"
4353,"顧客04353","customer04353@example.com","ST01","新規","2026-06-04 15:15:53.266611"
4354,"顧客04354","customer04354@example.com","ST01","新規","2026-06-04 15:15:53.266611"
4355,"顧客04355","customer04355@example.com","ST01","新規","2026-06-04 15:15:53.266611"
4356,"顧客04356","customer04356@example.com","ST04","退会","2026-06-04 15:15:53.266611"
4357,"顧客04357","customer04357@example.com","ST01","新規","2026-06-04 15:15:53.266611"
4358,"顧客04358","customer04358@example.com","ST02","アクティブ","2026-06-04 15:15:53.266611"
4359,"顧客04359","customer04359@example.com","ST04","退会","2026-06-04 15:15:53.266611"
4360,"顧客04360","customer04360@example.com","ST03","非アクティブ","2026-06-04 15:15:53.266611"
4361,"顧客04361","customer04361@example.com","ST02","アクティブ","2026-06-04 15:15:53.266611"
4362,"顧客04362","customer04362@example.com","ST02","アクティブ","2026-06-04 15:15:53.266611"
4363,"顧客04363","customer04363@example.com","ST04","退会","2026-06-04 15:15:53.266611"
4364,"顧客04364","customer04364@example.com","ST03","非アクティブ","2026-06-04 15:15:53.266611"
4365,"顧客04365","customer04365@example.com","ST04","退会","2026-06-04 15:15:53.266611"
4366,"顧客04366","customer04366@example.com","ST01","新規","2026-06-04 15:15:53.266611"
4367,"顧客04367","customer04367@example.com","ST04","退会","2026-06-04 15:15:53.266611"
4368,"顧客04368","customer04368@example.com","ST02","アクティブ","2026-06-04 15:15:53.266611"
4369,"顧客04369","customer04369@example.com","ST04","退会","2026-06-04 15:15:53.266611"
4370,"顧客04370","customer04370@example.com","ST01","新規","2026-06-04 15:15:53.266611"
4371,"顧客04371","customer04371@example.com","ST01","新規","2026-06-04 15:15:53.266611"
4372,"顧客04372","customer04372@example.com","ST04","退会","2026-06-04 15:15:53.266611"
4373,"顧客04373","customer04373@example.com","ST03","非アクティブ","2026-06-04 15:15:53.266611"
4374,"顧客04374","customer04374@example.com","ST01","新規","2026-06-04 15:15:53.266611"
4375,"顧客04375","customer04375@example.com","ST03","非アクティブ","2026-06-04 15:15:53.266611"
4376,"顧客04376","customer04376@example.com","ST01","新規","2026-06-04 15:15:53.266611"
4377,"顧客04377","customer04377@example.com","ST01","新規","2026-06-04 15:15:53.266611"
4378,"顧客04378","customer04378@example.com","ST03","非アクティブ","2026-06-04 15:15:53.266611"
4379,"顧客04379","customer04379@example.com","ST03","非アクティブ","2026-06-04 15:15:53.266611"
4380,"顧客04380","customer04380@example.com","ST02","アクティブ","2026-06-04 15:15:53.266611"
4381,"顧客04381","customer04381@example.com","ST04","退会","2026-06-04 15:15:53.266611"
4382,"顧客04382","customer04382@example.com","ST04","退会","2026-06-04 15:15:53.266611"
4383,"顧客04383","customer04383@example.com","ST03","非アクティブ","2026-06-04 15:15:53.266611"
4384,"顧客04384","customer04384@example.com","ST03","非アクティブ","2026-06-04 15:15:53.266611"
4385,"顧客04385","customer04385@example.com","ST02","アクティブ","2026-06-04 15:15:53.266611"
4386,"顧客04386","customer04386@example.com","ST01","新規","2026-06-04 15:15:53.266611"
4387,"顧客04387","customer04387@example.com","ST02","アクティブ","2026-06-04 15:15:53.266611"
4388,"顧客04388","customer04388@example.com","ST04","退会","2026-06-04 15:15:53.266611"
4389,"顧客04389","customer04389@example.com","ST04","退会","2026-06-04 15:15:53.266611"
4390,"顧客04390","customer04390@example.com","ST04","退会","2026-06-04 15:15:53.266611"
4391,"顧客04391","customer04391@example.com","ST03","非アクティブ","2026-06-04 15:15:53.266611"
4392,"顧客04392","customer04392@example.com","ST02","アクティブ","2026-06-04 15:15:53.266611"
4393,"顧客04393","customer04393@example.com","ST02","アクティブ","2026-06-04 15:15:53.266611"
4394,"顧客04394","customer04394@example.com","ST01","新規","2026-06-04 15:15:53.266611"
4395,"顧客04395","customer04395@example.com","ST04","退会","2026-06-04 15:15:53.266611"
4396,"顧客04396","customer04396@example.com","ST03","非アクティブ","2026-06-04 15:15:53.266611"
4397,"顧客04397","customer04397@example.com","ST02","アクティブ","2026-06-04 15:15:53.266611"
4398,"顧客04398","customer04398@example.com","ST04","退会","2026-06-04 15:15:53.266611"
4399,"顧客04399","customer04399@example.com","ST02","アクティブ","2026-06-04 15:15:53.266611"
4400,"顧客04400","customer04400@example.com","ST01","新規","2026-06-04 15:15:53.266611"
4401,"顧客04401","customer04401@example.com","ST02","アクティブ","2026-06-04 15:15:53.266611"
4402,"顧客04402","customer04402@example.com","ST03","非アクティブ","2026-06-04 15:15:53.266611"
4403,"顧客04403","customer04403@example.com","ST04","退会","2026-06-04 15:15:53.266611"
4404,"顧客04404","customer04404@example.com","ST01","新規","2026-06-04 15:15:53.266611"
4405,"顧客04405","customer04405@example.com","ST02","アクティブ","2026-06-04 15:15:53.266611"
4406,"顧客04406","customer04406@example.com","ST02","アクティブ","2026-06-04 15:15:53.266611"
4407,"顧客04407","customer04407@example.com","ST02","アクティブ","2026-06-04 15:15:53.266611"
4408,"顧客04408","customer04408@example.com","ST04","退会","2026-06-04 15:15:53.266611"
4409,"顧客04409","customer04409@example.com","ST04","退会","2026-06-04 15:15:53.266611"
4410,"顧客04410","customer04410@example.com","ST03","非アクティブ","2026-06-04 15:15:53.266611"
4411,"顧客04411","customer04411@example.com","ST02","アクティブ","2026-06-04 15:15:53.266611"
4412,"顧客04412","customer04412@example.com","ST02","アクティブ","2026-06-04 15:15:53.266611"
4413,"顧客04413","customer04413@example.com","ST03","非アクティブ","2026-06-04 15:15:53.266611"
4414,"顧客04414","customer04414@example.com","ST04","退会","2026-06-04 15:15:53.266611"
4415,"顧客04415","customer04415@example.com","ST03","非アクティブ","2026-06-04 15:15:53.266611"
4416,"顧客04416","customer04416@example.com","ST03","非アクティブ","2026-06-04 15:15:53.266611"
4417,"顧客04417","customer04417@example.com","ST02","アクティブ","2026-06-04 15:15:53.266611"
4418,"顧客04418","customer04418@example.com","ST01","新規","2026-06-04 15:15:53.266611"
4419,"顧客04419","customer04419@example.com","ST02","アクティブ","2026-06-04 15:15:53.266611"
4420,"顧客04420","customer04420@example.com","ST01","新規","2026-06-04 15:15:53.266611"
4421,"顧客04421","customer04421@example.com","ST03","非アクティブ","2026-06-04 15:15:53.266611"
4422,"顧客04422","customer04422@example.com","ST02","アクティブ","2026-06-04 15:15:53.266611"
4423,"顧客04423","customer04423@example.com","ST02","アクティブ","2026-06-04 15:15:53.266611"
4424,"顧客04424","customer04424@example.com","ST03","非アクティブ","2026-06-04 15:15:53.266611"
4425,"顧客04425","customer04425@example.com","ST02","アクティブ","2026-06-04 15:15:53.266611"
4426,"顧客04426","customer04426@example.com","ST03","非アクティブ","2026-06-04 15:15:53.266611"
4427,"顧客04427","customer04427@example.com","ST04","退会","2026-06-04 15:15:53.266611"
4428,"顧客04428","customer04428@example.com","ST02","アクティブ","2026-06-04 15:15:53.266611"
4429,"顧客04429","customer04429@example.com","ST02","アクティブ","2026-06-04 15:15:53.266611"
4430,"顧客04430","customer04430@example.com","ST02","アクティブ","2026-06-04 15:15:53.266611"
4431,"顧客04431","customer04431@example.com","ST01","新規","2026-06-04 15:15:53.266611"
4432,"顧客04432","customer04432@example.com","ST02","アクティブ","2026-06-04 15:15:53.266611"
4433,"顧客04433","customer04433@example.com","ST02","アクティブ","2026-06-04 15:15:53.266611"
4434,"顧客04434","customer04434@example.com","ST03","非アクティブ","2026-06-04 15:15:53.266611"
4435,"顧客04435","customer04435@example.com","ST03","非アクティブ","2026-06-04 15:15:53.266611"
4436,"顧客04436","customer04436@example.com","ST02","アクティブ","2026-06-04 15:15:53.266611"
4437,"顧客04437","customer04437@example.com","ST01","新規","2026-06-04 15:15:53.266611"
4438,"顧客04438","customer04438@example.com","ST02","アクティブ","2026-06-04 15:15:53.266611"
4439,"顧客04439","customer04439@example.com","ST03","非アクティブ","2026-06-04 15:15:53.266611"
4440,"顧客04440","customer04440@example.com","ST01","新規","2026-06-04 15:15:53.266611"
4441,"顧客04441","customer04441@example.com","ST01","新規","2026-06-04 15:15:53.266611"
4442,"顧客04442","customer04442@example.com","ST03","非アクティブ","2026-06-04 15:15:53.266611"
4443,"顧客04443","customer04443@example.com","ST02","アクティブ","2026-06-04 15:15:53.266611"
4444,"顧客04444","customer04444@example.com","ST03","非アクティブ","2026-06-04 15:15:53.266611"
4445,"顧客04445","customer04445@example.com","ST01","新規","2026-06-04 15:15:53.266611"
4446,"顧客04446","customer04446@example.com","ST03","非アクティブ","2026-06-04 15:15:53.266611"
4447,"顧客04447","customer04447@example.com","ST02","アクティブ","2026-06-04 15:15:53.266611"
4448,"顧客04448","customer04448@example.com","ST04","退会","2026-06-04 15:15:53.266611"
4449,"顧客04449","customer04449@example.com","ST01","新規","2026-06-04 15:15:53.266611"
4450,"顧客04450","customer04450@example.com","ST03","非アクティブ","2026-06-04 15:15:53.266611"
4451,"顧客04451","customer04451@example.com","ST04","退会","2026-06-04 15:15:53.266611"
4452,"顧客04452","customer04452@example.com","ST02","アクティブ","2026-06-04 15:15:53.266611"
4453,"顧客04453","customer04453@example.com","ST03","非アクティブ","2026-06-04 15:15:53.266611"
4454,"顧客04454","customer04454@example.com","ST02","アクティブ","2026-06-04 15:15:53.266611"
4455,"顧客04455","customer04455@example.com","ST04","退会","2026-06-04 15:15:53.266611"
4456,"顧客04456","customer04456@example.com","ST03","非アクティブ","2026-06-04 15:15:53.266611"
4457,"顧客04457","customer04457@example.com","ST02","アクティブ","2026-06-04 15:15:53.266611"
4458,"顧客04458","customer04458@example.com","ST04","退会","2026-06-04 15:15:53.266611"
4459,"顧客04459","customer04459@example.com","ST03","非アクティブ","2026-06-04 15:15:53.266611"
4460,"顧客04460","customer04460@example.com","ST03","非アクティブ","2026-06-04 15:15:53.266611"
4461,"顧客04461","customer04461@example.com","ST03","非アクティブ","2026-06-04 15:15:53.266611"
4462,"顧客04462","customer04462@example.com","ST03","非アクティブ","2026-06-04 15:15:53.266611"
4463,"顧客04463","customer04463@example.com","ST03","非アクティブ","2026-06-04 15:15:53.266611"
4464,"顧客04464","customer04464@example.com","ST03","非アクティブ","2026-06-04 15:15:53.266611"
4465,"顧客04465","customer04465@example.com","ST04","退会","2026-06-04 15:15:53.266611"
4466,"顧客04466","customer04466@example.com","ST02","アクティブ","2026-06-04 15:15:53.266611"
4467,"顧客04467","customer04467@example.com","ST04","退会","2026-06-04 15:15:53.266611"
4468,"顧客04468","customer04468@example.com","ST02","アクティブ","2026-06-04 15:15:53.266611"
4469,"顧客04469","customer04469@example.com","ST01","新規","2026-06-04 15:15:53.266611"
4470,"顧客04470","customer04470@example.com","ST01","新規","2026-06-04 15:15:53.266611"
4471,"顧客04471","customer04471@example.com","ST02","アクティブ","2026-06-04 15:15:53.266611"
4472,"顧客04472","customer04472@example.com","ST03","非アクティブ","2026-06-04 15:15:53.266611"
4473,"顧客04473","customer04473@example.com","ST03","非アクティブ","2026-06-04 15:15:53.266611"
4474,"顧客04474","customer04474@example.com","ST03","非アクティブ","2026-06-04 15:15:53.266611"
4475,"顧客04475","customer04475@example.com","ST02","アクティブ","2026-06-04 15:15:53.266611"
4476,"顧客04476","customer04476@example.com","ST04","退会","2026-06-04 15:15:53.266611"
4477,"顧客04477","customer04477@example.com","ST02","アクティブ","2026-06-04 15:15:53.266611"
4478,"顧客04478","customer04478@example.com","ST02","アクティブ","2026-06-04 15:15:53.266611"
4479,"顧客04479","customer04479@example.com","ST02","アクティブ","2026-06-04 15:15:53.266611"
4480,"顧客04480","customer04480@example.com","ST04","退会","2026-06-04 15:15:53.266611"
4481,"顧客04481","customer04481@example.com","ST02","アクティブ","2026-06-04 15:15:53.266611"
4482,"顧客04482","customer04482@example.com","ST04","退会","2026-06-04 15:15:53.266611"
4483,"顧客04483","customer04483@example.com","ST02","アクティブ","2026-06-04 15:15:53.266611"
4484,"顧客04484","customer04484@example.com","ST02","アクティブ","2026-06-04 15:15:53.266611"
4485,"顧客04485","customer04485@example.com","ST03","非アクティブ","2026-06-04 15:15:53.266611"
4486,"顧客04486","customer04486@example.com","ST03","非アクティブ","2026-06-04 15:15:53.266611"
4487,"顧客04487","customer04487@example.com","ST03","非アクティブ","2026-06-04 15:15:53.266611"
4488,"顧客04488","customer04488@example.com","ST03","非アクティブ","2026-06-04 15:15:53.266611"
4489,"顧客04489","customer04489@example.com","ST04","退会","2026-06-04 15:15:53.266611"
4490,"顧客04490","customer04490@example.com","ST02","アクティブ","2026-06-04 15:15:53.266611"
4491,"顧客04491","customer04491@example.com","ST02","アクティブ","2026-06-04 15:15:53.266611"
4492,"顧客04492","customer04492@example.com","ST01","新規","2026-06-04 15:15:53.266611"
4493,"顧客04493","customer04493@example.com","ST03","非アクティブ","2026-06-04 15:15:53.266611"
4494,"顧客04494","customer04494@example.com","ST02","アクティブ","2026-06-04 15:15:53.266611"
4495,"顧客04495","customer04495@example.com","ST03","非アクティブ","2026-06-04 15:15:53.266611"
4496,"顧客04496","customer04496@example.com","ST01","新規","2026-06-04 15:15:53.266611"
4497,"顧客04497","customer04497@example.com","ST03","非アクティブ","2026-06-04 15:15:53.266611"
4498,"顧客04498","customer04498@example.com","ST03","非アクティブ","2026-06-04 15:15:53.266611"
4499,"顧客04499","customer04499@example.com","ST02","アクティブ","2026-06-04 15:15:53.266611"
4500,"顧客04500","customer04500@example.com","ST02","アクティブ","2026-06-04 15:15:53.266611"
4501,"顧客04501","customer04501@example.com","ST03","非アクティブ","2026-06-04 15:15:53.266611"
4502,"顧客04502","customer04502@example.com","ST03","非アクティブ","2026-06-04 15:15:53.266611"
4503,"顧客04503","customer04503@example.com","ST02","アクティブ","2026-06-04 15:15:53.266611"
4504,"顧客04504","customer04504@example.com","ST02","アクティブ","2026-06-04 15:15:53.266611"
4505,"顧客04505","customer04505@example.com","ST04","退会","2026-06-04 15:15:53.266611"
4506,"顧客04506","customer04506@example.com","ST04","退会","2026-06-04 15:15:53.266611"
4507,"顧客04507","customer04507@example.com","ST03","非アクティブ","2026-06-04 15:15:53.266611"
4508,"顧客04508","customer04508@example.com","ST01","新規","2026-06-04 15:15:53.266611"
4509,"顧客04509","customer04509@example.com","ST01","新規","2026-06-04 15:15:53.266611"
4510,"顧客04510","customer04510@example.com","ST03","非アクティブ","2026-06-04 15:15:53.266611"
4511,"顧客04511","customer04511@example.com","ST03","非アクティブ","2026-06-04 15:15:53.266611"
4512,"顧客04512","customer04512@example.com","ST03","非アクティブ","2026-06-04 15:15:53.266611"
4513,"顧客04513","customer04513@example.com","ST02","アクティブ","2026-06-04 15:15:53.266611"
4514,"顧客04514","customer04514@example.com","ST02","アクティブ","2026-06-04 15:15:53.266611"
4515,"顧客04515","customer04515@example.com","ST02","アクティブ","2026-06-04 15:15:53.266611"
4516,"顧客04516","customer04516@example.com","ST02","アクティブ","2026-06-04 15:15:53.266611"
4517,"顧客04517","customer04517@example.com","ST04","退会","2026-06-04 15:15:53.266611"
4518,"顧客04518","customer04518@example.com","ST04","退会","2026-06-04 15:15:53.266611"
4519,"顧客04519","customer04519@example.com","ST03","非アクティブ","2026-06-04 15:15:53.266611"
4520,"顧客04520","customer04520@example.com","ST01","新規","2026-06-04 15:15:53.266611"
4521,"顧客04521","customer04521@example.com","ST01","新規","2026-06-04 15:15:53.266611"
4522,"顧客04522","customer04522@example.com","ST04","退会","2026-06-04 15:15:53.266611"
4523,"顧客04523","customer04523@example.com","ST01","新規","2026-06-04 15:15:53.266611"
4524,"顧客04524","customer04524@example.com","ST03","非アクティブ","2026-06-04 15:15:53.266611"
4525,"顧客04525","customer04525@example.com","ST01","新規","2026-06-04 15:15:53.266611"
4526,"顧客04526","customer04526@example.com","ST03","非アクティブ","2026-06-04 15:15:53.266611"
4527,"顧客04527","customer04527@example.com","ST02","アクティブ","2026-06-04 15:15:53.266611"
4528,"顧客04528","customer04528@example.com","ST03","非アクティブ","2026-06-04 15:15:53.266611"
4529,"顧客04529","customer04529@example.com","ST01","新規","2026-06-04 15:15:53.266611"
4530,"顧客04530","customer04530@example.com","ST03","非アクティブ","2026-06-04 15:15:53.266611"
4531,"顧客04531","customer04531@example.com","ST02","アクティブ","2026-06-04 15:15:53.266611"
4532,"顧客04532","customer04532@example.com","ST04","退会","2026-06-04 15:15:53.266611"
4533,"顧客04533","customer04533@example.com","ST01","新規","2026-06-04 15:15:53.266611"
4534,"顧客04534","customer04534@example.com","ST03","非アクティブ","2026-06-04 15:15:53.266611"
4535,"顧客04535","customer04535@example.com","ST02","アクティブ","2026-06-04 15:15:53.266611"
4536,"顧客04536","customer04536@example.com","ST01","新規","2026-06-04 15:15:53.266611"
4537,"顧客04537","customer04537@example.com","ST04","退会","2026-06-04 15:15:53.266611"
4538,"顧客04538","customer04538@example.com","ST03","非アクティブ","2026-06-04 15:15:53.266611"
4539,"顧客04539","customer04539@example.com","ST04","退会","2026-06-04 15:15:53.266611"
4540,"顧客04540","customer04540@example.com","ST02","アクティブ","2026-06-04 15:15:53.266611"
4541,"顧客04541","customer04541@example.com","ST02","アクティブ","2026-06-04 15:15:53.266611"
4542,"顧客04542","customer04542@example.com","ST04","退会","2026-06-04 15:15:53.266611"
4543,"顧客04543","customer04543@example.com","ST01","新規","2026-06-04 15:15:53.266611"
4544,"顧客04544","customer04544@example.com","ST02","アクティブ","2026-06-04 15:15:53.266611"
4545,"顧客04545","customer04545@example.com","ST03","非アクティブ","2026-06-04 15:15:53.266611"
4546,"顧客04546","customer04546@example.com","ST02","アクティブ","2026-06-04 15:15:53.266611"
4547,"顧客04547","customer04547@example.com","ST01","新規","2026-06-04 15:15:53.266611"
4548,"顧客04548","customer04548@example.com","ST04","退会","2026-06-04 15:15:53.266611"
4549,"顧客04549","customer04549@example.com","ST03","非アクティブ","2026-06-04 15:15:53.266611"
4550,"顧客04550","customer04550@example.com","ST03","非アクティブ","2026-06-04 15:15:53.266611"
4551,"顧客04551","customer04551@example.com","ST03","非アクティブ","2026-06-04 15:15:53.266611"
4552,"顧客04552","customer04552@example.com","ST04","退会","2026-06-04 15:15:53.266611"
4553,"顧客04553","customer04553@example.com","ST04","退会","2026-06-04 15:15:53.266611"
4554,"顧客04554","customer04554@example.com","ST03","非アクティブ","2026-06-04 15:15:53.266611"
4555,"顧客04555","customer04555@example.com","ST01","新規","2026-06-04 15:15:53.266611"
4556,"顧客04556","customer04556@example.com","ST01","新規","2026-06-04 15:15:53.266611"
4557,"顧客04557","customer04557@example.com","ST04","退会","2026-06-04 15:15:53.266611"
4558,"顧客04558","customer04558@example.com","ST02","アクティブ","2026-06-04 15:15:53.266611"
4559,"顧客04559","customer04559@example.com","ST04","退会","2026-06-04 15:15:53.266611"
4560,"顧客04560","customer04560@example.com","ST03","非アクティブ","2026-06-04 15:15:53.266611"
4561,"顧客04561","customer04561@example.com","ST01","新規","2026-06-04 15:15:53.266611"
4562,"顧客04562","customer04562@example.com","ST04","退会","2026-06-04 15:15:53.266611"
4563,"顧客04563","customer04563@example.com","ST01","新規","2026-06-04 15:15:53.266611"
4564,"顧客04564","customer04564@example.com","ST03","非アクティブ","2026-06-04 15:15:53.266611"
4565,"顧客04565","customer04565@example.com","ST02","アクティブ","2026-06-04 15:15:53.266611"
4566,"顧客04566","customer04566@example.com","ST01","新規","2026-06-04 15:15:53.266611"
4567,"顧客04567","customer04567@example.com","ST03","非アクティブ","2026-06-04 15:15:53.266611"
4568,"顧客04568","customer04568@example.com","ST02","アクティブ","2026-06-04 15:15:53.266611"
4569,"顧客04569","customer04569@example.com","ST03","非アクティブ","2026-06-04 15:15:53.266611"
4570,"顧客04570","customer04570@example.com","ST02","アクティブ","2026-06-04 15:15:53.266611"
4571,"顧客04571","customer04571@example.com","ST02","アクティブ","2026-06-04 15:15:53.266611"
4572,"顧客04572","customer04572@example.com","ST02","アクティブ","2026-06-04 15:15:53.266611"
4573,"顧客04573","customer04573@example.com","ST03","非アクティブ","2026-06-04 15:15:53.266611"
4574,"顧客04574","customer04574@example.com","ST02","アクティブ","2026-06-04 15:15:53.266611"
4575,"顧客04575","customer04575@example.com","ST01","新規","2026-06-04 15:15:53.266611"
4576,"顧客04576","customer04576@example.com","ST02","アクティブ","2026-06-04 15:15:53.266611"
4577,"顧客04577","customer04577@example.com","ST02","アクティブ","2026-06-04 15:15:53.266611"
4578,"顧客04578","customer04578@example.com","ST04","退会","2026-06-04 15:15:53.266611"
4579,"顧客04579","customer04579@example.com","ST03","非アクティブ","2026-06-04 15:15:53.266611"
4580,"顧客04580","customer04580@example.com","ST01","新規","2026-06-04 15:15:53.266611"
4581,"顧客04581","customer04581@example.com","ST03","非アクティブ","2026-06-04 15:15:53.266611"
4582,"顧客04582","customer04582@example.com","ST02","アクティブ","2026-06-04 15:15:53.266611"
4583,"顧客04583","customer04583@example.com","ST04","退会","2026-06-04 15:15:53.266611"
4584,"顧客04584","customer04584@example.com","ST03","非アクティブ","2026-06-04 15:15:53.266611"
4585,"顧客04585","customer04585@example.com","ST02","アクティブ","2026-06-04 15:15:53.266611"
4586,"顧客04586","customer04586@example.com","ST02","アクティブ","2026-06-04 15:15:53.266611"
4587,"顧客04587","customer04587@example.com","ST02","アクティブ","2026-06-04 15:15:53.266611"
4588,"顧客04588","customer04588@example.com","ST02","アクティブ","2026-06-04 15:15:53.266611"
4589,"顧客04589","customer04589@example.com","ST01","新規","2026-06-04 15:15:53.266611"
4590,"顧客04590","customer04590@example.com","ST01","新規","2026-06-04 15:15:53.266611"
4591,"顧客04591","customer04591@example.com","ST03","非アクティブ","2026-06-04 15:15:53.266611"
4592,"顧客04592","customer04592@example.com","ST03","非アクティブ","2026-06-04 15:15:53.266611"
4593,"顧客04593","customer04593@example.com","ST02","アクティブ","2026-06-04 15:15:53.266611"
4594,"顧客04594","customer04594@example.com","ST04","退会","2026-06-04 15:15:53.266611"
4595,"顧客04595","customer04595@example.com","ST02","アクティブ","2026-06-04 15:15:53.266611"
4596,"顧客04596","customer04596@example.com","ST03","非アクティブ","2026-06-04 15:15:53.266611"
4597,"顧客04597","customer04597@example.com","ST03","非アクティブ","2026-06-04 15:15:53.266611"
4598,"顧客04598","customer04598@example.com","ST04","退会","2026-06-04 15:15:53.266611"
4599,"顧客04599","customer04599@example.com","ST03","非アクティブ","2026-06-04 15:15:53.266611"
4600,"顧客04600","customer04600@example.com","ST04","退会","2026-06-04 15:15:53.266611"
4601,"顧客04601","customer04601@example.com","ST01","新規","2026-06-04 15:15:53.266611"
4602,"顧客04602","customer04602@example.com","ST04","退会","2026-06-04 15:15:53.266611"
4603,"顧客04603","customer04603@example.com","ST02","アクティブ","2026-06-04 15:15:53.266611"
4604,"顧客04604","customer04604@example.com","ST02","アクティブ","2026-06-04 15:15:53.266611"
4605,"顧客04605","customer04605@example.com","ST02","アクティブ","2026-06-04 15:15:53.266611"
4606,"顧客04606","customer04606@example.com","ST02","アクティブ","2026-06-04 15:15:53.266611"
4607,"顧客04607","customer04607@example.com","ST04","退会","2026-06-04 15:15:53.266611"
4608,"顧客04608","customer04608@example.com","ST01","新規","2026-06-04 15:15:53.266611"
4609,"顧客04609","customer04609@example.com","ST04","退会","2026-06-04 15:15:53.266611"
4610,"顧客04610","customer04610@example.com","ST04","退会","2026-06-04 15:15:53.266611"
4611,"顧客04611","customer04611@example.com","ST02","アクティブ","2026-06-04 15:15:53.266611"
4612,"顧客04612","customer04612@example.com","ST04","退会","2026-06-04 15:15:53.266611"
4613,"顧客04613","customer04613@example.com","ST03","非アクティブ","2026-06-04 15:15:53.266611"
4614,"顧客04614","customer04614@example.com","ST04","退会","2026-06-04 15:15:53.266611"
4615,"顧客04615","customer04615@example.com","ST02","アクティブ","2026-06-04 15:15:53.266611"
4616,"顧客04616","customer04616@example.com","ST02","アクティブ","2026-06-04 15:15:53.266611"
4617,"顧客04617","customer04617@example.com","ST01","新規","2026-06-04 15:15:53.266611"
4618,"顧客04618","customer04618@example.com","ST03","非アクティブ","2026-06-04 15:15:53.266611"
4619,"顧客04619","customer04619@example.com","ST04","退会","2026-06-04 15:15:53.266611"
4620,"顧客04620","customer04620@example.com","ST01","新規","2026-06-04 15:15:53.266611"
4621,"顧客04621","customer04621@example.com","ST02","アクティブ","2026-06-04 15:15:53.266611"
4622,"顧客04622","customer04622@example.com","ST02","アクティブ","2026-06-04 15:15:53.266611"
4623,"顧客04623","customer04623@example.com","ST04","退会","2026-06-04 15:15:53.266611"
4624,"顧客04624","customer04624@example.com","ST02","アクティブ","2026-06-04 15:15:53.266611"
4625,"顧客04625","customer04625@example.com","ST04","退会","2026-06-04 15:15:53.266611"
4626,"顧客04626","customer04626@example.com","ST03","非アクティブ","2026-06-04 15:15:53.266611"
4627,"顧客04627","customer04627@example.com","ST01","新規","2026-06-04 15:15:53.266611"
4628,"顧客04628","customer04628@example.com","ST04","退会","2026-06-04 15:15:53.266611"
4629,"顧客04629","customer04629@example.com","ST04","退会","2026-06-04 15:15:53.266611"
4630,"顧客04630","customer04630@example.com","ST01","新規","2026-06-04 15:15:53.266611"
4631,"顧客04631","customer04631@example.com","ST03","非アクティブ","2026-06-04 15:15:53.266611"
4632,"顧客04632","customer04632@example.com","ST02","アクティブ","2026-06-04 15:15:53.266611"
4633,"顧客04633","customer04633@example.com","ST04","退会","2026-06-04 15:15:53.266611"
4634,"顧客04634","customer04634@example.com","ST04","退会","2026-06-04 15:15:53.266611"
4635,"顧客04635","customer04635@example.com","ST03","非アクティブ","2026-06-04 15:15:53.266611"
4636,"顧客04636","customer04636@example.com","ST01","新規","2026-06-04 15:15:53.266611"
4637,"顧客04637","customer04637@example.com","ST03","非アクティブ","2026-06-04 15:15:53.266611"
4638,"顧客04638","customer04638@example.com","ST02","アクティブ","2026-06-04 15:15:53.266611"
4639,"顧客04639","customer04639@example.com","ST02","アクティブ","2026-06-04 15:15:53.266611"
4640,"顧客04640","customer04640@example.com","ST03","非アクティブ","2026-06-04 15:15:53.266611"
4641,"顧客04641","customer04641@example.com","ST04","退会","2026-06-04 15:15:53.266611"
4642,"顧客04642","customer04642@example.com","ST01","新規","2026-06-04 15:15:53.266611"
4643,"顧客04643","customer04643@example.com","ST01","新規","2026-06-04 15:15:53.266611"
4644,"顧客04644","customer04644@example.com","ST03","非アクティブ","2026-06-04 15:15:53.266611"
4645,"顧客04645","customer04645@example.com","ST02","アクティブ","2026-06-04 15:15:53.266611"
4646,"顧客04646","customer04646@example.com","ST02","アクティブ","2026-06-04 15:15:53.266611"
4647,"顧客04647","customer04647@example.com","ST03","非アクティブ","2026-06-04 15:15:53.266611"
4648,"顧客04648","customer04648@example.com","ST01","新規","2026-06-04 15:15:53.266611"
4649,"顧客04649","customer04649@example.com","ST03","非アクティブ","2026-06-04 15:15:53.266611"
4650,"顧客04650","customer04650@example.com","ST03","非アクティブ","2026-06-04 15:15:53.266611"
4651,"顧客04651","customer04651@example.com","ST01","新規","2026-06-04 15:15:53.266611"
4652,"顧客04652","customer04652@example.com","ST04","退会","2026-06-04 15:15:53.266611"
4653,"顧客04653","customer04653@example.com","ST03","非アクティブ","2026-06-04 15:15:53.266611"
4654,"顧客04654","customer04654@example.com","ST04","退会","2026-06-04 15:15:53.266611"
4655,"顧客04655","customer04655@example.com","ST04","退会","2026-06-04 15:15:53.266611"
4656,"顧客04656","customer04656@example.com","ST02","アクティブ","2026-06-04 15:15:53.266611"
4657,"顧客04657","customer04657@example.com","ST03","非アクティブ","2026-06-04 15:15:53.266611"
4658,"顧客04658","customer04658@example.com","ST01","新規","2026-06-04 15:15:53.266611"
4659,"顧客04659","customer04659@example.com","ST04","退会","2026-06-04 15:15:53.266611"
4660,"顧客04660","customer04660@example.com","ST02","アクティブ","2026-06-04 15:15:53.266611"
4661,"顧客04661","customer04661@example.com","ST02","アクティブ","2026-06-04 15:15:53.266611"
4662,"顧客04662","customer04662@example.com","ST01","新規","2026-06-04 15:15:53.266611"
4663,"顧客04663","customer04663@example.com","ST03","非アクティブ","2026-06-04 15:15:53.266611"
4664,"顧客04664","customer04664@example.com","ST02","アクティブ","2026-06-04 15:15:53.266611"
4665,"顧客04665","customer04665@example.com","ST02","アクティブ","2026-06-04 15:15:53.266611"
4666,"顧客04666","customer04666@example.com","ST04","退会","2026-06-04 15:15:53.266611"
4667,"顧客04667","customer04667@example.com","ST03","非アクティブ","2026-06-04 15:15:53.266611"
4668,"顧客04668","customer04668@example.com","ST02","アクティブ","2026-06-04 15:15:53.266611"
4669,"顧客04669","customer04669@example.com","ST04","退会","2026-06-04 15:15:53.266611"
4670,"顧客04670","customer04670@example.com","ST02","アクティブ","2026-06-04 15:15:53.266611"
4671,"顧客04671","customer04671@example.com","ST03","非アクティブ","2026-06-04 15:15:53.266611"
4672,"顧客04672","customer04672@example.com","ST04","退会","2026-06-04 15:15:53.266611"
4673,"顧客04673","customer04673@example.com","ST01","新規","2026-06-04 15:15:53.266611"
4674,"顧客04674","customer04674@example.com","ST01","新規","2026-06-04 15:15:53.266611"
4675,"顧客04675","customer04675@example.com","ST02","アクティブ","2026-06-04 15:15:53.266611"
4676,"顧客04676","customer04676@example.com","ST01","新規","2026-06-04 15:15:53.266611"
4677,"顧客04677","customer04677@example.com","ST01","新規","2026-06-04 15:15:53.266611"
4678,"顧客04678","customer04678@example.com","ST01","新規","2026-06-04 15:15:53.266611"
4679,"顧客04679","customer04679@example.com","ST01","新規","2026-06-04 15:15:53.266611"
4680,"顧客04680","customer04680@example.com","ST04","退会","2026-06-04 15:15:53.266611"
4681,"顧客04681","customer04681@example.com","ST01","新規","2026-06-04 15:15:53.266611"
4682,"顧客04682","customer04682@example.com","ST03","非アクティブ","2026-06-04 15:15:53.266611"
4683,"顧客04683","customer04683@example.com","ST04","退会","2026-06-04 15:15:53.266611"
4684,"顧客04684","customer04684@example.com","ST02","アクティブ","2026-06-04 15:15:53.266611"
4685,"顧客04685","customer04685@example.com","ST04","退会","2026-06-04 15:15:53.266611"
4686,"顧客04686","customer04686@example.com","ST02","アクティブ","2026-06-04 15:15:53.266611"
4687,"顧客04687","customer04687@example.com","ST02","アクティブ","2026-06-04 15:15:53.266611"
4688,"顧客04688","customer04688@example.com","ST02","アクティブ","2026-06-04 15:15:53.266611"
4689,"顧客04689","customer04689@example.com","ST03","非アクティブ","2026-06-04 15:15:53.266611"
4690,"顧客04690","customer04690@example.com","ST02","アクティブ","2026-06-04 15:15:53.266611"
4691,"顧客04691","customer04691@example.com","ST04","退会","2026-06-04 15:15:53.266611"
4692,"顧客04692","customer04692@example.com","ST04","退会","2026-06-04 15:15:53.266611"
4693,"顧客04693","customer04693@example.com","ST02","アクティブ","2026-06-04 15:15:53.266611"
4694,"顧客04694","customer04694@example.com","ST01","新規","2026-06-04 15:15:53.266611"
4695,"顧客04695","customer04695@example.com","ST03","非アクティブ","2026-06-04 15:15:53.266611"
4696,"顧客04696","customer04696@example.com","ST01","新規","2026-06-04 15:15:53.266611"
4697,"顧客04697","customer04697@example.com","ST01","新規","2026-06-04 15:15:53.266611"
4698,"顧客04698","customer04698@example.com","ST02","アクティブ","2026-06-04 15:15:53.266611"
4699,"顧客04699","customer04699@example.com","ST02","アクティブ","2026-06-04 15:15:53.266611"
4700,"顧客04700","customer04700@example.com","ST04","退会","2026-06-04 15:15:53.266611"
4701,"顧客04701","customer04701@example.com","ST03","非アクティブ","2026-06-04 15:15:53.266611"
4702,"顧客04702","customer04702@example.com","ST01","新規","2026-06-04 15:15:53.266611"
4703,"顧客04703","customer04703@example.com","ST02","アクティブ","2026-06-04 15:15:53.266611"
4704,"顧客04704","customer04704@example.com","ST01","新規","2026-06-04 15:15:53.266611"
4705,"顧客04705","customer04705@example.com","ST02","アクティブ","2026-06-04 15:15:53.266611"
4706,"顧客04706","customer04706@example.com","ST04","退会","2026-06-04 15:15:53.266611"
4707,"顧客04707","customer04707@example.com","ST02","アクティブ","2026-06-04 15:15:53.266611"
4708,"顧客04708","customer04708@example.com","ST02","アクティブ","2026-06-04 15:15:53.266611"
4709,"顧客04709","customer04709@example.com","ST02","アクティブ","2026-06-04 15:15:53.266611"
4710,"顧客04710","customer04710@example.com","ST04","退会","2026-06-04 15:15:53.266611"
4711,"顧客04711","customer04711@example.com","ST02","アクティブ","2026-06-04 15:15:53.266611"
4712,"顧客04712","customer04712@example.com","ST02","アクティブ","2026-06-04 15:15:53.266611"
4713,"顧客04713","customer04713@example.com","ST01","新規","2026-06-04 15:15:53.266611"
4714,"顧客04714","customer04714@example.com","ST04","退会","2026-06-04 15:15:53.266611"
4715,"顧客04715","customer04715@example.com","ST04","退会","2026-06-04 15:15:53.266611"
4716,"顧客04716","customer04716@example.com","ST04","退会","2026-06-04 15:15:53.266611"
4717,"顧客04717","customer04717@example.com","ST04","退会","2026-06-04 15:15:53.266611"
4718,"顧客04718","customer04718@example.com","ST02","アクティブ","2026-06-04 15:15:53.266611"
4719,"顧客04719","customer04719@example.com","ST02","アクティブ","2026-06-04 15:15:53.266611"
4720,"顧客04720","customer04720@example.com","ST02","アクティブ","2026-06-04 15:15:53.266611"
4721,"顧客04721","customer04721@example.com","ST03","非アクティブ","2026-06-04 15:15:53.266611"
4722,"顧客04722","customer04722@example.com","ST04","退会","2026-06-04 15:15:53.266611"
4723,"顧客04723","customer04723@example.com","ST02","アクティブ","2026-06-04 15:15:53.266611"
4724,"顧客04724","customer04724@example.com","ST03","非アクティブ","2026-06-04 15:15:53.266611"
4725,"顧客04725","customer04725@example.com","ST03","非アクティブ","2026-06-04 15:15:53.266611"
4726,"顧客04726","customer04726@example.com","ST02","アクティブ","2026-06-04 15:15:53.266611"
4727,"顧客04727","customer04727@example.com","ST03","非アクティブ","2026-06-04 15:15:53.266611"
4728,"顧客04728","customer04728@example.com","ST02","アクティブ","2026-06-04 15:15:53.266611"
4729,"顧客04729","customer04729@example.com","ST04","退会","2026-06-04 15:15:53.266611"
4730,"顧客04730","customer04730@example.com","ST03","非アクティブ","2026-06-04 15:15:53.266611"
4731,"顧客04731","customer04731@example.com","ST03","非アクティブ","2026-06-04 15:15:53.266611"
4732,"顧客04732","customer04732@example.com","ST02","アクティブ","2026-06-04 15:15:53.266611"
4733,"顧客04733","customer04733@example.com","ST03","非アクティブ","2026-06-04 15:15:53.266611"
4734,"顧客04734","customer04734@example.com","ST02","アクティブ","2026-06-04 15:15:53.266611"
4735,"顧客04735","customer04735@example.com","ST02","アクティブ","2026-06-04 15:15:53.266611"
4736,"顧客04736","customer04736@example.com","ST03","非アクティブ","2026-06-04 15:15:53.266611"
4737,"顧客04737","customer04737@example.com","ST01","新規","2026-06-04 15:15:53.266611"
4738,"顧客04738","customer04738@example.com","ST01","新規","2026-06-04 15:15:53.266611"
4739,"顧客04739","customer04739@example.com","ST03","非アクティブ","2026-06-04 15:15:53.266611"
4740,"顧客04740","customer04740@example.com","ST03","非アクティブ","2026-06-04 15:15:53.266611"
4741,"顧客04741","customer04741@example.com","ST04","退会","2026-06-04 15:15:53.266611"
4742,"顧客04742","customer04742@example.com","ST01","新規","2026-06-04 15:15:53.266611"
4743,"顧客04743","customer04743@example.com","ST03","非アクティブ","2026-06-04 15:15:53.266611"
4744,"顧客04744","customer04744@example.com","ST03","非アクティブ","2026-06-04 15:15:53.266611"
4745,"顧客04745","customer04745@example.com","ST01","新規","2026-06-04 15:15:53.266611"
4746,"顧客04746","customer04746@example.com","ST04","退会","2026-06-04 15:15:53.266611"
4747,"顧客04747","customer04747@example.com","ST02","アクティブ","2026-06-04 15:15:53.266611"
4748,"顧客04748","customer04748@example.com","ST01","新規","2026-06-04 15:15:53.266611"
4749,"顧客04749","customer04749@example.com","ST03","非アクティブ","2026-06-04 15:15:53.266611"
4750,"顧客04750","customer04750@example.com","ST02","アクティブ","2026-06-04 15:15:53.266611"
4751,"顧客04751","customer04751@example.com","ST01","新規","2026-06-04 15:15:53.266611"
4752,"顧客04752","customer04752@example.com","ST01","新規","2026-06-04 15:15:53.266611"
4753,"顧客04753","customer04753@example.com","ST02","アクティブ","2026-06-04 15:15:53.266611"
4754,"顧客04754","customer04754@example.com","ST03","非アクティブ","2026-06-04 15:15:53.266611"
4755,"顧客04755","customer04755@example.com","ST02","アクティブ","2026-06-04 15:15:53.266611"
4756,"顧客04756","customer04756@example.com","ST01","新規","2026-06-04 15:15:53.266611"
4757,"顧客04757","customer04757@example.com","ST01","新規","2026-06-04 15:15:53.266611"
4758,"顧客04758","customer04758@example.com","ST03","非アクティブ","2026-06-04 15:15:53.266611"
4759,"顧客04759","customer04759@example.com","ST03","非アクティブ","2026-06-04 15:15:53.266611"
4760,"顧客04760","customer04760@example.com","ST02","アクティブ","2026-06-04 15:15:53.266611"
4761,"顧客04761","customer04761@example.com","ST02","アクティブ","2026-06-04 15:15:53.266611"
4762,"顧客04762","customer04762@example.com","ST01","新規","2026-06-04 15:15:53.266611"
4763,"顧客04763","customer04763@example.com","ST02","アクティブ","2026-06-04 15:15:53.266611"
4764,"顧客04764","customer04764@example.com","ST04","退会","2026-06-04 15:15:53.266611"
4765,"顧客04765","customer04765@example.com","ST02","アクティブ","2026-06-04 15:15:53.266611"
4766,"顧客04766","customer04766@example.com","ST03","非アクティブ","2026-06-04 15:15:53.266611"
4767,"顧客04767","customer04767@example.com","ST02","アクティブ","2026-06-04 15:15:53.266611"
4768,"顧客04768","customer04768@example.com","ST03","非アクティブ","2026-06-04 15:15:53.266611"
4769,"顧客04769","customer04769@example.com","ST04","退会","2026-06-04 15:15:53.266611"
4770,"顧客04770","customer04770@example.com","ST04","退会","2026-06-04 15:15:53.266611"
4771,"顧客04771","customer04771@example.com","ST03","非アクティブ","2026-06-04 15:15:53.266611"
4772,"顧客04772","customer04772@example.com","ST03","非アクティブ","2026-06-04 15:15:53.266611"
4773,"顧客04773","customer04773@example.com","ST03","非アクティブ","2026-06-04 15:15:53.266611"
4774,"顧客04774","customer04774@example.com","ST02","アクティブ","2026-06-04 15:15:53.266611"
4775,"顧客04775","customer04775@example.com","ST03","非アクティブ","2026-06-04 15:15:53.266611"
4776,"顧客04776","customer04776@example.com","ST02","アクティブ","2026-06-04 15:15:53.266611"
4777,"顧客04777","customer04777@example.com","ST01","新規","2026-06-04 15:15:53.266611"
4778,"顧客04778","customer04778@example.com","ST01","新規","2026-06-04 15:15:53.266611"
4779,"顧客04779","customer04779@example.com","ST04","退会","2026-06-04 15:15:53.266611"
4780,"顧客04780","customer04780@example.com","ST04","退会","2026-06-04 15:15:53.266611"
4781,"顧客04781","customer04781@example.com","ST02","アクティブ","2026-06-04 15:15:53.266611"
4782,"顧客04782","customer04782@example.com","ST01","新規","2026-06-04 15:15:53.266611"
4783,"顧客04783","customer04783@example.com","ST02","アクティブ","2026-06-04 15:15:53.266611"
4784,"顧客04784","customer04784@example.com","ST04","退会","2026-06-04 15:15:53.266611"
4785,"顧客04785","customer04785@example.com","ST01","新規","2026-06-04 15:15:53.266611"
4786,"顧客04786","customer04786@example.com","ST04","退会","2026-06-04 15:15:53.266611"
4787,"顧客04787","customer04787@example.com","ST03","非アクティブ","2026-06-04 15:15:53.266611"
4788,"顧客04788","customer04788@example.com","ST04","退会","2026-06-04 15:15:53.266611"
4789,"顧客04789","customer04789@example.com","ST03","非アクティブ","2026-06-04 15:15:53.266611"
4790,"顧客04790","customer04790@example.com","ST03","非アクティブ","2026-06-04 15:15:53.266611"
4791,"顧客04791","customer04791@example.com","ST02","アクティブ","2026-06-04 15:15:53.266611"
4792,"顧客04792","customer04792@example.com","ST03","非アクティブ","2026-06-04 15:15:53.266611"
4793,"顧客04793","customer04793@example.com","ST01","新規","2026-06-04 15:15:53.266611"
4794,"顧客04794","customer04794@example.com","ST01","新規","2026-06-04 15:15:53.266611"
4795,"顧客04795","customer04795@example.com","ST03","非アクティブ","2026-06-04 15:15:53.266611"
4796,"顧客04796","customer04796@example.com","ST02","アクティブ","2026-06-04 15:15:53.266611"
4797,"顧客04797","customer04797@example.com","ST03","非アクティブ","2026-06-04 15:15:53.266611"
4798,"顧客04798","customer04798@example.com","ST03","非アクティブ","2026-06-04 15:15:53.266611"
4799,"顧客04799","customer04799@example.com","ST02","アクティブ","2026-06-04 15:15:53.266611"
4800,"顧客04800","customer04800@example.com","ST02","アクティブ","2026-06-04 15:15:53.266611"
4801,"顧客04801","customer04801@example.com","ST02","アクティブ","2026-06-04 15:15:53.266611"
4802,"顧客04802","customer04802@example.com","ST03","非アクティブ","2026-06-04 15:15:53.266611"
4803,"顧客04803","customer04803@example.com","ST03","非アクティブ","2026-06-04 15:15:53.266611"
4804,"顧客04804","customer04804@example.com","ST02","アクティブ","2026-06-04 15:15:53.266611"
4805,"顧客04805","customer04805@example.com","ST04","退会","2026-06-04 15:15:53.266611"
4806,"顧客04806","customer04806@example.com","ST02","アクティブ","2026-06-04 15:15:53.266611"
4807,"顧客04807","customer04807@example.com","ST01","新規","2026-06-04 15:15:53.266611"
4808,"顧客04808","customer04808@example.com","ST02","アクティブ","2026-06-04 15:15:53.266611"
4809,"顧客04809","customer04809@example.com","ST03","非アクティブ","2026-06-04 15:15:53.266611"
4810,"顧客04810","customer04810@example.com","ST01","新規","2026-06-04 15:15:53.266611"
4811,"顧客04811","customer04811@example.com","ST04","退会","2026-06-04 15:15:53.266611"
4812,"顧客04812","customer04812@example.com","ST02","アクティブ","2026-06-04 15:15:53.266611"
4813,"顧客04813","customer04813@example.com","ST04","退会","2026-06-04 15:15:53.266611"
4814,"顧客04814","customer04814@example.com","ST02","アクティブ","2026-06-04 15:15:53.266611"
4815,"顧客04815","customer04815@example.com","ST04","退会","2026-06-04 15:15:53.266611"
4816,"顧客04816","customer04816@example.com","ST03","非アクティブ","2026-06-04 15:15:53.266611"
4817,"顧客04817","customer04817@example.com","ST03","非アクティブ","2026-06-04 15:15:53.266611"
4818,"顧客04818","customer04818@example.com","ST02","アクティブ","2026-06-04 15:15:53.266611"
4819,"顧客04819","customer04819@example.com","ST04","退会","2026-06-04 15:15:53.266611"
4820,"顧客04820","customer04820@example.com","ST02","アクティブ","2026-06-04 15:15:53.266611"
4821,"顧客04821","customer04821@example.com","ST02","アクティブ","2026-06-04 15:15:53.266611"
4822,"顧客04822","customer04822@example.com","ST02","アクティブ","2026-06-04 15:15:53.266611"
4823,"顧客04823","customer04823@example.com","ST03","非アクティブ","2026-06-04 15:15:53.266611"
4824,"顧客04824","customer04824@example.com","ST03","非アクティブ","2026-06-04 15:15:53.266611"
4825,"顧客04825","customer04825@example.com","ST01","新規","2026-06-04 15:15:53.266611"
4826,"顧客04826","customer04826@example.com","ST03","非アクティブ","2026-06-04 15:15:53.266611"
4827,"顧客04827","customer04827@example.com","ST01","新規","2026-06-04 15:15:53.266611"
4828,"顧客04828","customer04828@example.com","ST04","退会","2026-06-04 15:15:53.266611"
4829,"顧客04829","customer04829@example.com","ST01","新規","2026-06-04 15:15:53.266611"
4830,"顧客04830","customer04830@example.com","ST04","退会","2026-06-04 15:15:53.266611"
4831,"顧客04831","customer04831@example.com","ST03","非アクティブ","2026-06-04 15:15:53.266611"
4832,"顧客04832","customer04832@example.com","ST03","非アクティブ","2026-06-04 15:15:53.266611"
4833,"顧客04833","customer04833@example.com","ST02","アクティブ","2026-06-04 15:15:53.266611"
4834,"顧客04834","customer04834@example.com","ST01","新規","2026-06-04 15:15:53.266611"
4835,"顧客04835","customer04835@example.com","ST04","退会","2026-06-04 15:15:53.266611"
4836,"顧客04836","customer04836@example.com","ST04","退会","2026-06-04 15:15:53.266611"
4837,"顧客04837","customer04837@example.com","ST03","非アクティブ","2026-06-04 15:15:53.266611"
4838,"顧客04838","customer04838@example.com","ST02","アクティブ","2026-06-04 15:15:53.266611"
4839,"顧客04839","customer04839@example.com","ST04","退会","2026-06-04 15:15:53.266611"
4840,"顧客04840","customer04840@example.com","ST03","非アクティブ","2026-06-04 15:15:53.266611"
4841,"顧客04841","customer04841@example.com","ST02","アクティブ","2026-06-04 15:15:53.266611"
4842,"顧客04842","customer04842@example.com","ST04","退会","2026-06-04 15:15:53.266611"
4843,"顧客04843","customer04843@example.com","ST01","新規","2026-06-04 15:15:53.266611"
4844,"顧客04844","customer04844@example.com","ST02","アクティブ","2026-06-04 15:15:53.266611"
4845,"顧客04845","customer04845@example.com","ST01","新規","2026-06-04 15:15:53.266611"
4846,"顧客04846","customer04846@example.com","ST01","新規","2026-06-04 15:15:53.266611"
4847,"顧客04847","customer04847@example.com","ST04","退会","2026-06-04 15:15:53.266611"
4848,"顧客04848","customer04848@example.com","ST03","非アクティブ","2026-06-04 15:15:53.266611"
4849,"顧客04849","customer04849@example.com","ST01","新規","2026-06-04 15:15:53.266611"
4850,"顧客04850","customer04850@example.com","ST03","非アクティブ","2026-06-04 15:15:53.266611"
4851,"顧客04851","customer04851@example.com","ST03","非アクティブ","2026-06-04 15:15:53.266611"
4852,"顧客04852","customer04852@example.com","ST03","非アクティブ","2026-06-04 15:15:53.266611"
4853,"顧客04853","customer04853@example.com","ST04","退会","2026-06-04 15:15:53.266611"
4854,"顧客04854","customer04854@example.com","ST04","退会","2026-06-04 15:15:53.266611"
4855,"顧客04855","customer04855@example.com","ST04","退会","2026-06-04 15:15:53.266611"
4856,"顧客04856","customer04856@example.com","ST03","非アクティブ","2026-06-04 15:15:53.266611"
4857,"顧客04857","customer04857@example.com","ST01","新規","2026-06-04 15:15:53.266611"
4858,"顧客04858","customer04858@example.com","ST04","退会","2026-06-04 15:15:53.266611"
4859,"顧客04859","customer04859@example.com","ST01","新規","2026-06-04 15:15:53.266611"
4860,"顧客04860","customer04860@example.com","ST02","アクティブ","2026-06-04 15:15:53.266611"
4861,"顧客04861","customer04861@example.com","ST02","アクティブ","2026-06-04 15:15:53.266611"
4862,"顧客04862","customer04862@example.com","ST04","退会","2026-06-04 15:15:53.266611"
4863,"顧客04863","customer04863@example.com","ST02","アクティブ","2026-06-04 15:15:53.266611"
4864,"顧客04864","customer04864@example.com","ST01","新規","2026-06-04 15:15:53.266611"
4865,"顧客04865","customer04865@example.com","ST01","新規","2026-06-04 15:15:53.266611"
4866,"顧客04866","customer04866@example.com","ST03","非アクティブ","2026-06-04 15:15:53.266611"
4867,"顧客04867","customer04867@example.com","ST03","非アクティブ","2026-06-04 15:15:53.266611"
4868,"顧客04868","customer04868@example.com","ST02","アクティブ","2026-06-04 15:15:53.266611"
4869,"顧客04869","customer04869@example.com","ST03","非アクティブ","2026-06-04 15:15:53.266611"
4870,"顧客04870","customer04870@example.com","ST01","新規","2026-06-04 15:15:53.266611"
4871,"顧客04871","customer04871@example.com","ST03","非アクティブ","2026-06-04 15:15:53.266611"
4872,"顧客04872","customer04872@example.com","ST04","退会","2026-06-04 15:15:53.266611"
4873,"顧客04873","customer04873@example.com","ST04","退会","2026-06-04 15:15:53.266611"
4874,"顧客04874","customer04874@example.com","ST03","非アクティブ","2026-06-04 15:15:53.266611"
4875,"顧客04875","customer04875@example.com","ST02","アクティブ","2026-06-04 15:15:53.266611"
4876,"顧客04876","customer04876@example.com","ST02","アクティブ","2026-06-04 15:15:53.266611"
4877,"顧客04877","customer04877@example.com","ST03","非アクティブ","2026-06-04 15:15:53.266611"
4878,"顧客04878","customer04878@example.com","ST02","アクティブ","2026-06-04 15:15:53.266611"
4879,"顧客04879","customer04879@example.com","ST02","アクティブ","2026-06-04 15:15:53.266611"
4880,"顧客04880","customer04880@example.com","ST01","新規","2026-06-04 15:15:53.266611"
4881,"顧客04881","customer04881@example.com","ST02","アクティブ","2026-06-04 15:15:53.266611"
4882,"顧客04882","customer04882@example.com","ST03","非アクティブ","2026-06-04 15:15:53.266611"
4883,"顧客04883","customer04883@example.com","ST02","アクティブ","2026-06-04 15:15:53.266611"
4884,"顧客04884","customer04884@example.com","ST02","アクティブ","2026-06-04 15:15:53.266611"
4885,"顧客04885","customer04885@example.com","ST04","退会","2026-06-04 15:15:53.266611"
4886,"顧客04886","customer04886@example.com","ST04","退会","2026-06-04 15:15:53.266611"
4887,"顧客04887","customer04887@example.com","ST01","新規","2026-06-04 15:15:53.266611"
4888,"顧客04888","customer04888@example.com","ST02","アクティブ","2026-06-04 15:15:53.266611"
4889,"顧客04889","customer04889@example.com","ST02","アクティブ","2026-06-04 15:15:53.266611"
4890,"顧客04890","customer04890@example.com","ST01","新規","2026-06-04 15:15:53.266611"
4891,"顧客04891","customer04891@example.com","ST04","退会","2026-06-04 15:15:53.266611"
4892,"顧客04892","customer04892@example.com","ST02","アクティブ","2026-06-04 15:15:53.266611"
4893,"顧客04893","customer04893@example.com","ST03","非アクティブ","2026-06-04 15:15:53.266611"
4894,"顧客04894","customer04894@example.com","ST01","新規","2026-06-04 15:15:53.266611"
4895,"顧客04895","customer04895@example.com","ST02","アクティブ","2026-06-04 15:15:53.266611"
4896,"顧客04896","customer04896@example.com","ST03","非アクティブ","2026-06-04 15:15:53.266611"
4897,"顧客04897","customer04897@example.com","ST01","新規","2026-06-04 15:15:53.266611"
4898,"顧客04898","customer04898@example.com","ST04","退会","2026-06-04 15:15:53.266611"
4899,"顧客04899","customer04899@example.com","ST01","新規","2026-06-04 15:15:53.266611"
4900,"顧客04900","customer04900@example.com","ST02","アクティブ","2026-06-04 15:15:53.266611"
4901,"顧客04901","customer04901@example.com","ST01","新規","2026-06-04 15:15:53.266611"
4902,"顧客04902","customer04902@example.com","ST03","非アクティブ","2026-06-04 15:15:53.266611"
4903,"顧客04903","customer04903@example.com","ST02","アクティブ","2026-06-04 15:15:53.266611"
4904,"顧客04904","customer04904@example.com","ST02","アクティブ","2026-06-04 15:15:53.266611"
4905,"顧客04905","customer04905@example.com","ST02","アクティブ","2026-06-04 15:15:53.266611"
4906,"顧客04906","customer04906@example.com","ST04","退会","2026-06-04 15:15:53.266611"
4907,"顧客04907","customer04907@example.com","ST02","アクティブ","2026-06-04 15:15:53.266611"
4908,"顧客04908","customer04908@example.com","ST03","非アクティブ","2026-06-04 15:15:53.266611"
4909,"顧客04909","customer04909@example.com","ST04","退会","2026-06-04 15:15:53.266611"
4910,"顧客04910","customer04910@example.com","ST02","アクティブ","2026-06-04 15:15:53.266611"
4911,"顧客04911","customer04911@example.com","ST01","新規","2026-06-04 15:15:53.266611"
4912,"顧客04912","customer04912@example.com","ST03","非アクティブ","2026-06-04 15:15:53.266611"
4913,"顧客04913","customer04913@example.com","ST04","退会","2026-06-04 15:15:53.266611"
4914,"顧客04914","customer04914@example.com","ST01","新規","2026-06-04 15:15:53.266611"
4915,"顧客04915","customer04915@example.com","ST04","退会","2026-06-04 15:15:53.266611"
4916,"顧客04916","customer04916@example.com","ST01","新規","2026-06-04 15:15:53.266611"
4917,"顧客04917","customer04917@example.com","ST01","新規","2026-06-04 15:15:53.266611"
4918,"顧客04918","customer04918@example.com","ST03","非アクティブ","2026-06-04 15:15:53.266611"
4919,"顧客04919","customer04919@example.com","ST03","非アクティブ","2026-06-04 15:15:53.266611"
4920,"顧客04920","customer04920@example.com","ST02","アクティブ","2026-06-04 15:15:53.266611"
4921,"顧客04921","customer04921@example.com","ST01","新規","2026-06-04 15:15:53.266611"
4922,"顧客04922","customer04922@example.com","ST02","アクティブ","2026-06-04 15:15:53.266611"
4923,"顧客04923","customer04923@example.com","ST04","退会","2026-06-04 15:15:53.266611"
4924,"顧客04924","customer04924@example.com","ST02","アクティブ","2026-06-04 15:15:53.266611"
4925,"顧客04925","customer04925@example.com","ST02","アクティブ","2026-06-04 15:15:53.266611"
4926,"顧客04926","customer04926@example.com","ST04","退会","2026-06-04 15:15:53.266611"
4927,"顧客04927","customer04927@example.com","ST03","非アクティブ","2026-06-04 15:15:53.266611"
4928,"顧客04928","customer04928@example.com","ST04","退会","2026-06-04 15:15:53.266611"
4929,"顧客04929","customer04929@example.com","ST04","退会","2026-06-04 15:15:53.266611"
4930,"顧客04930","customer04930@example.com","ST01","新規","2026-06-04 15:15:53.266611"
4931,"顧客04931","customer04931@example.com","ST04","退会","2026-06-04 15:15:53.266611"
4932,"顧客04932","customer04932@example.com","ST03","非アクティブ","2026-06-04 15:15:53.266611"
4933,"顧客04933","customer04933@example.com","ST02","アクティブ","2026-06-04 15:15:53.266611"
4934,"顧客04934","customer04934@example.com","ST02","アクティブ","2026-06-04 15:15:53.266611"
4935,"顧客04935","customer04935@example.com","ST01","新規","2026-06-04 15:15:53.266611"
4936,"顧客04936","customer04936@example.com","ST01","新規","2026-06-04 15:15:53.266611"
4937,"顧客04937","customer04937@example.com","ST04","退会","2026-06-04 15:15:53.266611"
4938,"顧客04938","customer04938@example.com","ST03","非アクティブ","2026-06-04 15:15:53.266611"
4939,"顧客04939","customer04939@example.com","ST02","アクティブ","2026-06-04 15:15:53.266611"
4940,"顧客04940","customer04940@example.com","ST01","新規","2026-06-04 15:15:53.266611"
4941,"顧客04941","customer04941@example.com","ST02","アクティブ","2026-06-04 15:15:53.266611"
4942,"顧客04942","customer04942@example.com","ST04","退会","2026-06-04 15:15:53.266611"
4943,"顧客04943","customer04943@example.com","ST02","アクティブ","2026-06-04 15:15:53.266611"
4944,"顧客04944","customer04944@example.com","ST02","アクティブ","2026-06-04 15:15:53.266611"
4945,"顧客04945","customer04945@example.com","ST02","アクティブ","2026-06-04 15:15:53.266611"
4946,"顧客04946","customer04946@example.com","ST02","アクティブ","2026-06-04 15:15:53.266611"
4947,"顧客04947","customer04947@example.com","ST02","アクティブ","2026-06-04 15:15:53.266611"
4948,"顧客04948","customer04948@example.com","ST02","アクティブ","2026-06-04 15:15:53.266611"
4949,"顧客04949","customer04949@example.com","ST01","新規","2026-06-04 15:15:53.266611"
4950,"顧客04950","customer04950@example.com","ST02","アクティブ","2026-06-04 15:15:53.266611"
4951,"顧客04951","customer04951@example.com","ST04","退会","2026-06-04 15:15:53.266611"
4952,"顧客04952","customer04952@example.com","ST02","アクティブ","2026-06-04 15:15:53.266611"
4953,"顧客04953","customer04953@example.com","ST03","非アクティブ","2026-06-04 15:15:53.266611"
4954,"顧客04954","customer04954@example.com","ST01","新規","2026-06-04 15:15:53.266611"
4955,"顧客04955","customer04955@example.com","ST03","非アクティブ","2026-06-04 15:15:53.266611"
4956,"顧客04956","customer04956@example.com","ST02","アクティブ","2026-06-04 15:15:53.266611"
4957,"顧客04957","customer04957@example.com","ST03","非アクティブ","2026-06-04 15:15:53.266611"
4958,"顧客04958","customer04958@example.com","ST01","新規","2026-06-04 15:15:53.266611"
4959,"顧客04959","customer04959@example.com","ST03","非アクティブ","2026-06-04 15:15:53.266611"
4960,"顧客04960","customer04960@example.com","ST02","アクティブ","2026-06-04 15:15:53.266611"
4961,"顧客04961","customer04961@example.com","ST02","アクティブ","2026-06-04 15:15:53.266611"
4962,"顧客04962","customer04962@example.com","ST04","退会","2026-06-04 15:15:53.266611"
4963,"顧客04963","customer04963@example.com","ST04","退会","2026-06-04 15:15:53.266611"
4964,"顧客04964","customer04964@example.com","ST02","アクティブ","2026-06-04 15:15:53.266611"
4965,"顧客04965","customer04965@example.com","ST04","退会","2026-06-04 15:15:53.266611"
4966,"顧客04966","customer04966@example.com","ST03","非アクティブ","2026-06-04 15:15:53.266611"
4967,"顧客04967","customer04967@example.com","ST04","退会","2026-06-04 15:15:53.266611"
4968,"顧客04968","customer04968@example.com","ST02","アクティブ","2026-06-04 15:15:53.266611"
4969,"顧客04969","customer04969@example.com","ST03","非アクティブ","2026-06-04 15:15:53.266611"
4970,"顧客04970","customer04970@example.com","ST03","非アクティブ","2026-06-04 15:15:53.266611"
4971,"顧客04971","customer04971@example.com","ST04","退会","2026-06-04 15:15:53.266611"
4972,"顧客04972","customer04972@example.com","ST04","退会","2026-06-04 15:15:53.266611"
4973,"顧客04973","customer04973@example.com","ST04","退会","2026-06-04 15:15:53.266611"
4974,"顧客04974","customer04974@example.com","ST02","アクティブ","2026-06-04 15:15:53.266611"
4975,"顧客04975","customer04975@example.com","ST03","非アクティブ","2026-06-04 15:15:53.266611"
4976,"顧客04976","customer04976@example.com","ST03","非アクティブ","2026-06-04 15:15:53.266611"
4977,"顧客04977","customer04977@example.com","ST02","アクティブ","2026-06-04 15:15:53.266611"
4978,"顧客04978","customer04978@example.com","ST03","非アクティブ","2026-06-04 15:15:53.266611"
4979,"顧客04979","customer04979@example.com","ST04","退会","2026-06-04 15:15:53.266611"
4980,"顧客04980","customer04980@example.com","ST04","退会","2026-06-04 15:15:53.266611"
4981,"顧客04981","customer04981@example.com","ST02","アクティブ","2026-06-04 15:15:53.266611"
4982,"顧客04982","customer04982@example.com","ST01","新規","2026-06-04 15:15:53.266611"
4983,"顧客04983","customer04983@example.com","ST04","退会","2026-06-04 15:15:53.266611"
4984,"顧客04984","customer04984@example.com","ST03","非アクティブ","2026-06-04 15:15:53.266611"
4985,"顧客04985","customer04985@example.com","ST04","退会","2026-06-04 15:15:53.266611"
4986,"顧客04986","customer04986@example.com","ST03","非アクティブ","2026-06-04 15:15:53.266611"
4987,"顧客04987","customer04987@example.com","ST02","アクティブ","2026-06-04 15:15:53.266611"
4988,"顧客04988","customer04988@example.com","ST03","非アクティブ","2026-06-04 15:15:53.266611"
4989,"顧客04989","customer04989@example.com","ST02","アクティブ","2026-06-04 15:15:53.266611"
4990,"顧客04990","customer04990@example.com","ST03","非アクティブ","2026-06-04 15:15:53.266611"
4991,"顧客04991","customer04991@example.com","ST03","非アクティブ","2026-06-04 15:15:53.266611"
4992,"顧客04992","customer04992@example.com","ST03","非アクティブ","2026-06-04 15:15:53.266611"
4993,"顧客04993","customer04993@example.com","ST02","アクティブ","2026-06-04 15:15:53.266611"
4994,"顧客04994","customer04994@example.com","ST01","新規","2026-06-04 15:15:53.266611"
4995,"顧客04995","customer04995@example.com","ST03","非アクティブ","2026-06-04 15:15:53.266611"
4996,"顧客04996","customer04996@example.com","ST03","非アクティブ","2026-06-04 15:15:53.266611"
4997,"顧客04997","customer04997@example.com","ST04","退会","2026-06-04 15:15:53.266611"
4998,"顧客04998","customer04998@example.com","ST01","新規","2026-06-04 15:15:53.266611"
4999,"顧客04999","customer04999@example.com","ST01","新規","2026-06-04 15:15:53.266611"
5000,"顧客05000","customer05000@example.com","ST02","アクティブ","2026-06-04 15:15:53.266611"
5001,"顧客05001","customer05001@example.com","ST02","アクティブ","2026-06-04 15:15:53.266611"
5002,"顧客05002","customer05002@example.com","ST04","退会","2026-06-04 15:15:53.266611"
5003,"顧客05003","customer05003@example.com","ST03","非アクティブ","2026-06-04 15:15:53.266611"
5004,"顧客05004","customer05004@example.com","ST03","非アクティブ","2026-06-04 15:15:53.266611"
5005,"顧客05005","customer05005@example.com","ST03","非アクティブ","2026-06-04 15:15:53.266611"
5006,"顧客05006","customer05006@example.com","ST01","新規","2026-06-04 15:15:53.266611"
5007,"顧客05007","customer05007@example.com","ST02","アクティブ","2026-06-04 15:15:53.266611"
5008,"顧客05008","customer05008@example.com","ST02","アクティブ","2026-06-04 15:15:53.266611"
5009,"顧客05009","customer05009@example.com","ST04","退会","2026-06-04 15:15:53.266611"
5010,"顧客05010","customer05010@example.com","ST04","退会","2026-06-04 15:15:53.266611"
5011,"顧客05011","customer05011@example.com","ST01","新規","2026-06-04 15:15:53.266611"
5012,"顧客05012","customer05012@example.com","ST04","退会","2026-06-04 15:15:53.266611"
5013,"顧客05013","customer05013@example.com","ST04","退会","2026-06-04 15:15:53.266611"
5014,"顧客05014","customer05014@example.com","ST02","アクティブ","2026-06-04 15:15:53.266611"
5015,"顧客05015","customer05015@example.com","ST04","退会","2026-06-04 15:15:53.266611"
5016,"顧客05016","customer05016@example.com","ST03","非アクティブ","2026-06-04 15:15:53.266611"
5017,"顧客05017","customer05017@example.com","ST01","新規","2026-06-04 15:15:53.266611"
5018,"顧客05018","customer05018@example.com","ST03","非アクティブ","2026-06-04 15:15:53.266611"
5019,"顧客05019","customer05019@example.com","ST03","非アクティブ","2026-06-04 15:15:53.266611"
5020,"顧客05020","customer05020@example.com","ST03","非アクティブ","2026-06-04 15:15:53.266611"
5021,"顧客05021","customer05021@example.com","ST01","新規","2026-06-04 15:15:53.266611"
5022,"顧客05022","customer05022@example.com","ST01","新規","2026-06-04 15:15:53.266611"
5023,"顧客05023","customer05023@example.com","ST03","非アクティブ","2026-06-04 15:15:53.266611"
5024,"顧客05024","customer05024@example.com","ST03","非アクティブ","2026-06-04 15:15:53.266611"
5025,"顧客05025","customer05025@example.com","ST04","退会","2026-06-04 15:15:53.266611"
5026,"顧客05026","customer05026@example.com","ST04","退会","2026-06-04 15:15:53.266611"
5027,"顧客05027","customer05027@example.com","ST03","非アクティブ","2026-06-04 15:15:53.266611"
5028,"顧客05028","customer05028@example.com","ST03","非アクティブ","2026-06-04 15:15:53.266611"
5029,"顧客05029","customer05029@example.com","ST01","新規","2026-06-04 15:15:53.266611"
5030,"顧客05030","customer05030@example.com","ST02","アクティブ","2026-06-04 15:15:53.266611"
5031,"顧客05031","customer05031@example.com","ST04","退会","2026-06-04 15:15:53.266611"
5032,"顧客05032","customer05032@example.com","ST01","新規","2026-06-04 15:15:53.266611"
5033,"顧客05033","customer05033@example.com","ST02","アクティブ","2026-06-04 15:15:53.266611"
5034,"顧客05034","customer05034@example.com","ST03","非アクティブ","2026-06-04 15:15:53.266611"
5035,"顧客05035","customer05035@example.com","ST03","非アクティブ","2026-06-04 15:15:53.266611"
5036,"顧客05036","customer05036@example.com","ST03","非アクティブ","2026-06-04 15:15:53.266611"
5037,"顧客05037","customer05037@example.com","ST02","アクティブ","2026-06-04 15:15:53.266611"
5038,"顧客05038","customer05038@example.com","ST04","退会","2026-06-04 15:15:53.266611"
5039,"顧客05039","customer05039@example.com","ST03","非アクティブ","2026-06-04 15:15:53.266611"
5040,"顧客05040","customer05040@example.com","ST02","アクティブ","2026-06-04 15:15:53.266611"
5041,"顧客05041","customer05041@example.com","ST03","非アクティブ","2026-06-04 15:15:53.266611"
5042,"顧客05042","customer05042@example.com","ST03","非アクティブ","2026-06-04 15:15:53.266611"
5043,"顧客05043","customer05043@example.com","ST02","アクティブ","2026-06-04 15:15:53.266611"
5044,"顧客05044","customer05044@example.com","ST03","非アクティブ","2026-06-04 15:15:53.266611"
5045,"顧客05045","customer05045@example.com","ST04","退会","2026-06-04 15:15:53.266611"
5046,"顧客05046","customer05046@example.com","ST03","非アクティブ","2026-06-04 15:15:53.266611"
5047,"顧客05047","customer05047@example.com","ST03","非アクティブ","2026-06-04 15:15:53.266611"
5048,"顧客05048","customer05048@example.com","ST04","退会","2026-06-04 15:15:53.266611"
5049,"顧客05049","customer05049@example.com","ST03","非アクティブ","2026-06-04 15:15:53.266611"
5050,"顧客05050","customer05050@example.com","ST03","非アクティブ","2026-06-04 15:15:53.266611"
5051,"顧客05051","customer05051@example.com","ST01","新規","2026-06-04 15:15:53.266611"
5052,"顧客05052","customer05052@example.com","ST04","退会","2026-06-04 15:15:53.266611"
5053,"顧客05053","customer05053@example.com","ST03","非アクティブ","2026-06-04 15:15:53.266611"
5054,"顧客05054","customer05054@example.com","ST04","退会","2026-06-04 15:15:53.266611"
5055,"顧客05055","customer05055@example.com","ST02","アクティブ","2026-06-04 15:15:53.266611"
5056,"顧客05056","customer05056@example.com","ST04","退会","2026-06-04 15:15:53.266611"
5057,"顧客05057","customer05057@example.com","ST03","非アクティブ","2026-06-04 15:15:53.266611"
5058,"顧客05058","customer05058@example.com","ST03","非アクティブ","2026-06-04 15:15:53.266611"
5059,"顧客05059","customer05059@example.com","ST01","新規","2026-06-04 15:15:53.266611"
5060,"顧客05060","customer05060@example.com","ST01","新規","2026-06-04 15:15:53.266611"
5061,"顧客05061","customer05061@example.com","ST04","退会","2026-06-04 15:15:53.266611"
5062,"顧客05062","customer05062@example.com","ST01","新規","2026-06-04 15:15:53.266611"
5063,"顧客05063","customer05063@example.com","ST02","アクティブ","2026-06-04 15:15:53.266611"
5064,"顧客05064","customer05064@example.com","ST04","退会","2026-06-04 15:15:53.266611"
5065,"顧客05065","customer05065@example.com","ST03","非アクティブ","2026-06-04 15:15:53.266611"
5066,"顧客05066","customer05066@example.com","ST02","アクティブ","2026-06-04 15:15:53.266611"
5067,"顧客05067","customer05067@example.com","ST03","非アクティブ","2026-06-04 15:15:53.266611"
5068,"顧客05068","customer05068@example.com","ST04","退会","2026-06-04 15:15:53.266611"
5069,"顧客05069","customer05069@example.com","ST02","アクティブ","2026-06-04 15:15:53.266611"
5070,"顧客05070","customer05070@example.com","ST02","アクティブ","2026-06-04 15:15:53.266611"
5071,"顧客05071","customer05071@example.com","ST02","アクティブ","2026-06-04 15:15:53.266611"
5072,"顧客05072","customer05072@example.com","ST02","アクティブ","2026-06-04 15:15:53.266611"
5073,"顧客05073","customer05073@example.com","ST02","アクティブ","2026-06-04 15:15:53.266611"
5074,"顧客05074","customer05074@example.com","ST04","退会","2026-06-04 15:15:53.266611"
5075,"顧客05075","customer05075@example.com","ST03","非アクティブ","2026-06-04 15:15:53.266611"
5076,"顧客05076","customer05076@example.com","ST03","非アクティブ","2026-06-04 15:15:53.266611"
5077,"顧客05077","customer05077@example.com","ST01","新規","2026-06-04 15:15:53.266611"
5078,"顧客05078","customer05078@example.com","ST02","アクティブ","2026-06-04 15:15:53.266611"
5079,"顧客05079","customer05079@example.com","ST02","アクティブ","2026-06-04 15:15:53.266611"
5080,"顧客05080","customer05080@example.com","ST03","非アクティブ","2026-06-04 15:15:53.266611"
5081,"顧客05081","customer05081@example.com","ST01","新規","2026-06-04 15:15:53.266611"
5082,"顧客05082","customer05082@example.com","ST01","新規","2026-06-04 15:15:53.266611"
5083,"顧客05083","customer05083@example.com","ST04","退会","2026-06-04 15:15:53.266611"
5084,"顧客05084","customer05084@example.com","ST04","退会","2026-06-04 15:15:53.266611"
5085,"顧客05085","customer05085@example.com","ST03","非アクティブ","2026-06-04 15:15:53.266611"
5086,"顧客05086","customer05086@example.com","ST03","非アクティブ","2026-06-04 15:15:53.266611"
5087,"顧客05087","customer05087@example.com","ST01","新規","2026-06-04 15:15:53.266611"
5088,"顧客05088","customer05088@example.com","ST02","アクティブ","2026-06-04 15:15:53.266611"
5089,"顧客05089","customer05089@example.com","ST02","アクティブ","2026-06-04 15:15:53.266611"
5090,"顧客05090","customer05090@example.com","ST02","アクティブ","2026-06-04 15:15:53.266611"
5091,"顧客05091","customer05091@example.com","ST04","退会","2026-06-04 15:15:53.266611"
5092,"顧客05092","customer05092@example.com","ST02","アクティブ","2026-06-04 15:15:53.266611"
5093,"顧客05093","customer05093@example.com","ST04","退会","2026-06-04 15:15:53.266611"
5094,"顧客05094","customer05094@example.com","ST02","アクティブ","2026-06-04 15:15:53.266611"
5095,"顧客05095","customer05095@example.com","ST04","退会","2026-06-04 15:15:53.266611"
5096,"顧客05096","customer05096@example.com","ST01","新規","2026-06-04 15:15:53.266611"
5097,"顧客05097","customer05097@example.com","ST02","アクティブ","2026-06-04 15:15:53.266611"
5098,"顧客05098","customer05098@example.com","ST02","アクティブ","2026-06-04 15:15:53.266611"
5099,"顧客05099","customer05099@example.com","ST02","アクティブ","2026-06-04 15:15:53.266611"
5100,"顧客05100","customer05100@example.com","ST02","アクティブ","2026-06-04 15:15:53.266611"
5101,"顧客05101","customer05101@example.com","ST02","アクティブ","2026-06-04 15:15:53.266611"
5102,"顧客05102","customer05102@example.com","ST03","非アクティブ","2026-06-04 15:15:53.266611"
5103,"顧客05103","customer05103@example.com","ST03","非アクティブ","2026-06-04 15:15:53.266611"
5104,"顧客05104","customer05104@example.com","ST04","退会","2026-06-04 15:15:53.266611"
5105,"顧客05105","customer05105@example.com","ST02","アクティブ","2026-06-04 15:15:53.266611"
5106,"顧客05106","customer05106@example.com","ST02","アクティブ","2026-06-04 15:15:53.266611"
5107,"顧客05107","customer05107@example.com","ST03","非アクティブ","2026-06-04 15:15:53.266611"
5108,"顧客05108","customer05108@example.com","ST02","アクティブ","2026-06-04 15:15:53.266611"
5109,"顧客05109","customer05109@example.com","ST02","アクティブ","2026-06-04 15:15:53.266611"
5110,"顧客05110","customer05110@example.com","ST02","アクティブ","2026-06-04 15:15:53.266611"
5111,"顧客05111","customer05111@example.com","ST01","新規","2026-06-04 15:15:53.266611"
5112,"顧客05112","customer05112@example.com","ST01","新規","2026-06-04 15:15:53.266611"
5113,"顧客05113","customer05113@example.com","ST01","新規","2026-06-04 15:15:53.266611"
5114,"顧客05114","customer05114@example.com","ST02","アクティブ","2026-06-04 15:15:53.266611"
5115,"顧客05115","customer05115@example.com","ST01","新規","2026-06-04 15:15:53.266611"
5116,"顧客05116","customer05116@example.com","ST03","非アクティブ","2026-06-04 15:15:53.266611"
5117,"顧客05117","customer05117@example.com","ST03","非アクティブ","2026-06-04 15:15:53.266611"
5118,"顧客05118","customer05118@example.com","ST02","アクティブ","2026-06-04 15:15:53.266611"
5119,"顧客05119","customer05119@example.com","ST03","非アクティブ","2026-06-04 15:15:53.266611"
5120,"顧客05120","customer05120@example.com","ST03","非アクティブ","2026-06-04 15:15:53.266611"
5121,"顧客05121","customer05121@example.com","ST03","非アクティブ","2026-06-04 15:15:53.266611"
5122,"顧客05122","customer05122@example.com","ST02","アクティブ","2026-06-04 15:15:53.266611"
5123,"顧客05123","customer05123@example.com","ST04","退会","2026-06-04 15:15:53.266611"
5124,"顧客05124","customer05124@example.com","ST03","非アクティブ","2026-06-04 15:15:53.266611"
5125,"顧客05125","customer05125@example.com","ST01","新規","2026-06-04 15:15:53.266611"
5126,"顧客05126","customer05126@example.com","ST03","非アクティブ","2026-06-04 15:15:53.266611"
5127,"顧客05127","customer05127@example.com","ST02","アクティブ","2026-06-04 15:15:53.266611"
5128,"顧客05128","customer05128@example.com","ST03","非アクティブ","2026-06-04 15:15:53.266611"
5129,"顧客05129","customer05129@example.com","ST04","退会","2026-06-04 15:15:53.266611"
5130,"顧客05130","customer05130@example.com","ST01","新規","2026-06-04 15:15:53.266611"
5131,"顧客05131","customer05131@example.com","ST02","アクティブ","2026-06-04 15:15:53.266611"
5132,"顧客05132","customer05132@example.com","ST01","新規","2026-06-04 15:15:53.266611"
5133,"顧客05133","customer05133@example.com","ST03","非アクティブ","2026-06-04 15:15:53.266611"
5134,"顧客05134","customer05134@example.com","ST01","新規","2026-06-04 15:15:53.266611"
5135,"顧客05135","customer05135@example.com","ST03","非アクティブ","2026-06-04 15:15:53.266611"
5136,"顧客05136","customer05136@example.com","ST03","非アクティブ","2026-06-04 15:15:53.266611"
5137,"顧客05137","customer05137@example.com","ST02","アクティブ","2026-06-04 15:15:53.266611"
5138,"顧客05138","customer05138@example.com","ST01","新規","2026-06-04 15:15:53.266611"
5139,"顧客05139","customer05139@example.com","ST03","非アクティブ","2026-06-04 15:15:53.266611"
5140,"顧客05140","customer05140@example.com","ST04","退会","2026-06-04 15:15:53.266611"
5141,"顧客05141","customer05141@example.com","ST01","新規","2026-06-04 15:15:53.266611"
5142,"顧客05142","customer05142@example.com","ST04","退会","2026-06-04 15:15:53.266611"
5143,"顧客05143","customer05143@example.com","ST03","非アクティブ","2026-06-04 15:15:53.266611"
5144,"顧客05144","customer05144@example.com","ST02","アクティブ","2026-06-04 15:15:53.266611"
5145,"顧客05145","customer05145@example.com","ST03","非アクティブ","2026-06-04 15:15:53.266611"
5146,"顧客05146","customer05146@example.com","ST04","退会","2026-06-04 15:15:53.266611"
5147,"顧客05147","customer05147@example.com","ST01","新規","2026-06-04 15:15:53.266611"
5148,"顧客05148","customer05148@example.com","ST04","退会","2026-06-04 15:15:53.266611"
5149,"顧客05149","customer05149@example.com","ST03","非アクティブ","2026-06-04 15:15:53.266611"
5150,"顧客05150","customer05150@example.com","ST03","非アクティブ","2026-06-04 15:15:53.266611"
5151,"顧客05151","customer05151@example.com","ST03","非アクティブ","2026-06-04 15:15:53.266611"
5152,"顧客05152","customer05152@example.com","ST02","アクティブ","2026-06-04 15:15:53.266611"
5153,"顧客05153","customer05153@example.com","ST02","アクティブ","2026-06-04 15:15:53.266611"
5154,"顧客05154","customer05154@example.com","ST03","非アクティブ","2026-06-04 15:15:53.266611"
5155,"顧客05155","customer05155@example.com","ST02","アクティブ","2026-06-04 15:15:53.266611"
5156,"顧客05156","customer05156@example.com","ST02","アクティブ","2026-06-04 15:15:53.266611"
5157,"顧客05157","customer05157@example.com","ST02","アクティブ","2026-06-04 15:15:53.266611"
5158,"顧客05158","customer05158@example.com","ST01","新規","2026-06-04 15:15:53.266611"
5159,"顧客05159","customer05159@example.com","ST04","退会","2026-06-04 15:15:53.266611"
5160,"顧客05160","customer05160@example.com","ST01","新規","2026-06-04 15:15:53.266611"
5161,"顧客05161","customer05161@example.com","ST01","新規","2026-06-04 15:15:53.266611"
5162,"顧客05162","customer05162@example.com","ST02","アクティブ","2026-06-04 15:15:53.266611"
5163,"顧客05163","customer05163@example.com","ST03","非アクティブ","2026-06-04 15:15:53.266611"
5164,"顧客05164","customer05164@example.com","ST03","非アクティブ","2026-06-04 15:15:53.266611"
5165,"顧客05165","customer05165@example.com","ST04","退会","2026-06-04 15:15:53.266611"
5166,"顧客05166","customer05166@example.com","ST03","非アクティブ","2026-06-04 15:15:53.266611"
5167,"顧客05167","customer05167@example.com","ST02","アクティブ","2026-06-04 15:15:53.266611"
5168,"顧客05168","customer05168@example.com","ST02","アクティブ","2026-06-04 15:15:53.266611"
5169,"顧客05169","customer05169@example.com","ST03","非アクティブ","2026-06-04 15:15:53.266611"
5170,"顧客05170","customer05170@example.com","ST01","新規","2026-06-04 15:15:53.266611"
5171,"顧客05171","customer05171@example.com","ST04","退会","2026-06-04 15:15:53.266611"
5172,"顧客05172","customer05172@example.com","ST02","アクティブ","2026-06-04 15:15:53.266611"
5173,"顧客05173","customer05173@example.com","ST02","アクティブ","2026-06-04 15:15:53.266611"
5174,"顧客05174","customer05174@example.com","ST02","アクティブ","2026-06-04 15:15:53.266611"
5175,"顧客05175","customer05175@example.com","ST04","退会","2026-06-04 15:15:53.266611"
5176,"顧客05176","customer05176@example.com","ST02","アクティブ","2026-06-04 15:15:53.266611"
5177,"顧客05177","customer05177@example.com","ST02","アクティブ","2026-06-04 15:15:53.266611"
5178,"顧客05178","customer05178@example.com","ST03","非アクティブ","2026-06-04 15:15:53.266611"
5179,"顧客05179","customer05179@example.com","ST03","非アクティブ","2026-06-04 15:15:53.266611"
5180,"顧客05180","customer05180@example.com","ST04","退会","2026-06-04 15:15:53.266611"
5181,"顧客05181","customer05181@example.com","ST03","非アクティブ","2026-06-04 15:15:53.266611"
5182,"顧客05182","customer05182@example.com","ST01","新規","2026-06-04 15:15:53.266611"
5183,"顧客05183","customer05183@example.com","ST04","退会","2026-06-04 15:15:53.266611"
5184,"顧客05184","customer05184@example.com","ST04","退会","2026-06-04 15:15:53.266611"
5185,"顧客05185","customer05185@example.com","ST01","新規","2026-06-04 15:15:53.266611"
5186,"顧客05186","customer05186@example.com","ST02","アクティブ","2026-06-04 15:15:53.266611"
5187,"顧客05187","customer05187@example.com","ST03","非アクティブ","2026-06-04 15:15:53.266611"
5188,"顧客05188","customer05188@example.com","ST01","新規","2026-06-04 15:15:53.266611"
5189,"顧客05189","customer05189@example.com","ST01","新規","2026-06-04 15:15:53.266611"
5190,"顧客05190","customer05190@example.com","ST03","非アクティブ","2026-06-04 15:15:53.266611"
5191,"顧客05191","customer05191@example.com","ST01","新規","2026-06-04 15:15:53.266611"
5192,"顧客05192","customer05192@example.com","ST04","退会","2026-06-04 15:15:53.266611"
5193,"顧客05193","customer05193@example.com","ST02","アクティブ","2026-06-04 15:15:53.266611"
5194,"顧客05194","customer05194@example.com","ST02","アクティブ","2026-06-04 15:15:53.266611"
5195,"顧客05195","customer05195@example.com","ST03","非アクティブ","2026-06-04 15:15:53.266611"
5196,"顧客05196","customer05196@example.com","ST02","アクティブ","2026-06-04 15:15:53.266611"
5197,"顧客05197","customer05197@example.com","ST02","アクティブ","2026-06-04 15:15:53.266611"
5198,"顧客05198","customer05198@example.com","ST02","アクティブ","2026-06-04 15:15:53.266611"
5199,"顧客05199","customer05199@example.com","ST03","非アクティブ","2026-06-04 15:15:53.266611"
5200,"顧客05200","customer05200@example.com","ST04","退会","2026-06-04 15:15:53.266611"
5201,"顧客05201","customer05201@example.com","ST01","新規","2026-06-04 15:15:53.266611"
5202,"顧客05202","customer05202@example.com","ST04","退会","2026-06-04 15:15:53.266611"
5203,"顧客05203","customer05203@example.com","ST02","アクティブ","2026-06-04 15:15:53.266611"
5204,"顧客05204","customer05204@example.com","ST02","アクティブ","2026-06-04 15:15:53.266611"
5205,"顧客05205","customer05205@example.com","ST04","退会","2026-06-04 15:15:53.266611"
5206,"顧客05206","customer05206@example.com","ST02","アクティブ","2026-06-04 15:15:53.266611"
5207,"顧客05207","customer05207@example.com","ST01","新規","2026-06-04 15:15:53.266611"
5208,"顧客05208","customer05208@example.com","ST02","アクティブ","2026-06-04 15:15:53.266611"
5209,"顧客05209","customer05209@example.com","ST02","アクティブ","2026-06-04 15:15:53.266611"
5210,"顧客05210","customer05210@example.com","ST01","新規","2026-06-04 15:15:53.266611"
5211,"顧客05211","customer05211@example.com","ST04","退会","2026-06-04 15:15:53.266611"
5212,"顧客05212","customer05212@example.com","ST04","退会","2026-06-04 15:15:53.266611"
5213,"顧客05213","customer05213@example.com","ST03","非アクティブ","2026-06-04 15:15:53.266611"
5214,"顧客05214","customer05214@example.com","ST01","新規","2026-06-04 15:15:53.266611"
5215,"顧客05215","customer05215@example.com","ST03","非アクティブ","2026-06-04 15:15:53.266611"
5216,"顧客05216","customer05216@example.com","ST02","アクティブ","2026-06-04 15:15:53.266611"
5217,"顧客05217","customer05217@example.com","ST02","アクティブ","2026-06-04 15:15:53.266611"
5218,"顧客05218","customer05218@example.com","ST01","新規","2026-06-04 15:15:53.266611"
5219,"顧客05219","customer05219@example.com","ST01","新規","2026-06-04 15:15:53.266611"
5220,"顧客05220","customer05220@example.com","ST03","非アクティブ","2026-06-04 15:15:53.266611"
5221,"顧客05221","customer05221@example.com","ST03","非アクティブ","2026-06-04 15:15:53.266611"
5222,"顧客05222","customer05222@example.com","ST04","退会","2026-06-04 15:15:53.266611"
5223,"顧客05223","customer05223@example.com","ST03","非アクティブ","2026-06-04 15:15:53.266611"
5224,"顧客05224","customer05224@example.com","ST02","アクティブ","2026-06-04 15:15:53.266611"
5225,"顧客05225","customer05225@example.com","ST02","アクティブ","2026-06-04 15:15:53.266611"
5226,"顧客05226","customer05226@example.com","ST02","アクティブ","2026-06-04 15:15:53.266611"
5227,"顧客05227","customer05227@example.com","ST02","アクティブ","2026-06-04 15:15:53.266611"
5228,"顧客05228","customer05228@example.com","ST04","退会","2026-06-04 15:15:53.266611"
5229,"顧客05229","customer05229@example.com","ST03","非アクティブ","2026-06-04 15:15:53.266611"
5230,"顧客05230","customer05230@example.com","ST03","非アクティブ","2026-06-04 15:15:53.266611"
5231,"顧客05231","customer05231@example.com","ST03","非アクティブ","2026-06-04 15:15:53.266611"
5232,"顧客05232","customer05232@example.com","ST02","アクティブ","2026-06-04 15:15:53.266611"
5233,"顧客05233","customer05233@example.com","ST02","アクティブ","2026-06-04 15:15:53.266611"
5234,"顧客05234","customer05234@example.com","ST01","新規","2026-06-04 15:15:53.266611"
5235,"顧客05235","customer05235@example.com","ST03","非アクティブ","2026-06-04 15:15:53.266611"
5236,"顧客05236","customer05236@example.com","ST03","非アクティブ","2026-06-04 15:15:53.266611"
5237,"顧客05237","customer05237@example.com","ST02","アクティブ","2026-06-04 15:15:53.266611"
5238,"顧客05238","customer05238@example.com","ST03","非アクティブ","2026-06-04 15:15:53.266611"
5239,"顧客05239","customer05239@example.com","ST02","アクティブ","2026-06-04 15:15:53.266611"
5240,"顧客05240","customer05240@example.com","ST04","退会","2026-06-04 15:15:53.266611"
5241,"顧客05241","customer05241@example.com","ST03","非アクティブ","2026-06-04 15:15:53.266611"
5242,"顧客05242","customer05242@example.com","ST03","非アクティブ","2026-06-04 15:15:53.266611"
5243,"顧客05243","customer05243@example.com","ST02","アクティブ","2026-06-04 15:15:53.266611"
5244,"顧客05244","customer05244@example.com","ST03","非アクティブ","2026-06-04 15:15:53.266611"
5245,"顧客05245","customer05245@example.com","ST01","新規","2026-06-04 15:15:53.266611"
5246,"顧客05246","customer05246@example.com","ST03","非アクティブ","2026-06-04 15:15:53.266611"
5247,"顧客05247","customer05247@example.com","ST02","アクティブ","2026-06-04 15:15:53.266611"
5248,"顧客05248","customer05248@example.com","ST03","非アクティブ","2026-06-04 15:15:53.266611"
5249,"顧客05249","customer05249@example.com","ST01","新規","2026-06-04 15:15:53.266611"
5250,"顧客05250","customer05250@example.com","ST03","非アクティブ","2026-06-04 15:15:53.266611"
5251,"顧客05251","customer05251@example.com","ST02","アクティブ","2026-06-04 15:15:53.266611"
5252,"顧客05252","customer05252@example.com","ST03","非アクティブ","2026-06-04 15:15:53.266611"
5253,"顧客05253","customer05253@example.com","ST03","非アクティブ","2026-06-04 15:15:53.266611"
5254,"顧客05254","customer05254@example.com","ST01","新規","2026-06-04 15:15:53.266611"
5255,"顧客05255","customer05255@example.com","ST03","非アクティブ","2026-06-04 15:15:53.266611"
5256,"顧客05256","customer05256@example.com","ST02","アクティブ","2026-06-04 15:15:53.266611"
5257,"顧客05257","customer05257@example.com","ST03","非アクティブ","2026-06-04 15:15:53.266611"
5258,"顧客05258","customer05258@example.com","ST02","アクティブ","2026-06-04 15:15:53.266611"
5259,"顧客05259","customer05259@example.com","ST02","アクティブ","2026-06-04 15:15:53.266611"
5260,"顧客05260","customer05260@example.com","ST01","新規","2026-06-04 15:15:53.266611"
5261,"顧客05261","customer05261@example.com","ST04","退会","2026-06-04 15:15:53.266611"
5262,"顧客05262","customer05262@example.com","ST01","新規","2026-06-04 15:15:53.266611"
5263,"顧客05263","customer05263@example.com","ST03","非アクティブ","2026-06-04 15:15:53.266611"
5264,"顧客05264","customer05264@example.com","ST01","新規","2026-06-04 15:15:53.266611"
5265,"顧客05265","customer05265@example.com","ST04","退会","2026-06-04 15:15:53.266611"
5266,"顧客05266","customer05266@example.com","ST02","アクティブ","2026-06-04 15:15:53.266611"
5267,"顧客05267","customer05267@example.com","ST03","非アクティブ","2026-06-04 15:15:53.266611"
5268,"顧客05268","customer05268@example.com","ST02","アクティブ","2026-06-04 15:15:53.266611"
5269,"顧客05269","customer05269@example.com","ST02","アクティブ","2026-06-04 15:15:53.266611"
5270,"顧客05270","customer05270@example.com","ST04","退会","2026-06-04 15:15:53.266611"
5271,"顧客05271","customer05271@example.com","ST02","アクティブ","2026-06-04 15:15:53.266611"
5272,"顧客05272","customer05272@example.com","ST03","非アクティブ","2026-06-04 15:15:53.266611"
5273,"顧客05273","customer05273@example.com","ST03","非アクティブ","2026-06-04 15:15:53.266611"
5274,"顧客05274","customer05274@example.com","ST01","新規","2026-06-04 15:15:53.266611"
5275,"顧客05275","customer05275@example.com","ST04","退会","2026-06-04 15:15:53.266611"
5276,"顧客05276","customer05276@example.com","ST02","アクティブ","2026-06-04 15:15:53.266611"
5277,"顧客05277","customer05277@example.com","ST01","新規","2026-06-04 15:15:53.266611"
5278,"顧客05278","customer05278@example.com","ST02","アクティブ","2026-06-04 15:15:53.266611"
5279,"顧客05279","customer05279@example.com","ST03","非アクティブ","2026-06-04 15:15:53.266611"
5280,"顧客05280","customer05280@example.com","ST04","退会","2026-06-04 15:15:53.266611"
5281,"顧客05281","customer05281@example.com","ST04","退会","2026-06-04 15:15:53.266611"
5282,"顧客05282","customer05282@example.com","ST02","アクティブ","2026-06-04 15:15:53.266611"
5283,"顧客05283","customer05283@example.com","ST04","退会","2026-06-04 15:15:53.266611"
5284,"顧客05284","customer05284@example.com","ST04","退会","2026-06-04 15:15:53.266611"
5285,"顧客05285","customer05285@example.com","ST01","新規","2026-06-04 15:15:53.266611"
5286,"顧客05286","customer05286@example.com","ST01","新規","2026-06-04 15:15:53.266611"
5287,"顧客05287","customer05287@example.com","ST01","新規","2026-06-04 15:15:53.266611"
5288,"顧客05288","customer05288@example.com","ST04","退会","2026-06-04 15:15:53.266611"
5289,"顧客05289","customer05289@example.com","ST02","アクティブ","2026-06-04 15:15:53.266611"
5290,"顧客05290","customer05290@example.com","ST04","退会","2026-06-04 15:15:53.266611"
5291,"顧客05291","customer05291@example.com","ST03","非アクティブ","2026-06-04 15:15:53.266611"
5292,"顧客05292","customer05292@example.com","ST02","アクティブ","2026-06-04 15:15:53.266611"
5293,"顧客05293","customer05293@example.com","ST03","非アクティブ","2026-06-04 15:15:53.266611"
5294,"顧客05294","customer05294@example.com","ST01","新規","2026-06-04 15:15:53.266611"
5295,"顧客05295","customer05295@example.com","ST01","新規","2026-06-04 15:15:53.266611"
5296,"顧客05296","customer05296@example.com","ST04","退会","2026-06-04 15:15:53.266611"
5297,"顧客05297","customer05297@example.com","ST02","アクティブ","2026-06-04 15:15:53.266611"
5298,"顧客05298","customer05298@example.com","ST03","非アクティブ","2026-06-04 15:15:53.266611"
5299,"顧客05299","customer05299@example.com","ST02","アクティブ","2026-06-04 15:15:53.266611"
5300,"顧客05300","customer05300@example.com","ST03","非アクティブ","2026-06-04 15:15:53.266611"
5301,"顧客05301","customer05301@example.com","ST01","新規","2026-06-04 15:15:53.266611"
5302,"顧客05302","customer05302@example.com","ST03","非アクティブ","2026-06-04 15:15:53.266611"
5303,"顧客05303","customer05303@example.com","ST02","アクティブ","2026-06-04 15:15:53.266611"
5304,"顧客05304","customer05304@example.com","ST03","非アクティブ","2026-06-04 15:15:53.266611"
5305,"顧客05305","customer05305@example.com","ST03","非アクティブ","2026-06-04 15:15:53.266611"
5306,"顧客05306","customer05306@example.com","ST02","アクティブ","2026-06-04 15:15:53.266611"
5307,"顧客05307","customer05307@example.com","ST04","退会","2026-06-04 15:15:53.266611"
5308,"顧客05308","customer05308@example.com","ST01","新規","2026-06-04 15:15:53.266611"
5309,"顧客05309","customer05309@example.com","ST02","アクティブ","2026-06-04 15:15:53.266611"
5310,"顧客05310","customer05310@example.com","ST03","非アクティブ","2026-06-04 15:15:53.266611"
5311,"顧客05311","customer05311@example.com","ST01","新規","2026-06-04 15:15:53.266611"
5312,"顧客05312","customer05312@example.com","ST01","新規","2026-06-04 15:15:53.266611"
5313,"顧客05313","customer05313@example.com","ST01","新規","2026-06-04 15:15:53.266611"
5314,"顧客05314","customer05314@example.com","ST01","新規","2026-06-04 15:15:53.266611"
5315,"顧客05315","customer05315@example.com","ST01","新規","2026-06-04 15:15:53.266611"
5316,"顧客05316","customer05316@example.com","ST03","非アクティブ","2026-06-04 15:15:53.266611"
5317,"顧客05317","customer05317@example.com","ST04","退会","2026-06-04 15:15:53.266611"
5318,"顧客05318","customer05318@example.com","ST01","新規","2026-06-04 15:15:53.266611"
5319,"顧客05319","customer05319@example.com","ST03","非アクティブ","2026-06-04 15:15:53.266611"
5320,"顧客05320","customer05320@example.com","ST02","アクティブ","2026-06-04 15:15:53.266611"
5321,"顧客05321","customer05321@example.com","ST01","新規","2026-06-04 15:15:53.266611"
5322,"顧客05322","customer05322@example.com","ST01","新規","2026-06-04 15:15:53.266611"
5323,"顧客05323","customer05323@example.com","ST04","退会","2026-06-04 15:15:53.266611"
5324,"顧客05324","customer05324@example.com","ST02","アクティブ","2026-06-04 15:15:53.266611"
5325,"顧客05325","customer05325@example.com","ST02","アクティブ","2026-06-04 15:15:53.266611"
5326,"顧客05326","customer05326@example.com","ST01","新規","2026-06-04 15:15:53.266611"
5327,"顧客05327","customer05327@example.com","ST02","アクティブ","2026-06-04 15:15:53.266611"
5328,"顧客05328","customer05328@example.com","ST03","非アクティブ","2026-06-04 15:15:53.266611"
5329,"顧客05329","customer05329@example.com","ST03","非アクティブ","2026-06-04 15:15:53.266611"
5330,"顧客05330","customer05330@example.com","ST04","退会","2026-06-04 15:15:53.266611"
5331,"顧客05331","customer05331@example.com","ST04","退会","2026-06-04 15:15:53.266611"
5332,"顧客05332","customer05332@example.com","ST02","アクティブ","2026-06-04 15:15:53.266611"
5333,"顧客05333","customer05333@example.com","ST01","新規","2026-06-04 15:15:53.266611"
5334,"顧客05334","customer05334@example.com","ST03","非アクティブ","2026-06-04 15:15:53.266611"
5335,"顧客05335","customer05335@example.com","ST03","非アクティブ","2026-06-04 15:15:53.266611"
5336,"顧客05336","customer05336@example.com","ST03","非アクティブ","2026-06-04 15:15:53.266611"
5337,"顧客05337","customer05337@example.com","ST04","退会","2026-06-04 15:15:53.266611"
5338,"顧客05338","customer05338@example.com","ST04","退会","2026-06-04 15:15:53.266611"
5339,"顧客05339","customer05339@example.com","ST01","新規","2026-06-04 15:15:53.266611"
5340,"顧客05340","customer05340@example.com","ST02","アクティブ","2026-06-04 15:15:53.266611"
5341,"顧客05341","customer05341@example.com","ST04","退会","2026-06-04 15:15:53.266611"
5342,"顧客05342","customer05342@example.com","ST04","退会","2026-06-04 15:15:53.266611"
5343,"顧客05343","customer05343@example.com","ST04","退会","2026-06-04 15:15:53.266611"
5344,"顧客05344","customer05344@example.com","ST02","アクティブ","2026-06-04 15:15:53.266611"
5345,"顧客05345","customer05345@example.com","ST03","非アクティブ","2026-06-04 15:15:53.266611"
5346,"顧客05346","customer05346@example.com","ST03","非アクティブ","2026-06-04 15:15:53.266611"
5347,"顧客05347","customer05347@example.com","ST04","退会","2026-06-04 15:15:53.266611"
5348,"顧客05348","customer05348@example.com","ST04","退会","2026-06-04 15:15:53.266611"
5349,"顧客05349","customer05349@example.com","ST03","非アクティブ","2026-06-04 15:15:53.266611"
5350,"顧客05350","customer05350@example.com","ST04","退会","2026-06-04 15:15:53.266611"
5351,"顧客05351","customer05351@example.com","ST03","非アクティブ","2026-06-04 15:15:53.266611"
5352,"顧客05352","customer05352@example.com","ST04","退会","2026-06-04 15:15:53.266611"
5353,"顧客05353","customer05353@example.com","ST04","退会","2026-06-04 15:15:53.266611"
5354,"顧客05354","customer05354@example.com","ST02","アクティブ","2026-06-04 15:15:53.266611"
5355,"顧客05355","customer05355@example.com","ST03","非アクティブ","2026-06-04 15:15:53.266611"
5356,"顧客05356","customer05356@example.com","ST01","新規","2026-06-04 15:15:53.266611"
5357,"顧客05357","customer05357@example.com","ST04","退会","2026-06-04 15:15:53.266611"
5358,"顧客05358","customer05358@example.com","ST02","アクティブ","2026-06-04 15:15:53.266611"
5359,"顧客05359","customer05359@example.com","ST03","非アクティブ","2026-06-04 15:15:53.266611"
5360,"顧客05360","customer05360@example.com","ST01","新規","2026-06-04 15:15:53.266611"
5361,"顧客05361","customer05361@example.com","ST01","新規","2026-06-04 15:15:53.266611"
5362,"顧客05362","customer05362@example.com","ST01","新規","2026-06-04 15:15:53.266611"
5363,"顧客05363","customer05363@example.com","ST04","退会","2026-06-04 15:15:53.266611"
5364,"顧客05364","customer05364@example.com","ST03","非アクティブ","2026-06-04 15:15:53.266611"
5365,"顧客05365","customer05365@example.com","ST01","新規","2026-06-04 15:15:53.266611"
5366,"顧客05366","customer05366@example.com","ST03","非アクティブ","2026-06-04 15:15:53.266611"
5367,"顧客05367","customer05367@example.com","ST03","非アクティブ","2026-06-04 15:15:53.266611"
5368,"顧客05368","customer05368@example.com","ST03","非アクティブ","2026-06-04 15:15:53.266611"
5369,"顧客05369","customer05369@example.com","ST02","アクティブ","2026-06-04 15:15:53.266611"
5370,"顧客05370","customer05370@example.com","ST02","アクティブ","2026-06-04 15:15:53.266611"
5371,"顧客05371","customer05371@example.com","ST03","非アクティブ","2026-06-04 15:15:53.266611"
5372,"顧客05372","customer05372@example.com","ST03","非アクティブ","2026-06-04 15:15:53.266611"
5373,"顧客05373","customer05373@example.com","ST03","非アクティブ","2026-06-04 15:15:53.266611"
5374,"顧客05374","customer05374@example.com","ST04","退会","2026-06-04 15:15:53.266611"
5375,"顧客05375","customer05375@example.com","ST02","アクティブ","2026-06-04 15:15:53.266611"
5376,"顧客05376","customer05376@example.com","ST03","非アクティブ","2026-06-04 15:15:53.266611"
5377,"顧客05377","customer05377@example.com","ST01","新規","2026-06-04 15:15:53.266611"
5378,"顧客05378","customer05378@example.com","ST04","退会","2026-06-04 15:15:53.266611"
5379,"顧客05379","customer05379@example.com","ST02","アクティブ","2026-06-04 15:15:53.266611"
5380,"顧客05380","customer05380@example.com","ST03","非アクティブ","2026-06-04 15:15:53.266611"
5381,"顧客05381","customer05381@example.com","ST01","新規","2026-06-04 15:15:53.266611"
5382,"顧客05382","customer05382@example.com","ST01","新規","2026-06-04 15:15:53.266611"
5383,"顧客05383","customer05383@example.com","ST01","新規","2026-06-04 15:15:53.266611"
5384,"顧客05384","customer05384@example.com","ST03","非アクティブ","2026-06-04 15:15:53.266611"
5385,"顧客05385","customer05385@example.com","ST01","新規","2026-06-04 15:15:53.266611"
5386,"顧客05386","customer05386@example.com","ST03","非アクティブ","2026-06-04 15:15:53.266611"
5387,"顧客05387","customer05387@example.com","ST01","新規","2026-06-04 15:15:53.266611"
5388,"顧客05388","customer05388@example.com","ST03","非アクティブ","2026-06-04 15:15:53.266611"
5389,"顧客05389","customer05389@example.com","ST02","アクティブ","2026-06-04 15:15:53.266611"
5390,"顧客05390","customer05390@example.com","ST02","アクティブ","2026-06-04 15:15:53.266611"
5391,"顧客05391","customer05391@example.com","ST03","非アクティブ","2026-06-04 15:15:53.266611"
5392,"顧客05392","customer05392@example.com","ST01","新規","2026-06-04 15:15:53.266611"
5393,"顧客05393","customer05393@example.com","ST03","非アクティブ","2026-06-04 15:15:53.266611"
5394,"顧客05394","customer05394@example.com","ST03","非アクティブ","2026-06-04 15:15:53.266611"
5395,"顧客05395","customer05395@example.com","ST02","アクティブ","2026-06-04 15:15:53.266611"
5396,"顧客05396","customer05396@example.com","ST03","非アクティブ","2026-06-04 15:15:53.266611"
5397,"顧客05397","customer05397@example.com","ST04","退会","2026-06-04 15:15:53.266611"
5398,"顧客05398","customer05398@example.com","ST02","アクティブ","2026-06-04 15:15:53.266611"
5399,"顧客05399","customer05399@example.com","ST02","アクティブ","2026-06-04 15:15:53.266611"
5400,"顧客05400","customer05400@example.com","ST04","退会","2026-06-04 15:15:53.266611"
5401,"顧客05401","customer05401@example.com","ST03","非アクティブ","2026-06-04 15:15:53.266611"
5402,"顧客05402","customer05402@example.com","ST04","退会","2026-06-04 15:15:53.266611"
5403,"顧客05403","customer05403@example.com","ST01","新規","2026-06-04 15:15:53.266611"
5404,"顧客05404","customer05404@example.com","ST04","退会","2026-06-04 15:15:53.266611"
5405,"顧客05405","customer05405@example.com","ST02","アクティブ","2026-06-04 15:15:53.266611"
5406,"顧客05406","customer05406@example.com","ST02","アクティブ","2026-06-04 15:15:53.266611"
5407,"顧客05407","customer05407@example.com","ST04","退会","2026-06-04 15:15:53.266611"
5408,"顧客05408","customer05408@example.com","ST04","退会","2026-06-04 15:15:53.266611"
5409,"顧客05409","customer05409@example.com","ST01","新規","2026-06-04 15:15:53.266611"
5410,"顧客05410","customer05410@example.com","ST02","アクティブ","2026-06-04 15:15:53.266611"
5411,"顧客05411","customer05411@example.com","ST03","非アクティブ","2026-06-04 15:15:53.266611"
5412,"顧客05412","customer05412@example.com","ST03","非アクティブ","2026-06-04 15:15:53.266611"
5413,"顧客05413","customer05413@example.com","ST02","アクティブ","2026-06-04 15:15:53.266611"
5414,"顧客05414","customer05414@example.com","ST03","非アクティブ","2026-06-04 15:15:53.266611"
5415,"顧客05415","customer05415@example.com","ST01","新規","2026-06-04 15:15:53.266611"
5416,"顧客05416","customer05416@example.com","ST01","新規","2026-06-04 15:15:53.266611"
5417,"顧客05417","customer05417@example.com","ST01","新規","2026-06-04 15:15:53.266611"
5418,"顧客05418","customer05418@example.com","ST03","非アクティブ","2026-06-04 15:15:53.266611"
5419,"顧客05419","customer05419@example.com","ST02","アクティブ","2026-06-04 15:15:53.266611"
5420,"顧客05420","customer05420@example.com","ST03","非アクティブ","2026-06-04 15:15:53.266611"
5421,"顧客05421","customer05421@example.com","ST03","非アクティブ","2026-06-04 15:15:53.266611"
5422,"顧客05422","customer05422@example.com","ST03","非アクティブ","2026-06-04 15:15:53.266611"
5423,"顧客05423","customer05423@example.com","ST02","アクティブ","2026-06-04 15:15:53.266611"
5424,"顧客05424","customer05424@example.com","ST01","新規","2026-06-04 15:15:53.266611"
5425,"顧客05425","customer05425@example.com","ST04","退会","2026-06-04 15:15:53.266611"
5426,"顧客05426","customer05426@example.com","ST02","アクティブ","2026-06-04 15:15:53.266611"
5427,"顧客05427","customer05427@example.com","ST04","退会","2026-06-04 15:15:53.266611"
5428,"顧客05428","customer05428@example.com","ST02","アクティブ","2026-06-04 15:15:53.266611"
5429,"顧客05429","customer05429@example.com","ST03","非アクティブ","2026-06-04 15:15:53.266611"
5430,"顧客05430","customer05430@example.com","ST03","非アクティブ","2026-06-04 15:15:53.266611"
5431,"顧客05431","customer05431@example.com","ST03","非アクティブ","2026-06-04 15:15:53.266611"
5432,"顧客05432","customer05432@example.com","ST02","アクティブ","2026-06-04 15:15:53.266611"
5433,"顧客05433","customer05433@example.com","ST04","退会","2026-06-04 15:15:53.266611"
5434,"顧客05434","customer05434@example.com","ST01","新規","2026-06-04 15:15:53.266611"
5435,"顧客05435","customer05435@example.com","ST01","新規","2026-06-04 15:15:53.266611"
5436,"顧客05436","customer05436@example.com","ST04","退会","2026-06-04 15:15:53.266611"
5437,"顧客05437","customer05437@example.com","ST01","新規","2026-06-04 15:15:53.266611"
5438,"顧客05438","customer05438@example.com","ST04","退会","2026-06-04 15:15:53.266611"
5439,"顧客05439","customer05439@example.com","ST04","退会","2026-06-04 15:15:53.266611"
5440,"顧客05440","customer05440@example.com","ST01","新規","2026-06-04 15:15:53.266611"
5441,"顧客05441","customer05441@example.com","ST04","退会","2026-06-04 15:15:53.266611"
5442,"顧客05442","customer05442@example.com","ST02","アクティブ","2026-06-04 15:15:53.266611"
5443,"顧客05443","customer05443@example.com","ST01","新規","2026-06-04 15:15:53.266611"
5444,"顧客05444","customer05444@example.com","ST04","退会","2026-06-04 15:15:53.266611"
5445,"顧客05445","customer05445@example.com","ST03","非アクティブ","2026-06-04 15:15:53.266611"
5446,"顧客05446","customer05446@example.com","ST03","非アクティブ","2026-06-04 15:15:53.266611"
5447,"顧客05447","customer05447@example.com","ST01","新規","2026-06-04 15:15:53.266611"
5448,"顧客05448","customer05448@example.com","ST04","退会","2026-06-04 15:15:53.266611"
5449,"顧客05449","customer05449@example.com","ST04","退会","2026-06-04 15:15:53.266611"
5450,"顧客05450","customer05450@example.com","ST02","アクティブ","2026-06-04 15:15:53.266611"
5451,"顧客05451","customer05451@example.com","ST01","新規","2026-06-04 15:15:53.266611"
5452,"顧客05452","customer05452@example.com","ST01","新規","2026-06-04 15:15:53.266611"
5453,"顧客05453","customer05453@example.com","ST04","退会","2026-06-04 15:15:53.266611"
5454,"顧客05454","customer05454@example.com","ST03","非アクティブ","2026-06-04 15:15:53.266611"
5455,"顧客05455","customer05455@example.com","ST03","非アクティブ","2026-06-04 15:15:53.266611"
5456,"顧客05456","customer05456@example.com","ST02","アクティブ","2026-06-04 15:15:53.266611"
5457,"顧客05457","customer05457@example.com","ST03","非アクティブ","2026-06-04 15:15:53.266611"
5458,"顧客05458","customer05458@example.com","ST02","アクティブ","2026-06-04 15:15:53.266611"
5459,"顧客05459","customer05459@example.com","ST01","新規","2026-06-04 15:15:53.266611"
5460,"顧客05460","customer05460@example.com","ST01","新規","2026-06-04 15:15:53.266611"
5461,"顧客05461","customer05461@example.com","ST04","退会","2026-06-04 15:15:53.266611"
5462,"顧客05462","customer05462@example.com","ST01","新規","2026-06-04 15:15:53.266611"
5463,"顧客05463","customer05463@example.com","ST02","アクティブ","2026-06-04 15:15:53.266611"
5464,"顧客05464","customer05464@example.com","ST03","非アクティブ","2026-06-04 15:15:53.266611"
5465,"顧客05465","customer05465@example.com","ST03","非アクティブ","2026-06-04 15:15:53.266611"
5466,"顧客05466","customer05466@example.com","ST02","アクティブ","2026-06-04 15:15:53.266611"
5467,"顧客05467","customer05467@example.com","ST04","退会","2026-06-04 15:15:53.266611"
5468,"顧客05468","customer05468@example.com","ST04","退会","2026-06-04 15:15:53.266611"
5469,"顧客05469","customer05469@example.com","ST01","新規","2026-06-04 15:15:53.266611"
5470,"顧客05470","customer05470@example.com","ST04","退会","2026-06-04 15:15:53.266611"
5471,"顧客05471","customer05471@example.com","ST01","新規","2026-06-04 15:15:53.266611"
5472,"顧客05472","customer05472@example.com","ST03","非アクティブ","2026-06-04 15:15:53.266611"
5473,"顧客05473","customer05473@example.com","ST02","アクティブ","2026-06-04 15:15:53.266611"
5474,"顧客05474","customer05474@example.com","ST04","退会","2026-06-04 15:15:53.266611"
5475,"顧客05475","customer05475@example.com","ST03","非アクティブ","2026-06-04 15:15:53.266611"
5476,"顧客05476","customer05476@example.com","ST03","非アクティブ","2026-06-04 15:15:53.266611"
5477,"顧客05477","customer05477@example.com","ST02","アクティブ","2026-06-04 15:15:53.266611"
5478,"顧客05478","customer05478@example.com","ST04","退会","2026-06-04 15:15:53.266611"
5479,"顧客05479","customer05479@example.com","ST02","アクティブ","2026-06-04 15:15:53.266611"
5480,"顧客05480","customer05480@example.com","ST02","アクティブ","2026-06-04 15:15:53.266611"
5481,"顧客05481","customer05481@example.com","ST02","アクティブ","2026-06-04 15:15:53.266611"
5482,"顧客05482","customer05482@example.com","ST02","アクティブ","2026-06-04 15:15:53.266611"
5483,"顧客05483","customer05483@example.com","ST04","退会","2026-06-04 15:15:53.266611"
5484,"顧客05484","customer05484@example.com","ST02","アクティブ","2026-06-04 15:15:53.266611"
5485,"顧客05485","customer05485@example.com","ST02","アクティブ","2026-06-04 15:15:53.266611"
5486,"顧客05486","customer05486@example.com","ST02","アクティブ","2026-06-04 15:15:53.266611"
5487,"顧客05487","customer05487@example.com","ST01","新規","2026-06-04 15:15:53.266611"
5488,"顧客05488","customer05488@example.com","ST02","アクティブ","2026-06-04 15:15:53.266611"
5489,"顧客05489","customer05489@example.com","ST03","非アクティブ","2026-06-04 15:15:53.266611"
5571,"顧客05571","customer05571@example.com","ST04","退会","2026-06-04 15:15:53.266611"
5490,"顧客05490","customer05490@example.com","ST03","非アクティブ","2026-06-04 15:15:53.266611"
5491,"顧客05491","customer05491@example.com","ST03","非アクティブ","2026-06-04 15:15:53.266611"
5492,"顧客05492","customer05492@example.com","ST04","退会","2026-06-04 15:15:53.266611"
5493,"顧客05493","customer05493@example.com","ST03","非アクティブ","2026-06-04 15:15:53.266611"
5494,"顧客05494","customer05494@example.com","ST02","アクティブ","2026-06-04 15:15:53.266611"
5495,"顧客05495","customer05495@example.com","ST03","非アクティブ","2026-06-04 15:15:53.266611"
5496,"顧客05496","customer05496@example.com","ST01","新規","2026-06-04 15:15:53.266611"
5497,"顧客05497","customer05497@example.com","ST02","アクティブ","2026-06-04 15:15:53.266611"
5498,"顧客05498","customer05498@example.com","ST03","非アクティブ","2026-06-04 15:15:53.266611"
5499,"顧客05499","customer05499@example.com","ST02","アクティブ","2026-06-04 15:15:53.266611"
5500,"顧客05500","customer05500@example.com","ST01","新規","2026-06-04 15:15:53.266611"
5501,"顧客05501","customer05501@example.com","ST04","退会","2026-06-04 15:15:53.266611"
5502,"顧客05502","customer05502@example.com","ST04","退会","2026-06-04 15:15:53.266611"
5503,"顧客05503","customer05503@example.com","ST01","新規","2026-06-04 15:15:53.266611"
5504,"顧客05504","customer05504@example.com","ST03","非アクティブ","2026-06-04 15:15:53.266611"
5505,"顧客05505","customer05505@example.com","ST04","退会","2026-06-04 15:15:53.266611"
5506,"顧客05506","customer05506@example.com","ST02","アクティブ","2026-06-04 15:15:53.266611"
5507,"顧客05507","customer05507@example.com","ST03","非アクティブ","2026-06-04 15:15:53.266611"
5508,"顧客05508","customer05508@example.com","ST02","アクティブ","2026-06-04 15:15:53.266611"
5509,"顧客05509","customer05509@example.com","ST03","非アクティブ","2026-06-04 15:15:53.266611"
5510,"顧客05510","customer05510@example.com","ST02","アクティブ","2026-06-04 15:15:53.266611"
5511,"顧客05511","customer05511@example.com","ST04","退会","2026-06-04 15:15:53.266611"
5512,"顧客05512","customer05512@example.com","ST02","アクティブ","2026-06-04 15:15:53.266611"
5513,"顧客05513","customer05513@example.com","ST04","退会","2026-06-04 15:15:53.266611"
5514,"顧客05514","customer05514@example.com","ST03","非アクティブ","2026-06-04 15:15:53.266611"
5515,"顧客05515","customer05515@example.com","ST02","アクティブ","2026-06-04 15:15:53.266611"
5516,"顧客05516","customer05516@example.com","ST03","非アクティブ","2026-06-04 15:15:53.266611"
5517,"顧客05517","customer05517@example.com","ST04","退会","2026-06-04 15:15:53.266611"
5518,"顧客05518","customer05518@example.com","ST02","アクティブ","2026-06-04 15:15:53.266611"
5519,"顧客05519","customer05519@example.com","ST02","アクティブ","2026-06-04 15:15:53.266611"
5520,"顧客05520","customer05520@example.com","ST02","アクティブ","2026-06-04 15:15:53.266611"
5521,"顧客05521","customer05521@example.com","ST03","非アクティブ","2026-06-04 15:15:53.266611"
5522,"顧客05522","customer05522@example.com","ST04","退会","2026-06-04 15:15:53.266611"
5523,"顧客05523","customer05523@example.com","ST04","退会","2026-06-04 15:15:53.266611"
5524,"顧客05524","customer05524@example.com","ST01","新規","2026-06-04 15:15:53.266611"
5525,"顧客05525","customer05525@example.com","ST03","非アクティブ","2026-06-04 15:15:53.266611"
5526,"顧客05526","customer05526@example.com","ST02","アクティブ","2026-06-04 15:15:53.266611"
5527,"顧客05527","customer05527@example.com","ST03","非アクティブ","2026-06-04 15:15:53.266611"
5528,"顧客05528","customer05528@example.com","ST02","アクティブ","2026-06-04 15:15:53.266611"
5529,"顧客05529","customer05529@example.com","ST03","非アクティブ","2026-06-04 15:15:53.266611"
5530,"顧客05530","customer05530@example.com","ST01","新規","2026-06-04 15:15:53.266611"
5531,"顧客05531","customer05531@example.com","ST01","新規","2026-06-04 15:15:53.266611"
5532,"顧客05532","customer05532@example.com","ST03","非アクティブ","2026-06-04 15:15:53.266611"
5533,"顧客05533","customer05533@example.com","ST01","新規","2026-06-04 15:15:53.266611"
5534,"顧客05534","customer05534@example.com","ST01","新規","2026-06-04 15:15:53.266611"
5535,"顧客05535","customer05535@example.com","ST02","アクティブ","2026-06-04 15:15:53.266611"
5536,"顧客05536","customer05536@example.com","ST03","非アクティブ","2026-06-04 15:15:53.266611"
5537,"顧客05537","customer05537@example.com","ST04","退会","2026-06-04 15:15:53.266611"
5538,"顧客05538","customer05538@example.com","ST04","退会","2026-06-04 15:15:53.266611"
5539,"顧客05539","customer05539@example.com","ST04","退会","2026-06-04 15:15:53.266611"
5540,"顧客05540","customer05540@example.com","ST02","アクティブ","2026-06-04 15:15:53.266611"
5541,"顧客05541","customer05541@example.com","ST03","非アクティブ","2026-06-04 15:15:53.266611"
5542,"顧客05542","customer05542@example.com","ST02","アクティブ","2026-06-04 15:15:53.266611"
5543,"顧客05543","customer05543@example.com","ST04","退会","2026-06-04 15:15:53.266611"
5544,"顧客05544","customer05544@example.com","ST03","非アクティブ","2026-06-04 15:15:53.266611"
5545,"顧客05545","customer05545@example.com","ST04","退会","2026-06-04 15:15:53.266611"
5546,"顧客05546","customer05546@example.com","ST03","非アクティブ","2026-06-04 15:15:53.266611"
5547,"顧客05547","customer05547@example.com","ST03","非アクティブ","2026-06-04 15:15:53.266611"
5548,"顧客05548","customer05548@example.com","ST02","アクティブ","2026-06-04 15:15:53.266611"
5549,"顧客05549","customer05549@example.com","ST02","アクティブ","2026-06-04 15:15:53.266611"
5550,"顧客05550","customer05550@example.com","ST04","退会","2026-06-04 15:15:53.266611"
5551,"顧客05551","customer05551@example.com","ST03","非アクティブ","2026-06-04 15:15:53.266611"
5552,"顧客05552","customer05552@example.com","ST02","アクティブ","2026-06-04 15:15:53.266611"
5553,"顧客05553","customer05553@example.com","ST02","アクティブ","2026-06-04 15:15:53.266611"
5554,"顧客05554","customer05554@example.com","ST03","非アクティブ","2026-06-04 15:15:53.266611"
5555,"顧客05555","customer05555@example.com","ST02","アクティブ","2026-06-04 15:15:53.266611"
5556,"顧客05556","customer05556@example.com","ST01","新規","2026-06-04 15:15:53.266611"
5557,"顧客05557","customer05557@example.com","ST04","退会","2026-06-04 15:15:53.266611"
5558,"顧客05558","customer05558@example.com","ST02","アクティブ","2026-06-04 15:15:53.266611"
5559,"顧客05559","customer05559@example.com","ST02","アクティブ","2026-06-04 15:15:53.266611"
5560,"顧客05560","customer05560@example.com","ST03","非アクティブ","2026-06-04 15:15:53.266611"
5561,"顧客05561","customer05561@example.com","ST02","アクティブ","2026-06-04 15:15:53.266611"
5562,"顧客05562","customer05562@example.com","ST03","非アクティブ","2026-06-04 15:15:53.266611"
5563,"顧客05563","customer05563@example.com","ST02","アクティブ","2026-06-04 15:15:53.266611"
5564,"顧客05564","customer05564@example.com","ST02","アクティブ","2026-06-04 15:15:53.266611"
5565,"顧客05565","customer05565@example.com","ST01","新規","2026-06-04 15:15:53.266611"
5566,"顧客05566","customer05566@example.com","ST02","アクティブ","2026-06-04 15:15:53.266611"
5567,"顧客05567","customer05567@example.com","ST03","非アクティブ","2026-06-04 15:15:53.266611"
5568,"顧客05568","customer05568@example.com","ST02","アクティブ","2026-06-04 15:15:53.266611"
5569,"顧客05569","customer05569@example.com","ST04","退会","2026-06-04 15:15:53.266611"
5570,"顧客05570","customer05570@example.com","ST02","アクティブ","2026-06-04 15:15:53.266611"
5572,"顧客05572","customer05572@example.com","ST03","非アクティブ","2026-06-04 15:15:53.266611"
5573,"顧客05573","customer05573@example.com","ST03","非アクティブ","2026-06-04 15:15:53.266611"
5574,"顧客05574","customer05574@example.com","ST02","アクティブ","2026-06-04 15:15:53.266611"
5575,"顧客05575","customer05575@example.com","ST03","非アクティブ","2026-06-04 15:15:53.266611"
5576,"顧客05576","customer05576@example.com","ST01","新規","2026-06-04 15:15:53.266611"
5577,"顧客05577","customer05577@example.com","ST04","退会","2026-06-04 15:15:53.266611"
5578,"顧客05578","customer05578@example.com","ST02","アクティブ","2026-06-04 15:15:53.266611"
5579,"顧客05579","customer05579@example.com","ST03","非アクティブ","2026-06-04 15:15:53.266611"
5580,"顧客05580","customer05580@example.com","ST03","非アクティブ","2026-06-04 15:15:53.266611"
5581,"顧客05581","customer05581@example.com","ST01","新規","2026-06-04 15:15:53.266611"
5582,"顧客05582","customer05582@example.com","ST02","アクティブ","2026-06-04 15:15:53.266611"
5583,"顧客05583","customer05583@example.com","ST01","新規","2026-06-04 15:15:53.266611"
5584,"顧客05584","customer05584@example.com","ST03","非アクティブ","2026-06-04 15:15:53.266611"
5585,"顧客05585","customer05585@example.com","ST03","非アクティブ","2026-06-04 15:15:53.266611"
5586,"顧客05586","customer05586@example.com","ST02","アクティブ","2026-06-04 15:15:53.266611"
5587,"顧客05587","customer05587@example.com","ST03","非アクティブ","2026-06-04 15:15:53.266611"
5588,"顧客05588","customer05588@example.com","ST02","アクティブ","2026-06-04 15:15:53.266611"
5589,"顧客05589","customer05589@example.com","ST01","新規","2026-06-04 15:15:53.266611"
5590,"顧客05590","customer05590@example.com","ST03","非アクティブ","2026-06-04 15:15:53.266611"
5591,"顧客05591","customer05591@example.com","ST01","新規","2026-06-04 15:15:53.266611"
5592,"顧客05592","customer05592@example.com","ST03","非アクティブ","2026-06-04 15:15:53.266611"
5593,"顧客05593","customer05593@example.com","ST01","新規","2026-06-04 15:15:53.266611"
5594,"顧客05594","customer05594@example.com","ST01","新規","2026-06-04 15:15:53.266611"
5595,"顧客05595","customer05595@example.com","ST04","退会","2026-06-04 15:15:53.266611"
5596,"顧客05596","customer05596@example.com","ST01","新規","2026-06-04 15:15:53.266611"
5597,"顧客05597","customer05597@example.com","ST03","非アクティブ","2026-06-04 15:15:53.266611"
5598,"顧客05598","customer05598@example.com","ST02","アクティブ","2026-06-04 15:15:53.266611"
5599,"顧客05599","customer05599@example.com","ST04","退会","2026-06-04 15:15:53.266611"
5600,"顧客05600","customer05600@example.com","ST02","アクティブ","2026-06-04 15:15:53.266611"
5601,"顧客05601","customer05601@example.com","ST03","非アクティブ","2026-06-04 15:15:53.266611"
5602,"顧客05602","customer05602@example.com","ST02","アクティブ","2026-06-04 15:15:53.266611"
5603,"顧客05603","customer05603@example.com","ST01","新規","2026-06-04 15:15:53.266611"
5604,"顧客05604","customer05604@example.com","ST02","アクティブ","2026-06-04 15:15:53.266611"
5605,"顧客05605","customer05605@example.com","ST02","アクティブ","2026-06-04 15:15:53.266611"
5606,"顧客05606","customer05606@example.com","ST02","アクティブ","2026-06-04 15:15:53.266611"
5607,"顧客05607","customer05607@example.com","ST03","非アクティブ","2026-06-04 15:15:53.266611"
5608,"顧客05608","customer05608@example.com","ST04","退会","2026-06-04 15:15:53.266611"
5609,"顧客05609","customer05609@example.com","ST01","新規","2026-06-04 15:15:53.266611"
5610,"顧客05610","customer05610@example.com","ST02","アクティブ","2026-06-04 15:15:53.266611"
5611,"顧客05611","customer05611@example.com","ST03","非アクティブ","2026-06-04 15:15:53.266611"
5612,"顧客05612","customer05612@example.com","ST03","非アクティブ","2026-06-04 15:15:53.266611"
5613,"顧客05613","customer05613@example.com","ST04","退会","2026-06-04 15:15:53.266611"
5614,"顧客05614","customer05614@example.com","ST01","新規","2026-06-04 15:15:53.266611"
5615,"顧客05615","customer05615@example.com","ST01","新規","2026-06-04 15:15:53.266611"
5616,"顧客05616","customer05616@example.com","ST03","非アクティブ","2026-06-04 15:15:53.266611"
5617,"顧客05617","customer05617@example.com","ST01","新規","2026-06-04 15:15:53.266611"
5618,"顧客05618","customer05618@example.com","ST03","非アクティブ","2026-06-04 15:15:53.266611"
5619,"顧客05619","customer05619@example.com","ST04","退会","2026-06-04 15:15:53.266611"
5620,"顧客05620","customer05620@example.com","ST02","アクティブ","2026-06-04 15:15:53.266611"
5621,"顧客05621","customer05621@example.com","ST02","アクティブ","2026-06-04 15:15:53.266611"
5622,"顧客05622","customer05622@example.com","ST04","退会","2026-06-04 15:15:53.266611"
5623,"顧客05623","customer05623@example.com","ST04","退会","2026-06-04 15:15:53.266611"
5624,"顧客05624","customer05624@example.com","ST01","新規","2026-06-04 15:15:53.266611"
5625,"顧客05625","customer05625@example.com","ST03","非アクティブ","2026-06-04 15:15:53.266611"
5626,"顧客05626","customer05626@example.com","ST03","非アクティブ","2026-06-04 15:15:53.266611"
5627,"顧客05627","customer05627@example.com","ST03","非アクティブ","2026-06-04 15:15:53.266611"
5628,"顧客05628","customer05628@example.com","ST01","新規","2026-06-04 15:15:53.266611"
5629,"顧客05629","customer05629@example.com","ST02","アクティブ","2026-06-04 15:15:53.266611"
5630,"顧客05630","customer05630@example.com","ST04","退会","2026-06-04 15:15:53.266611"
5631,"顧客05631","customer05631@example.com","ST04","退会","2026-06-04 15:15:53.266611"
5632,"顧客05632","customer05632@example.com","ST03","非アクティブ","2026-06-04 15:15:53.266611"
5633,"顧客05633","customer05633@example.com","ST03","非アクティブ","2026-06-04 15:15:53.266611"
5634,"顧客05634","customer05634@example.com","ST01","新規","2026-06-04 15:15:53.266611"
5635,"顧客05635","customer05635@example.com","ST04","退会","2026-06-04 15:15:53.266611"
5636,"顧客05636","customer05636@example.com","ST04","退会","2026-06-04 15:15:53.266611"
5637,"顧客05637","customer05637@example.com","ST01","新規","2026-06-04 15:15:53.266611"
5638,"顧客05638","customer05638@example.com","ST02","アクティブ","2026-06-04 15:15:53.266611"
5639,"顧客05639","customer05639@example.com","ST02","アクティブ","2026-06-04 15:15:53.266611"
5640,"顧客05640","customer05640@example.com","ST02","アクティブ","2026-06-04 15:15:53.266611"
5641,"顧客05641","customer05641@example.com","ST01","新規","2026-06-04 15:15:53.266611"
5642,"顧客05642","customer05642@example.com","ST04","退会","2026-06-04 15:15:53.266611"
5643,"顧客05643","customer05643@example.com","ST03","非アクティブ","2026-06-04 15:15:53.266611"
5644,"顧客05644","customer05644@example.com","ST03","非アクティブ","2026-06-04 15:15:53.266611"
5645,"顧客05645","customer05645@example.com","ST02","アクティブ","2026-06-04 15:15:53.266611"
5646,"顧客05646","customer05646@example.com","ST02","アクティブ","2026-06-04 15:15:53.266611"
5647,"顧客05647","customer05647@example.com","ST02","アクティブ","2026-06-04 15:15:53.266611"
5648,"顧客05648","customer05648@example.com","ST04","退会","2026-06-04 15:15:53.266611"
5649,"顧客05649","customer05649@example.com","ST03","非アクティブ","2026-06-04 15:15:53.266611"
5650,"顧客05650","customer05650@example.com","ST02","アクティブ","2026-06-04 15:15:53.266611"
5651,"顧客05651","customer05651@example.com","ST01","新規","2026-06-04 15:15:53.266611"
5652,"顧客05652","customer05652@example.com","ST03","非アクティブ","2026-06-04 15:15:53.266611"
5653,"顧客05653","customer05653@example.com","ST03","非アクティブ","2026-06-04 15:15:53.266611"
5654,"顧客05654","customer05654@example.com","ST03","非アクティブ","2026-06-04 15:15:53.266611"
5655,"顧客05655","customer05655@example.com","ST02","アクティブ","2026-06-04 15:15:53.266611"
5656,"顧客05656","customer05656@example.com","ST02","アクティブ","2026-06-04 15:15:53.266611"
5657,"顧客05657","customer05657@example.com","ST02","アクティブ","2026-06-04 15:15:53.266611"
5658,"顧客05658","customer05658@example.com","ST04","退会","2026-06-04 15:15:53.266611"
5659,"顧客05659","customer05659@example.com","ST03","非アクティブ","2026-06-04 15:15:53.266611"
5660,"顧客05660","customer05660@example.com","ST01","新規","2026-06-04 15:15:53.266611"
5661,"顧客05661","customer05661@example.com","ST01","新規","2026-06-04 15:15:53.266611"
5662,"顧客05662","customer05662@example.com","ST01","新規","2026-06-04 15:15:53.266611"
5663,"顧客05663","customer05663@example.com","ST03","非アクティブ","2026-06-04 15:15:53.266611"
5664,"顧客05664","customer05664@example.com","ST02","アクティブ","2026-06-04 15:15:53.266611"
5665,"顧客05665","customer05665@example.com","ST03","非アクティブ","2026-06-04 15:15:53.266611"
5666,"顧客05666","customer05666@example.com","ST03","非アクティブ","2026-06-04 15:15:53.266611"
5667,"顧客05667","customer05667@example.com","ST02","アクティブ","2026-06-04 15:15:53.266611"
5668,"顧客05668","customer05668@example.com","ST02","アクティブ","2026-06-04 15:15:53.266611"
5669,"顧客05669","customer05669@example.com","ST01","新規","2026-06-04 15:15:53.266611"
5670,"顧客05670","customer05670@example.com","ST03","非アクティブ","2026-06-04 15:15:53.266611"
5671,"顧客05671","customer05671@example.com","ST03","非アクティブ","2026-06-04 15:15:53.266611"
5672,"顧客05672","customer05672@example.com","ST02","アクティブ","2026-06-04 15:15:53.266611"
5673,"顧客05673","customer05673@example.com","ST01","新規","2026-06-04 15:15:53.266611"
5674,"顧客05674","customer05674@example.com","ST01","新規","2026-06-04 15:15:53.266611"
5675,"顧客05675","customer05675@example.com","ST03","非アクティブ","2026-06-04 15:15:53.266611"
5676,"顧客05676","customer05676@example.com","ST02","アクティブ","2026-06-04 15:15:53.266611"
5677,"顧客05677","customer05677@example.com","ST02","アクティブ","2026-06-04 15:15:53.266611"
5678,"顧客05678","customer05678@example.com","ST04","退会","2026-06-04 15:15:53.266611"
5679,"顧客05679","customer05679@example.com","ST02","アクティブ","2026-06-04 15:15:53.266611"
5680,"顧客05680","customer05680@example.com","ST03","非アクティブ","2026-06-04 15:15:53.266611"
5681,"顧客05681","customer05681@example.com","ST04","退会","2026-06-04 15:15:53.266611"
5682,"顧客05682","customer05682@example.com","ST03","非アクティブ","2026-06-04 15:15:53.266611"
5683,"顧客05683","customer05683@example.com","ST01","新規","2026-06-04 15:15:53.266611"
5684,"顧客05684","customer05684@example.com","ST02","アクティブ","2026-06-04 15:15:53.266611"
5685,"顧客05685","customer05685@example.com","ST02","アクティブ","2026-06-04 15:15:53.266611"
5686,"顧客05686","customer05686@example.com","ST01","新規","2026-06-04 15:15:53.266611"
5687,"顧客05687","customer05687@example.com","ST03","非アクティブ","2026-06-04 15:15:53.266611"
5688,"顧客05688","customer05688@example.com","ST02","アクティブ","2026-06-04 15:15:53.266611"
5689,"顧客05689","customer05689@example.com","ST02","アクティブ","2026-06-04 15:15:53.266611"
5690,"顧客05690","customer05690@example.com","ST02","アクティブ","2026-06-04 15:15:53.266611"
5691,"顧客05691","customer05691@example.com","ST02","アクティブ","2026-06-04 15:15:53.266611"
5692,"顧客05692","customer05692@example.com","ST03","非アクティブ","2026-06-04 15:15:53.266611"
5693,"顧客05693","customer05693@example.com","ST04","退会","2026-06-04 15:15:53.266611"
5694,"顧客05694","customer05694@example.com","ST02","アクティブ","2026-06-04 15:15:53.266611"
5695,"顧客05695","customer05695@example.com","ST02","アクティブ","2026-06-04 15:15:53.266611"
5696,"顧客05696","customer05696@example.com","ST03","非アクティブ","2026-06-04 15:15:53.266611"
5697,"顧客05697","customer05697@example.com","ST04","退会","2026-06-04 15:15:53.266611"
5698,"顧客05698","customer05698@example.com","ST02","アクティブ","2026-06-04 15:15:53.266611"
5699,"顧客05699","customer05699@example.com","ST04","退会","2026-06-04 15:15:53.266611"
5700,"顧客05700","customer05700@example.com","ST02","アクティブ","2026-06-04 15:15:53.266611"
5701,"顧客05701","customer05701@example.com","ST03","非アクティブ","2026-06-04 15:15:53.266611"
5702,"顧客05702","customer05702@example.com","ST04","退会","2026-06-04 15:15:53.266611"
5703,"顧客05703","customer05703@example.com","ST02","アクティブ","2026-06-04 15:15:53.266611"
5704,"顧客05704","customer05704@example.com","ST03","非アクティブ","2026-06-04 15:15:53.266611"
5705,"顧客05705","customer05705@example.com","ST02","アクティブ","2026-06-04 15:15:53.266611"
5706,"顧客05706","customer05706@example.com","ST01","新規","2026-06-04 15:15:53.266611"
5707,"顧客05707","customer05707@example.com","ST04","退会","2026-06-04 15:15:53.266611"
5708,"顧客05708","customer05708@example.com","ST02","アクティブ","2026-06-04 15:15:53.266611"
5709,"顧客05709","customer05709@example.com","ST01","新規","2026-06-04 15:15:53.266611"
5710,"顧客05710","customer05710@example.com","ST03","非アクティブ","2026-06-04 15:15:53.266611"
5711,"顧客05711","customer05711@example.com","ST03","非アクティブ","2026-06-04 15:15:53.266611"
5712,"顧客05712","customer05712@example.com","ST03","非アクティブ","2026-06-04 15:15:53.266611"
5713,"顧客05713","customer05713@example.com","ST03","非アクティブ","2026-06-04 15:15:53.266611"
5714,"顧客05714","customer05714@example.com","ST04","退会","2026-06-04 15:15:53.266611"
5715,"顧客05715","customer05715@example.com","ST02","アクティブ","2026-06-04 15:15:53.266611"
5716,"顧客05716","customer05716@example.com","ST04","退会","2026-06-04 15:15:53.266611"
5717,"顧客05717","customer05717@example.com","ST02","アクティブ","2026-06-04 15:15:53.266611"
5718,"顧客05718","customer05718@example.com","ST02","アクティブ","2026-06-04 15:15:53.266611"
5719,"顧客05719","customer05719@example.com","ST03","非アクティブ","2026-06-04 15:15:53.266611"
5720,"顧客05720","customer05720@example.com","ST02","アクティブ","2026-06-04 15:15:53.266611"
5721,"顧客05721","customer05721@example.com","ST04","退会","2026-06-04 15:15:53.266611"
5722,"顧客05722","customer05722@example.com","ST02","アクティブ","2026-06-04 15:15:53.266611"
5723,"顧客05723","customer05723@example.com","ST03","非アクティブ","2026-06-04 15:15:53.266611"
5724,"顧客05724","customer05724@example.com","ST01","新規","2026-06-04 15:15:53.266611"
5725,"顧客05725","customer05725@example.com","ST02","アクティブ","2026-06-04 15:15:53.266611"
5726,"顧客05726","customer05726@example.com","ST04","退会","2026-06-04 15:15:53.266611"
5727,"顧客05727","customer05727@example.com","ST02","アクティブ","2026-06-04 15:15:53.266611"
5728,"顧客05728","customer05728@example.com","ST01","新規","2026-06-04 15:15:53.266611"
5729,"顧客05729","customer05729@example.com","ST04","退会","2026-06-04 15:15:53.266611"
5730,"顧客05730","customer05730@example.com","ST04","退会","2026-06-04 15:15:53.266611"
5731,"顧客05731","customer05731@example.com","ST04","退会","2026-06-04 15:15:53.266611"
5732,"顧客05732","customer05732@example.com","ST04","退会","2026-06-04 15:15:53.266611"
5733,"顧客05733","customer05733@example.com","ST04","退会","2026-06-04 15:15:53.266611"
5734,"顧客05734","customer05734@example.com","ST02","アクティブ","2026-06-04 15:15:53.266611"
5735,"顧客05735","customer05735@example.com","ST03","非アクティブ","2026-06-04 15:15:53.266611"
5736,"顧客05736","customer05736@example.com","ST04","退会","2026-06-04 15:15:53.266611"
5737,"顧客05737","customer05737@example.com","ST01","新規","2026-06-04 15:15:53.266611"
5738,"顧客05738","customer05738@example.com","ST03","非アクティブ","2026-06-04 15:15:53.266611"
5739,"顧客05739","customer05739@example.com","ST03","非アクティブ","2026-06-04 15:15:53.266611"
5740,"顧客05740","customer05740@example.com","ST01","新規","2026-06-04 15:15:53.266611"
5741,"顧客05741","customer05741@example.com","ST03","非アクティブ","2026-06-04 15:15:53.266611"
5742,"顧客05742","customer05742@example.com","ST01","新規","2026-06-04 15:15:53.266611"
5743,"顧客05743","customer05743@example.com","ST01","新規","2026-06-04 15:15:53.266611"
5744,"顧客05744","customer05744@example.com","ST03","非アクティブ","2026-06-04 15:15:53.266611"
5745,"顧客05745","customer05745@example.com","ST03","非アクティブ","2026-06-04 15:15:53.266611"
5746,"顧客05746","customer05746@example.com","ST04","退会","2026-06-04 15:15:53.266611"
5747,"顧客05747","customer05747@example.com","ST02","アクティブ","2026-06-04 15:15:53.266611"
5748,"顧客05748","customer05748@example.com","ST02","アクティブ","2026-06-04 15:15:53.266611"
5749,"顧客05749","customer05749@example.com","ST02","アクティブ","2026-06-04 15:15:53.266611"
5750,"顧客05750","customer05750@example.com","ST01","新規","2026-06-04 15:15:53.266611"
5751,"顧客05751","customer05751@example.com","ST02","アクティブ","2026-06-04 15:15:53.266611"
5752,"顧客05752","customer05752@example.com","ST01","新規","2026-06-04 15:15:53.266611"
5753,"顧客05753","customer05753@example.com","ST03","非アクティブ","2026-06-04 15:15:53.266611"
5754,"顧客05754","customer05754@example.com","ST02","アクティブ","2026-06-04 15:15:53.266611"
5755,"顧客05755","customer05755@example.com","ST01","新規","2026-06-04 15:15:53.266611"
5756,"顧客05756","customer05756@example.com","ST03","非アクティブ","2026-06-04 15:15:53.266611"
5757,"顧客05757","customer05757@example.com","ST02","アクティブ","2026-06-04 15:15:53.266611"
5758,"顧客05758","customer05758@example.com","ST03","非アクティブ","2026-06-04 15:15:53.266611"
5759,"顧客05759","customer05759@example.com","ST04","退会","2026-06-04 15:15:53.266611"
5760,"顧客05760","customer05760@example.com","ST02","アクティブ","2026-06-04 15:15:53.266611"
5761,"顧客05761","customer05761@example.com","ST02","アクティブ","2026-06-04 15:15:53.266611"
5762,"顧客05762","customer05762@example.com","ST02","アクティブ","2026-06-04 15:15:53.266611"
5763,"顧客05763","customer05763@example.com","ST03","非アクティブ","2026-06-04 15:15:53.266611"
5764,"顧客05764","customer05764@example.com","ST02","アクティブ","2026-06-04 15:15:53.266611"
5765,"顧客05765","customer05765@example.com","ST01","新規","2026-06-04 15:15:53.266611"
5766,"顧客05766","customer05766@example.com","ST04","退会","2026-06-04 15:15:53.266611"
5767,"顧客05767","customer05767@example.com","ST04","退会","2026-06-04 15:15:53.266611"
5768,"顧客05768","customer05768@example.com","ST02","アクティブ","2026-06-04 15:15:53.266611"
5769,"顧客05769","customer05769@example.com","ST02","アクティブ","2026-06-04 15:15:53.266611"
5770,"顧客05770","customer05770@example.com","ST03","非アクティブ","2026-06-04 15:15:53.266611"
5771,"顧客05771","customer05771@example.com","ST03","非アクティブ","2026-06-04 15:15:53.266611"
5772,"顧客05772","customer05772@example.com","ST04","退会","2026-06-04 15:15:53.266611"
5773,"顧客05773","customer05773@example.com","ST03","非アクティブ","2026-06-04 15:15:53.266611"
5774,"顧客05774","customer05774@example.com","ST03","非アクティブ","2026-06-04 15:15:53.266611"
5775,"顧客05775","customer05775@example.com","ST01","新規","2026-06-04 15:15:53.266611"
5776,"顧客05776","customer05776@example.com","ST01","新規","2026-06-04 15:15:53.266611"
5777,"顧客05777","customer05777@example.com","ST02","アクティブ","2026-06-04 15:15:53.266611"
5778,"顧客05778","customer05778@example.com","ST04","退会","2026-06-04 15:15:53.266611"
5779,"顧客05779","customer05779@example.com","ST01","新規","2026-06-04 15:15:53.266611"
5780,"顧客05780","customer05780@example.com","ST02","アクティブ","2026-06-04 15:15:53.266611"
5781,"顧客05781","customer05781@example.com","ST02","アクティブ","2026-06-04 15:15:53.266611"
5782,"顧客05782","customer05782@example.com","ST02","アクティブ","2026-06-04 15:15:53.266611"
5783,"顧客05783","customer05783@example.com","ST02","アクティブ","2026-06-04 15:15:53.266611"
5784,"顧客05784","customer05784@example.com","ST01","新規","2026-06-04 15:15:53.266611"
5785,"顧客05785","customer05785@example.com","ST03","非アクティブ","2026-06-04 15:15:53.266611"
5786,"顧客05786","customer05786@example.com","ST04","退会","2026-06-04 15:15:53.266611"
5787,"顧客05787","customer05787@example.com","ST02","アクティブ","2026-06-04 15:15:53.266611"
5788,"顧客05788","customer05788@example.com","ST02","アクティブ","2026-06-04 15:15:53.266611"
5789,"顧客05789","customer05789@example.com","ST03","非アクティブ","2026-06-04 15:15:53.266611"
5790,"顧客05790","customer05790@example.com","ST01","新規","2026-06-04 15:15:53.266611"
5791,"顧客05791","customer05791@example.com","ST02","アクティブ","2026-06-04 15:15:53.266611"
5792,"顧客05792","customer05792@example.com","ST02","アクティブ","2026-06-04 15:15:53.266611"
5793,"顧客05793","customer05793@example.com","ST03","非アクティブ","2026-06-04 15:15:53.266611"
5794,"顧客05794","customer05794@example.com","ST01","新規","2026-06-04 15:15:53.266611"
5795,"顧客05795","customer05795@example.com","ST03","非アクティブ","2026-06-04 15:15:53.266611"
5796,"顧客05796","customer05796@example.com","ST03","非アクティブ","2026-06-04 15:15:53.266611"
5797,"顧客05797","customer05797@example.com","ST02","アクティブ","2026-06-04 15:15:53.266611"
5798,"顧客05798","customer05798@example.com","ST04","退会","2026-06-04 15:15:53.266611"
5799,"顧客05799","customer05799@example.com","ST02","アクティブ","2026-06-04 15:15:53.266611"
5800,"顧客05800","customer05800@example.com","ST03","非アクティブ","2026-06-04 15:15:53.266611"
5801,"顧客05801","customer05801@example.com","ST01","新規","2026-06-04 15:15:53.266611"
5802,"顧客05802","customer05802@example.com","ST04","退会","2026-06-04 15:15:53.266611"
5803,"顧客05803","customer05803@example.com","ST01","新規","2026-06-04 15:15:53.266611"
5804,"顧客05804","customer05804@example.com","ST03","非アクティブ","2026-06-04 15:15:53.266611"
5805,"顧客05805","customer05805@example.com","ST03","非アクティブ","2026-06-04 15:15:53.266611"
5806,"顧客05806","customer05806@example.com","ST01","新規","2026-06-04 15:15:53.266611"
5807,"顧客05807","customer05807@example.com","ST04","退会","2026-06-04 15:15:53.266611"
5808,"顧客05808","customer05808@example.com","ST01","新規","2026-06-04 15:15:53.266611"
5809,"顧客05809","customer05809@example.com","ST01","新規","2026-06-04 15:15:53.266611"
5810,"顧客05810","customer05810@example.com","ST01","新規","2026-06-04 15:15:53.266611"
5811,"顧客05811","customer05811@example.com","ST02","アクティブ","2026-06-04 15:15:53.266611"
5812,"顧客05812","customer05812@example.com","ST02","アクティブ","2026-06-04 15:15:53.266611"
5813,"顧客05813","customer05813@example.com","ST03","非アクティブ","2026-06-04 15:15:53.266611"
5814,"顧客05814","customer05814@example.com","ST03","非アクティブ","2026-06-04 15:15:53.266611"
5815,"顧客05815","customer05815@example.com","ST04","退会","2026-06-04 15:15:53.266611"
5816,"顧客05816","customer05816@example.com","ST04","退会","2026-06-04 15:15:53.266611"
5817,"顧客05817","customer05817@example.com","ST04","退会","2026-06-04 15:15:53.266611"
5818,"顧客05818","customer05818@example.com","ST01","新規","2026-06-04 15:15:53.266611"
5819,"顧客05819","customer05819@example.com","ST04","退会","2026-06-04 15:15:53.266611"
5820,"顧客05820","customer05820@example.com","ST01","新規","2026-06-04 15:15:53.266611"
5821,"顧客05821","customer05821@example.com","ST01","新規","2026-06-04 15:15:53.266611"
5822,"顧客05822","customer05822@example.com","ST02","アクティブ","2026-06-04 15:15:53.266611"
5823,"顧客05823","customer05823@example.com","ST02","アクティブ","2026-06-04 15:15:53.266611"
5824,"顧客05824","customer05824@example.com","ST02","アクティブ","2026-06-04 15:15:53.266611"
5825,"顧客05825","customer05825@example.com","ST03","非アクティブ","2026-06-04 15:15:53.266611"
5826,"顧客05826","customer05826@example.com","ST04","退会","2026-06-04 15:15:53.266611"
5827,"顧客05827","customer05827@example.com","ST01","新規","2026-06-04 15:15:53.266611"
5828,"顧客05828","customer05828@example.com","ST01","新規","2026-06-04 15:15:53.266611"
5829,"顧客05829","customer05829@example.com","ST03","非アクティブ","2026-06-04 15:15:53.266611"
5830,"顧客05830","customer05830@example.com","ST04","退会","2026-06-04 15:15:53.266611"
5831,"顧客05831","customer05831@example.com","ST03","非アクティブ","2026-06-04 15:15:53.266611"
5832,"顧客05832","customer05832@example.com","ST02","アクティブ","2026-06-04 15:15:53.266611"
5833,"顧客05833","customer05833@example.com","ST02","アクティブ","2026-06-04 15:15:53.266611"
5834,"顧客05834","customer05834@example.com","ST02","アクティブ","2026-06-04 15:15:53.266611"
5835,"顧客05835","customer05835@example.com","ST04","退会","2026-06-04 15:15:53.266611"
5836,"顧客05836","customer05836@example.com","ST02","アクティブ","2026-06-04 15:15:53.266611"
5837,"顧客05837","customer05837@example.com","ST04","退会","2026-06-04 15:15:53.266611"
5838,"顧客05838","customer05838@example.com","ST03","非アクティブ","2026-06-04 15:15:53.266611"
5839,"顧客05839","customer05839@example.com","ST04","退会","2026-06-04 15:15:53.266611"
5840,"顧客05840","customer05840@example.com","ST01","新規","2026-06-04 15:15:53.266611"
5841,"顧客05841","customer05841@example.com","ST01","新規","2026-06-04 15:15:53.266611"
5842,"顧客05842","customer05842@example.com","ST01","新規","2026-06-04 15:15:53.266611"
5843,"顧客05843","customer05843@example.com","ST02","アクティブ","2026-06-04 15:15:53.266611"
5844,"顧客05844","customer05844@example.com","ST02","アクティブ","2026-06-04 15:15:53.266611"
5845,"顧客05845","customer05845@example.com","ST01","新規","2026-06-04 15:15:53.266611"
5846,"顧客05846","customer05846@example.com","ST03","非アクティブ","2026-06-04 15:15:53.266611"
5847,"顧客05847","customer05847@example.com","ST04","退会","2026-06-04 15:15:53.266611"
5848,"顧客05848","customer05848@example.com","ST01","新規","2026-06-04 15:15:53.266611"
5849,"顧客05849","customer05849@example.com","ST03","非アクティブ","2026-06-04 15:15:53.266611"
5850,"顧客05850","customer05850@example.com","ST03","非アクティブ","2026-06-04 15:15:53.266611"
5851,"顧客05851","customer05851@example.com","ST03","非アクティブ","2026-06-04 15:15:53.266611"
5852,"顧客05852","customer05852@example.com","ST02","アクティブ","2026-06-04 15:15:53.266611"
5853,"顧客05853","customer05853@example.com","ST02","アクティブ","2026-06-04 15:15:53.266611"
5854,"顧客05854","customer05854@example.com","ST03","非アクティブ","2026-06-04 15:15:53.266611"
5855,"顧客05855","customer05855@example.com","ST02","アクティブ","2026-06-04 15:15:53.266611"
5856,"顧客05856","customer05856@example.com","ST03","非アクティブ","2026-06-04 15:15:53.266611"
5857,"顧客05857","customer05857@example.com","ST01","新規","2026-06-04 15:15:53.266611"
5858,"顧客05858","customer05858@example.com","ST04","退会","2026-06-04 15:15:53.266611"
5859,"顧客05859","customer05859@example.com","ST01","新規","2026-06-04 15:15:53.266611"
5860,"顧客05860","customer05860@example.com","ST02","アクティブ","2026-06-04 15:15:53.266611"
5861,"顧客05861","customer05861@example.com","ST01","新規","2026-06-04 15:15:53.266611"
5862,"顧客05862","customer05862@example.com","ST04","退会","2026-06-04 15:15:53.266611"
5863,"顧客05863","customer05863@example.com","ST02","アクティブ","2026-06-04 15:15:53.266611"
5864,"顧客05864","customer05864@example.com","ST02","アクティブ","2026-06-04 15:15:53.266611"
5865,"顧客05865","customer05865@example.com","ST01","新規","2026-06-04 15:15:53.266611"
5866,"顧客05866","customer05866@example.com","ST02","アクティブ","2026-06-04 15:15:53.266611"
5867,"顧客05867","customer05867@example.com","ST01","新規","2026-06-04 15:15:53.266611"
5868,"顧客05868","customer05868@example.com","ST01","新規","2026-06-04 15:15:53.266611"
5869,"顧客05869","customer05869@example.com","ST04","退会","2026-06-04 15:15:53.266611"
5870,"顧客05870","customer05870@example.com","ST01","新規","2026-06-04 15:15:53.266611"
5871,"顧客05871","customer05871@example.com","ST01","新規","2026-06-04 15:15:53.266611"
5872,"顧客05872","customer05872@example.com","ST03","非アクティブ","2026-06-04 15:15:53.266611"
5873,"顧客05873","customer05873@example.com","ST03","非アクティブ","2026-06-04 15:15:53.266611"
5874,"顧客05874","customer05874@example.com","ST02","アクティブ","2026-06-04 15:15:53.266611"
5875,"顧客05875","customer05875@example.com","ST03","非アクティブ","2026-06-04 15:15:53.266611"
5876,"顧客05876","customer05876@example.com","ST01","新規","2026-06-04 15:15:53.266611"
5877,"顧客05877","customer05877@example.com","ST02","アクティブ","2026-06-04 15:15:53.266611"
5878,"顧客05878","customer05878@example.com","ST02","アクティブ","2026-06-04 15:15:53.266611"
5879,"顧客05879","customer05879@example.com","ST04","退会","2026-06-04 15:15:53.266611"
5880,"顧客05880","customer05880@example.com","ST02","アクティブ","2026-06-04 15:15:53.266611"
5881,"顧客05881","customer05881@example.com","ST03","非アクティブ","2026-06-04 15:15:53.266611"
5882,"顧客05882","customer05882@example.com","ST02","アクティブ","2026-06-04 15:15:53.266611"
5883,"顧客05883","customer05883@example.com","ST03","非アクティブ","2026-06-04 15:15:53.266611"
5884,"顧客05884","customer05884@example.com","ST02","アクティブ","2026-06-04 15:15:53.266611"
5885,"顧客05885","customer05885@example.com","ST03","非アクティブ","2026-06-04 15:15:53.266611"
5886,"顧客05886","customer05886@example.com","ST03","非アクティブ","2026-06-04 15:15:53.266611"
5887,"顧客05887","customer05887@example.com","ST01","新規","2026-06-04 15:15:53.266611"
5888,"顧客05888","customer05888@example.com","ST01","新規","2026-06-04 15:15:53.266611"
5889,"顧客05889","customer05889@example.com","ST01","新規","2026-06-04 15:15:53.266611"
5890,"顧客05890","customer05890@example.com","ST04","退会","2026-06-04 15:15:53.266611"
5891,"顧客05891","customer05891@example.com","ST02","アクティブ","2026-06-04 15:15:53.266611"
5892,"顧客05892","customer05892@example.com","ST01","新規","2026-06-04 15:15:53.266611"
5893,"顧客05893","customer05893@example.com","ST03","非アクティブ","2026-06-04 15:15:53.266611"
5894,"顧客05894","customer05894@example.com","ST02","アクティブ","2026-06-04 15:15:53.266611"
5895,"顧客05895","customer05895@example.com","ST03","非アクティブ","2026-06-04 15:15:53.266611"
5896,"顧客05896","customer05896@example.com","ST02","アクティブ","2026-06-04 15:15:53.266611"
5897,"顧客05897","customer05897@example.com","ST03","非アクティブ","2026-06-04 15:15:53.266611"
5898,"顧客05898","customer05898@example.com","ST02","アクティブ","2026-06-04 15:15:53.266611"
5899,"顧客05899","customer05899@example.com","ST02","アクティブ","2026-06-04 15:15:53.266611"
5900,"顧客05900","customer05900@example.com","ST03","非アクティブ","2026-06-04 15:15:53.266611"
5901,"顧客05901","customer05901@example.com","ST03","非アクティブ","2026-06-04 15:15:53.266611"
5902,"顧客05902","customer05902@example.com","ST03","非アクティブ","2026-06-04 15:15:53.266611"
5903,"顧客05903","customer05903@example.com","ST04","退会","2026-06-04 15:15:53.266611"
5904,"顧客05904","customer05904@example.com","ST03","非アクティブ","2026-06-04 15:15:53.266611"
5905,"顧客05905","customer05905@example.com","ST04","退会","2026-06-04 15:15:53.266611"
5906,"顧客05906","customer05906@example.com","ST02","アクティブ","2026-06-04 15:15:53.266611"
5907,"顧客05907","customer05907@example.com","ST02","アクティブ","2026-06-04 15:15:53.266611"
5908,"顧客05908","customer05908@example.com","ST01","新規","2026-06-04 15:15:53.266611"
5909,"顧客05909","customer05909@example.com","ST01","新規","2026-06-04 15:15:53.266611"
5910,"顧客05910","customer05910@example.com","ST04","退会","2026-06-04 15:15:53.266611"
5911,"顧客05911","customer05911@example.com","ST01","新規","2026-06-04 15:15:53.266611"
5912,"顧客05912","customer05912@example.com","ST04","退会","2026-06-04 15:15:53.266611"
5913,"顧客05913","customer05913@example.com","ST01","新規","2026-06-04 15:15:53.266611"
5914,"顧客05914","customer05914@example.com","ST04","退会","2026-06-04 15:15:53.266611"
5915,"顧客05915","customer05915@example.com","ST03","非アクティブ","2026-06-04 15:15:53.266611"
5916,"顧客05916","customer05916@example.com","ST03","非アクティブ","2026-06-04 15:15:53.266611"
5917,"顧客05917","customer05917@example.com","ST03","非アクティブ","2026-06-04 15:15:53.266611"
5918,"顧客05918","customer05918@example.com","ST02","アクティブ","2026-06-04 15:15:53.266611"
5919,"顧客05919","customer05919@example.com","ST04","退会","2026-06-04 15:15:53.266611"
5920,"顧客05920","customer05920@example.com","ST01","新規","2026-06-04 15:15:53.266611"
5921,"顧客05921","customer05921@example.com","ST01","新規","2026-06-04 15:15:53.266611"
5922,"顧客05922","customer05922@example.com","ST02","アクティブ","2026-06-04 15:15:53.266611"
5923,"顧客05923","customer05923@example.com","ST02","アクティブ","2026-06-04 15:15:53.266611"
5924,"顧客05924","customer05924@example.com","ST02","アクティブ","2026-06-04 15:15:53.266611"
5925,"顧客05925","customer05925@example.com","ST03","非アクティブ","2026-06-04 15:15:53.266611"
5926,"顧客05926","customer05926@example.com","ST01","新規","2026-06-04 15:15:53.266611"
5927,"顧客05927","customer05927@example.com","ST03","非アクティブ","2026-06-04 15:15:53.266611"
5928,"顧客05928","customer05928@example.com","ST03","非アクティブ","2026-06-04 15:15:53.266611"
5929,"顧客05929","customer05929@example.com","ST02","アクティブ","2026-06-04 15:15:53.266611"
5930,"顧客05930","customer05930@example.com","ST03","非アクティブ","2026-06-04 15:15:53.266611"
5931,"顧客05931","customer05931@example.com","ST03","非アクティブ","2026-06-04 15:15:53.266611"
5932,"顧客05932","customer05932@example.com","ST02","アクティブ","2026-06-04 15:15:53.266611"
5933,"顧客05933","customer05933@example.com","ST01","新規","2026-06-04 15:15:53.266611"
5934,"顧客05934","customer05934@example.com","ST02","アクティブ","2026-06-04 15:15:53.266611"
5935,"顧客05935","customer05935@example.com","ST03","非アクティブ","2026-06-04 15:15:53.266611"
5936,"顧客05936","customer05936@example.com","ST03","非アクティブ","2026-06-04 15:15:53.266611"
5937,"顧客05937","customer05937@example.com","ST02","アクティブ","2026-06-04 15:15:53.266611"
5938,"顧客05938","customer05938@example.com","ST03","非アクティブ","2026-06-04 15:15:53.266611"
5939,"顧客05939","customer05939@example.com","ST03","非アクティブ","2026-06-04 15:15:53.266611"
5940,"顧客05940","customer05940@example.com","ST02","アクティブ","2026-06-04 15:15:53.266611"
5941,"顧客05941","customer05941@example.com","ST03","非アクティブ","2026-06-04 15:15:53.266611"
5942,"顧客05942","customer05942@example.com","ST01","新規","2026-06-04 15:15:53.266611"
5943,"顧客05943","customer05943@example.com","ST02","アクティブ","2026-06-04 15:15:53.266611"
5944,"顧客05944","customer05944@example.com","ST03","非アクティブ","2026-06-04 15:15:53.266611"
5945,"顧客05945","customer05945@example.com","ST02","アクティブ","2026-06-04 15:15:53.266611"
5946,"顧客05946","customer05946@example.com","ST04","退会","2026-06-04 15:15:53.266611"
5947,"顧客05947","customer05947@example.com","ST02","アクティブ","2026-06-04 15:15:53.266611"
5948,"顧客05948","customer05948@example.com","ST04","退会","2026-06-04 15:15:53.266611"
5949,"顧客05949","customer05949@example.com","ST01","新規","2026-06-04 15:15:53.266611"
5950,"顧客05950","customer05950@example.com","ST02","アクティブ","2026-06-04 15:15:53.266611"
5951,"顧客05951","customer05951@example.com","ST04","退会","2026-06-04 15:15:53.266611"
5952,"顧客05952","customer05952@example.com","ST02","アクティブ","2026-06-04 15:15:53.266611"
5953,"顧客05953","customer05953@example.com","ST01","新規","2026-06-04 15:15:53.266611"
5954,"顧客05954","customer05954@example.com","ST02","アクティブ","2026-06-04 15:15:53.266611"
5955,"顧客05955","customer05955@example.com","ST03","非アクティブ","2026-06-04 15:15:53.266611"
5956,"顧客05956","customer05956@example.com","ST04","退会","2026-06-04 15:15:53.266611"
5957,"顧客05957","customer05957@example.com","ST03","非アクティブ","2026-06-04 15:15:53.266611"
5958,"顧客05958","customer05958@example.com","ST03","非アクティブ","2026-06-04 15:15:53.266611"
5959,"顧客05959","customer05959@example.com","ST01","新規","2026-06-04 15:15:53.266611"
5960,"顧客05960","customer05960@example.com","ST02","アクティブ","2026-06-04 15:15:53.266611"
5961,"顧客05961","customer05961@example.com","ST02","アクティブ","2026-06-04 15:15:53.266611"
5962,"顧客05962","customer05962@example.com","ST01","新規","2026-06-04 15:15:53.266611"
5963,"顧客05963","customer05963@example.com","ST03","非アクティブ","2026-06-04 15:15:53.266611"
5964,"顧客05964","customer05964@example.com","ST04","退会","2026-06-04 15:15:53.266611"
5965,"顧客05965","customer05965@example.com","ST02","アクティブ","2026-06-04 15:15:53.266611"
5966,"顧客05966","customer05966@example.com","ST04","退会","2026-06-04 15:15:53.266611"
5967,"顧客05967","customer05967@example.com","ST01","新規","2026-06-04 15:15:53.266611"
5968,"顧客05968","customer05968@example.com","ST01","新規","2026-06-04 15:15:53.266611"
5969,"顧客05969","customer05969@example.com","ST03","非アクティブ","2026-06-04 15:15:53.266611"
5970,"顧客05970","customer05970@example.com","ST01","新規","2026-06-04 15:15:53.266611"
5971,"顧客05971","customer05971@example.com","ST04","退会","2026-06-04 15:15:53.266611"
5972,"顧客05972","customer05972@example.com","ST02","アクティブ","2026-06-04 15:15:53.266611"
5973,"顧客05973","customer05973@example.com","ST01","新規","2026-06-04 15:15:53.266611"
5974,"顧客05974","customer05974@example.com","ST01","新規","2026-06-04 15:15:53.266611"
5975,"顧客05975","customer05975@example.com","ST03","非アクティブ","2026-06-04 15:15:53.266611"
5976,"顧客05976","customer05976@example.com","ST03","非アクティブ","2026-06-04 15:15:53.266611"
5977,"顧客05977","customer05977@example.com","ST03","非アクティブ","2026-06-04 15:15:53.266611"
5978,"顧客05978","customer05978@example.com","ST02","アクティブ","2026-06-04 15:15:53.266611"
5979,"顧客05979","customer05979@example.com","ST03","非アクティブ","2026-06-04 15:15:53.266611"
5980,"顧客05980","customer05980@example.com","ST01","新規","2026-06-04 15:15:53.266611"
5981,"顧客05981","customer05981@example.com","ST01","新規","2026-06-04 15:15:53.266611"
5982,"顧客05982","customer05982@example.com","ST02","アクティブ","2026-06-04 15:15:53.266611"
5983,"顧客05983","customer05983@example.com","ST01","新規","2026-06-04 15:15:53.266611"
5984,"顧客05984","customer05984@example.com","ST01","新規","2026-06-04 15:15:53.266611"
5985,"顧客05985","customer05985@example.com","ST01","新規","2026-06-04 15:15:53.266611"
5986,"顧客05986","customer05986@example.com","ST01","新規","2026-06-04 15:15:53.266611"
5987,"顧客05987","customer05987@example.com","ST02","アクティブ","2026-06-04 15:15:53.266611"
5988,"顧客05988","customer05988@example.com","ST03","非アクティブ","2026-06-04 15:15:53.266611"
5989,"顧客05989","customer05989@example.com","ST04","退会","2026-06-04 15:15:53.266611"
5990,"顧客05990","customer05990@example.com","ST03","非アクティブ","2026-06-04 15:15:53.266611"
5991,"顧客05991","customer05991@example.com","ST02","アクティブ","2026-06-04 15:15:53.266611"
5992,"顧客05992","customer05992@example.com","ST01","新規","2026-06-04 15:15:53.266611"
5993,"顧客05993","customer05993@example.com","ST02","アクティブ","2026-06-04 15:15:53.266611"
5994,"顧客05994","customer05994@example.com","ST03","非アクティブ","2026-06-04 15:15:53.266611"
5995,"顧客05995","customer05995@example.com","ST02","アクティブ","2026-06-04 15:15:53.266611"
5996,"顧客05996","customer05996@example.com","ST02","アクティブ","2026-06-04 15:15:53.266611"
5997,"顧客05997","customer05997@example.com","ST02","アクティブ","2026-06-04 15:15:53.266611"
5998,"顧客05998","customer05998@example.com","ST03","非アクティブ","2026-06-04 15:15:53.266611"
5999,"顧客05999","customer05999@example.com","ST03","非アクティブ","2026-06-04 15:15:53.266611"
6000,"顧客06000","customer06000@example.com","ST04","退会","2026-06-04 15:15:53.266611"
6001,"顧客06001","customer06001@example.com","ST03","非アクティブ","2026-06-04 15:15:53.266611"
6002,"顧客06002","customer06002@example.com","ST04","退会","2026-06-04 15:15:53.266611"
6003,"顧客06003","customer06003@example.com","ST03","非アクティブ","2026-06-04 15:15:53.266611"
6004,"顧客06004","customer06004@example.com","ST04","退会","2026-06-04 15:15:53.266611"
6005,"顧客06005","customer06005@example.com","ST04","退会","2026-06-04 15:15:53.266611"
6006,"顧客06006","customer06006@example.com","ST01","新規","2026-06-04 15:15:53.266611"
6007,"顧客06007","customer06007@example.com","ST04","退会","2026-06-04 15:15:53.266611"
6008,"顧客06008","customer06008@example.com","ST01","新規","2026-06-04 15:15:53.266611"
6009,"顧客06009","customer06009@example.com","ST02","アクティブ","2026-06-04 15:15:53.266611"
6010,"顧客06010","customer06010@example.com","ST03","非アクティブ","2026-06-04 15:15:53.266611"
6011,"顧客06011","customer06011@example.com","ST02","アクティブ","2026-06-04 15:15:53.266611"
6012,"顧客06012","customer06012@example.com","ST01","新規","2026-06-04 15:15:53.266611"
6013,"顧客06013","customer06013@example.com","ST01","新規","2026-06-04 15:15:53.266611"
6014,"顧客06014","customer06014@example.com","ST03","非アクティブ","2026-06-04 15:15:53.266611"
6015,"顧客06015","customer06015@example.com","ST02","アクティブ","2026-06-04 15:15:53.266611"
6016,"顧客06016","customer06016@example.com","ST01","新規","2026-06-04 15:15:53.266611"
6017,"顧客06017","customer06017@example.com","ST04","退会","2026-06-04 15:15:53.266611"
6018,"顧客06018","customer06018@example.com","ST04","退会","2026-06-04 15:15:53.266611"
6019,"顧客06019","customer06019@example.com","ST03","非アクティブ","2026-06-04 15:15:53.266611"
6020,"顧客06020","customer06020@example.com","ST04","退会","2026-06-04 15:15:53.266611"
6021,"顧客06021","customer06021@example.com","ST01","新規","2026-06-04 15:15:53.266611"
6022,"顧客06022","customer06022@example.com","ST03","非アクティブ","2026-06-04 15:15:53.266611"
6023,"顧客06023","customer06023@example.com","ST02","アクティブ","2026-06-04 15:15:53.266611"
6024,"顧客06024","customer06024@example.com","ST02","アクティブ","2026-06-04 15:15:53.266611"
6025,"顧客06025","customer06025@example.com","ST03","非アクティブ","2026-06-04 15:15:53.266611"
6026,"顧客06026","customer06026@example.com","ST01","新規","2026-06-04 15:15:53.266611"
6027,"顧客06027","customer06027@example.com","ST02","アクティブ","2026-06-04 15:15:53.266611"
6028,"顧客06028","customer06028@example.com","ST03","非アクティブ","2026-06-04 15:15:53.266611"
6029,"顧客06029","customer06029@example.com","ST01","新規","2026-06-04 15:15:53.266611"
6030,"顧客06030","customer06030@example.com","ST04","退会","2026-06-04 15:15:53.266611"
6031,"顧客06031","customer06031@example.com","ST03","非アクティブ","2026-06-04 15:15:53.266611"
6032,"顧客06032","customer06032@example.com","ST01","新規","2026-06-04 15:15:53.266611"
6033,"顧客06033","customer06033@example.com","ST03","非アクティブ","2026-06-04 15:15:53.266611"
6034,"顧客06034","customer06034@example.com","ST02","アクティブ","2026-06-04 15:15:53.266611"
6035,"顧客06035","customer06035@example.com","ST03","非アクティブ","2026-06-04 15:15:53.266611"
6036,"顧客06036","customer06036@example.com","ST04","退会","2026-06-04 15:15:53.266611"
6037,"顧客06037","customer06037@example.com","ST02","アクティブ","2026-06-04 15:15:53.266611"
6038,"顧客06038","customer06038@example.com","ST03","非アクティブ","2026-06-04 15:15:53.266611"
6039,"顧客06039","customer06039@example.com","ST02","アクティブ","2026-06-04 15:15:53.266611"
6040,"顧客06040","customer06040@example.com","ST02","アクティブ","2026-06-04 15:15:53.266611"
6041,"顧客06041","customer06041@example.com","ST04","退会","2026-06-04 15:15:53.266611"
6042,"顧客06042","customer06042@example.com","ST04","退会","2026-06-04 15:15:53.266611"
6043,"顧客06043","customer06043@example.com","ST03","非アクティブ","2026-06-04 15:15:53.266611"
6044,"顧客06044","customer06044@example.com","ST03","非アクティブ","2026-06-04 15:15:53.266611"
6045,"顧客06045","customer06045@example.com","ST03","非アクティブ","2026-06-04 15:15:53.266611"
6046,"顧客06046","customer06046@example.com","ST01","新規","2026-06-04 15:15:53.266611"
6047,"顧客06047","customer06047@example.com","ST04","退会","2026-06-04 15:15:53.266611"
6048,"顧客06048","customer06048@example.com","ST03","非アクティブ","2026-06-04 15:15:53.266611"
6049,"顧客06049","customer06049@example.com","ST04","退会","2026-06-04 15:15:53.266611"
6050,"顧客06050","customer06050@example.com","ST02","アクティブ","2026-06-04 15:15:53.266611"
6051,"顧客06051","customer06051@example.com","ST03","非アクティブ","2026-06-04 15:15:53.266611"
6052,"顧客06052","customer06052@example.com","ST03","非アクティブ","2026-06-04 15:15:53.266611"
6053,"顧客06053","customer06053@example.com","ST03","非アクティブ","2026-06-04 15:15:53.266611"
6054,"顧客06054","customer06054@example.com","ST03","非アクティブ","2026-06-04 15:15:53.266611"
6055,"顧客06055","customer06055@example.com","ST03","非アクティブ","2026-06-04 15:15:53.266611"
6056,"顧客06056","customer06056@example.com","ST04","退会","2026-06-04 15:15:53.266611"
6057,"顧客06057","customer06057@example.com","ST01","新規","2026-06-04 15:15:53.266611"
6058,"顧客06058","customer06058@example.com","ST03","非アクティブ","2026-06-04 15:15:53.266611"
6059,"顧客06059","customer06059@example.com","ST03","非アクティブ","2026-06-04 15:15:53.266611"
6060,"顧客06060","customer06060@example.com","ST02","アクティブ","2026-06-04 15:15:53.266611"
6061,"顧客06061","customer06061@example.com","ST02","アクティブ","2026-06-04 15:15:53.266611"
6062,"顧客06062","customer06062@example.com","ST02","アクティブ","2026-06-04 15:15:53.266611"
6063,"顧客06063","customer06063@example.com","ST04","退会","2026-06-04 15:15:53.266611"
6064,"顧客06064","customer06064@example.com","ST03","非アクティブ","2026-06-04 15:15:53.266611"
6065,"顧客06065","customer06065@example.com","ST04","退会","2026-06-04 15:15:53.266611"
6066,"顧客06066","customer06066@example.com","ST03","非アクティブ","2026-06-04 15:15:53.266611"
6067,"顧客06067","customer06067@example.com","ST04","退会","2026-06-04 15:15:53.266611"
6068,"顧客06068","customer06068@example.com","ST03","非アクティブ","2026-06-04 15:15:53.266611"
6069,"顧客06069","customer06069@example.com","ST01","新規","2026-06-04 15:15:53.266611"
6070,"顧客06070","customer06070@example.com","ST01","新規","2026-06-04 15:15:53.266611"
6071,"顧客06071","customer06071@example.com","ST02","アクティブ","2026-06-04 15:15:53.266611"
6072,"顧客06072","customer06072@example.com","ST03","非アクティブ","2026-06-04 15:15:53.266611"
6073,"顧客06073","customer06073@example.com","ST02","アクティブ","2026-06-04 15:15:53.266611"
6074,"顧客06074","customer06074@example.com","ST01","新規","2026-06-04 15:15:53.266611"
6075,"顧客06075","customer06075@example.com","ST01","新規","2026-06-04 15:15:53.266611"
6076,"顧客06076","customer06076@example.com","ST04","退会","2026-06-04 15:15:53.266611"
6077,"顧客06077","customer06077@example.com","ST03","非アクティブ","2026-06-04 15:15:53.266611"
6078,"顧客06078","customer06078@example.com","ST02","アクティブ","2026-06-04 15:15:53.266611"
6079,"顧客06079","customer06079@example.com","ST03","非アクティブ","2026-06-04 15:15:53.266611"
6080,"顧客06080","customer06080@example.com","ST03","非アクティブ","2026-06-04 15:15:53.266611"
6081,"顧客06081","customer06081@example.com","ST04","退会","2026-06-04 15:15:53.266611"
6082,"顧客06082","customer06082@example.com","ST03","非アクティブ","2026-06-04 15:15:53.266611"
6083,"顧客06083","customer06083@example.com","ST02","アクティブ","2026-06-04 15:15:53.266611"
6084,"顧客06084","customer06084@example.com","ST04","退会","2026-06-04 15:15:53.266611"
6085,"顧客06085","customer06085@example.com","ST02","アクティブ","2026-06-04 15:15:53.266611"
6086,"顧客06086","customer06086@example.com","ST03","非アクティブ","2026-06-04 15:15:53.266611"
6087,"顧客06087","customer06087@example.com","ST01","新規","2026-06-04 15:15:53.266611"
6088,"顧客06088","customer06088@example.com","ST04","退会","2026-06-04 15:15:53.266611"
6089,"顧客06089","customer06089@example.com","ST02","アクティブ","2026-06-04 15:15:53.266611"
6090,"顧客06090","customer06090@example.com","ST04","退会","2026-06-04 15:15:53.266611"
6091,"顧客06091","customer06091@example.com","ST04","退会","2026-06-04 15:15:53.266611"
6092,"顧客06092","customer06092@example.com","ST03","非アクティブ","2026-06-04 15:15:53.266611"
6093,"顧客06093","customer06093@example.com","ST04","退会","2026-06-04 15:15:53.266611"
6094,"顧客06094","customer06094@example.com","ST01","新規","2026-06-04 15:15:53.266611"
6095,"顧客06095","customer06095@example.com","ST02","アクティブ","2026-06-04 15:15:53.266611"
6096,"顧客06096","customer06096@example.com","ST03","非アクティブ","2026-06-04 15:15:53.266611"
6097,"顧客06097","customer06097@example.com","ST01","新規","2026-06-04 15:15:53.266611"
6098,"顧客06098","customer06098@example.com","ST01","新規","2026-06-04 15:15:53.266611"
6099,"顧客06099","customer06099@example.com","ST03","非アクティブ","2026-06-04 15:15:53.266611"
6100,"顧客06100","customer06100@example.com","ST01","新規","2026-06-04 15:15:53.266611"
6101,"顧客06101","customer06101@example.com","ST02","アクティブ","2026-06-04 15:15:53.266611"
6102,"顧客06102","customer06102@example.com","ST02","アクティブ","2026-06-04 15:15:53.266611"
6103,"顧客06103","customer06103@example.com","ST02","アクティブ","2026-06-04 15:15:53.266611"
6104,"顧客06104","customer06104@example.com","ST01","新規","2026-06-04 15:15:53.266611"
6105,"顧客06105","customer06105@example.com","ST03","非アクティブ","2026-06-04 15:15:53.266611"
6106,"顧客06106","customer06106@example.com","ST03","非アクティブ","2026-06-04 15:15:53.266611"
6107,"顧客06107","customer06107@example.com","ST03","非アクティブ","2026-06-04 15:15:53.266611"
6108,"顧客06108","customer06108@example.com","ST02","アクティブ","2026-06-04 15:15:53.266611"
6109,"顧客06109","customer06109@example.com","ST04","退会","2026-06-04 15:15:53.266611"
6110,"顧客06110","customer06110@example.com","ST04","退会","2026-06-04 15:15:53.266611"
6111,"顧客06111","customer06111@example.com","ST03","非アクティブ","2026-06-04 15:15:53.266611"
6112,"顧客06112","customer06112@example.com","ST01","新規","2026-06-04 15:15:53.266611"
6113,"顧客06113","customer06113@example.com","ST03","非アクティブ","2026-06-04 15:15:53.266611"
6114,"顧客06114","customer06114@example.com","ST03","非アクティブ","2026-06-04 15:15:53.266611"
6115,"顧客06115","customer06115@example.com","ST01","新規","2026-06-04 15:15:53.266611"
6116,"顧客06116","customer06116@example.com","ST04","退会","2026-06-04 15:15:53.266611"
6117,"顧客06117","customer06117@example.com","ST01","新規","2026-06-04 15:15:53.266611"
6118,"顧客06118","customer06118@example.com","ST03","非アクティブ","2026-06-04 15:15:53.266611"
6119,"顧客06119","customer06119@example.com","ST01","新規","2026-06-04 15:15:53.266611"
6120,"顧客06120","customer06120@example.com","ST02","アクティブ","2026-06-04 15:15:53.266611"
6121,"顧客06121","customer06121@example.com","ST03","非アクティブ","2026-06-04 15:15:53.266611"
6122,"顧客06122","customer06122@example.com","ST04","退会","2026-06-04 15:15:53.266611"
6123,"顧客06123","customer06123@example.com","ST02","アクティブ","2026-06-04 15:15:53.266611"
6124,"顧客06124","customer06124@example.com","ST02","アクティブ","2026-06-04 15:15:53.266611"
6125,"顧客06125","customer06125@example.com","ST01","新規","2026-06-04 15:15:53.266611"
6126,"顧客06126","customer06126@example.com","ST04","退会","2026-06-04 15:15:53.266611"
6127,"顧客06127","customer06127@example.com","ST04","退会","2026-06-04 15:15:53.266611"
6128,"顧客06128","customer06128@example.com","ST02","アクティブ","2026-06-04 15:15:53.266611"
6129,"顧客06129","customer06129@example.com","ST03","非アクティブ","2026-06-04 15:15:53.266611"
6130,"顧客06130","customer06130@example.com","ST01","新規","2026-06-04 15:15:53.266611"
6131,"顧客06131","customer06131@example.com","ST02","アクティブ","2026-06-04 15:15:53.266611"
6132,"顧客06132","customer06132@example.com","ST03","非アクティブ","2026-06-04 15:15:53.266611"
6133,"顧客06133","customer06133@example.com","ST04","退会","2026-06-04 15:15:53.266611"
6134,"顧客06134","customer06134@example.com","ST03","非アクティブ","2026-06-04 15:15:53.266611"
6135,"顧客06135","customer06135@example.com","ST03","非アクティブ","2026-06-04 15:15:53.266611"
6136,"顧客06136","customer06136@example.com","ST04","退会","2026-06-04 15:15:53.266611"
6137,"顧客06137","customer06137@example.com","ST04","退会","2026-06-04 15:15:53.266611"
6138,"顧客06138","customer06138@example.com","ST02","アクティブ","2026-06-04 15:15:53.266611"
6139,"顧客06139","customer06139@example.com","ST01","新規","2026-06-04 15:15:53.266611"
6140,"顧客06140","customer06140@example.com","ST01","新規","2026-06-04 15:15:53.266611"
6141,"顧客06141","customer06141@example.com","ST02","アクティブ","2026-06-04 15:15:53.266611"
6142,"顧客06142","customer06142@example.com","ST03","非アクティブ","2026-06-04 15:15:53.266611"
6143,"顧客06143","customer06143@example.com","ST04","退会","2026-06-04 15:15:53.266611"
6144,"顧客06144","customer06144@example.com","ST04","退会","2026-06-04 15:15:53.266611"
6145,"顧客06145","customer06145@example.com","ST03","非アクティブ","2026-06-04 15:15:53.266611"
6146,"顧客06146","customer06146@example.com","ST04","退会","2026-06-04 15:15:53.266611"
6147,"顧客06147","customer06147@example.com","ST01","新規","2026-06-04 15:15:53.266611"
6148,"顧客06148","customer06148@example.com","ST04","退会","2026-06-04 15:15:53.266611"
6149,"顧客06149","customer06149@example.com","ST04","退会","2026-06-04 15:15:53.266611"
6150,"顧客06150","customer06150@example.com","ST02","アクティブ","2026-06-04 15:15:53.266611"
6151,"顧客06151","customer06151@example.com","ST03","非アクティブ","2026-06-04 15:15:53.266611"
6152,"顧客06152","customer06152@example.com","ST03","非アクティブ","2026-06-04 15:15:53.266611"
6153,"顧客06153","customer06153@example.com","ST01","新規","2026-06-04 15:15:53.266611"
6154,"顧客06154","customer06154@example.com","ST02","アクティブ","2026-06-04 15:15:53.266611"
6155,"顧客06155","customer06155@example.com","ST02","アクティブ","2026-06-04 15:15:53.266611"
6156,"顧客06156","customer06156@example.com","ST01","新規","2026-06-04 15:15:53.266611"
6157,"顧客06157","customer06157@example.com","ST02","アクティブ","2026-06-04 15:15:53.266611"
6158,"顧客06158","customer06158@example.com","ST02","アクティブ","2026-06-04 15:15:53.266611"
6159,"顧客06159","customer06159@example.com","ST03","非アクティブ","2026-06-04 15:15:53.266611"
6160,"顧客06160","customer06160@example.com","ST03","非アクティブ","2026-06-04 15:15:53.266611"
6161,"顧客06161","customer06161@example.com","ST03","非アクティブ","2026-06-04 15:15:53.266611"
6162,"顧客06162","customer06162@example.com","ST01","新規","2026-06-04 15:15:53.266611"
6163,"顧客06163","customer06163@example.com","ST01","新規","2026-06-04 15:15:53.266611"
6164,"顧客06164","customer06164@example.com","ST01","新規","2026-06-04 15:15:53.266611"
6165,"顧客06165","customer06165@example.com","ST02","アクティブ","2026-06-04 15:15:53.266611"
6166,"顧客06166","customer06166@example.com","ST03","非アクティブ","2026-06-04 15:15:53.266611"
6167,"顧客06167","customer06167@example.com","ST01","新規","2026-06-04 15:15:53.266611"
6168,"顧客06168","customer06168@example.com","ST01","新規","2026-06-04 15:15:53.266611"
6169,"顧客06169","customer06169@example.com","ST01","新規","2026-06-04 15:15:53.266611"
6170,"顧客06170","customer06170@example.com","ST02","アクティブ","2026-06-04 15:15:53.266611"
6171,"顧客06171","customer06171@example.com","ST02","アクティブ","2026-06-04 15:15:53.266611"
6172,"顧客06172","customer06172@example.com","ST02","アクティブ","2026-06-04 15:15:53.266611"
6173,"顧客06173","customer06173@example.com","ST02","アクティブ","2026-06-04 15:15:53.266611"
6174,"顧客06174","customer06174@example.com","ST03","非アクティブ","2026-06-04 15:15:53.266611"
6175,"顧客06175","customer06175@example.com","ST03","非アクティブ","2026-06-04 15:15:53.266611"
6176,"顧客06176","customer06176@example.com","ST03","非アクティブ","2026-06-04 15:15:53.266611"
6177,"顧客06177","customer06177@example.com","ST04","退会","2026-06-04 15:15:53.266611"
6178,"顧客06178","customer06178@example.com","ST02","アクティブ","2026-06-04 15:15:53.266611"
6179,"顧客06179","customer06179@example.com","ST02","アクティブ","2026-06-04 15:15:53.266611"
6180,"顧客06180","customer06180@example.com","ST01","新規","2026-06-04 15:15:53.266611"
6181,"顧客06181","customer06181@example.com","ST04","退会","2026-06-04 15:15:53.266611"
6182,"顧客06182","customer06182@example.com","ST03","非アクティブ","2026-06-04 15:15:53.266611"
6183,"顧客06183","customer06183@example.com","ST02","アクティブ","2026-06-04 15:15:53.266611"
6184,"顧客06184","customer06184@example.com","ST03","非アクティブ","2026-06-04 15:15:53.266611"
6185,"顧客06185","customer06185@example.com","ST03","非アクティブ","2026-06-04 15:15:53.266611"
6186,"顧客06186","customer06186@example.com","ST02","アクティブ","2026-06-04 15:15:53.266611"
6187,"顧客06187","customer06187@example.com","ST01","新規","2026-06-04 15:15:53.266611"
6188,"顧客06188","customer06188@example.com","ST02","アクティブ","2026-06-04 15:15:53.266611"
6189,"顧客06189","customer06189@example.com","ST03","非アクティブ","2026-06-04 15:15:53.266611"
6190,"顧客06190","customer06190@example.com","ST01","新規","2026-06-04 15:15:53.266611"
6191,"顧客06191","customer06191@example.com","ST03","非アクティブ","2026-06-04 15:15:53.266611"
6192,"顧客06192","customer06192@example.com","ST04","退会","2026-06-04 15:15:53.266611"
6193,"顧客06193","customer06193@example.com","ST04","退会","2026-06-04 15:15:53.266611"
6194,"顧客06194","customer06194@example.com","ST01","新規","2026-06-04 15:15:53.266611"
6195,"顧客06195","customer06195@example.com","ST03","非アクティブ","2026-06-04 15:15:53.266611"
6196,"顧客06196","customer06196@example.com","ST04","退会","2026-06-04 15:15:53.266611"
6197,"顧客06197","customer06197@example.com","ST02","アクティブ","2026-06-04 15:15:53.266611"
6198,"顧客06198","customer06198@example.com","ST03","非アクティブ","2026-06-04 15:15:53.266611"
6199,"顧客06199","customer06199@example.com","ST02","アクティブ","2026-06-04 15:15:53.266611"
6200,"顧客06200","customer06200@example.com","ST02","アクティブ","2026-06-04 15:15:53.266611"
6201,"顧客06201","customer06201@example.com","ST01","新規","2026-06-04 15:15:53.266611"
6202,"顧客06202","customer06202@example.com","ST04","退会","2026-06-04 15:15:53.266611"
6203,"顧客06203","customer06203@example.com","ST03","非アクティブ","2026-06-04 15:15:53.266611"
6204,"顧客06204","customer06204@example.com","ST02","アクティブ","2026-06-04 15:15:53.266611"
6205,"顧客06205","customer06205@example.com","ST03","非アクティブ","2026-06-04 15:15:53.266611"
6206,"顧客06206","customer06206@example.com","ST04","退会","2026-06-04 15:15:53.266611"
6207,"顧客06207","customer06207@example.com","ST01","新規","2026-06-04 15:15:53.266611"
6208,"顧客06208","customer06208@example.com","ST02","アクティブ","2026-06-04 15:15:53.266611"
6209,"顧客06209","customer06209@example.com","ST02","アクティブ","2026-06-04 15:15:53.266611"
6210,"顧客06210","customer06210@example.com","ST01","新規","2026-06-04 15:15:53.266611"
6211,"顧客06211","customer06211@example.com","ST02","アクティブ","2026-06-04 15:15:53.266611"
6212,"顧客06212","customer06212@example.com","ST04","退会","2026-06-04 15:15:53.266611"
6213,"顧客06213","customer06213@example.com","ST01","新規","2026-06-04 15:15:53.266611"
6214,"顧客06214","customer06214@example.com","ST02","アクティブ","2026-06-04 15:15:53.266611"
6215,"顧客06215","customer06215@example.com","ST03","非アクティブ","2026-06-04 15:15:53.266611"
6216,"顧客06216","customer06216@example.com","ST04","退会","2026-06-04 15:15:53.266611"
6217,"顧客06217","customer06217@example.com","ST02","アクティブ","2026-06-04 15:15:53.266611"
6218,"顧客06218","customer06218@example.com","ST03","非アクティブ","2026-06-04 15:15:53.266611"
6219,"顧客06219","customer06219@example.com","ST03","非アクティブ","2026-06-04 15:15:53.266611"
6220,"顧客06220","customer06220@example.com","ST01","新規","2026-06-04 15:15:53.266611"
6221,"顧客06221","customer06221@example.com","ST03","非アクティブ","2026-06-04 15:15:53.266611"
6222,"顧客06222","customer06222@example.com","ST04","退会","2026-06-04 15:15:53.266611"
6223,"顧客06223","customer06223@example.com","ST03","非アクティブ","2026-06-04 15:15:53.266611"
6224,"顧客06224","customer06224@example.com","ST03","非アクティブ","2026-06-04 15:15:53.266611"
6225,"顧客06225","customer06225@example.com","ST03","非アクティブ","2026-06-04 15:15:53.266611"
6226,"顧客06226","customer06226@example.com","ST02","アクティブ","2026-06-04 15:15:53.266611"
6227,"顧客06227","customer06227@example.com","ST01","新規","2026-06-04 15:15:53.266611"
6228,"顧客06228","customer06228@example.com","ST01","新規","2026-06-04 15:15:53.266611"
6229,"顧客06229","customer06229@example.com","ST02","アクティブ","2026-06-04 15:15:53.266611"
6230,"顧客06230","customer06230@example.com","ST03","非アクティブ","2026-06-04 15:15:53.266611"
6231,"顧客06231","customer06231@example.com","ST04","退会","2026-06-04 15:15:53.266611"
6232,"顧客06232","customer06232@example.com","ST02","アクティブ","2026-06-04 15:15:53.266611"
6233,"顧客06233","customer06233@example.com","ST04","退会","2026-06-04 15:15:53.266611"
6234,"顧客06234","customer06234@example.com","ST03","非アクティブ","2026-06-04 15:15:53.266611"
6235,"顧客06235","customer06235@example.com","ST03","非アクティブ","2026-06-04 15:15:53.266611"
6236,"顧客06236","customer06236@example.com","ST01","新規","2026-06-04 15:15:53.266611"
6237,"顧客06237","customer06237@example.com","ST02","アクティブ","2026-06-04 15:15:53.266611"
6238,"顧客06238","customer06238@example.com","ST04","退会","2026-06-04 15:15:53.266611"
6239,"顧客06239","customer06239@example.com","ST02","アクティブ","2026-06-04 15:15:53.266611"
6240,"顧客06240","customer06240@example.com","ST02","アクティブ","2026-06-04 15:15:53.266611"
6241,"顧客06241","customer06241@example.com","ST03","非アクティブ","2026-06-04 15:15:53.266611"
6242,"顧客06242","customer06242@example.com","ST03","非アクティブ","2026-06-04 15:15:53.266611"
6243,"顧客06243","customer06243@example.com","ST03","非アクティブ","2026-06-04 15:15:53.266611"
6244,"顧客06244","customer06244@example.com","ST02","アクティブ","2026-06-04 15:15:53.266611"
6245,"顧客06245","customer06245@example.com","ST02","アクティブ","2026-06-04 15:15:53.266611"
6246,"顧客06246","customer06246@example.com","ST02","アクティブ","2026-06-04 15:15:53.266611"
6247,"顧客06247","customer06247@example.com","ST01","新規","2026-06-04 15:15:53.266611"
6248,"顧客06248","customer06248@example.com","ST02","アクティブ","2026-06-04 15:15:53.266611"
6249,"顧客06249","customer06249@example.com","ST01","新規","2026-06-04 15:15:53.266611"
6250,"顧客06250","customer06250@example.com","ST02","アクティブ","2026-06-04 15:15:53.266611"
6251,"顧客06251","customer06251@example.com","ST03","非アクティブ","2026-06-04 15:15:53.266611"
6252,"顧客06252","customer06252@example.com","ST01","新規","2026-06-04 15:15:53.266611"
6253,"顧客06253","customer06253@example.com","ST03","非アクティブ","2026-06-04 15:15:53.266611"
6254,"顧客06254","customer06254@example.com","ST02","アクティブ","2026-06-04 15:15:53.266611"
6255,"顧客06255","customer06255@example.com","ST02","アクティブ","2026-06-04 15:15:53.266611"
6256,"顧客06256","customer06256@example.com","ST02","アクティブ","2026-06-04 15:15:53.266611"
6257,"顧客06257","customer06257@example.com","ST01","新規","2026-06-04 15:15:53.266611"
6258,"顧客06258","customer06258@example.com","ST02","アクティブ","2026-06-04 15:15:53.266611"
6259,"顧客06259","customer06259@example.com","ST03","非アクティブ","2026-06-04 15:15:53.266611"
6260,"顧客06260","customer06260@example.com","ST02","アクティブ","2026-06-04 15:15:53.266611"
6261,"顧客06261","customer06261@example.com","ST01","新規","2026-06-04 15:15:53.266611"
6262,"顧客06262","customer06262@example.com","ST03","非アクティブ","2026-06-04 15:15:53.266611"
6263,"顧客06263","customer06263@example.com","ST01","新規","2026-06-04 15:15:53.266611"
6264,"顧客06264","customer06264@example.com","ST03","非アクティブ","2026-06-04 15:15:53.266611"
6265,"顧客06265","customer06265@example.com","ST02","アクティブ","2026-06-04 15:15:53.266611"
6266,"顧客06266","customer06266@example.com","ST03","非アクティブ","2026-06-04 15:15:53.266611"
6267,"顧客06267","customer06267@example.com","ST02","アクティブ","2026-06-04 15:15:53.266611"
6268,"顧客06268","customer06268@example.com","ST02","アクティブ","2026-06-04 15:15:53.266611"
6269,"顧客06269","customer06269@example.com","ST04","退会","2026-06-04 15:15:53.266611"
6270,"顧客06270","customer06270@example.com","ST04","退会","2026-06-04 15:15:53.266611"
6271,"顧客06271","customer06271@example.com","ST02","アクティブ","2026-06-04 15:15:53.266611"
6272,"顧客06272","customer06272@example.com","ST03","非アクティブ","2026-06-04 15:15:53.266611"
6273,"顧客06273","customer06273@example.com","ST02","アクティブ","2026-06-04 15:15:53.266611"
6274,"顧客06274","customer06274@example.com","ST03","非アクティブ","2026-06-04 15:15:53.266611"
6275,"顧客06275","customer06275@example.com","ST02","アクティブ","2026-06-04 15:15:53.266611"
6276,"顧客06276","customer06276@example.com","ST01","新規","2026-06-04 15:15:53.266611"
6277,"顧客06277","customer06277@example.com","ST02","アクティブ","2026-06-04 15:15:53.266611"
6278,"顧客06278","customer06278@example.com","ST03","非アクティブ","2026-06-04 15:15:53.266611"
6279,"顧客06279","customer06279@example.com","ST03","非アクティブ","2026-06-04 15:15:53.266611"
6280,"顧客06280","customer06280@example.com","ST03","非アクティブ","2026-06-04 15:15:53.266611"
6281,"顧客06281","customer06281@example.com","ST02","アクティブ","2026-06-04 15:15:53.266611"
6282,"顧客06282","customer06282@example.com","ST01","新規","2026-06-04 15:15:53.266611"
6283,"顧客06283","customer06283@example.com","ST01","新規","2026-06-04 15:15:53.266611"
6284,"顧客06284","customer06284@example.com","ST04","退会","2026-06-04 15:15:53.266611"
6285,"顧客06285","customer06285@example.com","ST02","アクティブ","2026-06-04 15:15:53.266611"
6286,"顧客06286","customer06286@example.com","ST04","退会","2026-06-04 15:15:53.266611"
6287,"顧客06287","customer06287@example.com","ST02","アクティブ","2026-06-04 15:15:53.266611"
6288,"顧客06288","customer06288@example.com","ST04","退会","2026-06-04 15:15:53.266611"
6289,"顧客06289","customer06289@example.com","ST02","アクティブ","2026-06-04 15:15:53.266611"
6290,"顧客06290","customer06290@example.com","ST04","退会","2026-06-04 15:15:53.266611"
6291,"顧客06291","customer06291@example.com","ST01","新規","2026-06-04 15:15:53.266611"
6292,"顧客06292","customer06292@example.com","ST01","新規","2026-06-04 15:15:53.266611"
6293,"顧客06293","customer06293@example.com","ST02","アクティブ","2026-06-04 15:15:53.266611"
6294,"顧客06294","customer06294@example.com","ST03","非アクティブ","2026-06-04 15:15:53.266611"
6295,"顧客06295","customer06295@example.com","ST01","新規","2026-06-04 15:15:53.266611"
6296,"顧客06296","customer06296@example.com","ST01","新規","2026-06-04 15:15:53.266611"
6297,"顧客06297","customer06297@example.com","ST03","非アクティブ","2026-06-04 15:15:53.266611"
6298,"顧客06298","customer06298@example.com","ST03","非アクティブ","2026-06-04 15:15:53.266611"
6299,"顧客06299","customer06299@example.com","ST02","アクティブ","2026-06-04 15:15:53.266611"
6300,"顧客06300","customer06300@example.com","ST04","退会","2026-06-04 15:15:53.266611"
6301,"顧客06301","customer06301@example.com","ST02","アクティブ","2026-06-04 15:15:53.266611"
6302,"顧客06302","customer06302@example.com","ST04","退会","2026-06-04 15:15:53.266611"
6303,"顧客06303","customer06303@example.com","ST02","アクティブ","2026-06-04 15:15:53.266611"
6304,"顧客06304","customer06304@example.com","ST03","非アクティブ","2026-06-04 15:15:53.266611"
6305,"顧客06305","customer06305@example.com","ST04","退会","2026-06-04 15:15:53.266611"
6306,"顧客06306","customer06306@example.com","ST03","非アクティブ","2026-06-04 15:15:53.266611"
6307,"顧客06307","customer06307@example.com","ST01","新規","2026-06-04 15:15:53.266611"
6308,"顧客06308","customer06308@example.com","ST04","退会","2026-06-04 15:15:53.266611"
6309,"顧客06309","customer06309@example.com","ST03","非アクティブ","2026-06-04 15:15:53.266611"
6310,"顧客06310","customer06310@example.com","ST04","退会","2026-06-04 15:15:53.266611"
6311,"顧客06311","customer06311@example.com","ST02","アクティブ","2026-06-04 15:15:53.266611"
6312,"顧客06312","customer06312@example.com","ST01","新規","2026-06-04 15:15:53.266611"
6313,"顧客06313","customer06313@example.com","ST03","非アクティブ","2026-06-04 15:15:53.266611"
6314,"顧客06314","customer06314@example.com","ST02","アクティブ","2026-06-04 15:15:53.266611"
6315,"顧客06315","customer06315@example.com","ST03","非アクティブ","2026-06-04 15:15:53.266611"
6316,"顧客06316","customer06316@example.com","ST02","アクティブ","2026-06-04 15:15:53.266611"
6317,"顧客06317","customer06317@example.com","ST01","新規","2026-06-04 15:15:53.266611"
6318,"顧客06318","customer06318@example.com","ST04","退会","2026-06-04 15:15:53.266611"
6319,"顧客06319","customer06319@example.com","ST02","アクティブ","2026-06-04 15:15:53.266611"
6320,"顧客06320","customer06320@example.com","ST03","非アクティブ","2026-06-04 15:15:53.266611"
6321,"顧客06321","customer06321@example.com","ST03","非アクティブ","2026-06-04 15:15:53.266611"
6322,"顧客06322","customer06322@example.com","ST01","新規","2026-06-04 15:15:53.266611"
6323,"顧客06323","customer06323@example.com","ST03","非アクティブ","2026-06-04 15:15:53.266611"
6324,"顧客06324","customer06324@example.com","ST01","新規","2026-06-04 15:15:53.266611"
6325,"顧客06325","customer06325@example.com","ST03","非アクティブ","2026-06-04 15:15:53.266611"
6326,"顧客06326","customer06326@example.com","ST03","非アクティブ","2026-06-04 15:15:53.266611"
6327,"顧客06327","customer06327@example.com","ST03","非アクティブ","2026-06-04 15:15:53.266611"
6328,"顧客06328","customer06328@example.com","ST03","非アクティブ","2026-06-04 15:15:53.266611"
6329,"顧客06329","customer06329@example.com","ST03","非アクティブ","2026-06-04 15:15:53.266611"
6330,"顧客06330","customer06330@example.com","ST01","新規","2026-06-04 15:15:53.266611"
6331,"顧客06331","customer06331@example.com","ST02","アクティブ","2026-06-04 15:15:53.266611"
6332,"顧客06332","customer06332@example.com","ST03","非アクティブ","2026-06-04 15:15:53.266611"
6333,"顧客06333","customer06333@example.com","ST02","アクティブ","2026-06-04 15:15:53.266611"
6334,"顧客06334","customer06334@example.com","ST02","アクティブ","2026-06-04 15:15:53.266611"
6335,"顧客06335","customer06335@example.com","ST02","アクティブ","2026-06-04 15:15:53.266611"
6336,"顧客06336","customer06336@example.com","ST04","退会","2026-06-04 15:15:53.266611"
6337,"顧客06337","customer06337@example.com","ST01","新規","2026-06-04 15:15:53.266611"
6338,"顧客06338","customer06338@example.com","ST01","新規","2026-06-04 15:15:53.266611"
6339,"顧客06339","customer06339@example.com","ST03","非アクティブ","2026-06-04 15:15:53.266611"
6340,"顧客06340","customer06340@example.com","ST03","非アクティブ","2026-06-04 15:15:53.266611"
6341,"顧客06341","customer06341@example.com","ST03","非アクティブ","2026-06-04 15:15:53.266611"
6342,"顧客06342","customer06342@example.com","ST01","新規","2026-06-04 15:15:53.266611"
6343,"顧客06343","customer06343@example.com","ST01","新規","2026-06-04 15:15:53.266611"
6344,"顧客06344","customer06344@example.com","ST04","退会","2026-06-04 15:15:53.266611"
6345,"顧客06345","customer06345@example.com","ST03","非アクティブ","2026-06-04 15:15:53.266611"
6346,"顧客06346","customer06346@example.com","ST03","非アクティブ","2026-06-04 15:15:53.266611"
6347,"顧客06347","customer06347@example.com","ST03","非アクティブ","2026-06-04 15:15:53.266611"
6348,"顧客06348","customer06348@example.com","ST04","退会","2026-06-04 15:15:53.266611"
6349,"顧客06349","customer06349@example.com","ST02","アクティブ","2026-06-04 15:15:53.266611"
6350,"顧客06350","customer06350@example.com","ST01","新規","2026-06-04 15:15:53.266611"
6351,"顧客06351","customer06351@example.com","ST02","アクティブ","2026-06-04 15:15:53.266611"
6352,"顧客06352","customer06352@example.com","ST03","非アクティブ","2026-06-04 15:15:53.266611"
6353,"顧客06353","customer06353@example.com","ST03","非アクティブ","2026-06-04 15:15:53.266611"
6354,"顧客06354","customer06354@example.com","ST04","退会","2026-06-04 15:15:53.266611"
6355,"顧客06355","customer06355@example.com","ST04","退会","2026-06-04 15:15:53.266611"
6356,"顧客06356","customer06356@example.com","ST01","新規","2026-06-04 15:15:53.266611"
6357,"顧客06357","customer06357@example.com","ST04","退会","2026-06-04 15:15:53.266611"
6358,"顧客06358","customer06358@example.com","ST04","退会","2026-06-04 15:15:53.266611"
6359,"顧客06359","customer06359@example.com","ST03","非アクティブ","2026-06-04 15:15:53.266611"
6360,"顧客06360","customer06360@example.com","ST03","非アクティブ","2026-06-04 15:15:53.266611"
6361,"顧客06361","customer06361@example.com","ST02","アクティブ","2026-06-04 15:15:53.266611"
6362,"顧客06362","customer06362@example.com","ST03","非アクティブ","2026-06-04 15:15:53.266611"
6363,"顧客06363","customer06363@example.com","ST02","アクティブ","2026-06-04 15:15:53.266611"
6364,"顧客06364","customer06364@example.com","ST01","新規","2026-06-04 15:15:53.266611"
6365,"顧客06365","customer06365@example.com","ST03","非アクティブ","2026-06-04 15:15:53.266611"
6366,"顧客06366","customer06366@example.com","ST03","非アクティブ","2026-06-04 15:15:53.266611"
6367,"顧客06367","customer06367@example.com","ST03","非アクティブ","2026-06-04 15:15:53.266611"
6368,"顧客06368","customer06368@example.com","ST04","退会","2026-06-04 15:15:53.266611"
6369,"顧客06369","customer06369@example.com","ST03","非アクティブ","2026-06-04 15:15:53.266611"
6370,"顧客06370","customer06370@example.com","ST02","アクティブ","2026-06-04 15:15:53.266611"
6371,"顧客06371","customer06371@example.com","ST02","アクティブ","2026-06-04 15:15:53.266611"
6372,"顧客06372","customer06372@example.com","ST02","アクティブ","2026-06-04 15:15:53.266611"
6373,"顧客06373","customer06373@example.com","ST02","アクティブ","2026-06-04 15:15:53.266611"
6374,"顧客06374","customer06374@example.com","ST01","新規","2026-06-04 15:15:53.266611"
6375,"顧客06375","customer06375@example.com","ST03","非アクティブ","2026-06-04 15:15:53.266611"
6376,"顧客06376","customer06376@example.com","ST02","アクティブ","2026-06-04 15:15:53.266611"
6377,"顧客06377","customer06377@example.com","ST03","非アクティブ","2026-06-04 15:15:53.266611"
6378,"顧客06378","customer06378@example.com","ST04","退会","2026-06-04 15:15:53.266611"
6379,"顧客06379","customer06379@example.com","ST01","新規","2026-06-04 15:15:53.266611"
6380,"顧客06380","customer06380@example.com","ST04","退会","2026-06-04 15:15:53.266611"
6381,"顧客06381","customer06381@example.com","ST01","新規","2026-06-04 15:15:53.266611"
6382,"顧客06382","customer06382@example.com","ST03","非アクティブ","2026-06-04 15:15:53.266611"
6383,"顧客06383","customer06383@example.com","ST04","退会","2026-06-04 15:15:53.266611"
6384,"顧客06384","customer06384@example.com","ST02","アクティブ","2026-06-04 15:15:53.266611"
6385,"顧客06385","customer06385@example.com","ST03","非アクティブ","2026-06-04 15:15:53.266611"
6386,"顧客06386","customer06386@example.com","ST03","非アクティブ","2026-06-04 15:15:53.266611"
6387,"顧客06387","customer06387@example.com","ST03","非アクティブ","2026-06-04 15:15:53.266611"
6388,"顧客06388","customer06388@example.com","ST03","非アクティブ","2026-06-04 15:15:53.266611"
6389,"顧客06389","customer06389@example.com","ST02","アクティブ","2026-06-04 15:15:53.266611"
6390,"顧客06390","customer06390@example.com","ST03","非アクティブ","2026-06-04 15:15:53.266611"
6391,"顧客06391","customer06391@example.com","ST04","退会","2026-06-04 15:15:53.266611"
6392,"顧客06392","customer06392@example.com","ST02","アクティブ","2026-06-04 15:15:53.266611"
6393,"顧客06393","customer06393@example.com","ST03","非アクティブ","2026-06-04 15:15:53.266611"
6394,"顧客06394","customer06394@example.com","ST03","非アクティブ","2026-06-04 15:15:53.266611"
6395,"顧客06395","customer06395@example.com","ST02","アクティブ","2026-06-04 15:15:53.266611"
6396,"顧客06396","customer06396@example.com","ST03","非アクティブ","2026-06-04 15:15:53.266611"
6397,"顧客06397","customer06397@example.com","ST02","アクティブ","2026-06-04 15:15:53.266611"
6398,"顧客06398","customer06398@example.com","ST04","退会","2026-06-04 15:15:53.266611"
6399,"顧客06399","customer06399@example.com","ST01","新規","2026-06-04 15:15:53.266611"
6400,"顧客06400","customer06400@example.com","ST01","新規","2026-06-04 15:15:53.266611"
6401,"顧客06401","customer06401@example.com","ST04","退会","2026-06-04 15:15:53.266611"
6402,"顧客06402","customer06402@example.com","ST01","新規","2026-06-04 15:15:53.266611"
6403,"顧客06403","customer06403@example.com","ST01","新規","2026-06-04 15:15:53.266611"
6404,"顧客06404","customer06404@example.com","ST02","アクティブ","2026-06-04 15:15:53.266611"
6405,"顧客06405","customer06405@example.com","ST04","退会","2026-06-04 15:15:53.266611"
6406,"顧客06406","customer06406@example.com","ST01","新規","2026-06-04 15:15:53.266611"
6407,"顧客06407","customer06407@example.com","ST03","非アクティブ","2026-06-04 15:15:53.266611"
6408,"顧客06408","customer06408@example.com","ST02","アクティブ","2026-06-04 15:15:53.266611"
6409,"顧客06409","customer06409@example.com","ST04","退会","2026-06-04 15:15:53.266611"
6410,"顧客06410","customer06410@example.com","ST01","新規","2026-06-04 15:15:53.266611"
6411,"顧客06411","customer06411@example.com","ST03","非アクティブ","2026-06-04 15:15:53.266611"
6412,"顧客06412","customer06412@example.com","ST03","非アクティブ","2026-06-04 15:15:53.266611"
6413,"顧客06413","customer06413@example.com","ST02","アクティブ","2026-06-04 15:15:53.266611"
6414,"顧客06414","customer06414@example.com","ST02","アクティブ","2026-06-04 15:15:53.266611"
6415,"顧客06415","customer06415@example.com","ST02","アクティブ","2026-06-04 15:15:53.266611"
6416,"顧客06416","customer06416@example.com","ST02","アクティブ","2026-06-04 15:15:53.266611"
6417,"顧客06417","customer06417@example.com","ST01","新規","2026-06-04 15:15:53.266611"
6418,"顧客06418","customer06418@example.com","ST02","アクティブ","2026-06-04 15:15:53.266611"
6419,"顧客06419","customer06419@example.com","ST03","非アクティブ","2026-06-04 15:15:53.266611"
6420,"顧客06420","customer06420@example.com","ST01","新規","2026-06-04 15:15:53.266611"
6421,"顧客06421","customer06421@example.com","ST02","アクティブ","2026-06-04 15:15:53.266611"
6422,"顧客06422","customer06422@example.com","ST01","新規","2026-06-04 15:15:53.266611"
6423,"顧客06423","customer06423@example.com","ST03","非アクティブ","2026-06-04 15:15:53.266611"
6424,"顧客06424","customer06424@example.com","ST03","非アクティブ","2026-06-04 15:15:53.266611"
6425,"顧客06425","customer06425@example.com","ST04","退会","2026-06-04 15:15:53.266611"
6426,"顧客06426","customer06426@example.com","ST04","退会","2026-06-04 15:15:53.266611"
6427,"顧客06427","customer06427@example.com","ST01","新規","2026-06-04 15:15:53.266611"
6428,"顧客06428","customer06428@example.com","ST02","アクティブ","2026-06-04 15:15:53.266611"
6429,"顧客06429","customer06429@example.com","ST03","非アクティブ","2026-06-04 15:15:53.266611"
6430,"顧客06430","customer06430@example.com","ST03","非アクティブ","2026-06-04 15:15:53.266611"
6431,"顧客06431","customer06431@example.com","ST03","非アクティブ","2026-06-04 15:15:53.266611"
6432,"顧客06432","customer06432@example.com","ST01","新規","2026-06-04 15:15:53.266611"
6433,"顧客06433","customer06433@example.com","ST03","非アクティブ","2026-06-04 15:15:53.266611"
6434,"顧客06434","customer06434@example.com","ST02","アクティブ","2026-06-04 15:15:53.266611"
6435,"顧客06435","customer06435@example.com","ST02","アクティブ","2026-06-04 15:15:53.266611"
6436,"顧客06436","customer06436@example.com","ST04","退会","2026-06-04 15:15:53.266611"
6437,"顧客06437","customer06437@example.com","ST04","退会","2026-06-04 15:15:53.266611"
6438,"顧客06438","customer06438@example.com","ST02","アクティブ","2026-06-04 15:15:53.266611"
6439,"顧客06439","customer06439@example.com","ST02","アクティブ","2026-06-04 15:15:53.266611"
6440,"顧客06440","customer06440@example.com","ST02","アクティブ","2026-06-04 15:15:53.266611"
6441,"顧客06441","customer06441@example.com","ST01","新規","2026-06-04 15:15:53.266611"
6442,"顧客06442","customer06442@example.com","ST04","退会","2026-06-04 15:15:53.266611"
6443,"顧客06443","customer06443@example.com","ST03","非アクティブ","2026-06-04 15:15:53.266611"
6444,"顧客06444","customer06444@example.com","ST01","新規","2026-06-04 15:15:53.266611"
6445,"顧客06445","customer06445@example.com","ST03","非アクティブ","2026-06-04 15:15:53.266611"
6446,"顧客06446","customer06446@example.com","ST04","退会","2026-06-04 15:15:53.266611"
6447,"顧客06447","customer06447@example.com","ST02","アクティブ","2026-06-04 15:15:53.266611"
6448,"顧客06448","customer06448@example.com","ST02","アクティブ","2026-06-04 15:15:53.266611"
6449,"顧客06449","customer06449@example.com","ST04","退会","2026-06-04 15:15:53.266611"
6450,"顧客06450","customer06450@example.com","ST04","退会","2026-06-04 15:15:53.266611"
6451,"顧客06451","customer06451@example.com","ST02","アクティブ","2026-06-04 15:15:53.266611"
6452,"顧客06452","customer06452@example.com","ST04","退会","2026-06-04 15:15:53.266611"
6453,"顧客06453","customer06453@example.com","ST03","非アクティブ","2026-06-04 15:15:53.266611"
6454,"顧客06454","customer06454@example.com","ST01","新規","2026-06-04 15:15:53.266611"
6455,"顧客06455","customer06455@example.com","ST04","退会","2026-06-04 15:15:53.266611"
6456,"顧客06456","customer06456@example.com","ST02","アクティブ","2026-06-04 15:15:53.266611"
6457,"顧客06457","customer06457@example.com","ST02","アクティブ","2026-06-04 15:15:53.266611"
6458,"顧客06458","customer06458@example.com","ST04","退会","2026-06-04 15:15:53.266611"
6459,"顧客06459","customer06459@example.com","ST03","非アクティブ","2026-06-04 15:15:53.266611"
6460,"顧客06460","customer06460@example.com","ST02","アクティブ","2026-06-04 15:15:53.266611"
6461,"顧客06461","customer06461@example.com","ST02","アクティブ","2026-06-04 15:15:53.266611"
6462,"顧客06462","customer06462@example.com","ST03","非アクティブ","2026-06-04 15:15:53.266611"
6463,"顧客06463","customer06463@example.com","ST03","非アクティブ","2026-06-04 15:15:53.266611"
6464,"顧客06464","customer06464@example.com","ST02","アクティブ","2026-06-04 15:15:53.266611"
6465,"顧客06465","customer06465@example.com","ST01","新規","2026-06-04 15:15:53.266611"
6466,"顧客06466","customer06466@example.com","ST03","非アクティブ","2026-06-04 15:15:53.266611"
6467,"顧客06467","customer06467@example.com","ST04","退会","2026-06-04 15:15:53.266611"
6468,"顧客06468","customer06468@example.com","ST03","非アクティブ","2026-06-04 15:15:53.266611"
6469,"顧客06469","customer06469@example.com","ST03","非アクティブ","2026-06-04 15:15:53.266611"
6470,"顧客06470","customer06470@example.com","ST03","非アクティブ","2026-06-04 15:15:53.266611"
6471,"顧客06471","customer06471@example.com","ST02","アクティブ","2026-06-04 15:15:53.266611"
6472,"顧客06472","customer06472@example.com","ST03","非アクティブ","2026-06-04 15:15:53.266611"
6473,"顧客06473","customer06473@example.com","ST03","非アクティブ","2026-06-04 15:15:53.266611"
6474,"顧客06474","customer06474@example.com","ST02","アクティブ","2026-06-04 15:15:53.266611"
6475,"顧客06475","customer06475@example.com","ST04","退会","2026-06-04 15:15:53.266611"
6476,"顧客06476","customer06476@example.com","ST03","非アクティブ","2026-06-04 15:15:53.266611"
6477,"顧客06477","customer06477@example.com","ST03","非アクティブ","2026-06-04 15:15:53.266611"
6478,"顧客06478","customer06478@example.com","ST01","新規","2026-06-04 15:15:53.266611"
6479,"顧客06479","customer06479@example.com","ST03","非アクティブ","2026-06-04 15:15:53.266611"
6480,"顧客06480","customer06480@example.com","ST02","アクティブ","2026-06-04 15:15:53.266611"
6481,"顧客06481","customer06481@example.com","ST02","アクティブ","2026-06-04 15:15:53.266611"
6482,"顧客06482","customer06482@example.com","ST01","新規","2026-06-04 15:15:53.266611"
6483,"顧客06483","customer06483@example.com","ST03","非アクティブ","2026-06-04 15:15:53.266611"
6484,"顧客06484","customer06484@example.com","ST04","退会","2026-06-04 15:15:53.266611"
6485,"顧客06485","customer06485@example.com","ST01","新規","2026-06-04 15:15:53.266611"
6486,"顧客06486","customer06486@example.com","ST02","アクティブ","2026-06-04 15:15:53.266611"
6487,"顧客06487","customer06487@example.com","ST04","退会","2026-06-04 15:15:53.266611"
6488,"顧客06488","customer06488@example.com","ST01","新規","2026-06-04 15:15:53.266611"
6489,"顧客06489","customer06489@example.com","ST01","新規","2026-06-04 15:15:53.266611"
6490,"顧客06490","customer06490@example.com","ST03","非アクティブ","2026-06-04 15:15:53.266611"
6491,"顧客06491","customer06491@example.com","ST03","非アクティブ","2026-06-04 15:15:53.266611"
6492,"顧客06492","customer06492@example.com","ST01","新規","2026-06-04 15:15:53.266611"
6493,"顧客06493","customer06493@example.com","ST03","非アクティブ","2026-06-04 15:15:53.266611"
6494,"顧客06494","customer06494@example.com","ST04","退会","2026-06-04 15:15:53.266611"
6495,"顧客06495","customer06495@example.com","ST02","アクティブ","2026-06-04 15:15:53.266611"
6496,"顧客06496","customer06496@example.com","ST01","新規","2026-06-04 15:15:53.266611"
6497,"顧客06497","customer06497@example.com","ST03","非アクティブ","2026-06-04 15:15:53.266611"
6498,"顧客06498","customer06498@example.com","ST02","アクティブ","2026-06-04 15:15:53.266611"
6499,"顧客06499","customer06499@example.com","ST02","アクティブ","2026-06-04 15:15:53.266611"
6500,"顧客06500","customer06500@example.com","ST04","退会","2026-06-04 15:15:53.266611"
6501,"顧客06501","customer06501@example.com","ST01","新規","2026-06-04 15:15:53.266611"
6502,"顧客06502","customer06502@example.com","ST03","非アクティブ","2026-06-04 15:15:53.266611"
6503,"顧客06503","customer06503@example.com","ST01","新規","2026-06-04 15:15:53.266611"
6504,"顧客06504","customer06504@example.com","ST04","退会","2026-06-04 15:15:53.266611"
6505,"顧客06505","customer06505@example.com","ST01","新規","2026-06-04 15:15:53.266611"
6506,"顧客06506","customer06506@example.com","ST01","新規","2026-06-04 15:15:53.266611"
6507,"顧客06507","customer06507@example.com","ST02","アクティブ","2026-06-04 15:15:53.266611"
6508,"顧客06508","customer06508@example.com","ST01","新規","2026-06-04 15:15:53.266611"
6509,"顧客06509","customer06509@example.com","ST03","非アクティブ","2026-06-04 15:15:53.266611"
6510,"顧客06510","customer06510@example.com","ST02","アクティブ","2026-06-04 15:15:53.266611"
6511,"顧客06511","customer06511@example.com","ST01","新規","2026-06-04 15:15:53.266611"
6512,"顧客06512","customer06512@example.com","ST02","アクティブ","2026-06-04 15:15:53.266611"
6513,"顧客06513","customer06513@example.com","ST04","退会","2026-06-04 15:15:53.266611"
6514,"顧客06514","customer06514@example.com","ST04","退会","2026-06-04 15:15:53.266611"
6515,"顧客06515","customer06515@example.com","ST01","新規","2026-06-04 15:15:53.266611"
6516,"顧客06516","customer06516@example.com","ST02","アクティブ","2026-06-04 15:15:53.266611"
6517,"顧客06517","customer06517@example.com","ST03","非アクティブ","2026-06-04 15:15:53.266611"
6518,"顧客06518","customer06518@example.com","ST02","アクティブ","2026-06-04 15:15:53.266611"
6519,"顧客06519","customer06519@example.com","ST01","新規","2026-06-04 15:15:53.266611"
6520,"顧客06520","customer06520@example.com","ST04","退会","2026-06-04 15:15:53.266611"
6521,"顧客06521","customer06521@example.com","ST03","非アクティブ","2026-06-04 15:15:53.266611"
6522,"顧客06522","customer06522@example.com","ST01","新規","2026-06-04 15:15:53.266611"
6523,"顧客06523","customer06523@example.com","ST04","退会","2026-06-04 15:15:53.266611"
6524,"顧客06524","customer06524@example.com","ST01","新規","2026-06-04 15:15:53.266611"
6525,"顧客06525","customer06525@example.com","ST01","新規","2026-06-04 15:15:53.266611"
6526,"顧客06526","customer06526@example.com","ST01","新規","2026-06-04 15:15:53.266611"
6527,"顧客06527","customer06527@example.com","ST04","退会","2026-06-04 15:15:53.266611"
6528,"顧客06528","customer06528@example.com","ST01","新規","2026-06-04 15:15:53.266611"
6529,"顧客06529","customer06529@example.com","ST03","非アクティブ","2026-06-04 15:15:53.266611"
6530,"顧客06530","customer06530@example.com","ST02","アクティブ","2026-06-04 15:15:53.266611"
6531,"顧客06531","customer06531@example.com","ST03","非アクティブ","2026-06-04 15:15:53.266611"
6532,"顧客06532","customer06532@example.com","ST03","非アクティブ","2026-06-04 15:15:53.266611"
6533,"顧客06533","customer06533@example.com","ST03","非アクティブ","2026-06-04 15:15:53.266611"
6534,"顧客06534","customer06534@example.com","ST04","退会","2026-06-04 15:15:53.266611"
6535,"顧客06535","customer06535@example.com","ST02","アクティブ","2026-06-04 15:15:53.266611"
6536,"顧客06536","customer06536@example.com","ST03","非アクティブ","2026-06-04 15:15:53.266611"
6537,"顧客06537","customer06537@example.com","ST02","アクティブ","2026-06-04 15:15:53.266611"
6538,"顧客06538","customer06538@example.com","ST04","退会","2026-06-04 15:15:53.266611"
6539,"顧客06539","customer06539@example.com","ST01","新規","2026-06-04 15:15:53.266611"
6540,"顧客06540","customer06540@example.com","ST03","非アクティブ","2026-06-04 15:15:53.266611"
6541,"顧客06541","customer06541@example.com","ST03","非アクティブ","2026-06-04 15:15:53.266611"
6542,"顧客06542","customer06542@example.com","ST02","アクティブ","2026-06-04 15:15:53.266611"
6543,"顧客06543","customer06543@example.com","ST01","新規","2026-06-04 15:15:53.266611"
6544,"顧客06544","customer06544@example.com","ST02","アクティブ","2026-06-04 15:15:53.266611"
6545,"顧客06545","customer06545@example.com","ST02","アクティブ","2026-06-04 15:15:53.266611"
6546,"顧客06546","customer06546@example.com","ST03","非アクティブ","2026-06-04 15:15:53.266611"
6547,"顧客06547","customer06547@example.com","ST01","新規","2026-06-04 15:15:53.266611"
6548,"顧客06548","customer06548@example.com","ST02","アクティブ","2026-06-04 15:15:53.266611"
6549,"顧客06549","customer06549@example.com","ST01","新規","2026-06-04 15:15:53.266611"
6550,"顧客06550","customer06550@example.com","ST03","非アクティブ","2026-06-04 15:15:53.266611"
6551,"顧客06551","customer06551@example.com","ST03","非アクティブ","2026-06-04 15:15:53.266611"
6552,"顧客06552","customer06552@example.com","ST03","非アクティブ","2026-06-04 15:15:53.266611"
6553,"顧客06553","customer06553@example.com","ST03","非アクティブ","2026-06-04 15:15:53.266611"
6554,"顧客06554","customer06554@example.com","ST04","退会","2026-06-04 15:15:53.266611"
6555,"顧客06555","customer06555@example.com","ST02","アクティブ","2026-06-04 15:15:53.266611"
6556,"顧客06556","customer06556@example.com","ST01","新規","2026-06-04 15:15:53.266611"
6557,"顧客06557","customer06557@example.com","ST02","アクティブ","2026-06-04 15:15:53.266611"
6558,"顧客06558","customer06558@example.com","ST04","退会","2026-06-04 15:15:53.266611"
6559,"顧客06559","customer06559@example.com","ST01","新規","2026-06-04 15:15:53.266611"
6560,"顧客06560","customer06560@example.com","ST01","新規","2026-06-04 15:15:53.266611"
6561,"顧客06561","customer06561@example.com","ST01","新規","2026-06-04 15:15:53.266611"
6562,"顧客06562","customer06562@example.com","ST02","アクティブ","2026-06-04 15:15:53.266611"
6563,"顧客06563","customer06563@example.com","ST03","非アクティブ","2026-06-04 15:15:53.266611"
6564,"顧客06564","customer06564@example.com","ST04","退会","2026-06-04 15:15:53.266611"
6565,"顧客06565","customer06565@example.com","ST04","退会","2026-06-04 15:15:53.266611"
6566,"顧客06566","customer06566@example.com","ST01","新規","2026-06-04 15:15:53.266611"
6567,"顧客06567","customer06567@example.com","ST01","新規","2026-06-04 15:15:53.266611"
6568,"顧客06568","customer06568@example.com","ST03","非アクティブ","2026-06-04 15:15:53.266611"
6569,"顧客06569","customer06569@example.com","ST03","非アクティブ","2026-06-04 15:15:53.266611"
6570,"顧客06570","customer06570@example.com","ST04","退会","2026-06-04 15:15:53.266611"
6571,"顧客06571","customer06571@example.com","ST03","非アクティブ","2026-06-04 15:15:53.266611"
6572,"顧客06572","customer06572@example.com","ST02","アクティブ","2026-06-04 15:15:53.266611"
6573,"顧客06573","customer06573@example.com","ST02","アクティブ","2026-06-04 15:15:53.266611"
6574,"顧客06574","customer06574@example.com","ST01","新規","2026-06-04 15:15:53.266611"
6575,"顧客06575","customer06575@example.com","ST02","アクティブ","2026-06-04 15:15:53.266611"
6576,"顧客06576","customer06576@example.com","ST02","アクティブ","2026-06-04 15:15:53.266611"
6577,"顧客06577","customer06577@example.com","ST02","アクティブ","2026-06-04 15:15:53.266611"
6578,"顧客06578","customer06578@example.com","ST02","アクティブ","2026-06-04 15:15:53.266611"
6579,"顧客06579","customer06579@example.com","ST02","アクティブ","2026-06-04 15:15:53.266611"
6580,"顧客06580","customer06580@example.com","ST03","非アクティブ","2026-06-04 15:15:53.266611"
6581,"顧客06581","customer06581@example.com","ST02","アクティブ","2026-06-04 15:15:53.266611"
6582,"顧客06582","customer06582@example.com","ST04","退会","2026-06-04 15:15:53.266611"
6583,"顧客06583","customer06583@example.com","ST02","アクティブ","2026-06-04 15:15:53.266611"
6584,"顧客06584","customer06584@example.com","ST01","新規","2026-06-04 15:15:53.266611"
6585,"顧客06585","customer06585@example.com","ST04","退会","2026-06-04 15:15:53.266611"
6586,"顧客06586","customer06586@example.com","ST02","アクティブ","2026-06-04 15:15:53.266611"
6587,"顧客06587","customer06587@example.com","ST03","非アクティブ","2026-06-04 15:15:53.266611"
6588,"顧客06588","customer06588@example.com","ST03","非アクティブ","2026-06-04 15:15:53.266611"
6589,"顧客06589","customer06589@example.com","ST02","アクティブ","2026-06-04 15:15:53.266611"
6590,"顧客06590","customer06590@example.com","ST03","非アクティブ","2026-06-04 15:15:53.266611"
6591,"顧客06591","customer06591@example.com","ST03","非アクティブ","2026-06-04 15:15:53.266611"
6592,"顧客06592","customer06592@example.com","ST03","非アクティブ","2026-06-04 15:15:53.266611"
6593,"顧客06593","customer06593@example.com","ST02","アクティブ","2026-06-04 15:15:53.266611"
6594,"顧客06594","customer06594@example.com","ST03","非アクティブ","2026-06-04 15:15:53.266611"
6595,"顧客06595","customer06595@example.com","ST01","新規","2026-06-04 15:15:53.266611"
6596,"顧客06596","customer06596@example.com","ST03","非アクティブ","2026-06-04 15:15:53.266611"
6597,"顧客06597","customer06597@example.com","ST03","非アクティブ","2026-06-04 15:15:53.266611"
6598,"顧客06598","customer06598@example.com","ST01","新規","2026-06-04 15:15:53.266611"
6599,"顧客06599","customer06599@example.com","ST02","アクティブ","2026-06-04 15:15:53.266611"
6600,"顧客06600","customer06600@example.com","ST02","アクティブ","2026-06-04 15:15:53.266611"
6601,"顧客06601","customer06601@example.com","ST02","アクティブ","2026-06-04 15:15:53.266611"
6602,"顧客06602","customer06602@example.com","ST02","アクティブ","2026-06-04 15:15:53.266611"
6603,"顧客06603","customer06603@example.com","ST02","アクティブ","2026-06-04 15:15:53.266611"
6604,"顧客06604","customer06604@example.com","ST03","非アクティブ","2026-06-04 15:15:53.266611"
6605,"顧客06605","customer06605@example.com","ST02","アクティブ","2026-06-04 15:15:53.266611"
6606,"顧客06606","customer06606@example.com","ST04","退会","2026-06-04 15:15:53.266611"
6607,"顧客06607","customer06607@example.com","ST04","退会","2026-06-04 15:15:53.266611"
6608,"顧客06608","customer06608@example.com","ST02","アクティブ","2026-06-04 15:15:53.266611"
6609,"顧客06609","customer06609@example.com","ST03","非アクティブ","2026-06-04 15:15:53.266611"
6610,"顧客06610","customer06610@example.com","ST03","非アクティブ","2026-06-04 15:15:53.266611"
6611,"顧客06611","customer06611@example.com","ST03","非アクティブ","2026-06-04 15:15:53.266611"
6612,"顧客06612","customer06612@example.com","ST03","非アクティブ","2026-06-04 15:15:53.266611"
6613,"顧客06613","customer06613@example.com","ST04","退会","2026-06-04 15:15:53.266611"
6614,"顧客06614","customer06614@example.com","ST02","アクティブ","2026-06-04 15:15:53.266611"
6615,"顧客06615","customer06615@example.com","ST04","退会","2026-06-04 15:15:53.266611"
6616,"顧客06616","customer06616@example.com","ST02","アクティブ","2026-06-04 15:15:53.266611"
6617,"顧客06617","customer06617@example.com","ST04","退会","2026-06-04 15:15:53.266611"
6618,"顧客06618","customer06618@example.com","ST02","アクティブ","2026-06-04 15:15:53.266611"
6619,"顧客06619","customer06619@example.com","ST04","退会","2026-06-04 15:15:53.266611"
6620,"顧客06620","customer06620@example.com","ST03","非アクティブ","2026-06-04 15:15:53.266611"
6621,"顧客06621","customer06621@example.com","ST01","新規","2026-06-04 15:15:53.266611"
6622,"顧客06622","customer06622@example.com","ST03","非アクティブ","2026-06-04 15:15:53.266611"
6623,"顧客06623","customer06623@example.com","ST02","アクティブ","2026-06-04 15:15:53.266611"
6624,"顧客06624","customer06624@example.com","ST04","退会","2026-06-04 15:15:53.266611"
6625,"顧客06625","customer06625@example.com","ST03","非アクティブ","2026-06-04 15:15:53.266611"
6626,"顧客06626","customer06626@example.com","ST03","非アクティブ","2026-06-04 15:15:53.266611"
6627,"顧客06627","customer06627@example.com","ST02","アクティブ","2026-06-04 15:15:53.266611"
6628,"顧客06628","customer06628@example.com","ST03","非アクティブ","2026-06-04 15:15:53.266611"
6629,"顧客06629","customer06629@example.com","ST01","新規","2026-06-04 15:15:53.266611"
6630,"顧客06630","customer06630@example.com","ST04","退会","2026-06-04 15:15:53.266611"
6631,"顧客06631","customer06631@example.com","ST01","新規","2026-06-04 15:15:53.266611"
6632,"顧客06632","customer06632@example.com","ST03","非アクティブ","2026-06-04 15:15:53.266611"
6633,"顧客06633","customer06633@example.com","ST01","新規","2026-06-04 15:15:53.266611"
6634,"顧客06634","customer06634@example.com","ST03","非アクティブ","2026-06-04 15:15:53.266611"
6635,"顧客06635","customer06635@example.com","ST02","アクティブ","2026-06-04 15:15:53.266611"
6636,"顧客06636","customer06636@example.com","ST01","新規","2026-06-04 15:15:53.266611"
6637,"顧客06637","customer06637@example.com","ST02","アクティブ","2026-06-04 15:15:53.266611"
6638,"顧客06638","customer06638@example.com","ST03","非アクティブ","2026-06-04 15:15:53.266611"
6639,"顧客06639","customer06639@example.com","ST03","非アクティブ","2026-06-04 15:15:53.266611"
6640,"顧客06640","customer06640@example.com","ST01","新規","2026-06-04 15:15:53.266611"
6641,"顧客06641","customer06641@example.com","ST01","新規","2026-06-04 15:15:53.266611"
6642,"顧客06642","customer06642@example.com","ST03","非アクティブ","2026-06-04 15:15:53.266611"
6643,"顧客06643","customer06643@example.com","ST02","アクティブ","2026-06-04 15:15:53.266611"
6644,"顧客06644","customer06644@example.com","ST02","アクティブ","2026-06-04 15:15:53.266611"
6645,"顧客06645","customer06645@example.com","ST03","非アクティブ","2026-06-04 15:15:53.266611"
6646,"顧客06646","customer06646@example.com","ST04","退会","2026-06-04 15:15:53.266611"
6647,"顧客06647","customer06647@example.com","ST02","アクティブ","2026-06-04 15:15:53.266611"
6648,"顧客06648","customer06648@example.com","ST03","非アクティブ","2026-06-04 15:15:53.266611"
6649,"顧客06649","customer06649@example.com","ST02","アクティブ","2026-06-04 15:15:53.266611"
6650,"顧客06650","customer06650@example.com","ST01","新規","2026-06-04 15:15:53.266611"
6651,"顧客06651","customer06651@example.com","ST02","アクティブ","2026-06-04 15:15:53.266611"
6652,"顧客06652","customer06652@example.com","ST04","退会","2026-06-04 15:15:53.266611"
6653,"顧客06653","customer06653@example.com","ST02","アクティブ","2026-06-04 15:15:53.266611"
6654,"顧客06654","customer06654@example.com","ST04","退会","2026-06-04 15:15:53.266611"
6655,"顧客06655","customer06655@example.com","ST02","アクティブ","2026-06-04 15:15:53.266611"
6656,"顧客06656","customer06656@example.com","ST04","退会","2026-06-04 15:15:53.266611"
6657,"顧客06657","customer06657@example.com","ST01","新規","2026-06-04 15:15:53.266611"
6658,"顧客06658","customer06658@example.com","ST03","非アクティブ","2026-06-04 15:15:53.266611"
6659,"顧客06659","customer06659@example.com","ST04","退会","2026-06-04 15:15:53.266611"
6660,"顧客06660","customer06660@example.com","ST01","新規","2026-06-04 15:15:53.266611"
6661,"顧客06661","customer06661@example.com","ST03","非アクティブ","2026-06-04 15:15:53.266611"
6662,"顧客06662","customer06662@example.com","ST03","非アクティブ","2026-06-04 15:15:53.266611"
6663,"顧客06663","customer06663@example.com","ST03","非アクティブ","2026-06-04 15:15:53.266611"
6664,"顧客06664","customer06664@example.com","ST01","新規","2026-06-04 15:15:53.266611"
6665,"顧客06665","customer06665@example.com","ST02","アクティブ","2026-06-04 15:15:53.266611"
6666,"顧客06666","customer06666@example.com","ST04","退会","2026-06-04 15:15:53.266611"
6667,"顧客06667","customer06667@example.com","ST02","アクティブ","2026-06-04 15:15:53.266611"
6668,"顧客06668","customer06668@example.com","ST03","非アクティブ","2026-06-04 15:15:53.266611"
6669,"顧客06669","customer06669@example.com","ST02","アクティブ","2026-06-04 15:15:53.266611"
6670,"顧客06670","customer06670@example.com","ST03","非アクティブ","2026-06-04 15:15:53.266611"
6671,"顧客06671","customer06671@example.com","ST02","アクティブ","2026-06-04 15:15:53.266611"
6672,"顧客06672","customer06672@example.com","ST03","非アクティブ","2026-06-04 15:15:53.266611"
6673,"顧客06673","customer06673@example.com","ST03","非アクティブ","2026-06-04 15:15:53.266611"
6674,"顧客06674","customer06674@example.com","ST01","新規","2026-06-04 15:15:53.266611"
6675,"顧客06675","customer06675@example.com","ST01","新規","2026-06-04 15:15:53.266611"
6676,"顧客06676","customer06676@example.com","ST03","非アクティブ","2026-06-04 15:15:53.266611"
6677,"顧客06677","customer06677@example.com","ST03","非アクティブ","2026-06-04 15:15:53.266611"
6678,"顧客06678","customer06678@example.com","ST03","非アクティブ","2026-06-04 15:15:53.266611"
6679,"顧客06679","customer06679@example.com","ST02","アクティブ","2026-06-04 15:15:53.266611"
6680,"顧客06680","customer06680@example.com","ST01","新規","2026-06-04 15:15:53.266611"
6681,"顧客06681","customer06681@example.com","ST02","アクティブ","2026-06-04 15:15:53.266611"
6682,"顧客06682","customer06682@example.com","ST02","アクティブ","2026-06-04 15:15:53.266611"
6683,"顧客06683","customer06683@example.com","ST03","非アクティブ","2026-06-04 15:15:53.266611"
6684,"顧客06684","customer06684@example.com","ST01","新規","2026-06-04 15:15:53.266611"
6685,"顧客06685","customer06685@example.com","ST04","退会","2026-06-04 15:15:53.266611"
6686,"顧客06686","customer06686@example.com","ST03","非アクティブ","2026-06-04 15:15:53.266611"
6687,"顧客06687","customer06687@example.com","ST03","非アクティブ","2026-06-04 15:15:53.266611"
6688,"顧客06688","customer06688@example.com","ST03","非アクティブ","2026-06-04 15:15:53.266611"
6689,"顧客06689","customer06689@example.com","ST04","退会","2026-06-04 15:15:53.266611"
6690,"顧客06690","customer06690@example.com","ST01","新規","2026-06-04 15:15:53.266611"
6691,"顧客06691","customer06691@example.com","ST02","アクティブ","2026-06-04 15:15:53.266611"
6692,"顧客06692","customer06692@example.com","ST04","退会","2026-06-04 15:15:53.266611"
6693,"顧客06693","customer06693@example.com","ST04","退会","2026-06-04 15:15:53.266611"
6694,"顧客06694","customer06694@example.com","ST02","アクティブ","2026-06-04 15:15:53.266611"
6695,"顧客06695","customer06695@example.com","ST03","非アクティブ","2026-06-04 15:15:53.266611"
6696,"顧客06696","customer06696@example.com","ST03","非アクティブ","2026-06-04 15:15:53.266611"
6697,"顧客06697","customer06697@example.com","ST01","新規","2026-06-04 15:15:53.266611"
6698,"顧客06698","customer06698@example.com","ST03","非アクティブ","2026-06-04 15:15:53.266611"
6699,"顧客06699","customer06699@example.com","ST02","アクティブ","2026-06-04 15:15:53.266611"
6700,"顧客06700","customer06700@example.com","ST02","アクティブ","2026-06-04 15:15:53.266611"
6701,"顧客06701","customer06701@example.com","ST03","非アクティブ","2026-06-04 15:15:53.266611"
6702,"顧客06702","customer06702@example.com","ST03","非アクティブ","2026-06-04 15:15:53.266611"
6703,"顧客06703","customer06703@example.com","ST02","アクティブ","2026-06-04 15:15:53.266611"
6704,"顧客06704","customer06704@example.com","ST03","非アクティブ","2026-06-04 15:15:53.266611"
6705,"顧客06705","customer06705@example.com","ST03","非アクティブ","2026-06-04 15:15:53.266611"
6706,"顧客06706","customer06706@example.com","ST01","新規","2026-06-04 15:15:53.266611"
6707,"顧客06707","customer06707@example.com","ST03","非アクティブ","2026-06-04 15:15:53.266611"
6708,"顧客06708","customer06708@example.com","ST02","アクティブ","2026-06-04 15:15:53.266611"
6709,"顧客06709","customer06709@example.com","ST02","アクティブ","2026-06-04 15:15:53.266611"
6710,"顧客06710","customer06710@example.com","ST04","退会","2026-06-04 15:15:53.266611"
6711,"顧客06711","customer06711@example.com","ST03","非アクティブ","2026-06-04 15:15:53.266611"
6712,"顧客06712","customer06712@example.com","ST03","非アクティブ","2026-06-04 15:15:53.266611"
6713,"顧客06713","customer06713@example.com","ST02","アクティブ","2026-06-04 15:15:53.266611"
6714,"顧客06714","customer06714@example.com","ST02","アクティブ","2026-06-04 15:15:53.266611"
6715,"顧客06715","customer06715@example.com","ST03","非アクティブ","2026-06-04 15:15:53.266611"
6716,"顧客06716","customer06716@example.com","ST01","新規","2026-06-04 15:15:53.266611"
6717,"顧客06717","customer06717@example.com","ST04","退会","2026-06-04 15:15:53.266611"
6718,"顧客06718","customer06718@example.com","ST02","アクティブ","2026-06-04 15:15:53.266611"
6719,"顧客06719","customer06719@example.com","ST01","新規","2026-06-04 15:15:53.266611"
6720,"顧客06720","customer06720@example.com","ST02","アクティブ","2026-06-04 15:15:53.266611"
6721,"顧客06721","customer06721@example.com","ST01","新規","2026-06-04 15:15:53.266611"
6722,"顧客06722","customer06722@example.com","ST04","退会","2026-06-04 15:15:53.266611"
6723,"顧客06723","customer06723@example.com","ST01","新規","2026-06-04 15:15:53.266611"
6724,"顧客06724","customer06724@example.com","ST03","非アクティブ","2026-06-04 15:15:53.266611"
6725,"顧客06725","customer06725@example.com","ST03","非アクティブ","2026-06-04 15:15:53.266611"
6726,"顧客06726","customer06726@example.com","ST01","新規","2026-06-04 15:15:53.266611"
6727,"顧客06727","customer06727@example.com","ST02","アクティブ","2026-06-04 15:15:53.266611"
6728,"顧客06728","customer06728@example.com","ST03","非アクティブ","2026-06-04 15:15:53.266611"
6729,"顧客06729","customer06729@example.com","ST01","新規","2026-06-04 15:15:53.266611"
6730,"顧客06730","customer06730@example.com","ST02","アクティブ","2026-06-04 15:15:53.266611"
6731,"顧客06731","customer06731@example.com","ST02","アクティブ","2026-06-04 15:15:53.266611"
6732,"顧客06732","customer06732@example.com","ST03","非アクティブ","2026-06-04 15:15:53.266611"
6733,"顧客06733","customer06733@example.com","ST04","退会","2026-06-04 15:15:53.266611"
6734,"顧客06734","customer06734@example.com","ST02","アクティブ","2026-06-04 15:15:53.266611"
6735,"顧客06735","customer06735@example.com","ST03","非アクティブ","2026-06-04 15:15:53.266611"
6736,"顧客06736","customer06736@example.com","ST03","非アクティブ","2026-06-04 15:15:53.266611"
6737,"顧客06737","customer06737@example.com","ST04","退会","2026-06-04 15:15:53.266611"
6738,"顧客06738","customer06738@example.com","ST03","非アクティブ","2026-06-04 15:15:53.266611"
6739,"顧客06739","customer06739@example.com","ST03","非アクティブ","2026-06-04 15:15:53.266611"
6740,"顧客06740","customer06740@example.com","ST02","アクティブ","2026-06-04 15:15:53.266611"
6741,"顧客06741","customer06741@example.com","ST04","退会","2026-06-04 15:15:53.266611"
6742,"顧客06742","customer06742@example.com","ST03","非アクティブ","2026-06-04 15:15:53.266611"
6743,"顧客06743","customer06743@example.com","ST01","新規","2026-06-04 15:15:53.266611"
6744,"顧客06744","customer06744@example.com","ST04","退会","2026-06-04 15:15:53.266611"
6745,"顧客06745","customer06745@example.com","ST02","アクティブ","2026-06-04 15:15:53.266611"
6746,"顧客06746","customer06746@example.com","ST01","新規","2026-06-04 15:15:53.266611"
6747,"顧客06747","customer06747@example.com","ST02","アクティブ","2026-06-04 15:15:53.266611"
6748,"顧客06748","customer06748@example.com","ST04","退会","2026-06-04 15:15:53.266611"
6749,"顧客06749","customer06749@example.com","ST03","非アクティブ","2026-06-04 15:15:53.266611"
6750,"顧客06750","customer06750@example.com","ST04","退会","2026-06-04 15:15:53.266611"
6751,"顧客06751","customer06751@example.com","ST02","アクティブ","2026-06-04 15:15:53.266611"
6752,"顧客06752","customer06752@example.com","ST01","新規","2026-06-04 15:15:53.266611"
6753,"顧客06753","customer06753@example.com","ST01","新規","2026-06-04 15:15:53.266611"
6754,"顧客06754","customer06754@example.com","ST02","アクティブ","2026-06-04 15:15:53.266611"
6755,"顧客06755","customer06755@example.com","ST04","退会","2026-06-04 15:15:53.266611"
6756,"顧客06756","customer06756@example.com","ST01","新規","2026-06-04 15:15:53.266611"
6757,"顧客06757","customer06757@example.com","ST02","アクティブ","2026-06-04 15:15:53.266611"
6758,"顧客06758","customer06758@example.com","ST04","退会","2026-06-04 15:15:53.266611"
6759,"顧客06759","customer06759@example.com","ST03","非アクティブ","2026-06-04 15:15:53.266611"
6760,"顧客06760","customer06760@example.com","ST03","非アクティブ","2026-06-04 15:15:53.266611"
6761,"顧客06761","customer06761@example.com","ST02","アクティブ","2026-06-04 15:15:53.266611"
6762,"顧客06762","customer06762@example.com","ST03","非アクティブ","2026-06-04 15:15:53.266611"
6763,"顧客06763","customer06763@example.com","ST04","退会","2026-06-04 15:15:53.266611"
6764,"顧客06764","customer06764@example.com","ST03","非アクティブ","2026-06-04 15:15:53.266611"
6765,"顧客06765","customer06765@example.com","ST02","アクティブ","2026-06-04 15:15:53.266611"
6766,"顧客06766","customer06766@example.com","ST04","退会","2026-06-04 15:15:53.266611"
6767,"顧客06767","customer06767@example.com","ST04","退会","2026-06-04 15:15:53.266611"
6768,"顧客06768","customer06768@example.com","ST04","退会","2026-06-04 15:15:53.266611"
6769,"顧客06769","customer06769@example.com","ST02","アクティブ","2026-06-04 15:15:53.266611"
6770,"顧客06770","customer06770@example.com","ST03","非アクティブ","2026-06-04 15:15:53.266611"
6771,"顧客06771","customer06771@example.com","ST02","アクティブ","2026-06-04 15:15:53.266611"
6772,"顧客06772","customer06772@example.com","ST02","アクティブ","2026-06-04 15:15:53.266611"
6773,"顧客06773","customer06773@example.com","ST01","新規","2026-06-04 15:15:53.266611"
6774,"顧客06774","customer06774@example.com","ST03","非アクティブ","2026-06-04 15:15:53.266611"
6775,"顧客06775","customer06775@example.com","ST02","アクティブ","2026-06-04 15:15:53.266611"
6776,"顧客06776","customer06776@example.com","ST01","新規","2026-06-04 15:15:53.266611"
6777,"顧客06777","customer06777@example.com","ST04","退会","2026-06-04 15:15:53.266611"
6778,"顧客06778","customer06778@example.com","ST02","アクティブ","2026-06-04 15:15:53.266611"
6779,"顧客06779","customer06779@example.com","ST01","新規","2026-06-04 15:15:53.266611"
6780,"顧客06780","customer06780@example.com","ST01","新規","2026-06-04 15:15:53.266611"
6781,"顧客06781","customer06781@example.com","ST02","アクティブ","2026-06-04 15:15:53.266611"
6782,"顧客06782","customer06782@example.com","ST04","退会","2026-06-04 15:15:53.266611"
6783,"顧客06783","customer06783@example.com","ST03","非アクティブ","2026-06-04 15:15:53.266611"
6784,"顧客06784","customer06784@example.com","ST01","新規","2026-06-04 15:15:53.266611"
6785,"顧客06785","customer06785@example.com","ST02","アクティブ","2026-06-04 15:15:53.266611"
6786,"顧客06786","customer06786@example.com","ST03","非アクティブ","2026-06-04 15:15:53.266611"
6787,"顧客06787","customer06787@example.com","ST02","アクティブ","2026-06-04 15:15:53.266611"
6788,"顧客06788","customer06788@example.com","ST03","非アクティブ","2026-06-04 15:15:53.266611"
6789,"顧客06789","customer06789@example.com","ST03","非アクティブ","2026-06-04 15:15:53.266611"
6790,"顧客06790","customer06790@example.com","ST03","非アクティブ","2026-06-04 15:15:53.266611"
6791,"顧客06791","customer06791@example.com","ST03","非アクティブ","2026-06-04 15:15:53.266611"
6792,"顧客06792","customer06792@example.com","ST01","新規","2026-06-04 15:15:53.266611"
6793,"顧客06793","customer06793@example.com","ST03","非アクティブ","2026-06-04 15:15:53.266611"
6794,"顧客06794","customer06794@example.com","ST03","非アクティブ","2026-06-04 15:15:53.266611"
6795,"顧客06795","customer06795@example.com","ST02","アクティブ","2026-06-04 15:15:53.266611"
6796,"顧客06796","customer06796@example.com","ST02","アクティブ","2026-06-04 15:15:53.266611"
6797,"顧客06797","customer06797@example.com","ST01","新規","2026-06-04 15:15:53.266611"
6798,"顧客06798","customer06798@example.com","ST03","非アクティブ","2026-06-04 15:15:53.266611"
6799,"顧客06799","customer06799@example.com","ST02","アクティブ","2026-06-04 15:15:53.266611"
6800,"顧客06800","customer06800@example.com","ST03","非アクティブ","2026-06-04 15:15:53.266611"
6801,"顧客06801","customer06801@example.com","ST02","アクティブ","2026-06-04 15:15:53.266611"
6802,"顧客06802","customer06802@example.com","ST03","非アクティブ","2026-06-04 15:15:53.266611"
6803,"顧客06803","customer06803@example.com","ST02","アクティブ","2026-06-04 15:15:53.266611"
6804,"顧客06804","customer06804@example.com","ST03","非アクティブ","2026-06-04 15:15:53.266611"
6805,"顧客06805","customer06805@example.com","ST02","アクティブ","2026-06-04 15:15:53.266611"
6806,"顧客06806","customer06806@example.com","ST02","アクティブ","2026-06-04 15:15:53.266611"
6807,"顧客06807","customer06807@example.com","ST03","非アクティブ","2026-06-04 15:15:53.266611"
6808,"顧客06808","customer06808@example.com","ST02","アクティブ","2026-06-04 15:15:53.266611"
6809,"顧客06809","customer06809@example.com","ST01","新規","2026-06-04 15:15:53.266611"
6810,"顧客06810","customer06810@example.com","ST02","アクティブ","2026-06-04 15:15:53.266611"
6811,"顧客06811","customer06811@example.com","ST01","新規","2026-06-04 15:15:53.266611"
6812,"顧客06812","customer06812@example.com","ST02","アクティブ","2026-06-04 15:15:53.266611"
6813,"顧客06813","customer06813@example.com","ST04","退会","2026-06-04 15:15:53.266611"
6814,"顧客06814","customer06814@example.com","ST04","退会","2026-06-04 15:15:53.266611"
6815,"顧客06815","customer06815@example.com","ST03","非アクティブ","2026-06-04 15:15:53.266611"
6816,"顧客06816","customer06816@example.com","ST03","非アクティブ","2026-06-04 15:15:53.266611"
6817,"顧客06817","customer06817@example.com","ST01","新規","2026-06-04 15:15:53.266611"
6818,"顧客06818","customer06818@example.com","ST02","アクティブ","2026-06-04 15:15:53.266611"
6819,"顧客06819","customer06819@example.com","ST01","新規","2026-06-04 15:15:53.266611"
6820,"顧客06820","customer06820@example.com","ST03","非アクティブ","2026-06-04 15:15:53.266611"
6821,"顧客06821","customer06821@example.com","ST04","退会","2026-06-04 15:15:53.266611"
6822,"顧客06822","customer06822@example.com","ST03","非アクティブ","2026-06-04 15:15:53.266611"
6823,"顧客06823","customer06823@example.com","ST04","退会","2026-06-04 15:15:53.266611"
6824,"顧客06824","customer06824@example.com","ST02","アクティブ","2026-06-04 15:15:53.266611"
6825,"顧客06825","customer06825@example.com","ST01","新規","2026-06-04 15:15:53.266611"
6826,"顧客06826","customer06826@example.com","ST01","新規","2026-06-04 15:15:53.266611"
6827,"顧客06827","customer06827@example.com","ST03","非アクティブ","2026-06-04 15:15:53.266611"
6828,"顧客06828","customer06828@example.com","ST01","新規","2026-06-04 15:15:53.266611"
6829,"顧客06829","customer06829@example.com","ST04","退会","2026-06-04 15:15:53.266611"
6830,"顧客06830","customer06830@example.com","ST02","アクティブ","2026-06-04 15:15:53.266611"
6831,"顧客06831","customer06831@example.com","ST04","退会","2026-06-04 15:15:53.266611"
6832,"顧客06832","customer06832@example.com","ST02","アクティブ","2026-06-04 15:15:53.266611"
6833,"顧客06833","customer06833@example.com","ST01","新規","2026-06-04 15:15:53.266611"
6834,"顧客06834","customer06834@example.com","ST03","非アクティブ","2026-06-04 15:15:53.266611"
6835,"顧客06835","customer06835@example.com","ST03","非アクティブ","2026-06-04 15:15:53.266611"
6836,"顧客06836","customer06836@example.com","ST01","新規","2026-06-04 15:15:53.266611"
6837,"顧客06837","customer06837@example.com","ST02","アクティブ","2026-06-04 15:15:53.266611"
6838,"顧客06838","customer06838@example.com","ST02","アクティブ","2026-06-04 15:15:53.266611"
6839,"顧客06839","customer06839@example.com","ST03","非アクティブ","2026-06-04 15:15:53.266611"
6840,"顧客06840","customer06840@example.com","ST03","非アクティブ","2026-06-04 15:15:53.266611"
6841,"顧客06841","customer06841@example.com","ST03","非アクティブ","2026-06-04 15:15:53.266611"
6842,"顧客06842","customer06842@example.com","ST01","新規","2026-06-04 15:15:53.266611"
6843,"顧客06843","customer06843@example.com","ST03","非アクティブ","2026-06-04 15:15:53.266611"
6844,"顧客06844","customer06844@example.com","ST02","アクティブ","2026-06-04 15:15:53.266611"
6845,"顧客06845","customer06845@example.com","ST03","非アクティブ","2026-06-04 15:15:53.266611"
6846,"顧客06846","customer06846@example.com","ST04","退会","2026-06-04 15:15:53.266611"
6847,"顧客06847","customer06847@example.com","ST02","アクティブ","2026-06-04 15:15:53.266611"
6848,"顧客06848","customer06848@example.com","ST04","退会","2026-06-04 15:15:53.266611"
6849,"顧客06849","customer06849@example.com","ST02","アクティブ","2026-06-04 15:15:53.266611"
6850,"顧客06850","customer06850@example.com","ST02","アクティブ","2026-06-04 15:15:53.266611"
6851,"顧客06851","customer06851@example.com","ST04","退会","2026-06-04 15:15:53.266611"
6852,"顧客06852","customer06852@example.com","ST02","アクティブ","2026-06-04 15:15:53.266611"
6853,"顧客06853","customer06853@example.com","ST01","新規","2026-06-04 15:15:53.266611"
6854,"顧客06854","customer06854@example.com","ST02","アクティブ","2026-06-04 15:15:53.266611"
6855,"顧客06855","customer06855@example.com","ST01","新規","2026-06-04 15:15:53.266611"
6856,"顧客06856","customer06856@example.com","ST03","非アクティブ","2026-06-04 15:15:53.266611"
6857,"顧客06857","customer06857@example.com","ST01","新規","2026-06-04 15:15:53.266611"
6858,"顧客06858","customer06858@example.com","ST03","非アクティブ","2026-06-04 15:15:53.266611"
6859,"顧客06859","customer06859@example.com","ST03","非アクティブ","2026-06-04 15:15:53.266611"
6860,"顧客06860","customer06860@example.com","ST04","退会","2026-06-04 15:15:53.266611"
6861,"顧客06861","customer06861@example.com","ST03","非アクティブ","2026-06-04 15:15:53.266611"
6862,"顧客06862","customer06862@example.com","ST04","退会","2026-06-04 15:15:53.266611"
6863,"顧客06863","customer06863@example.com","ST01","新規","2026-06-04 15:15:53.266611"
6864,"顧客06864","customer06864@example.com","ST01","新規","2026-06-04 15:15:53.266611"
6865,"顧客06865","customer06865@example.com","ST03","非アクティブ","2026-06-04 15:15:53.266611"
6866,"顧客06866","customer06866@example.com","ST03","非アクティブ","2026-06-04 15:15:53.266611"
6867,"顧客06867","customer06867@example.com","ST01","新規","2026-06-04 15:15:53.266611"
6868,"顧客06868","customer06868@example.com","ST02","アクティブ","2026-06-04 15:15:53.266611"
6869,"顧客06869","customer06869@example.com","ST01","新規","2026-06-04 15:15:53.266611"
6870,"顧客06870","customer06870@example.com","ST03","非アクティブ","2026-06-04 15:15:53.266611"
6871,"顧客06871","customer06871@example.com","ST02","アクティブ","2026-06-04 15:15:53.266611"
6872,"顧客06872","customer06872@example.com","ST03","非アクティブ","2026-06-04 15:15:53.266611"
6873,"顧客06873","customer06873@example.com","ST03","非アクティブ","2026-06-04 15:15:53.266611"
6874,"顧客06874","customer06874@example.com","ST02","アクティブ","2026-06-04 15:15:53.266611"
6875,"顧客06875","customer06875@example.com","ST01","新規","2026-06-04 15:15:53.266611"
6876,"顧客06876","customer06876@example.com","ST02","アクティブ","2026-06-04 15:15:53.266611"
6877,"顧客06877","customer06877@example.com","ST03","非アクティブ","2026-06-04 15:15:53.266611"
6878,"顧客06878","customer06878@example.com","ST02","アクティブ","2026-06-04 15:15:53.266611"
6879,"顧客06879","customer06879@example.com","ST03","非アクティブ","2026-06-04 15:15:53.266611"
6880,"顧客06880","customer06880@example.com","ST01","新規","2026-06-04 15:15:53.266611"
6881,"顧客06881","customer06881@example.com","ST03","非アクティブ","2026-06-04 15:15:53.266611"
6882,"顧客06882","customer06882@example.com","ST02","アクティブ","2026-06-04 15:15:53.266611"
6883,"顧客06883","customer06883@example.com","ST02","アクティブ","2026-06-04 15:15:53.266611"
6884,"顧客06884","customer06884@example.com","ST02","アクティブ","2026-06-04 15:15:53.266611"
6885,"顧客06885","customer06885@example.com","ST02","アクティブ","2026-06-04 15:15:53.266611"
6886,"顧客06886","customer06886@example.com","ST04","退会","2026-06-04 15:15:53.266611"
6887,"顧客06887","customer06887@example.com","ST03","非アクティブ","2026-06-04 15:15:53.266611"
6888,"顧客06888","customer06888@example.com","ST03","非アクティブ","2026-06-04 15:15:53.266611"
6889,"顧客06889","customer06889@example.com","ST01","新規","2026-06-04 15:15:53.266611"
6890,"顧客06890","customer06890@example.com","ST01","新規","2026-06-04 15:15:53.266611"
6891,"顧客06891","customer06891@example.com","ST02","アクティブ","2026-06-04 15:15:53.266611"
6892,"顧客06892","customer06892@example.com","ST02","アクティブ","2026-06-04 15:15:53.266611"
6893,"顧客06893","customer06893@example.com","ST01","新規","2026-06-04 15:15:53.266611"
6894,"顧客06894","customer06894@example.com","ST04","退会","2026-06-04 15:15:53.266611"
6895,"顧客06895","customer06895@example.com","ST01","新規","2026-06-04 15:15:53.266611"
6896,"顧客06896","customer06896@example.com","ST02","アクティブ","2026-06-04 15:15:53.266611"
6897,"顧客06897","customer06897@example.com","ST04","退会","2026-06-04 15:15:53.266611"
6898,"顧客06898","customer06898@example.com","ST02","アクティブ","2026-06-04 15:15:53.266611"
6899,"顧客06899","customer06899@example.com","ST03","非アクティブ","2026-06-04 15:15:53.266611"
6900,"顧客06900","customer06900@example.com","ST02","アクティブ","2026-06-04 15:15:53.266611"
6901,"顧客06901","customer06901@example.com","ST03","非アクティブ","2026-06-04 15:15:53.266611"
6902,"顧客06902","customer06902@example.com","ST03","非アクティブ","2026-06-04 15:15:53.266611"
6903,"顧客06903","customer06903@example.com","ST03","非アクティブ","2026-06-04 15:15:53.266611"
6904,"顧客06904","customer06904@example.com","ST02","アクティブ","2026-06-04 15:15:53.266611"
6905,"顧客06905","customer06905@example.com","ST02","アクティブ","2026-06-04 15:15:53.266611"
6906,"顧客06906","customer06906@example.com","ST02","アクティブ","2026-06-04 15:15:53.266611"
6907,"顧客06907","customer06907@example.com","ST03","非アクティブ","2026-06-04 15:15:53.266611"
6908,"顧客06908","customer06908@example.com","ST04","退会","2026-06-04 15:15:53.266611"
6909,"顧客06909","customer06909@example.com","ST03","非アクティブ","2026-06-04 15:15:53.266611"
6910,"顧客06910","customer06910@example.com","ST02","アクティブ","2026-06-04 15:15:53.266611"
6911,"顧客06911","customer06911@example.com","ST04","退会","2026-06-04 15:15:53.266611"
6912,"顧客06912","customer06912@example.com","ST03","非アクティブ","2026-06-04 15:15:53.266611"
6913,"顧客06913","customer06913@example.com","ST03","非アクティブ","2026-06-04 15:15:53.266611"
6914,"顧客06914","customer06914@example.com","ST04","退会","2026-06-04 15:15:53.266611"
6915,"顧客06915","customer06915@example.com","ST01","新規","2026-06-04 15:15:53.266611"
6916,"顧客06916","customer06916@example.com","ST02","アクティブ","2026-06-04 15:15:53.266611"
6917,"顧客06917","customer06917@example.com","ST03","非アクティブ","2026-06-04 15:15:53.266611"
6918,"顧客06918","customer06918@example.com","ST04","退会","2026-06-04 15:15:53.266611"
6919,"顧客06919","customer06919@example.com","ST01","新規","2026-06-04 15:15:53.266611"
6920,"顧客06920","customer06920@example.com","ST02","アクティブ","2026-06-04 15:15:53.266611"
6921,"顧客06921","customer06921@example.com","ST03","非アクティブ","2026-06-04 15:15:53.266611"
6922,"顧客06922","customer06922@example.com","ST02","アクティブ","2026-06-04 15:15:53.266611"
6923,"顧客06923","customer06923@example.com","ST03","非アクティブ","2026-06-04 15:15:53.266611"
6924,"顧客06924","customer06924@example.com","ST02","アクティブ","2026-06-04 15:15:53.266611"
6925,"顧客06925","customer06925@example.com","ST03","非アクティブ","2026-06-04 15:15:53.266611"
6926,"顧客06926","customer06926@example.com","ST04","退会","2026-06-04 15:15:53.266611"
6927,"顧客06927","customer06927@example.com","ST03","非アクティブ","2026-06-04 15:15:53.266611"
6928,"顧客06928","customer06928@example.com","ST02","アクティブ","2026-06-04 15:15:53.266611"
6929,"顧客06929","customer06929@example.com","ST03","非アクティブ","2026-06-04 15:15:53.266611"
6930,"顧客06930","customer06930@example.com","ST03","非アクティブ","2026-06-04 15:15:53.266611"
6931,"顧客06931","customer06931@example.com","ST03","非アクティブ","2026-06-04 15:15:53.266611"
6932,"顧客06932","customer06932@example.com","ST01","新規","2026-06-04 15:15:53.266611"
6933,"顧客06933","customer06933@example.com","ST02","アクティブ","2026-06-04 15:15:53.266611"
6934,"顧客06934","customer06934@example.com","ST03","非アクティブ","2026-06-04 15:15:53.266611"
6935,"顧客06935","customer06935@example.com","ST03","非アクティブ","2026-06-04 15:15:53.266611"
6936,"顧客06936","customer06936@example.com","ST04","退会","2026-06-04 15:15:53.266611"
6937,"顧客06937","customer06937@example.com","ST03","非アクティブ","2026-06-04 15:15:53.266611"
6938,"顧客06938","customer06938@example.com","ST01","新規","2026-06-04 15:15:53.266611"
6939,"顧客06939","customer06939@example.com","ST01","新規","2026-06-04 15:15:53.266611"
6940,"顧客06940","customer06940@example.com","ST03","非アクティブ","2026-06-04 15:15:53.266611"
6941,"顧客06941","customer06941@example.com","ST04","退会","2026-06-04 15:15:53.266611"
6942,"顧客06942","customer06942@example.com","ST02","アクティブ","2026-06-04 15:15:53.266611"
6943,"顧客06943","customer06943@example.com","ST03","非アクティブ","2026-06-04 15:15:53.266611"
6944,"顧客06944","customer06944@example.com","ST03","非アクティブ","2026-06-04 15:15:53.266611"
6945,"顧客06945","customer06945@example.com","ST03","非アクティブ","2026-06-04 15:15:53.266611"
6946,"顧客06946","customer06946@example.com","ST03","非アクティブ","2026-06-04 15:15:53.266611"
6947,"顧客06947","customer06947@example.com","ST01","新規","2026-06-04 15:15:53.266611"
6948,"顧客06948","customer06948@example.com","ST02","アクティブ","2026-06-04 15:15:53.266611"
6949,"顧客06949","customer06949@example.com","ST02","アクティブ","2026-06-04 15:15:53.266611"
6950,"顧客06950","customer06950@example.com","ST03","非アクティブ","2026-06-04 15:15:53.266611"
6951,"顧客06951","customer06951@example.com","ST04","退会","2026-06-04 15:15:53.266611"
6952,"顧客06952","customer06952@example.com","ST04","退会","2026-06-04 15:15:53.266611"
6953,"顧客06953","customer06953@example.com","ST03","非アクティブ","2026-06-04 15:15:53.266611"
6954,"顧客06954","customer06954@example.com","ST02","アクティブ","2026-06-04 15:15:53.266611"
6955,"顧客06955","customer06955@example.com","ST02","アクティブ","2026-06-04 15:15:53.266611"
6956,"顧客06956","customer06956@example.com","ST03","非アクティブ","2026-06-04 15:15:53.266611"
6957,"顧客06957","customer06957@example.com","ST04","退会","2026-06-04 15:15:53.266611"
6958,"顧客06958","customer06958@example.com","ST04","退会","2026-06-04 15:15:53.266611"
6959,"顧客06959","customer06959@example.com","ST02","アクティブ","2026-06-04 15:15:53.266611"
6960,"顧客06960","customer06960@example.com","ST04","退会","2026-06-04 15:15:53.266611"
6961,"顧客06961","customer06961@example.com","ST02","アクティブ","2026-06-04 15:15:53.266611"
6962,"顧客06962","customer06962@example.com","ST03","非アクティブ","2026-06-04 15:15:53.266611"
6963,"顧客06963","customer06963@example.com","ST01","新規","2026-06-04 15:15:53.266611"
6964,"顧客06964","customer06964@example.com","ST03","非アクティブ","2026-06-04 15:15:53.266611"
6965,"顧客06965","customer06965@example.com","ST02","アクティブ","2026-06-04 15:15:53.266611"
6966,"顧客06966","customer06966@example.com","ST04","退会","2026-06-04 15:15:53.266611"
6967,"顧客06967","customer06967@example.com","ST02","アクティブ","2026-06-04 15:15:53.266611"
6968,"顧客06968","customer06968@example.com","ST04","退会","2026-06-04 15:15:53.266611"
6969,"顧客06969","customer06969@example.com","ST04","退会","2026-06-04 15:15:53.266611"
6970,"顧客06970","customer06970@example.com","ST03","非アクティブ","2026-06-04 15:15:53.266611"
6971,"顧客06971","customer06971@example.com","ST03","非アクティブ","2026-06-04 15:15:53.266611"
6972,"顧客06972","customer06972@example.com","ST02","アクティブ","2026-06-04 15:15:53.266611"
6973,"顧客06973","customer06973@example.com","ST03","非アクティブ","2026-06-04 15:15:53.266611"
6974,"顧客06974","customer06974@example.com","ST03","非アクティブ","2026-06-04 15:15:53.266611"
6975,"顧客06975","customer06975@example.com","ST03","非アクティブ","2026-06-04 15:15:53.266611"
6976,"顧客06976","customer06976@example.com","ST04","退会","2026-06-04 15:15:53.266611"
6977,"顧客06977","customer06977@example.com","ST01","新規","2026-06-04 15:15:53.266611"
6978,"顧客06978","customer06978@example.com","ST03","非アクティブ","2026-06-04 15:15:53.266611"
6979,"顧客06979","customer06979@example.com","ST04","退会","2026-06-04 15:15:53.266611"
6980,"顧客06980","customer06980@example.com","ST02","アクティブ","2026-06-04 15:15:53.266611"
6981,"顧客06981","customer06981@example.com","ST03","非アクティブ","2026-06-04 15:15:53.266611"
6982,"顧客06982","customer06982@example.com","ST02","アクティブ","2026-06-04 15:15:53.266611"
6983,"顧客06983","customer06983@example.com","ST01","新規","2026-06-04 15:15:53.266611"
6984,"顧客06984","customer06984@example.com","ST04","退会","2026-06-04 15:15:53.266611"
6985,"顧客06985","customer06985@example.com","ST02","アクティブ","2026-06-04 15:15:53.266611"
6986,"顧客06986","customer06986@example.com","ST03","非アクティブ","2026-06-04 15:15:53.266611"
6987,"顧客06987","customer06987@example.com","ST01","新規","2026-06-04 15:15:53.266611"
6988,"顧客06988","customer06988@example.com","ST04","退会","2026-06-04 15:15:53.266611"
6989,"顧客06989","customer06989@example.com","ST03","非アクティブ","2026-06-04 15:15:53.266611"
6990,"顧客06990","customer06990@example.com","ST03","非アクティブ","2026-06-04 15:15:53.266611"
6991,"顧客06991","customer06991@example.com","ST01","新規","2026-06-04 15:15:53.266611"
6992,"顧客06992","customer06992@example.com","ST04","退会","2026-06-04 15:15:53.266611"
6993,"顧客06993","customer06993@example.com","ST02","アクティブ","2026-06-04 15:15:53.266611"
6994,"顧客06994","customer06994@example.com","ST01","新規","2026-06-04 15:15:53.266611"
6995,"顧客06995","customer06995@example.com","ST04","退会","2026-06-04 15:15:53.266611"
6996,"顧客06996","customer06996@example.com","ST04","退会","2026-06-04 15:15:53.266611"
6997,"顧客06997","customer06997@example.com","ST02","アクティブ","2026-06-04 15:15:53.266611"
6998,"顧客06998","customer06998@example.com","ST02","アクティブ","2026-06-04 15:15:53.266611"
6999,"顧客06999","customer06999@example.com","ST03","非アクティブ","2026-06-04 15:15:53.266611"
7000,"顧客07000","customer07000@example.com","ST03","非アクティブ","2026-06-04 15:15:53.266611"
7001,"顧客07001","customer07001@example.com","ST04","退会","2026-06-04 15:15:53.266611"
7002,"顧客07002","customer07002@example.com","ST02","アクティブ","2026-06-04 15:15:53.266611"
7003,"顧客07003","customer07003@example.com","ST02","アクティブ","2026-06-04 15:15:53.266611"
7004,"顧客07004","customer07004@example.com","ST01","新規","2026-06-04 15:15:53.266611"
7005,"顧客07005","customer07005@example.com","ST03","非アクティブ","2026-06-04 15:15:53.266611"
7006,"顧客07006","customer07006@example.com","ST02","アクティブ","2026-06-04 15:15:53.266611"
7007,"顧客07007","customer07007@example.com","ST04","退会","2026-06-04 15:15:53.266611"
7008,"顧客07008","customer07008@example.com","ST03","非アクティブ","2026-06-04 15:15:53.266611"
7009,"顧客07009","customer07009@example.com","ST03","非アクティブ","2026-06-04 15:15:53.266611"
7010,"顧客07010","customer07010@example.com","ST03","非アクティブ","2026-06-04 15:15:53.266611"
7011,"顧客07011","customer07011@example.com","ST02","アクティブ","2026-06-04 15:15:53.266611"
7012,"顧客07012","customer07012@example.com","ST04","退会","2026-06-04 15:15:53.266611"
7013,"顧客07013","customer07013@example.com","ST03","非アクティブ","2026-06-04 15:15:53.266611"
7014,"顧客07014","customer07014@example.com","ST01","新規","2026-06-04 15:15:53.266611"
7015,"顧客07015","customer07015@example.com","ST04","退会","2026-06-04 15:15:53.266611"
7016,"顧客07016","customer07016@example.com","ST03","非アクティブ","2026-06-04 15:15:53.266611"
7017,"顧客07017","customer07017@example.com","ST01","新規","2026-06-04 15:15:53.266611"
7018,"顧客07018","customer07018@example.com","ST03","非アクティブ","2026-06-04 15:15:53.266611"
7019,"顧客07019","customer07019@example.com","ST04","退会","2026-06-04 15:15:53.266611"
7020,"顧客07020","customer07020@example.com","ST03","非アクティブ","2026-06-04 15:15:53.266611"
7021,"顧客07021","customer07021@example.com","ST03","非アクティブ","2026-06-04 15:15:53.266611"
7022,"顧客07022","customer07022@example.com","ST01","新規","2026-06-04 15:15:53.266611"
7023,"顧客07023","customer07023@example.com","ST02","アクティブ","2026-06-04 15:15:53.266611"
7024,"顧客07024","customer07024@example.com","ST03","非アクティブ","2026-06-04 15:15:53.266611"
7025,"顧客07025","customer07025@example.com","ST03","非アクティブ","2026-06-04 15:15:53.266611"
7026,"顧客07026","customer07026@example.com","ST03","非アクティブ","2026-06-04 15:15:53.266611"
7027,"顧客07027","customer07027@example.com","ST04","退会","2026-06-04 15:15:53.266611"
7028,"顧客07028","customer07028@example.com","ST02","アクティブ","2026-06-04 15:15:53.266611"
7029,"顧客07029","customer07029@example.com","ST02","アクティブ","2026-06-04 15:15:53.266611"
7030,"顧客07030","customer07030@example.com","ST02","アクティブ","2026-06-04 15:15:53.266611"
7031,"顧客07031","customer07031@example.com","ST04","退会","2026-06-04 15:15:53.266611"
7032,"顧客07032","customer07032@example.com","ST03","非アクティブ","2026-06-04 15:15:53.266611"
7033,"顧客07033","customer07033@example.com","ST04","退会","2026-06-04 15:15:53.266611"
7034,"顧客07034","customer07034@example.com","ST03","非アクティブ","2026-06-04 15:15:53.266611"
7035,"顧客07035","customer07035@example.com","ST02","アクティブ","2026-06-04 15:15:53.266611"
7036,"顧客07036","customer07036@example.com","ST04","退会","2026-06-04 15:15:53.266611"
7037,"顧客07037","customer07037@example.com","ST03","非アクティブ","2026-06-04 15:15:53.266611"
7038,"顧客07038","customer07038@example.com","ST02","アクティブ","2026-06-04 15:15:53.266611"
7039,"顧客07039","customer07039@example.com","ST03","非アクティブ","2026-06-04 15:15:53.266611"
7040,"顧客07040","customer07040@example.com","ST04","退会","2026-06-04 15:15:53.266611"
7041,"顧客07041","customer07041@example.com","ST04","退会","2026-06-04 15:15:53.266611"
7042,"顧客07042","customer07042@example.com","ST01","新規","2026-06-04 15:15:53.266611"
7043,"顧客07043","customer07043@example.com","ST03","非アクティブ","2026-06-04 15:15:53.266611"
7044,"顧客07044","customer07044@example.com","ST02","アクティブ","2026-06-04 15:15:53.266611"
7045,"顧客07045","customer07045@example.com","ST04","退会","2026-06-04 15:15:53.266611"
7046,"顧客07046","customer07046@example.com","ST04","退会","2026-06-04 15:15:53.266611"
7047,"顧客07047","customer07047@example.com","ST03","非アクティブ","2026-06-04 15:15:53.266611"
7048,"顧客07048","customer07048@example.com","ST02","アクティブ","2026-06-04 15:15:53.266611"
7049,"顧客07049","customer07049@example.com","ST02","アクティブ","2026-06-04 15:15:53.266611"
7050,"顧客07050","customer07050@example.com","ST02","アクティブ","2026-06-04 15:15:53.266611"
7051,"顧客07051","customer07051@example.com","ST03","非アクティブ","2026-06-04 15:15:53.266611"
7052,"顧客07052","customer07052@example.com","ST03","非アクティブ","2026-06-04 15:15:53.266611"
7053,"顧客07053","customer07053@example.com","ST03","非アクティブ","2026-06-04 15:15:53.266611"
7054,"顧客07054","customer07054@example.com","ST04","退会","2026-06-04 15:15:53.266611"
7055,"顧客07055","customer07055@example.com","ST02","アクティブ","2026-06-04 15:15:53.266611"
7056,"顧客07056","customer07056@example.com","ST02","アクティブ","2026-06-04 15:15:53.266611"
7057,"顧客07057","customer07057@example.com","ST02","アクティブ","2026-06-04 15:15:53.266611"
7058,"顧客07058","customer07058@example.com","ST01","新規","2026-06-04 15:15:53.266611"
7059,"顧客07059","customer07059@example.com","ST01","新規","2026-06-04 15:15:53.266611"
7060,"顧客07060","customer07060@example.com","ST03","非アクティブ","2026-06-04 15:15:53.266611"
7061,"顧客07061","customer07061@example.com","ST02","アクティブ","2026-06-04 15:15:53.266611"
7062,"顧客07062","customer07062@example.com","ST02","アクティブ","2026-06-04 15:15:53.266611"
7063,"顧客07063","customer07063@example.com","ST02","アクティブ","2026-06-04 15:15:53.266611"
7064,"顧客07064","customer07064@example.com","ST02","アクティブ","2026-06-04 15:15:53.266611"
7065,"顧客07065","customer07065@example.com","ST04","退会","2026-06-04 15:15:53.266611"
7066,"顧客07066","customer07066@example.com","ST04","退会","2026-06-04 15:15:53.266611"
7067,"顧客07067","customer07067@example.com","ST03","非アクティブ","2026-06-04 15:15:53.266611"
7068,"顧客07068","customer07068@example.com","ST03","非アクティブ","2026-06-04 15:15:53.266611"
7069,"顧客07069","customer07069@example.com","ST04","退会","2026-06-04 15:15:53.266611"
7070,"顧客07070","customer07070@example.com","ST02","アクティブ","2026-06-04 15:15:53.266611"
7071,"顧客07071","customer07071@example.com","ST02","アクティブ","2026-06-04 15:15:53.266611"
7072,"顧客07072","customer07072@example.com","ST04","退会","2026-06-04 15:15:53.266611"
7073,"顧客07073","customer07073@example.com","ST04","退会","2026-06-04 15:15:53.266611"
7074,"顧客07074","customer07074@example.com","ST03","非アクティブ","2026-06-04 15:15:53.266611"
7075,"顧客07075","customer07075@example.com","ST04","退会","2026-06-04 15:15:53.266611"
7076,"顧客07076","customer07076@example.com","ST03","非アクティブ","2026-06-04 15:15:53.266611"
7077,"顧客07077","customer07077@example.com","ST04","退会","2026-06-04 15:15:53.266611"
7078,"顧客07078","customer07078@example.com","ST02","アクティブ","2026-06-04 15:15:53.266611"
7079,"顧客07079","customer07079@example.com","ST02","アクティブ","2026-06-04 15:15:53.266611"
7080,"顧客07080","customer07080@example.com","ST01","新規","2026-06-04 15:15:53.266611"
7081,"顧客07081","customer07081@example.com","ST04","退会","2026-06-04 15:15:53.266611"
7082,"顧客07082","customer07082@example.com","ST03","非アクティブ","2026-06-04 15:15:53.266611"
7083,"顧客07083","customer07083@example.com","ST02","アクティブ","2026-06-04 15:15:53.266611"
7084,"顧客07084","customer07084@example.com","ST03","非アクティブ","2026-06-04 15:15:53.266611"
7085,"顧客07085","customer07085@example.com","ST02","アクティブ","2026-06-04 15:15:53.266611"
7086,"顧客07086","customer07086@example.com","ST02","アクティブ","2026-06-04 15:15:53.266611"
7087,"顧客07087","customer07087@example.com","ST01","新規","2026-06-04 15:15:53.266611"
7088,"顧客07088","customer07088@example.com","ST02","アクティブ","2026-06-04 15:15:53.266611"
7089,"顧客07089","customer07089@example.com","ST02","アクティブ","2026-06-04 15:15:53.266611"
7090,"顧客07090","customer07090@example.com","ST01","新規","2026-06-04 15:15:53.266611"
7091,"顧客07091","customer07091@example.com","ST01","新規","2026-06-04 15:15:53.266611"
7092,"顧客07092","customer07092@example.com","ST01","新規","2026-06-04 15:15:53.266611"
7093,"顧客07093","customer07093@example.com","ST04","退会","2026-06-04 15:15:53.266611"
7094,"顧客07094","customer07094@example.com","ST02","アクティブ","2026-06-04 15:15:53.266611"
7095,"顧客07095","customer07095@example.com","ST02","アクティブ","2026-06-04 15:15:53.266611"
7096,"顧客07096","customer07096@example.com","ST04","退会","2026-06-04 15:15:53.266611"
7097,"顧客07097","customer07097@example.com","ST02","アクティブ","2026-06-04 15:15:53.266611"
7098,"顧客07098","customer07098@example.com","ST04","退会","2026-06-04 15:15:53.266611"
7099,"顧客07099","customer07099@example.com","ST04","退会","2026-06-04 15:15:53.266611"
7100,"顧客07100","customer07100@example.com","ST04","退会","2026-06-04 15:15:53.266611"
7101,"顧客07101","customer07101@example.com","ST01","新規","2026-06-04 15:15:53.266611"
7102,"顧客07102","customer07102@example.com","ST01","新規","2026-06-04 15:15:53.266611"
7103,"顧客07103","customer07103@example.com","ST04","退会","2026-06-04 15:15:53.266611"
7104,"顧客07104","customer07104@example.com","ST03","非アクティブ","2026-06-04 15:15:53.266611"
7105,"顧客07105","customer07105@example.com","ST02","アクティブ","2026-06-04 15:15:53.266611"
7106,"顧客07106","customer07106@example.com","ST02","アクティブ","2026-06-04 15:15:53.266611"
7107,"顧客07107","customer07107@example.com","ST02","アクティブ","2026-06-04 15:15:53.266611"
7108,"顧客07108","customer07108@example.com","ST03","非アクティブ","2026-06-04 15:15:53.266611"
7109,"顧客07109","customer07109@example.com","ST01","新規","2026-06-04 15:15:53.266611"
7110,"顧客07110","customer07110@example.com","ST04","退会","2026-06-04 15:15:53.266611"
7111,"顧客07111","customer07111@example.com","ST02","アクティブ","2026-06-04 15:15:53.266611"
7112,"顧客07112","customer07112@example.com","ST04","退会","2026-06-04 15:15:53.266611"
7113,"顧客07113","customer07113@example.com","ST02","アクティブ","2026-06-04 15:15:53.266611"
7114,"顧客07114","customer07114@example.com","ST03","非アクティブ","2026-06-04 15:15:53.266611"
7115,"顧客07115","customer07115@example.com","ST04","退会","2026-06-04 15:15:53.266611"
7116,"顧客07116","customer07116@example.com","ST03","非アクティブ","2026-06-04 15:15:53.266611"
7117,"顧客07117","customer07117@example.com","ST04","退会","2026-06-04 15:15:53.266611"
7118,"顧客07118","customer07118@example.com","ST03","非アクティブ","2026-06-04 15:15:53.266611"
7119,"顧客07119","customer07119@example.com","ST02","アクティブ","2026-06-04 15:15:53.266611"
7120,"顧客07120","customer07120@example.com","ST01","新規","2026-06-04 15:15:53.266611"
7121,"顧客07121","customer07121@example.com","ST02","アクティブ","2026-06-04 15:15:53.266611"
7122,"顧客07122","customer07122@example.com","ST04","退会","2026-06-04 15:15:53.266611"
7123,"顧客07123","customer07123@example.com","ST04","退会","2026-06-04 15:15:53.266611"
7124,"顧客07124","customer07124@example.com","ST03","非アクティブ","2026-06-04 15:15:53.266611"
7125,"顧客07125","customer07125@example.com","ST02","アクティブ","2026-06-04 15:15:53.266611"
7126,"顧客07126","customer07126@example.com","ST04","退会","2026-06-04 15:15:53.266611"
7127,"顧客07127","customer07127@example.com","ST04","退会","2026-06-04 15:15:53.266611"
7128,"顧客07128","customer07128@example.com","ST04","退会","2026-06-04 15:15:53.266611"
7129,"顧客07129","customer07129@example.com","ST04","退会","2026-06-04 15:15:53.266611"
7130,"顧客07130","customer07130@example.com","ST01","新規","2026-06-04 15:15:53.266611"
7131,"顧客07131","customer07131@example.com","ST02","アクティブ","2026-06-04 15:15:53.266611"
7132,"顧客07132","customer07132@example.com","ST03","非アクティブ","2026-06-04 15:15:53.266611"
7133,"顧客07133","customer07133@example.com","ST02","アクティブ","2026-06-04 15:15:53.266611"
7134,"顧客07134","customer07134@example.com","ST04","退会","2026-06-04 15:15:53.266611"
7135,"顧客07135","customer07135@example.com","ST01","新規","2026-06-04 15:15:53.266611"
7136,"顧客07136","customer07136@example.com","ST02","アクティブ","2026-06-04 15:15:53.266611"
7137,"顧客07137","customer07137@example.com","ST02","アクティブ","2026-06-04 15:15:53.266611"
7138,"顧客07138","customer07138@example.com","ST04","退会","2026-06-04 15:15:53.266611"
7139,"顧客07139","customer07139@example.com","ST02","アクティブ","2026-06-04 15:15:53.266611"
7140,"顧客07140","customer07140@example.com","ST04","退会","2026-06-04 15:15:53.266611"
7141,"顧客07141","customer07141@example.com","ST02","アクティブ","2026-06-04 15:15:53.266611"
7142,"顧客07142","customer07142@example.com","ST02","アクティブ","2026-06-04 15:15:53.266611"
7143,"顧客07143","customer07143@example.com","ST03","非アクティブ","2026-06-04 15:15:53.266611"
7144,"顧客07144","customer07144@example.com","ST02","アクティブ","2026-06-04 15:15:53.266611"
7145,"顧客07145","customer07145@example.com","ST04","退会","2026-06-04 15:15:53.266611"
7146,"顧客07146","customer07146@example.com","ST01","新規","2026-06-04 15:15:53.266611"
7147,"顧客07147","customer07147@example.com","ST02","アクティブ","2026-06-04 15:15:53.266611"
7148,"顧客07148","customer07148@example.com","ST03","非アクティブ","2026-06-04 15:15:53.266611"
7149,"顧客07149","customer07149@example.com","ST03","非アクティブ","2026-06-04 15:15:53.266611"
7150,"顧客07150","customer07150@example.com","ST02","アクティブ","2026-06-04 15:15:53.266611"
7151,"顧客07151","customer07151@example.com","ST03","非アクティブ","2026-06-04 15:15:53.266611"
7152,"顧客07152","customer07152@example.com","ST04","退会","2026-06-04 15:15:53.266611"
7153,"顧客07153","customer07153@example.com","ST02","アクティブ","2026-06-04 15:15:53.266611"
7154,"顧客07154","customer07154@example.com","ST02","アクティブ","2026-06-04 15:15:53.266611"
7155,"顧客07155","customer07155@example.com","ST01","新規","2026-06-04 15:15:53.266611"
7156,"顧客07156","customer07156@example.com","ST03","非アクティブ","2026-06-04 15:15:53.266611"
7157,"顧客07157","customer07157@example.com","ST01","新規","2026-06-04 15:15:53.266611"
7158,"顧客07158","customer07158@example.com","ST02","アクティブ","2026-06-04 15:15:53.266611"
7159,"顧客07159","customer07159@example.com","ST01","新規","2026-06-04 15:15:53.266611"
7160,"顧客07160","customer07160@example.com","ST01","新規","2026-06-04 15:15:53.266611"
7161,"顧客07161","customer07161@example.com","ST02","アクティブ","2026-06-04 15:15:53.266611"
7162,"顧客07162","customer07162@example.com","ST03","非アクティブ","2026-06-04 15:15:53.266611"
7163,"顧客07163","customer07163@example.com","ST04","退会","2026-06-04 15:15:53.266611"
7164,"顧客07164","customer07164@example.com","ST01","新規","2026-06-04 15:15:53.266611"
7165,"顧客07165","customer07165@example.com","ST03","非アクティブ","2026-06-04 15:15:53.266611"
7166,"顧客07166","customer07166@example.com","ST03","非アクティブ","2026-06-04 15:15:53.266611"
7167,"顧客07167","customer07167@example.com","ST04","退会","2026-06-04 15:15:53.266611"
7168,"顧客07168","customer07168@example.com","ST03","非アクティブ","2026-06-04 15:15:53.266611"
7169,"顧客07169","customer07169@example.com","ST03","非アクティブ","2026-06-04 15:15:53.266611"
7170,"顧客07170","customer07170@example.com","ST03","非アクティブ","2026-06-04 15:15:53.266611"
7171,"顧客07171","customer07171@example.com","ST02","アクティブ","2026-06-04 15:15:53.266611"
7172,"顧客07172","customer07172@example.com","ST02","アクティブ","2026-06-04 15:15:53.266611"
7173,"顧客07173","customer07173@example.com","ST02","アクティブ","2026-06-04 15:15:53.266611"
7174,"顧客07174","customer07174@example.com","ST04","退会","2026-06-04 15:15:53.266611"
7175,"顧客07175","customer07175@example.com","ST02","アクティブ","2026-06-04 15:15:53.266611"
7176,"顧客07176","customer07176@example.com","ST03","非アクティブ","2026-06-04 15:15:53.266611"
7177,"顧客07177","customer07177@example.com","ST03","非アクティブ","2026-06-04 15:15:53.266611"
7178,"顧客07178","customer07178@example.com","ST02","アクティブ","2026-06-04 15:15:53.266611"
7179,"顧客07179","customer07179@example.com","ST01","新規","2026-06-04 15:15:53.266611"
7180,"顧客07180","customer07180@example.com","ST03","非アクティブ","2026-06-04 15:15:53.266611"
7181,"顧客07181","customer07181@example.com","ST04","退会","2026-06-04 15:15:53.266611"
7182,"顧客07182","customer07182@example.com","ST04","退会","2026-06-04 15:15:53.266611"
7183,"顧客07183","customer07183@example.com","ST01","新規","2026-06-04 15:15:53.266611"
7184,"顧客07184","customer07184@example.com","ST04","退会","2026-06-04 15:15:53.266611"
7185,"顧客07185","customer07185@example.com","ST03","非アクティブ","2026-06-04 15:15:53.266611"
7186,"顧客07186","customer07186@example.com","ST03","非アクティブ","2026-06-04 15:15:53.266611"
7187,"顧客07187","customer07187@example.com","ST03","非アクティブ","2026-06-04 15:15:53.266611"
7188,"顧客07188","customer07188@example.com","ST03","非アクティブ","2026-06-04 15:15:53.266611"
7189,"顧客07189","customer07189@example.com","ST04","退会","2026-06-04 15:15:53.266611"
7190,"顧客07190","customer07190@example.com","ST04","退会","2026-06-04 15:15:53.266611"
7191,"顧客07191","customer07191@example.com","ST04","退会","2026-06-04 15:15:53.266611"
7192,"顧客07192","customer07192@example.com","ST04","退会","2026-06-04 15:15:53.266611"
7193,"顧客07193","customer07193@example.com","ST02","アクティブ","2026-06-04 15:15:53.266611"
7194,"顧客07194","customer07194@example.com","ST03","非アクティブ","2026-06-04 15:15:53.266611"
7195,"顧客07195","customer07195@example.com","ST01","新規","2026-06-04 15:15:53.266611"
7196,"顧客07196","customer07196@example.com","ST04","退会","2026-06-04 15:15:53.266611"
7197,"顧客07197","customer07197@example.com","ST03","非アクティブ","2026-06-04 15:15:53.266611"
7198,"顧客07198","customer07198@example.com","ST04","退会","2026-06-04 15:15:53.266611"
7199,"顧客07199","customer07199@example.com","ST02","アクティブ","2026-06-04 15:15:53.266611"
7200,"顧客07200","customer07200@example.com","ST04","退会","2026-06-04 15:15:53.266611"
7201,"顧客07201","customer07201@example.com","ST03","非アクティブ","2026-06-04 15:15:53.266611"
7202,"顧客07202","customer07202@example.com","ST04","退会","2026-06-04 15:15:53.266611"
7203,"顧客07203","customer07203@example.com","ST01","新規","2026-06-04 15:15:53.266611"
7204,"顧客07204","customer07204@example.com","ST02","アクティブ","2026-06-04 15:15:53.266611"
7205,"顧客07205","customer07205@example.com","ST02","アクティブ","2026-06-04 15:15:53.266611"
7206,"顧客07206","customer07206@example.com","ST02","アクティブ","2026-06-04 15:15:53.266611"
7207,"顧客07207","customer07207@example.com","ST03","非アクティブ","2026-06-04 15:15:53.266611"
7208,"顧客07208","customer07208@example.com","ST03","非アクティブ","2026-06-04 15:15:53.266611"
7209,"顧客07209","customer07209@example.com","ST01","新規","2026-06-04 15:15:53.266611"
7210,"顧客07210","customer07210@example.com","ST04","退会","2026-06-04 15:15:53.266611"
7211,"顧客07211","customer07211@example.com","ST01","新規","2026-06-04 15:15:53.266611"
7212,"顧客07212","customer07212@example.com","ST03","非アクティブ","2026-06-04 15:15:53.266611"
7213,"顧客07213","customer07213@example.com","ST04","退会","2026-06-04 15:15:53.266611"
7214,"顧客07214","customer07214@example.com","ST03","非アクティブ","2026-06-04 15:15:53.266611"
7215,"顧客07215","customer07215@example.com","ST02","アクティブ","2026-06-04 15:15:53.266611"
7216,"顧客07216","customer07216@example.com","ST04","退会","2026-06-04 15:15:53.266611"
7217,"顧客07217","customer07217@example.com","ST03","非アクティブ","2026-06-04 15:15:53.266611"
7218,"顧客07218","customer07218@example.com","ST03","非アクティブ","2026-06-04 15:15:53.266611"
7219,"顧客07219","customer07219@example.com","ST02","アクティブ","2026-06-04 15:15:53.266611"
7220,"顧客07220","customer07220@example.com","ST04","退会","2026-06-04 15:15:53.266611"
7221,"顧客07221","customer07221@example.com","ST02","アクティブ","2026-06-04 15:15:53.266611"
7222,"顧客07222","customer07222@example.com","ST01","新規","2026-06-04 15:15:53.266611"
7223,"顧客07223","customer07223@example.com","ST04","退会","2026-06-04 15:15:53.266611"
7224,"顧客07224","customer07224@example.com","ST03","非アクティブ","2026-06-04 15:15:53.266611"
7225,"顧客07225","customer07225@example.com","ST01","新規","2026-06-04 15:15:53.266611"
7226,"顧客07226","customer07226@example.com","ST03","非アクティブ","2026-06-04 15:15:53.266611"
7227,"顧客07227","customer07227@example.com","ST01","新規","2026-06-04 15:15:53.266611"
7228,"顧客07228","customer07228@example.com","ST04","退会","2026-06-04 15:15:53.266611"
7229,"顧客07229","customer07229@example.com","ST02","アクティブ","2026-06-04 15:15:53.266611"
7230,"顧客07230","customer07230@example.com","ST03","非アクティブ","2026-06-04 15:15:53.266611"
7231,"顧客07231","customer07231@example.com","ST02","アクティブ","2026-06-04 15:15:53.266611"
7232,"顧客07232","customer07232@example.com","ST02","アクティブ","2026-06-04 15:15:53.266611"
7233,"顧客07233","customer07233@example.com","ST01","新規","2026-06-04 15:15:53.266611"
7234,"顧客07234","customer07234@example.com","ST04","退会","2026-06-04 15:15:53.266611"
7235,"顧客07235","customer07235@example.com","ST03","非アクティブ","2026-06-04 15:15:53.266611"
7236,"顧客07236","customer07236@example.com","ST03","非アクティブ","2026-06-04 15:15:53.266611"
7237,"顧客07237","customer07237@example.com","ST04","退会","2026-06-04 15:15:53.266611"
7238,"顧客07238","customer07238@example.com","ST04","退会","2026-06-04 15:15:53.266611"
7239,"顧客07239","customer07239@example.com","ST01","新規","2026-06-04 15:15:53.266611"
7240,"顧客07240","customer07240@example.com","ST03","非アクティブ","2026-06-04 15:15:53.266611"
7241,"顧客07241","customer07241@example.com","ST03","非アクティブ","2026-06-04 15:15:53.266611"
7242,"顧客07242","customer07242@example.com","ST03","非アクティブ","2026-06-04 15:15:53.266611"
7243,"顧客07243","customer07243@example.com","ST02","アクティブ","2026-06-04 15:15:53.266611"
7244,"顧客07244","customer07244@example.com","ST01","新規","2026-06-04 15:15:53.266611"
7245,"顧客07245","customer07245@example.com","ST03","非アクティブ","2026-06-04 15:15:53.266611"
7246,"顧客07246","customer07246@example.com","ST01","新規","2026-06-04 15:15:53.266611"
7247,"顧客07247","customer07247@example.com","ST02","アクティブ","2026-06-04 15:15:53.266611"
7248,"顧客07248","customer07248@example.com","ST02","アクティブ","2026-06-04 15:15:53.266611"
7249,"顧客07249","customer07249@example.com","ST02","アクティブ","2026-06-04 15:15:53.266611"
7250,"顧客07250","customer07250@example.com","ST02","アクティブ","2026-06-04 15:15:53.266611"
7251,"顧客07251","customer07251@example.com","ST04","退会","2026-06-04 15:15:53.266611"
7252,"顧客07252","customer07252@example.com","ST02","アクティブ","2026-06-04 15:15:53.266611"
7253,"顧客07253","customer07253@example.com","ST03","非アクティブ","2026-06-04 15:15:53.266611"
7254,"顧客07254","customer07254@example.com","ST02","アクティブ","2026-06-04 15:15:53.266611"
7255,"顧客07255","customer07255@example.com","ST02","アクティブ","2026-06-04 15:15:53.266611"
7256,"顧客07256","customer07256@example.com","ST04","退会","2026-06-04 15:15:53.266611"
7257,"顧客07257","customer07257@example.com","ST04","退会","2026-06-04 15:15:53.266611"
7258,"顧客07258","customer07258@example.com","ST02","アクティブ","2026-06-04 15:15:53.266611"
7259,"顧客07259","customer07259@example.com","ST03","非アクティブ","2026-06-04 15:15:53.266611"
7260,"顧客07260","customer07260@example.com","ST01","新規","2026-06-04 15:15:53.266611"
7261,"顧客07261","customer07261@example.com","ST04","退会","2026-06-04 15:15:53.266611"
7262,"顧客07262","customer07262@example.com","ST01","新規","2026-06-04 15:15:53.266611"
7263,"顧客07263","customer07263@example.com","ST03","非アクティブ","2026-06-04 15:15:53.266611"
7264,"顧客07264","customer07264@example.com","ST01","新規","2026-06-04 15:15:53.266611"
7265,"顧客07265","customer07265@example.com","ST01","新規","2026-06-04 15:15:53.266611"
7266,"顧客07266","customer07266@example.com","ST01","新規","2026-06-04 15:15:53.266611"
7267,"顧客07267","customer07267@example.com","ST03","非アクティブ","2026-06-04 15:15:53.266611"
7268,"顧客07268","customer07268@example.com","ST04","退会","2026-06-04 15:15:53.266611"
7269,"顧客07269","customer07269@example.com","ST03","非アクティブ","2026-06-04 15:15:53.266611"
7270,"顧客07270","customer07270@example.com","ST03","非アクティブ","2026-06-04 15:15:53.266611"
7271,"顧客07271","customer07271@example.com","ST03","非アクティブ","2026-06-04 15:15:53.266611"
7272,"顧客07272","customer07272@example.com","ST04","退会","2026-06-04 15:15:53.266611"
7273,"顧客07273","customer07273@example.com","ST01","新規","2026-06-04 15:15:53.266611"
7274,"顧客07274","customer07274@example.com","ST02","アクティブ","2026-06-04 15:15:53.266611"
7275,"顧客07275","customer07275@example.com","ST02","アクティブ","2026-06-04 15:15:53.266611"
7276,"顧客07276","customer07276@example.com","ST02","アクティブ","2026-06-04 15:15:53.266611"
7277,"顧客07277","customer07277@example.com","ST03","非アクティブ","2026-06-04 15:15:53.266611"
7278,"顧客07278","customer07278@example.com","ST04","退会","2026-06-04 15:15:53.266611"
7279,"顧客07279","customer07279@example.com","ST01","新規","2026-06-04 15:15:53.266611"
7280,"顧客07280","customer07280@example.com","ST01","新規","2026-06-04 15:15:53.266611"
7281,"顧客07281","customer07281@example.com","ST02","アクティブ","2026-06-04 15:15:53.266611"
7282,"顧客07282","customer07282@example.com","ST02","アクティブ","2026-06-04 15:15:53.266611"
7283,"顧客07283","customer07283@example.com","ST02","アクティブ","2026-06-04 15:15:53.266611"
7284,"顧客07284","customer07284@example.com","ST01","新規","2026-06-04 15:15:53.266611"
7285,"顧客07285","customer07285@example.com","ST03","非アクティブ","2026-06-04 15:15:53.266611"
7286,"顧客07286","customer07286@example.com","ST02","アクティブ","2026-06-04 15:15:53.266611"
7287,"顧客07287","customer07287@example.com","ST04","退会","2026-06-04 15:15:53.266611"
7288,"顧客07288","customer07288@example.com","ST02","アクティブ","2026-06-04 15:15:53.266611"
7289,"顧客07289","customer07289@example.com","ST04","退会","2026-06-04 15:15:53.266611"
7290,"顧客07290","customer07290@example.com","ST03","非アクティブ","2026-06-04 15:15:53.266611"
7291,"顧客07291","customer07291@example.com","ST03","非アクティブ","2026-06-04 15:15:53.266611"
7292,"顧客07292","customer07292@example.com","ST04","退会","2026-06-04 15:15:53.266611"
7293,"顧客07293","customer07293@example.com","ST01","新規","2026-06-04 15:15:53.266611"
7294,"顧客07294","customer07294@example.com","ST04","退会","2026-06-04 15:15:53.266611"
7295,"顧客07295","customer07295@example.com","ST02","アクティブ","2026-06-04 15:15:53.266611"
7296,"顧客07296","customer07296@example.com","ST02","アクティブ","2026-06-04 15:15:53.266611"
7297,"顧客07297","customer07297@example.com","ST01","新規","2026-06-04 15:15:53.266611"
7298,"顧客07298","customer07298@example.com","ST01","新規","2026-06-04 15:15:53.266611"
7299,"顧客07299","customer07299@example.com","ST01","新規","2026-06-04 15:15:53.266611"
7300,"顧客07300","customer07300@example.com","ST04","退会","2026-06-04 15:15:53.266611"
7301,"顧客07301","customer07301@example.com","ST01","新規","2026-06-04 15:15:53.266611"
7302,"顧客07302","customer07302@example.com","ST01","新規","2026-06-04 15:15:53.266611"
7303,"顧客07303","customer07303@example.com","ST03","非アクティブ","2026-06-04 15:15:53.266611"
7304,"顧客07304","customer07304@example.com","ST04","退会","2026-06-04 15:15:53.266611"
7305,"顧客07305","customer07305@example.com","ST03","非アクティブ","2026-06-04 15:15:53.266611"
7306,"顧客07306","customer07306@example.com","ST02","アクティブ","2026-06-04 15:15:53.266611"
7307,"顧客07307","customer07307@example.com","ST01","新規","2026-06-04 15:15:53.266611"
7308,"顧客07308","customer07308@example.com","ST04","退会","2026-06-04 15:15:53.266611"
7309,"顧客07309","customer07309@example.com","ST01","新規","2026-06-04 15:15:53.266611"
7310,"顧客07310","customer07310@example.com","ST03","非アクティブ","2026-06-04 15:15:53.266611"
7311,"顧客07311","customer07311@example.com","ST03","非アクティブ","2026-06-04 15:15:53.266611"
7312,"顧客07312","customer07312@example.com","ST01","新規","2026-06-04 15:15:53.266611"
7313,"顧客07313","customer07313@example.com","ST03","非アクティブ","2026-06-04 15:15:53.266611"
7314,"顧客07314","customer07314@example.com","ST04","退会","2026-06-04 15:15:53.266611"
7315,"顧客07315","customer07315@example.com","ST01","新規","2026-06-04 15:15:53.266611"
7316,"顧客07316","customer07316@example.com","ST02","アクティブ","2026-06-04 15:15:53.266611"
7317,"顧客07317","customer07317@example.com","ST01","新規","2026-06-04 15:15:53.266611"
7318,"顧客07318","customer07318@example.com","ST03","非アクティブ","2026-06-04 15:15:53.266611"
7319,"顧客07319","customer07319@example.com","ST02","アクティブ","2026-06-04 15:15:53.266611"
7320,"顧客07320","customer07320@example.com","ST04","退会","2026-06-04 15:15:53.266611"
7321,"顧客07321","customer07321@example.com","ST01","新規","2026-06-04 15:15:53.266611"
7322,"顧客07322","customer07322@example.com","ST04","退会","2026-06-04 15:15:53.266611"
7323,"顧客07323","customer07323@example.com","ST04","退会","2026-06-04 15:15:53.266611"
7324,"顧客07324","customer07324@example.com","ST03","非アクティブ","2026-06-04 15:15:53.266611"
7325,"顧客07325","customer07325@example.com","ST04","退会","2026-06-04 15:15:53.266611"
7326,"顧客07326","customer07326@example.com","ST01","新規","2026-06-04 15:15:53.266611"
7327,"顧客07327","customer07327@example.com","ST04","退会","2026-06-04 15:15:53.266611"
7328,"顧客07328","customer07328@example.com","ST04","退会","2026-06-04 15:15:53.266611"
7329,"顧客07329","customer07329@example.com","ST03","非アクティブ","2026-06-04 15:15:53.266611"
7330,"顧客07330","customer07330@example.com","ST01","新規","2026-06-04 15:15:53.266611"
7331,"顧客07331","customer07331@example.com","ST02","アクティブ","2026-06-04 15:15:53.266611"
7332,"顧客07332","customer07332@example.com","ST02","アクティブ","2026-06-04 15:15:53.266611"
7333,"顧客07333","customer07333@example.com","ST03","非アクティブ","2026-06-04 15:15:53.266611"
7334,"顧客07334","customer07334@example.com","ST03","非アクティブ","2026-06-04 15:15:53.266611"
7335,"顧客07335","customer07335@example.com","ST04","退会","2026-06-04 15:15:53.266611"
7336,"顧客07336","customer07336@example.com","ST04","退会","2026-06-04 15:15:53.266611"
7337,"顧客07337","customer07337@example.com","ST04","退会","2026-06-04 15:15:53.266611"
7338,"顧客07338","customer07338@example.com","ST03","非アクティブ","2026-06-04 15:15:53.266611"
7339,"顧客07339","customer07339@example.com","ST02","アクティブ","2026-06-04 15:15:53.266611"
7340,"顧客07340","customer07340@example.com","ST02","アクティブ","2026-06-04 15:15:53.266611"
7341,"顧客07341","customer07341@example.com","ST03","非アクティブ","2026-06-04 15:15:53.266611"
7342,"顧客07342","customer07342@example.com","ST03","非アクティブ","2026-06-04 15:15:53.266611"
7343,"顧客07343","customer07343@example.com","ST02","アクティブ","2026-06-04 15:15:53.266611"
7344,"顧客07344","customer07344@example.com","ST02","アクティブ","2026-06-04 15:15:53.266611"
7345,"顧客07345","customer07345@example.com","ST02","アクティブ","2026-06-04 15:15:53.266611"
7346,"顧客07346","customer07346@example.com","ST03","非アクティブ","2026-06-04 15:15:53.266611"
7347,"顧客07347","customer07347@example.com","ST02","アクティブ","2026-06-04 15:15:53.266611"
7348,"顧客07348","customer07348@example.com","ST04","退会","2026-06-04 15:15:53.266611"
7349,"顧客07349","customer07349@example.com","ST01","新規","2026-06-04 15:15:53.266611"
7350,"顧客07350","customer07350@example.com","ST02","アクティブ","2026-06-04 15:15:53.266611"
7351,"顧客07351","customer07351@example.com","ST01","新規","2026-06-04 15:15:53.266611"
7352,"顧客07352","customer07352@example.com","ST01","新規","2026-06-04 15:15:53.266611"
7353,"顧客07353","customer07353@example.com","ST02","アクティブ","2026-06-04 15:15:53.266611"
7354,"顧客07354","customer07354@example.com","ST02","アクティブ","2026-06-04 15:15:53.266611"
7355,"顧客07355","customer07355@example.com","ST03","非アクティブ","2026-06-04 15:15:53.266611"
7356,"顧客07356","customer07356@example.com","ST02","アクティブ","2026-06-04 15:15:53.266611"
7357,"顧客07357","customer07357@example.com","ST02","アクティブ","2026-06-04 15:15:53.266611"
7358,"顧客07358","customer07358@example.com","ST04","退会","2026-06-04 15:15:53.266611"
7359,"顧客07359","customer07359@example.com","ST04","退会","2026-06-04 15:15:53.266611"
7360,"顧客07360","customer07360@example.com","ST04","退会","2026-06-04 15:15:53.266611"
7361,"顧客07361","customer07361@example.com","ST04","退会","2026-06-04 15:15:53.266611"
7362,"顧客07362","customer07362@example.com","ST03","非アクティブ","2026-06-04 15:15:53.266611"
7363,"顧客07363","customer07363@example.com","ST01","新規","2026-06-04 15:15:53.266611"
7364,"顧客07364","customer07364@example.com","ST04","退会","2026-06-04 15:15:53.266611"
7365,"顧客07365","customer07365@example.com","ST02","アクティブ","2026-06-04 15:15:53.266611"
7366,"顧客07366","customer07366@example.com","ST01","新規","2026-06-04 15:15:53.266611"
7367,"顧客07367","customer07367@example.com","ST02","アクティブ","2026-06-04 15:15:53.266611"
7368,"顧客07368","customer07368@example.com","ST02","アクティブ","2026-06-04 15:15:53.266611"
7369,"顧客07369","customer07369@example.com","ST02","アクティブ","2026-06-04 15:15:53.266611"
7370,"顧客07370","customer07370@example.com","ST01","新規","2026-06-04 15:15:53.266611"
7371,"顧客07371","customer07371@example.com","ST02","アクティブ","2026-06-04 15:15:53.266611"
7372,"顧客07372","customer07372@example.com","ST03","非アクティブ","2026-06-04 15:15:53.266611"
7373,"顧客07373","customer07373@example.com","ST03","非アクティブ","2026-06-04 15:15:53.266611"
7374,"顧客07374","customer07374@example.com","ST04","退会","2026-06-04 15:15:53.266611"
7375,"顧客07375","customer07375@example.com","ST03","非アクティブ","2026-06-04 15:15:53.266611"
7376,"顧客07376","customer07376@example.com","ST03","非アクティブ","2026-06-04 15:15:53.266611"
7377,"顧客07377","customer07377@example.com","ST01","新規","2026-06-04 15:15:53.266611"
7378,"顧客07378","customer07378@example.com","ST04","退会","2026-06-04 15:15:53.266611"
7379,"顧客07379","customer07379@example.com","ST04","退会","2026-06-04 15:15:53.266611"
7380,"顧客07380","customer07380@example.com","ST03","非アクティブ","2026-06-04 15:15:53.266611"
7381,"顧客07381","customer07381@example.com","ST02","アクティブ","2026-06-04 15:15:53.266611"
7382,"顧客07382","customer07382@example.com","ST02","アクティブ","2026-06-04 15:15:53.266611"
7383,"顧客07383","customer07383@example.com","ST03","非アクティブ","2026-06-04 15:15:53.266611"
7384,"顧客07384","customer07384@example.com","ST04","退会","2026-06-04 15:15:53.266611"
7385,"顧客07385","customer07385@example.com","ST02","アクティブ","2026-06-04 15:15:53.266611"
7386,"顧客07386","customer07386@example.com","ST04","退会","2026-06-04 15:15:53.266611"
7387,"顧客07387","customer07387@example.com","ST04","退会","2026-06-04 15:15:53.266611"
7388,"顧客07388","customer07388@example.com","ST02","アクティブ","2026-06-04 15:15:53.266611"
7389,"顧客07389","customer07389@example.com","ST02","アクティブ","2026-06-04 15:15:53.266611"
7390,"顧客07390","customer07390@example.com","ST02","アクティブ","2026-06-04 15:15:53.266611"
7391,"顧客07391","customer07391@example.com","ST03","非アクティブ","2026-06-04 15:15:53.266611"
7392,"顧客07392","customer07392@example.com","ST04","退会","2026-06-04 15:15:53.266611"
7393,"顧客07393","customer07393@example.com","ST02","アクティブ","2026-06-04 15:15:53.266611"
7394,"顧客07394","customer07394@example.com","ST03","非アクティブ","2026-06-04 15:15:53.266611"
7395,"顧客07395","customer07395@example.com","ST04","退会","2026-06-04 15:15:53.266611"
7396,"顧客07396","customer07396@example.com","ST01","新規","2026-06-04 15:15:53.266611"
7397,"顧客07397","customer07397@example.com","ST03","非アクティブ","2026-06-04 15:15:53.266611"
7398,"顧客07398","customer07398@example.com","ST04","退会","2026-06-04 15:15:53.266611"
7399,"顧客07399","customer07399@example.com","ST03","非アクティブ","2026-06-04 15:15:53.266611"
7400,"顧客07400","customer07400@example.com","ST01","新規","2026-06-04 15:15:53.266611"
7401,"顧客07401","customer07401@example.com","ST04","退会","2026-06-04 15:15:53.266611"
7402,"顧客07402","customer07402@example.com","ST03","非アクティブ","2026-06-04 15:15:53.266611"
7403,"顧客07403","customer07403@example.com","ST04","退会","2026-06-04 15:15:53.266611"
7404,"顧客07404","customer07404@example.com","ST04","退会","2026-06-04 15:15:53.266611"
7405,"顧客07405","customer07405@example.com","ST03","非アクティブ","2026-06-04 15:15:53.266611"
7406,"顧客07406","customer07406@example.com","ST01","新規","2026-06-04 15:15:53.266611"
7407,"顧客07407","customer07407@example.com","ST01","新規","2026-06-04 15:15:53.266611"
7408,"顧客07408","customer07408@example.com","ST04","退会","2026-06-04 15:15:53.266611"
7409,"顧客07409","customer07409@example.com","ST02","アクティブ","2026-06-04 15:15:53.266611"
7410,"顧客07410","customer07410@example.com","ST02","アクティブ","2026-06-04 15:15:53.266611"
7411,"顧客07411","customer07411@example.com","ST03","非アクティブ","2026-06-04 15:15:53.266611"
7412,"顧客07412","customer07412@example.com","ST01","新規","2026-06-04 15:15:53.266611"
7413,"顧客07413","customer07413@example.com","ST02","アクティブ","2026-06-04 15:15:53.266611"
7414,"顧客07414","customer07414@example.com","ST01","新規","2026-06-04 15:15:53.266611"
7415,"顧客07415","customer07415@example.com","ST02","アクティブ","2026-06-04 15:15:53.266611"
7416,"顧客07416","customer07416@example.com","ST03","非アクティブ","2026-06-04 15:15:53.266611"
7417,"顧客07417","customer07417@example.com","ST04","退会","2026-06-04 15:15:53.266611"
7418,"顧客07418","customer07418@example.com","ST04","退会","2026-06-04 15:15:53.266611"
7419,"顧客07419","customer07419@example.com","ST03","非アクティブ","2026-06-04 15:15:53.266611"
7420,"顧客07420","customer07420@example.com","ST03","非アクティブ","2026-06-04 15:15:53.266611"
7421,"顧客07421","customer07421@example.com","ST01","新規","2026-06-04 15:15:53.266611"
7422,"顧客07422","customer07422@example.com","ST01","新規","2026-06-04 15:15:53.266611"
7423,"顧客07423","customer07423@example.com","ST03","非アクティブ","2026-06-04 15:15:53.266611"
7424,"顧客07424","customer07424@example.com","ST01","新規","2026-06-04 15:15:53.266611"
7425,"顧客07425","customer07425@example.com","ST02","アクティブ","2026-06-04 15:15:53.266611"
7426,"顧客07426","customer07426@example.com","ST02","アクティブ","2026-06-04 15:15:53.266611"
7427,"顧客07427","customer07427@example.com","ST03","非アクティブ","2026-06-04 15:15:53.266611"
7428,"顧客07428","customer07428@example.com","ST02","アクティブ","2026-06-04 15:15:53.266611"
7429,"顧客07429","customer07429@example.com","ST02","アクティブ","2026-06-04 15:15:53.266611"
7430,"顧客07430","customer07430@example.com","ST04","退会","2026-06-04 15:15:53.266611"
7431,"顧客07431","customer07431@example.com","ST01","新規","2026-06-04 15:15:53.266611"
7432,"顧客07432","customer07432@example.com","ST03","非アクティブ","2026-06-04 15:15:53.266611"
7433,"顧客07433","customer07433@example.com","ST03","非アクティブ","2026-06-04 15:15:53.266611"
7434,"顧客07434","customer07434@example.com","ST02","アクティブ","2026-06-04 15:15:53.266611"
7435,"顧客07435","customer07435@example.com","ST04","退会","2026-06-04 15:15:53.266611"
7436,"顧客07436","customer07436@example.com","ST02","アクティブ","2026-06-04 15:15:53.266611"
7437,"顧客07437","customer07437@example.com","ST04","退会","2026-06-04 15:15:53.266611"
7438,"顧客07438","customer07438@example.com","ST02","アクティブ","2026-06-04 15:15:53.266611"
7439,"顧客07439","customer07439@example.com","ST03","非アクティブ","2026-06-04 15:15:53.266611"
7440,"顧客07440","customer07440@example.com","ST03","非アクティブ","2026-06-04 15:15:53.266611"
7441,"顧客07441","customer07441@example.com","ST03","非アクティブ","2026-06-04 15:15:53.266611"
7442,"顧客07442","customer07442@example.com","ST01","新規","2026-06-04 15:15:53.266611"
7443,"顧客07443","customer07443@example.com","ST04","退会","2026-06-04 15:15:53.266611"
7444,"顧客07444","customer07444@example.com","ST04","退会","2026-06-04 15:15:53.266611"
7445,"顧客07445","customer07445@example.com","ST02","アクティブ","2026-06-04 15:15:53.266611"
7446,"顧客07446","customer07446@example.com","ST01","新規","2026-06-04 15:15:53.266611"
7447,"顧客07447","customer07447@example.com","ST02","アクティブ","2026-06-04 15:15:53.266611"
7448,"顧客07448","customer07448@example.com","ST02","アクティブ","2026-06-04 15:15:53.266611"
7449,"顧客07449","customer07449@example.com","ST04","退会","2026-06-04 15:15:53.266611"
7450,"顧客07450","customer07450@example.com","ST02","アクティブ","2026-06-04 15:15:53.266611"
7451,"顧客07451","customer07451@example.com","ST02","アクティブ","2026-06-04 15:15:53.266611"
7452,"顧客07452","customer07452@example.com","ST03","非アクティブ","2026-06-04 15:15:53.266611"
7453,"顧客07453","customer07453@example.com","ST02","アクティブ","2026-06-04 15:15:53.266611"
7454,"顧客07454","customer07454@example.com","ST03","非アクティブ","2026-06-04 15:15:53.266611"
7455,"顧客07455","customer07455@example.com","ST01","新規","2026-06-04 15:15:53.266611"
7456,"顧客07456","customer07456@example.com","ST03","非アクティブ","2026-06-04 15:15:53.266611"
7457,"顧客07457","customer07457@example.com","ST03","非アクティブ","2026-06-04 15:15:53.266611"
7458,"顧客07458","customer07458@example.com","ST04","退会","2026-06-04 15:15:53.266611"
7459,"顧客07459","customer07459@example.com","ST01","新規","2026-06-04 15:15:53.266611"
7460,"顧客07460","customer07460@example.com","ST03","非アクティブ","2026-06-04 15:15:53.266611"
7461,"顧客07461","customer07461@example.com","ST01","新規","2026-06-04 15:15:53.266611"
7462,"顧客07462","customer07462@example.com","ST02","アクティブ","2026-06-04 15:15:53.266611"
7463,"顧客07463","customer07463@example.com","ST02","アクティブ","2026-06-04 15:15:53.266611"
7464,"顧客07464","customer07464@example.com","ST04","退会","2026-06-04 15:15:53.266611"
7465,"顧客07465","customer07465@example.com","ST01","新規","2026-06-04 15:15:53.266611"
7466,"顧客07466","customer07466@example.com","ST02","アクティブ","2026-06-04 15:15:53.266611"
7467,"顧客07467","customer07467@example.com","ST02","アクティブ","2026-06-04 15:15:53.266611"
7468,"顧客07468","customer07468@example.com","ST01","新規","2026-06-04 15:15:53.266611"
7469,"顧客07469","customer07469@example.com","ST02","アクティブ","2026-06-04 15:15:53.266611"
7470,"顧客07470","customer07470@example.com","ST02","アクティブ","2026-06-04 15:15:53.266611"
7471,"顧客07471","customer07471@example.com","ST03","非アクティブ","2026-06-04 15:15:53.266611"
7472,"顧客07472","customer07472@example.com","ST02","アクティブ","2026-06-04 15:15:53.266611"
7473,"顧客07473","customer07473@example.com","ST02","アクティブ","2026-06-04 15:15:53.266611"
7474,"顧客07474","customer07474@example.com","ST03","非アクティブ","2026-06-04 15:15:53.266611"
7475,"顧客07475","customer07475@example.com","ST04","退会","2026-06-04 15:15:53.266611"
7476,"顧客07476","customer07476@example.com","ST03","非アクティブ","2026-06-04 15:15:53.266611"
7477,"顧客07477","customer07477@example.com","ST03","非アクティブ","2026-06-04 15:15:53.266611"
7478,"顧客07478","customer07478@example.com","ST02","アクティブ","2026-06-04 15:15:53.266611"
7479,"顧客07479","customer07479@example.com","ST01","新規","2026-06-04 15:15:53.266611"
7480,"顧客07480","customer07480@example.com","ST02","アクティブ","2026-06-04 15:15:53.266611"
7481,"顧客07481","customer07481@example.com","ST02","アクティブ","2026-06-04 15:15:53.266611"
7482,"顧客07482","customer07482@example.com","ST02","アクティブ","2026-06-04 15:15:53.266611"
7483,"顧客07483","customer07483@example.com","ST03","非アクティブ","2026-06-04 15:15:53.266611"
7484,"顧客07484","customer07484@example.com","ST03","非アクティブ","2026-06-04 15:15:53.266611"
7485,"顧客07485","customer07485@example.com","ST03","非アクティブ","2026-06-04 15:15:53.266611"
7486,"顧客07486","customer07486@example.com","ST03","非アクティブ","2026-06-04 15:15:53.266611"
7487,"顧客07487","customer07487@example.com","ST04","退会","2026-06-04 15:15:53.266611"
7488,"顧客07488","customer07488@example.com","ST04","退会","2026-06-04 15:15:53.266611"
7489,"顧客07489","customer07489@example.com","ST04","退会","2026-06-04 15:15:53.266611"
7490,"顧客07490","customer07490@example.com","ST02","アクティブ","2026-06-04 15:15:53.266611"
7491,"顧客07491","customer07491@example.com","ST01","新規","2026-06-04 15:15:53.266611"
7492,"顧客07492","customer07492@example.com","ST04","退会","2026-06-04 15:15:53.266611"
7493,"顧客07493","customer07493@example.com","ST02","アクティブ","2026-06-04 15:15:53.266611"
7494,"顧客07494","customer07494@example.com","ST02","アクティブ","2026-06-04 15:15:53.266611"
7495,"顧客07495","customer07495@example.com","ST01","新規","2026-06-04 15:15:53.266611"
7496,"顧客07496","customer07496@example.com","ST02","アクティブ","2026-06-04 15:15:53.266611"
7497,"顧客07497","customer07497@example.com","ST03","非アクティブ","2026-06-04 15:15:53.266611"
7498,"顧客07498","customer07498@example.com","ST01","新規","2026-06-04 15:15:53.266611"
7499,"顧客07499","customer07499@example.com","ST04","退会","2026-06-04 15:15:53.266611"
7500,"顧客07500","customer07500@example.com","ST02","アクティブ","2026-06-04 15:15:53.266611"
7501,"顧客07501","customer07501@example.com","ST04","退会","2026-06-04 15:15:53.266611"
7502,"顧客07502","customer07502@example.com","ST04","退会","2026-06-04 15:15:53.266611"
7503,"顧客07503","customer07503@example.com","ST03","非アクティブ","2026-06-04 15:15:53.266611"
7504,"顧客07504","customer07504@example.com","ST04","退会","2026-06-04 15:15:53.266611"
7505,"顧客07505","customer07505@example.com","ST03","非アクティブ","2026-06-04 15:15:53.266611"
7506,"顧客07506","customer07506@example.com","ST02","アクティブ","2026-06-04 15:15:53.266611"
7507,"顧客07507","customer07507@example.com","ST02","アクティブ","2026-06-04 15:15:53.266611"
7508,"顧客07508","customer07508@example.com","ST02","アクティブ","2026-06-04 15:15:53.266611"
7509,"顧客07509","customer07509@example.com","ST04","退会","2026-06-04 15:15:53.266611"
7510,"顧客07510","customer07510@example.com","ST04","退会","2026-06-04 15:15:53.266611"
7511,"顧客07511","customer07511@example.com","ST03","非アクティブ","2026-06-04 15:15:53.266611"
7512,"顧客07512","customer07512@example.com","ST04","退会","2026-06-04 15:15:53.266611"
7513,"顧客07513","customer07513@example.com","ST01","新規","2026-06-04 15:15:53.266611"
7514,"顧客07514","customer07514@example.com","ST04","退会","2026-06-04 15:15:53.266611"
7515,"顧客07515","customer07515@example.com","ST02","アクティブ","2026-06-04 15:15:53.266611"
7516,"顧客07516","customer07516@example.com","ST01","新規","2026-06-04 15:15:53.266611"
7517,"顧客07517","customer07517@example.com","ST01","新規","2026-06-04 15:15:53.266611"
7518,"顧客07518","customer07518@example.com","ST03","非アクティブ","2026-06-04 15:15:53.266611"
7519,"顧客07519","customer07519@example.com","ST04","退会","2026-06-04 15:15:53.266611"
7520,"顧客07520","customer07520@example.com","ST03","非アクティブ","2026-06-04 15:15:53.266611"
7521,"顧客07521","customer07521@example.com","ST01","新規","2026-06-04 15:15:53.266611"
7522,"顧客07522","customer07522@example.com","ST02","アクティブ","2026-06-04 15:15:53.266611"
7523,"顧客07523","customer07523@example.com","ST01","新規","2026-06-04 15:15:53.266611"
7524,"顧客07524","customer07524@example.com","ST04","退会","2026-06-04 15:15:53.266611"
7525,"顧客07525","customer07525@example.com","ST04","退会","2026-06-04 15:15:53.266611"
7526,"顧客07526","customer07526@example.com","ST01","新規","2026-06-04 15:15:53.266611"
7527,"顧客07527","customer07527@example.com","ST03","非アクティブ","2026-06-04 15:15:53.266611"
7528,"顧客07528","customer07528@example.com","ST02","アクティブ","2026-06-04 15:15:53.266611"
7529,"顧客07529","customer07529@example.com","ST04","退会","2026-06-04 15:15:53.266611"
7530,"顧客07530","customer07530@example.com","ST03","非アクティブ","2026-06-04 15:15:53.266611"
7531,"顧客07531","customer07531@example.com","ST04","退会","2026-06-04 15:15:53.266611"
7532,"顧客07532","customer07532@example.com","ST03","非アクティブ","2026-06-04 15:15:53.266611"
7533,"顧客07533","customer07533@example.com","ST02","アクティブ","2026-06-04 15:15:53.266611"
7534,"顧客07534","customer07534@example.com","ST04","退会","2026-06-04 15:15:53.266611"
7535,"顧客07535","customer07535@example.com","ST01","新規","2026-06-04 15:15:53.266611"
7536,"顧客07536","customer07536@example.com","ST02","アクティブ","2026-06-04 15:15:53.266611"
7537,"顧客07537","customer07537@example.com","ST01","新規","2026-06-04 15:15:53.266611"
7538,"顧客07538","customer07538@example.com","ST01","新規","2026-06-04 15:15:53.266611"
7539,"顧客07539","customer07539@example.com","ST01","新規","2026-06-04 15:15:53.266611"
7540,"顧客07540","customer07540@example.com","ST01","新規","2026-06-04 15:15:53.266611"
7541,"顧客07541","customer07541@example.com","ST04","退会","2026-06-04 15:15:53.266611"
7542,"顧客07542","customer07542@example.com","ST03","非アクティブ","2026-06-04 15:15:53.266611"
7543,"顧客07543","customer07543@example.com","ST04","退会","2026-06-04 15:15:53.266611"
7544,"顧客07544","customer07544@example.com","ST04","退会","2026-06-04 15:15:53.266611"
7545,"顧客07545","customer07545@example.com","ST03","非アクティブ","2026-06-04 15:15:53.266611"
7546,"顧客07546","customer07546@example.com","ST02","アクティブ","2026-06-04 15:15:53.266611"
7547,"顧客07547","customer07547@example.com","ST03","非アクティブ","2026-06-04 15:15:53.266611"
7548,"顧客07548","customer07548@example.com","ST03","非アクティブ","2026-06-04 15:15:53.266611"
7549,"顧客07549","customer07549@example.com","ST01","新規","2026-06-04 15:15:53.266611"
7550,"顧客07550","customer07550@example.com","ST01","新規","2026-06-04 15:15:53.266611"
7551,"顧客07551","customer07551@example.com","ST03","非アクティブ","2026-06-04 15:15:53.266611"
7552,"顧客07552","customer07552@example.com","ST03","非アクティブ","2026-06-04 15:15:53.266611"
7553,"顧客07553","customer07553@example.com","ST03","非アクティブ","2026-06-04 15:15:53.266611"
7554,"顧客07554","customer07554@example.com","ST01","新規","2026-06-04 15:15:53.266611"
7555,"顧客07555","customer07555@example.com","ST02","アクティブ","2026-06-04 15:15:53.266611"
7556,"顧客07556","customer07556@example.com","ST01","新規","2026-06-04 15:15:53.266611"
7557,"顧客07557","customer07557@example.com","ST02","アクティブ","2026-06-04 15:15:53.266611"
7558,"顧客07558","customer07558@example.com","ST02","アクティブ","2026-06-04 15:15:53.266611"
7559,"顧客07559","customer07559@example.com","ST03","非アクティブ","2026-06-04 15:15:53.266611"
7560,"顧客07560","customer07560@example.com","ST01","新規","2026-06-04 15:15:53.266611"
7561,"顧客07561","customer07561@example.com","ST04","退会","2026-06-04 15:15:53.266611"
7562,"顧客07562","customer07562@example.com","ST02","アクティブ","2026-06-04 15:15:53.266611"
7563,"顧客07563","customer07563@example.com","ST02","アクティブ","2026-06-04 15:15:53.266611"
7564,"顧客07564","customer07564@example.com","ST02","アクティブ","2026-06-04 15:15:53.266611"
7565,"顧客07565","customer07565@example.com","ST04","退会","2026-06-04 15:15:53.266611"
7566,"顧客07566","customer07566@example.com","ST03","非アクティブ","2026-06-04 15:15:53.266611"
7567,"顧客07567","customer07567@example.com","ST04","退会","2026-06-04 15:15:53.266611"
7568,"顧客07568","customer07568@example.com","ST04","退会","2026-06-04 15:15:53.266611"
7569,"顧客07569","customer07569@example.com","ST03","非アクティブ","2026-06-04 15:15:53.266611"
7570,"顧客07570","customer07570@example.com","ST01","新規","2026-06-04 15:15:53.266611"
7571,"顧客07571","customer07571@example.com","ST03","非アクティブ","2026-06-04 15:15:53.266611"
7572,"顧客07572","customer07572@example.com","ST01","新規","2026-06-04 15:15:53.266611"
7573,"顧客07573","customer07573@example.com","ST03","非アクティブ","2026-06-04 15:15:53.266611"
7574,"顧客07574","customer07574@example.com","ST04","退会","2026-06-04 15:15:53.266611"
7575,"顧客07575","customer07575@example.com","ST04","退会","2026-06-04 15:15:53.266611"
7576,"顧客07576","customer07576@example.com","ST01","新規","2026-06-04 15:15:53.266611"
7577,"顧客07577","customer07577@example.com","ST04","退会","2026-06-04 15:15:53.266611"
7578,"顧客07578","customer07578@example.com","ST04","退会","2026-06-04 15:15:53.266611"
7579,"顧客07579","customer07579@example.com","ST02","アクティブ","2026-06-04 15:15:53.266611"
7580,"顧客07580","customer07580@example.com","ST01","新規","2026-06-04 15:15:53.266611"
7581,"顧客07581","customer07581@example.com","ST01","新規","2026-06-04 15:15:53.266611"
7582,"顧客07582","customer07582@example.com","ST02","アクティブ","2026-06-04 15:15:53.266611"
7583,"顧客07583","customer07583@example.com","ST03","非アクティブ","2026-06-04 15:15:53.266611"
7584,"顧客07584","customer07584@example.com","ST03","非アクティブ","2026-06-04 15:15:53.266611"
7585,"顧客07585","customer07585@example.com","ST01","新規","2026-06-04 15:15:53.266611"
7586,"顧客07586","customer07586@example.com","ST02","アクティブ","2026-06-04 15:15:53.266611"
7587,"顧客07587","customer07587@example.com","ST03","非アクティブ","2026-06-04 15:15:53.266611"
7588,"顧客07588","customer07588@example.com","ST04","退会","2026-06-04 15:15:53.266611"
7589,"顧客07589","customer07589@example.com","ST03","非アクティブ","2026-06-04 15:15:53.266611"
7590,"顧客07590","customer07590@example.com","ST01","新規","2026-06-04 15:15:53.266611"
7591,"顧客07591","customer07591@example.com","ST02","アクティブ","2026-06-04 15:15:53.266611"
7592,"顧客07592","customer07592@example.com","ST02","アクティブ","2026-06-04 15:15:53.266611"
7593,"顧客07593","customer07593@example.com","ST04","退会","2026-06-04 15:15:53.266611"
7594,"顧客07594","customer07594@example.com","ST03","非アクティブ","2026-06-04 15:15:53.266611"
7595,"顧客07595","customer07595@example.com","ST04","退会","2026-06-04 15:15:53.266611"
7596,"顧客07596","customer07596@example.com","ST04","退会","2026-06-04 15:15:53.266611"
7597,"顧客07597","customer07597@example.com","ST02","アクティブ","2026-06-04 15:15:53.266611"
7598,"顧客07598","customer07598@example.com","ST03","非アクティブ","2026-06-04 15:15:53.266611"
7599,"顧客07599","customer07599@example.com","ST02","アクティブ","2026-06-04 15:15:53.266611"
7600,"顧客07600","customer07600@example.com","ST04","退会","2026-06-04 15:15:53.266611"
7601,"顧客07601","customer07601@example.com","ST03","非アクティブ","2026-06-04 15:15:53.266611"
7602,"顧客07602","customer07602@example.com","ST04","退会","2026-06-04 15:15:53.266611"
7603,"顧客07603","customer07603@example.com","ST03","非アクティブ","2026-06-04 15:15:53.266611"
7604,"顧客07604","customer07604@example.com","ST03","非アクティブ","2026-06-04 15:15:53.266611"
7605,"顧客07605","customer07605@example.com","ST01","新規","2026-06-04 15:15:53.266611"
7606,"顧客07606","customer07606@example.com","ST04","退会","2026-06-04 15:15:53.266611"
7607,"顧客07607","customer07607@example.com","ST01","新規","2026-06-04 15:15:53.266611"
7608,"顧客07608","customer07608@example.com","ST04","退会","2026-06-04 15:15:53.266611"
7609,"顧客07609","customer07609@example.com","ST02","アクティブ","2026-06-04 15:15:53.266611"
7610,"顧客07610","customer07610@example.com","ST01","新規","2026-06-04 15:15:53.266611"
7611,"顧客07611","customer07611@example.com","ST02","アクティブ","2026-06-04 15:15:53.266611"
7612,"顧客07612","customer07612@example.com","ST01","新規","2026-06-04 15:15:53.266611"
7613,"顧客07613","customer07613@example.com","ST04","退会","2026-06-04 15:15:53.266611"
7614,"顧客07614","customer07614@example.com","ST01","新規","2026-06-04 15:15:53.266611"
7615,"顧客07615","customer07615@example.com","ST02","アクティブ","2026-06-04 15:15:53.266611"
7616,"顧客07616","customer07616@example.com","ST01","新規","2026-06-04 15:15:53.266611"
7617,"顧客07617","customer07617@example.com","ST03","非アクティブ","2026-06-04 15:15:53.266611"
7618,"顧客07618","customer07618@example.com","ST02","アクティブ","2026-06-04 15:15:53.266611"
7619,"顧客07619","customer07619@example.com","ST04","退会","2026-06-04 15:15:53.266611"
7620,"顧客07620","customer07620@example.com","ST04","退会","2026-06-04 15:15:53.266611"
7621,"顧客07621","customer07621@example.com","ST01","新規","2026-06-04 15:15:53.266611"
7622,"顧客07622","customer07622@example.com","ST02","アクティブ","2026-06-04 15:15:53.266611"
7623,"顧客07623","customer07623@example.com","ST01","新規","2026-06-04 15:15:53.266611"
7624,"顧客07624","customer07624@example.com","ST03","非アクティブ","2026-06-04 15:15:53.266611"
7625,"顧客07625","customer07625@example.com","ST01","新規","2026-06-04 15:15:53.266611"
7626,"顧客07626","customer07626@example.com","ST03","非アクティブ","2026-06-04 15:15:53.266611"
7627,"顧客07627","customer07627@example.com","ST02","アクティブ","2026-06-04 15:15:53.266611"
7628,"顧客07628","customer07628@example.com","ST02","アクティブ","2026-06-04 15:15:53.266611"
7629,"顧客07629","customer07629@example.com","ST01","新規","2026-06-04 15:15:53.266611"
7630,"顧客07630","customer07630@example.com","ST04","退会","2026-06-04 15:15:53.266611"
7631,"顧客07631","customer07631@example.com","ST02","アクティブ","2026-06-04 15:15:53.266611"
7632,"顧客07632","customer07632@example.com","ST03","非アクティブ","2026-06-04 15:15:53.266611"
7633,"顧客07633","customer07633@example.com","ST04","退会","2026-06-04 15:15:53.266611"
7634,"顧客07634","customer07634@example.com","ST02","アクティブ","2026-06-04 15:15:53.266611"
7635,"顧客07635","customer07635@example.com","ST02","アクティブ","2026-06-04 15:15:53.266611"
7636,"顧客07636","customer07636@example.com","ST04","退会","2026-06-04 15:15:53.266611"
7637,"顧客07637","customer07637@example.com","ST02","アクティブ","2026-06-04 15:15:53.266611"
7638,"顧客07638","customer07638@example.com","ST02","アクティブ","2026-06-04 15:15:53.266611"
7639,"顧客07639","customer07639@example.com","ST02","アクティブ","2026-06-04 15:15:53.266611"
7640,"顧客07640","customer07640@example.com","ST02","アクティブ","2026-06-04 15:15:53.266611"
7641,"顧客07641","customer07641@example.com","ST01","新規","2026-06-04 15:15:53.266611"
7642,"顧客07642","customer07642@example.com","ST02","アクティブ","2026-06-04 15:15:53.266611"
7643,"顧客07643","customer07643@example.com","ST01","新規","2026-06-04 15:15:53.266611"
7644,"顧客07644","customer07644@example.com","ST04","退会","2026-06-04 15:15:53.266611"
7645,"顧客07645","customer07645@example.com","ST02","アクティブ","2026-06-04 15:15:53.266611"
7646,"顧客07646","customer07646@example.com","ST02","アクティブ","2026-06-04 15:15:53.266611"
7647,"顧客07647","customer07647@example.com","ST03","非アクティブ","2026-06-04 15:15:53.266611"
7648,"顧客07648","customer07648@example.com","ST04","退会","2026-06-04 15:15:53.266611"
7649,"顧客07649","customer07649@example.com","ST02","アクティブ","2026-06-04 15:15:53.266611"
7650,"顧客07650","customer07650@example.com","ST02","アクティブ","2026-06-04 15:15:53.266611"
7651,"顧客07651","customer07651@example.com","ST03","非アクティブ","2026-06-04 15:15:53.266611"
7652,"顧客07652","customer07652@example.com","ST01","新規","2026-06-04 15:15:53.266611"
7653,"顧客07653","customer07653@example.com","ST03","非アクティブ","2026-06-04 15:15:53.266611"
7654,"顧客07654","customer07654@example.com","ST01","新規","2026-06-04 15:15:53.266611"
7655,"顧客07655","customer07655@example.com","ST02","アクティブ","2026-06-04 15:15:53.266611"
7656,"顧客07656","customer07656@example.com","ST04","退会","2026-06-04 15:15:53.266611"
7657,"顧客07657","customer07657@example.com","ST03","非アクティブ","2026-06-04 15:15:53.266611"
7658,"顧客07658","customer07658@example.com","ST02","アクティブ","2026-06-04 15:15:53.266611"
7659,"顧客07659","customer07659@example.com","ST01","新規","2026-06-04 15:15:53.266611"
7660,"顧客07660","customer07660@example.com","ST01","新規","2026-06-04 15:15:53.266611"
7661,"顧客07661","customer07661@example.com","ST04","退会","2026-06-04 15:15:53.266611"
7662,"顧客07662","customer07662@example.com","ST02","アクティブ","2026-06-04 15:15:53.266611"
7663,"顧客07663","customer07663@example.com","ST01","新規","2026-06-04 15:15:53.266611"
7664,"顧客07664","customer07664@example.com","ST04","退会","2026-06-04 15:15:53.266611"
7665,"顧客07665","customer07665@example.com","ST03","非アクティブ","2026-06-04 15:15:53.266611"
7666,"顧客07666","customer07666@example.com","ST02","アクティブ","2026-06-04 15:15:53.266611"
7667,"顧客07667","customer07667@example.com","ST03","非アクティブ","2026-06-04 15:15:53.266611"
7668,"顧客07668","customer07668@example.com","ST01","新規","2026-06-04 15:15:53.266611"
7669,"顧客07669","customer07669@example.com","ST04","退会","2026-06-04 15:15:53.266611"
7670,"顧客07670","customer07670@example.com","ST02","アクティブ","2026-06-04 15:15:53.266611"
7671,"顧客07671","customer07671@example.com","ST03","非アクティブ","2026-06-04 15:15:53.266611"
7672,"顧客07672","customer07672@example.com","ST01","新規","2026-06-04 15:15:53.266611"
7673,"顧客07673","customer07673@example.com","ST02","アクティブ","2026-06-04 15:15:53.266611"
7674,"顧客07674","customer07674@example.com","ST03","非アクティブ","2026-06-04 15:15:53.266611"
7675,"顧客07675","customer07675@example.com","ST02","アクティブ","2026-06-04 15:15:53.266611"
7676,"顧客07676","customer07676@example.com","ST03","非アクティブ","2026-06-04 15:15:53.266611"
7677,"顧客07677","customer07677@example.com","ST03","非アクティブ","2026-06-04 15:15:53.266611"
7678,"顧客07678","customer07678@example.com","ST01","新規","2026-06-04 15:15:53.266611"
7679,"顧客07679","customer07679@example.com","ST03","非アクティブ","2026-06-04 15:15:53.266611"
7680,"顧客07680","customer07680@example.com","ST03","非アクティブ","2026-06-04 15:15:53.266611"
7681,"顧客07681","customer07681@example.com","ST02","アクティブ","2026-06-04 15:15:53.266611"
7682,"顧客07682","customer07682@example.com","ST03","非アクティブ","2026-06-04 15:15:53.266611"
7683,"顧客07683","customer07683@example.com","ST04","退会","2026-06-04 15:15:53.266611"
7684,"顧客07684","customer07684@example.com","ST02","アクティブ","2026-06-04 15:15:53.266611"
7685,"顧客07685","customer07685@example.com","ST03","非アクティブ","2026-06-04 15:15:53.266611"
7686,"顧客07686","customer07686@example.com","ST01","新規","2026-06-04 15:15:53.266611"
7687,"顧客07687","customer07687@example.com","ST03","非アクティブ","2026-06-04 15:15:53.266611"
7688,"顧客07688","customer07688@example.com","ST03","非アクティブ","2026-06-04 15:15:53.266611"
7689,"顧客07689","customer07689@example.com","ST03","非アクティブ","2026-06-04 15:15:53.266611"
7690,"顧客07690","customer07690@example.com","ST02","アクティブ","2026-06-04 15:15:53.266611"
7691,"顧客07691","customer07691@example.com","ST03","非アクティブ","2026-06-04 15:15:53.266611"
7692,"顧客07692","customer07692@example.com","ST02","アクティブ","2026-06-04 15:15:53.266611"
7693,"顧客07693","customer07693@example.com","ST03","非アクティブ","2026-06-04 15:15:53.266611"
7694,"顧客07694","customer07694@example.com","ST04","退会","2026-06-04 15:15:53.266611"
7695,"顧客07695","customer07695@example.com","ST03","非アクティブ","2026-06-04 15:15:53.266611"
7696,"顧客07696","customer07696@example.com","ST02","アクティブ","2026-06-04 15:15:53.266611"
7697,"顧客07697","customer07697@example.com","ST04","退会","2026-06-04 15:15:53.266611"
7698,"顧客07698","customer07698@example.com","ST02","アクティブ","2026-06-04 15:15:53.266611"
7699,"顧客07699","customer07699@example.com","ST03","非アクティブ","2026-06-04 15:15:53.266611"
7700,"顧客07700","customer07700@example.com","ST04","退会","2026-06-04 15:15:53.266611"
7701,"顧客07701","customer07701@example.com","ST01","新規","2026-06-04 15:15:53.266611"
7702,"顧客07702","customer07702@example.com","ST02","アクティブ","2026-06-04 15:15:53.266611"
7703,"顧客07703","customer07703@example.com","ST01","新規","2026-06-04 15:15:53.266611"
7704,"顧客07704","customer07704@example.com","ST01","新規","2026-06-04 15:15:53.266611"
7705,"顧客07705","customer07705@example.com","ST01","新規","2026-06-04 15:15:53.266611"
7706,"顧客07706","customer07706@example.com","ST03","非アクティブ","2026-06-04 15:15:53.266611"
7707,"顧客07707","customer07707@example.com","ST02","アクティブ","2026-06-04 15:15:53.266611"
7708,"顧客07708","customer07708@example.com","ST04","退会","2026-06-04 15:15:53.266611"
7709,"顧客07709","customer07709@example.com","ST04","退会","2026-06-04 15:15:53.266611"
7710,"顧客07710","customer07710@example.com","ST04","退会","2026-06-04 15:15:53.266611"
7711,"顧客07711","customer07711@example.com","ST03","非アクティブ","2026-06-04 15:15:53.266611"
7712,"顧客07712","customer07712@example.com","ST01","新規","2026-06-04 15:15:53.266611"
7713,"顧客07713","customer07713@example.com","ST03","非アクティブ","2026-06-04 15:15:53.266611"
7714,"顧客07714","customer07714@example.com","ST04","退会","2026-06-04 15:15:53.266611"
7715,"顧客07715","customer07715@example.com","ST03","非アクティブ","2026-06-04 15:15:53.266611"
7716,"顧客07716","customer07716@example.com","ST04","退会","2026-06-04 15:15:53.266611"
7717,"顧客07717","customer07717@example.com","ST04","退会","2026-06-04 15:15:53.266611"
7718,"顧客07718","customer07718@example.com","ST03","非アクティブ","2026-06-04 15:15:53.266611"
7719,"顧客07719","customer07719@example.com","ST03","非アクティブ","2026-06-04 15:15:53.266611"
7720,"顧客07720","customer07720@example.com","ST02","アクティブ","2026-06-04 15:15:53.266611"
7721,"顧客07721","customer07721@example.com","ST03","非アクティブ","2026-06-04 15:15:53.266611"
7722,"顧客07722","customer07722@example.com","ST03","非アクティブ","2026-06-04 15:15:53.266611"
7723,"顧客07723","customer07723@example.com","ST04","退会","2026-06-04 15:15:53.266611"
7724,"顧客07724","customer07724@example.com","ST04","退会","2026-06-04 15:15:53.266611"
7725,"顧客07725","customer07725@example.com","ST02","アクティブ","2026-06-04 15:15:53.266611"
7726,"顧客07726","customer07726@example.com","ST01","新規","2026-06-04 15:15:53.266611"
7727,"顧客07727","customer07727@example.com","ST03","非アクティブ","2026-06-04 15:15:53.266611"
7728,"顧客07728","customer07728@example.com","ST04","退会","2026-06-04 15:15:53.266611"
7729,"顧客07729","customer07729@example.com","ST01","新規","2026-06-04 15:15:53.266611"
7730,"顧客07730","customer07730@example.com","ST03","非アクティブ","2026-06-04 15:15:53.266611"
7731,"顧客07731","customer07731@example.com","ST02","アクティブ","2026-06-04 15:15:53.266611"
7732,"顧客07732","customer07732@example.com","ST03","非アクティブ","2026-06-04 15:15:53.266611"
7733,"顧客07733","customer07733@example.com","ST04","退会","2026-06-04 15:15:53.266611"
7734,"顧客07734","customer07734@example.com","ST01","新規","2026-06-04 15:15:53.266611"
7735,"顧客07735","customer07735@example.com","ST02","アクティブ","2026-06-04 15:15:53.266611"
7736,"顧客07736","customer07736@example.com","ST03","非アクティブ","2026-06-04 15:15:53.266611"
7737,"顧客07737","customer07737@example.com","ST04","退会","2026-06-04 15:15:53.266611"
7738,"顧客07738","customer07738@example.com","ST04","退会","2026-06-04 15:15:53.266611"
7739,"顧客07739","customer07739@example.com","ST02","アクティブ","2026-06-04 15:15:53.266611"
7740,"顧客07740","customer07740@example.com","ST02","アクティブ","2026-06-04 15:15:53.266611"
7741,"顧客07741","customer07741@example.com","ST03","非アクティブ","2026-06-04 15:15:53.266611"
7742,"顧客07742","customer07742@example.com","ST02","アクティブ","2026-06-04 15:15:53.266611"
7743,"顧客07743","customer07743@example.com","ST04","退会","2026-06-04 15:15:53.266611"
7744,"顧客07744","customer07744@example.com","ST02","アクティブ","2026-06-04 15:15:53.266611"
7745,"顧客07745","customer07745@example.com","ST02","アクティブ","2026-06-04 15:15:53.266611"
7746,"顧客07746","customer07746@example.com","ST01","新規","2026-06-04 15:15:53.266611"
7747,"顧客07747","customer07747@example.com","ST02","アクティブ","2026-06-04 15:15:53.266611"
7748,"顧客07748","customer07748@example.com","ST03","非アクティブ","2026-06-04 15:15:53.266611"
7749,"顧客07749","customer07749@example.com","ST02","アクティブ","2026-06-04 15:15:53.266611"
7750,"顧客07750","customer07750@example.com","ST03","非アクティブ","2026-06-04 15:15:53.266611"
7751,"顧客07751","customer07751@example.com","ST01","新規","2026-06-04 15:15:53.266611"
7752,"顧客07752","customer07752@example.com","ST01","新規","2026-06-04 15:15:53.266611"
7753,"顧客07753","customer07753@example.com","ST01","新規","2026-06-04 15:15:53.266611"
7754,"顧客07754","customer07754@example.com","ST04","退会","2026-06-04 15:15:53.266611"
7755,"顧客07755","customer07755@example.com","ST02","アクティブ","2026-06-04 15:15:53.266611"
7756,"顧客07756","customer07756@example.com","ST04","退会","2026-06-04 15:15:53.266611"
7757,"顧客07757","customer07757@example.com","ST04","退会","2026-06-04 15:15:53.266611"
7758,"顧客07758","customer07758@example.com","ST02","アクティブ","2026-06-04 15:15:53.266611"
7759,"顧客07759","customer07759@example.com","ST02","アクティブ","2026-06-04 15:15:53.266611"
7760,"顧客07760","customer07760@example.com","ST03","非アクティブ","2026-06-04 15:15:53.266611"
7761,"顧客07761","customer07761@example.com","ST02","アクティブ","2026-06-04 15:15:53.266611"
7762,"顧客07762","customer07762@example.com","ST03","非アクティブ","2026-06-04 15:15:53.266611"
7763,"顧客07763","customer07763@example.com","ST03","非アクティブ","2026-06-04 15:15:53.266611"
7764,"顧客07764","customer07764@example.com","ST03","非アクティブ","2026-06-04 15:15:53.266611"
7765,"顧客07765","customer07765@example.com","ST03","非アクティブ","2026-06-04 15:15:53.266611"
7766,"顧客07766","customer07766@example.com","ST01","新規","2026-06-04 15:15:53.266611"
7767,"顧客07767","customer07767@example.com","ST04","退会","2026-06-04 15:15:53.266611"
7768,"顧客07768","customer07768@example.com","ST03","非アクティブ","2026-06-04 15:15:53.266611"
7769,"顧客07769","customer07769@example.com","ST03","非アクティブ","2026-06-04 15:15:53.266611"
7770,"顧客07770","customer07770@example.com","ST02","アクティブ","2026-06-04 15:15:53.266611"
7771,"顧客07771","customer07771@example.com","ST02","アクティブ","2026-06-04 15:15:53.266611"
7772,"顧客07772","customer07772@example.com","ST03","非アクティブ","2026-06-04 15:15:53.266611"
7773,"顧客07773","customer07773@example.com","ST02","アクティブ","2026-06-04 15:15:53.266611"
7774,"顧客07774","customer07774@example.com","ST03","非アクティブ","2026-06-04 15:15:53.266611"
7775,"顧客07775","customer07775@example.com","ST01","新規","2026-06-04 15:15:53.266611"
7776,"顧客07776","customer07776@example.com","ST01","新規","2026-06-04 15:15:53.266611"
7777,"顧客07777","customer07777@example.com","ST03","非アクティブ","2026-06-04 15:15:53.266611"
7778,"顧客07778","customer07778@example.com","ST02","アクティブ","2026-06-04 15:15:53.266611"
7779,"顧客07779","customer07779@example.com","ST04","退会","2026-06-04 15:15:53.266611"
7780,"顧客07780","customer07780@example.com","ST02","アクティブ","2026-06-04 15:15:53.266611"
7781,"顧客07781","customer07781@example.com","ST03","非アクティブ","2026-06-04 15:15:53.266611"
7782,"顧客07782","customer07782@example.com","ST04","退会","2026-06-04 15:15:53.266611"
7783,"顧客07783","customer07783@example.com","ST02","アクティブ","2026-06-04 15:15:53.266611"
7784,"顧客07784","customer07784@example.com","ST01","新規","2026-06-04 15:15:53.266611"
7785,"顧客07785","customer07785@example.com","ST04","退会","2026-06-04 15:15:53.266611"
7786,"顧客07786","customer07786@example.com","ST01","新規","2026-06-04 15:15:53.266611"
7787,"顧客07787","customer07787@example.com","ST02","アクティブ","2026-06-04 15:15:53.266611"
7788,"顧客07788","customer07788@example.com","ST02","アクティブ","2026-06-04 15:15:53.266611"
7789,"顧客07789","customer07789@example.com","ST04","退会","2026-06-04 15:15:53.266611"
7790,"顧客07790","customer07790@example.com","ST04","退会","2026-06-04 15:15:53.266611"
7791,"顧客07791","customer07791@example.com","ST04","退会","2026-06-04 15:15:53.266611"
7792,"顧客07792","customer07792@example.com","ST03","非アクティブ","2026-06-04 15:15:53.266611"
7793,"顧客07793","customer07793@example.com","ST03","非アクティブ","2026-06-04 15:15:53.266611"
7794,"顧客07794","customer07794@example.com","ST02","アクティブ","2026-06-04 15:15:53.266611"
7795,"顧客07795","customer07795@example.com","ST04","退会","2026-06-04 15:15:53.266611"
7796,"顧客07796","customer07796@example.com","ST02","アクティブ","2026-06-04 15:15:53.266611"
7797,"顧客07797","customer07797@example.com","ST03","非アクティブ","2026-06-04 15:15:53.266611"
7798,"顧客07798","customer07798@example.com","ST02","アクティブ","2026-06-04 15:15:53.266611"
7799,"顧客07799","customer07799@example.com","ST02","アクティブ","2026-06-04 15:15:53.266611"
7800,"顧客07800","customer07800@example.com","ST02","アクティブ","2026-06-04 15:15:53.266611"
7801,"顧客07801","customer07801@example.com","ST03","非アクティブ","2026-06-04 15:15:53.266611"
7802,"顧客07802","customer07802@example.com","ST01","新規","2026-06-04 15:15:53.266611"
7803,"顧客07803","customer07803@example.com","ST02","アクティブ","2026-06-04 15:15:53.266611"
7804,"顧客07804","customer07804@example.com","ST02","アクティブ","2026-06-04 15:15:53.266611"
7805,"顧客07805","customer07805@example.com","ST04","退会","2026-06-04 15:15:53.266611"
7806,"顧客07806","customer07806@example.com","ST01","新規","2026-06-04 15:15:53.266611"
7807,"顧客07807","customer07807@example.com","ST01","新規","2026-06-04 15:15:53.266611"
7808,"顧客07808","customer07808@example.com","ST03","非アクティブ","2026-06-04 15:15:53.266611"
7809,"顧客07809","customer07809@example.com","ST02","アクティブ","2026-06-04 15:15:53.266611"
7810,"顧客07810","customer07810@example.com","ST03","非アクティブ","2026-06-04 15:15:53.266611"
7811,"顧客07811","customer07811@example.com","ST03","非アクティブ","2026-06-04 15:15:53.266611"
7812,"顧客07812","customer07812@example.com","ST03","非アクティブ","2026-06-04 15:15:53.266611"
7813,"顧客07813","customer07813@example.com","ST03","非アクティブ","2026-06-04 15:15:53.266611"
7814,"顧客07814","customer07814@example.com","ST01","新規","2026-06-04 15:15:53.266611"
7815,"顧客07815","customer07815@example.com","ST02","アクティブ","2026-06-04 15:15:53.266611"
7816,"顧客07816","customer07816@example.com","ST03","非アクティブ","2026-06-04 15:15:53.266611"
7817,"顧客07817","customer07817@example.com","ST02","アクティブ","2026-06-04 15:15:53.266611"
7818,"顧客07818","customer07818@example.com","ST03","非アクティブ","2026-06-04 15:15:53.266611"
7819,"顧客07819","customer07819@example.com","ST01","新規","2026-06-04 15:15:53.266611"
7820,"顧客07820","customer07820@example.com","ST03","非アクティブ","2026-06-04 15:15:53.266611"
7821,"顧客07821","customer07821@example.com","ST03","非アクティブ","2026-06-04 15:15:53.266611"
7822,"顧客07822","customer07822@example.com","ST01","新規","2026-06-04 15:15:53.266611"
7823,"顧客07823","customer07823@example.com","ST03","非アクティブ","2026-06-04 15:15:53.266611"
7824,"顧客07824","customer07824@example.com","ST03","非アクティブ","2026-06-04 15:15:53.266611"
7825,"顧客07825","customer07825@example.com","ST02","アクティブ","2026-06-04 15:15:53.266611"
7826,"顧客07826","customer07826@example.com","ST01","新規","2026-06-04 15:15:53.266611"
7827,"顧客07827","customer07827@example.com","ST03","非アクティブ","2026-06-04 15:15:53.266611"
7828,"顧客07828","customer07828@example.com","ST03","非アクティブ","2026-06-04 15:15:53.266611"
7829,"顧客07829","customer07829@example.com","ST01","新規","2026-06-04 15:15:53.266611"
7830,"顧客07830","customer07830@example.com","ST04","退会","2026-06-04 15:15:53.266611"
7831,"顧客07831","customer07831@example.com","ST04","退会","2026-06-04 15:15:53.266611"
7832,"顧客07832","customer07832@example.com","ST03","非アクティブ","2026-06-04 15:15:53.266611"
7833,"顧客07833","customer07833@example.com","ST03","非アクティブ","2026-06-04 15:15:53.266611"
7834,"顧客07834","customer07834@example.com","ST02","アクティブ","2026-06-04 15:15:53.266611"
7835,"顧客07835","customer07835@example.com","ST04","退会","2026-06-04 15:15:53.266611"
7836,"顧客07836","customer07836@example.com","ST04","退会","2026-06-04 15:15:53.266611"
7837,"顧客07837","customer07837@example.com","ST03","非アクティブ","2026-06-04 15:15:53.266611"
7838,"顧客07838","customer07838@example.com","ST01","新規","2026-06-04 15:15:53.266611"
7839,"顧客07839","customer07839@example.com","ST03","非アクティブ","2026-06-04 15:15:53.266611"
7840,"顧客07840","customer07840@example.com","ST03","非アクティブ","2026-06-04 15:15:53.266611"
7841,"顧客07841","customer07841@example.com","ST01","新規","2026-06-04 15:15:53.266611"
7842,"顧客07842","customer07842@example.com","ST03","非アクティブ","2026-06-04 15:15:53.266611"
7843,"顧客07843","customer07843@example.com","ST02","アクティブ","2026-06-04 15:15:53.266611"
7844,"顧客07844","customer07844@example.com","ST02","アクティブ","2026-06-04 15:15:53.266611"
7845,"顧客07845","customer07845@example.com","ST04","退会","2026-06-04 15:15:53.266611"
7846,"顧客07846","customer07846@example.com","ST03","非アクティブ","2026-06-04 15:15:53.266611"
7847,"顧客07847","customer07847@example.com","ST04","退会","2026-06-04 15:15:53.266611"
7848,"顧客07848","customer07848@example.com","ST03","非アクティブ","2026-06-04 15:15:53.266611"
7849,"顧客07849","customer07849@example.com","ST02","アクティブ","2026-06-04 15:15:53.266611"
7850,"顧客07850","customer07850@example.com","ST02","アクティブ","2026-06-04 15:15:53.266611"
7851,"顧客07851","customer07851@example.com","ST04","退会","2026-06-04 15:15:53.266611"
7852,"顧客07852","customer07852@example.com","ST03","非アクティブ","2026-06-04 15:15:53.266611"
7853,"顧客07853","customer07853@example.com","ST03","非アクティブ","2026-06-04 15:15:53.266611"
7854,"顧客07854","customer07854@example.com","ST03","非アクティブ","2026-06-04 15:15:53.266611"
7855,"顧客07855","customer07855@example.com","ST02","アクティブ","2026-06-04 15:15:53.266611"
7856,"顧客07856","customer07856@example.com","ST04","退会","2026-06-04 15:15:53.266611"
7857,"顧客07857","customer07857@example.com","ST04","退会","2026-06-04 15:15:53.266611"
7858,"顧客07858","customer07858@example.com","ST02","アクティブ","2026-06-04 15:15:53.266611"
7859,"顧客07859","customer07859@example.com","ST04","退会","2026-06-04 15:15:53.266611"
7860,"顧客07860","customer07860@example.com","ST01","新規","2026-06-04 15:15:53.266611"
7861,"顧客07861","customer07861@example.com","ST03","非アクティブ","2026-06-04 15:15:53.266611"
7862,"顧客07862","customer07862@example.com","ST03","非アクティブ","2026-06-04 15:15:53.266611"
7863,"顧客07863","customer07863@example.com","ST04","退会","2026-06-04 15:15:53.266611"
7864,"顧客07864","customer07864@example.com","ST02","アクティブ","2026-06-04 15:15:53.266611"
7865,"顧客07865","customer07865@example.com","ST04","退会","2026-06-04 15:15:53.266611"
7866,"顧客07866","customer07866@example.com","ST04","退会","2026-06-04 15:15:53.266611"
7867,"顧客07867","customer07867@example.com","ST02","アクティブ","2026-06-04 15:15:53.266611"
7868,"顧客07868","customer07868@example.com","ST01","新規","2026-06-04 15:15:53.266611"
7869,"顧客07869","customer07869@example.com","ST04","退会","2026-06-04 15:15:53.266611"
7870,"顧客07870","customer07870@example.com","ST01","新規","2026-06-04 15:15:53.266611"
7871,"顧客07871","customer07871@example.com","ST03","非アクティブ","2026-06-04 15:15:53.266611"
7872,"顧客07872","customer07872@example.com","ST01","新規","2026-06-04 15:15:53.266611"
7873,"顧客07873","customer07873@example.com","ST02","アクティブ","2026-06-04 15:15:53.266611"
7874,"顧客07874","customer07874@example.com","ST03","非アクティブ","2026-06-04 15:15:53.266611"
7875,"顧客07875","customer07875@example.com","ST03","非アクティブ","2026-06-04 15:15:53.266611"
7876,"顧客07876","customer07876@example.com","ST01","新規","2026-06-04 15:15:53.266611"
7877,"顧客07877","customer07877@example.com","ST01","新規","2026-06-04 15:15:53.266611"
7878,"顧客07878","customer07878@example.com","ST01","新規","2026-06-04 15:15:53.266611"
7879,"顧客07879","customer07879@example.com","ST04","退会","2026-06-04 15:15:53.266611"
7880,"顧客07880","customer07880@example.com","ST03","非アクティブ","2026-06-04 15:15:53.266611"
7881,"顧客07881","customer07881@example.com","ST03","非アクティブ","2026-06-04 15:15:53.266611"
7882,"顧客07882","customer07882@example.com","ST01","新規","2026-06-04 15:15:53.266611"
7883,"顧客07883","customer07883@example.com","ST04","退会","2026-06-04 15:15:53.266611"
7884,"顧客07884","customer07884@example.com","ST02","アクティブ","2026-06-04 15:15:53.266611"
7885,"顧客07885","customer07885@example.com","ST03","非アクティブ","2026-06-04 15:15:53.266611"
7886,"顧客07886","customer07886@example.com","ST02","アクティブ","2026-06-04 15:15:53.266611"
7887,"顧客07887","customer07887@example.com","ST03","非アクティブ","2026-06-04 15:15:53.266611"
7888,"顧客07888","customer07888@example.com","ST02","アクティブ","2026-06-04 15:15:53.266611"
7889,"顧客07889","customer07889@example.com","ST02","アクティブ","2026-06-04 15:15:53.266611"
7890,"顧客07890","customer07890@example.com","ST03","非アクティブ","2026-06-04 15:15:53.266611"
7891,"顧客07891","customer07891@example.com","ST01","新規","2026-06-04 15:15:53.266611"
7892,"顧客07892","customer07892@example.com","ST01","新規","2026-06-04 15:15:53.266611"
7893,"顧客07893","customer07893@example.com","ST02","アクティブ","2026-06-04 15:15:53.266611"
7894,"顧客07894","customer07894@example.com","ST03","非アクティブ","2026-06-04 15:15:53.266611"
7895,"顧客07895","customer07895@example.com","ST02","アクティブ","2026-06-04 15:15:53.266611"
7896,"顧客07896","customer07896@example.com","ST03","非アクティブ","2026-06-04 15:15:53.266611"
7897,"顧客07897","customer07897@example.com","ST02","アクティブ","2026-06-04 15:15:53.266611"
7898,"顧客07898","customer07898@example.com","ST04","退会","2026-06-04 15:15:53.266611"
7899,"顧客07899","customer07899@example.com","ST02","アクティブ","2026-06-04 15:15:53.266611"
7900,"顧客07900","customer07900@example.com","ST01","新規","2026-06-04 15:15:53.266611"
7901,"顧客07901","customer07901@example.com","ST04","退会","2026-06-04 15:15:53.266611"
7902,"顧客07902","customer07902@example.com","ST03","非アクティブ","2026-06-04 15:15:53.266611"
7903,"顧客07903","customer07903@example.com","ST02","アクティブ","2026-06-04 15:15:53.266611"
7904,"顧客07904","customer07904@example.com","ST04","退会","2026-06-04 15:15:53.266611"
7905,"顧客07905","customer07905@example.com","ST02","アクティブ","2026-06-04 15:15:53.266611"
7906,"顧客07906","customer07906@example.com","ST01","新規","2026-06-04 15:15:53.266611"
7907,"顧客07907","customer07907@example.com","ST03","非アクティブ","2026-06-04 15:15:53.266611"
7908,"顧客07908","customer07908@example.com","ST03","非アクティブ","2026-06-04 15:15:53.266611"
7909,"顧客07909","customer07909@example.com","ST03","非アクティブ","2026-06-04 15:15:53.266611"
7910,"顧客07910","customer07910@example.com","ST04","退会","2026-06-04 15:15:53.266611"
7911,"顧客07911","customer07911@example.com","ST03","非アクティブ","2026-06-04 15:15:53.266611"
7912,"顧客07912","customer07912@example.com","ST04","退会","2026-06-04 15:15:53.266611"
7913,"顧客07913","customer07913@example.com","ST03","非アクティブ","2026-06-04 15:15:53.266611"
7914,"顧客07914","customer07914@example.com","ST02","アクティブ","2026-06-04 15:15:53.266611"
7915,"顧客07915","customer07915@example.com","ST02","アクティブ","2026-06-04 15:15:53.266611"
7916,"顧客07916","customer07916@example.com","ST03","非アクティブ","2026-06-04 15:15:53.266611"
7917,"顧客07917","customer07917@example.com","ST02","アクティブ","2026-06-04 15:15:53.266611"
7918,"顧客07918","customer07918@example.com","ST04","退会","2026-06-04 15:15:53.266611"
7919,"顧客07919","customer07919@example.com","ST02","アクティブ","2026-06-04 15:15:53.266611"
7920,"顧客07920","customer07920@example.com","ST04","退会","2026-06-04 15:15:53.266611"
7921,"顧客07921","customer07921@example.com","ST03","非アクティブ","2026-06-04 15:15:53.266611"
7922,"顧客07922","customer07922@example.com","ST03","非アクティブ","2026-06-04 15:15:53.266611"
7923,"顧客07923","customer07923@example.com","ST03","非アクティブ","2026-06-04 15:15:53.266611"
7924,"顧客07924","customer07924@example.com","ST03","非アクティブ","2026-06-04 15:15:53.266611"
7925,"顧客07925","customer07925@example.com","ST02","アクティブ","2026-06-04 15:15:53.266611"
7926,"顧客07926","customer07926@example.com","ST02","アクティブ","2026-06-04 15:15:53.266611"
7927,"顧客07927","customer07927@example.com","ST02","アクティブ","2026-06-04 15:15:53.266611"
7928,"顧客07928","customer07928@example.com","ST02","アクティブ","2026-06-04 15:15:53.266611"
7929,"顧客07929","customer07929@example.com","ST02","アクティブ","2026-06-04 15:15:53.266611"
7930,"顧客07930","customer07930@example.com","ST03","非アクティブ","2026-06-04 15:15:53.266611"
7931,"顧客07931","customer07931@example.com","ST04","退会","2026-06-04 15:15:53.266611"
7932,"顧客07932","customer07932@example.com","ST03","非アクティブ","2026-06-04 15:15:53.266611"
7933,"顧客07933","customer07933@example.com","ST03","非アクティブ","2026-06-04 15:15:53.266611"
7934,"顧客07934","customer07934@example.com","ST02","アクティブ","2026-06-04 15:15:53.266611"
7935,"顧客07935","customer07935@example.com","ST03","非アクティブ","2026-06-04 15:15:53.266611"
7936,"顧客07936","customer07936@example.com","ST02","アクティブ","2026-06-04 15:15:53.266611"
7937,"顧客07937","customer07937@example.com","ST03","非アクティブ","2026-06-04 15:15:53.266611"
7938,"顧客07938","customer07938@example.com","ST01","新規","2026-06-04 15:15:53.266611"
7939,"顧客07939","customer07939@example.com","ST02","アクティブ","2026-06-04 15:15:53.266611"
7940,"顧客07940","customer07940@example.com","ST02","アクティブ","2026-06-04 15:15:53.266611"
7941,"顧客07941","customer07941@example.com","ST02","アクティブ","2026-06-04 15:15:53.266611"
7942,"顧客07942","customer07942@example.com","ST02","アクティブ","2026-06-04 15:15:53.266611"
7943,"顧客07943","customer07943@example.com","ST04","退会","2026-06-04 15:15:53.266611"
7944,"顧客07944","customer07944@example.com","ST01","新規","2026-06-04 15:15:53.266611"
7945,"顧客07945","customer07945@example.com","ST02","アクティブ","2026-06-04 15:15:53.266611"
7946,"顧客07946","customer07946@example.com","ST02","アクティブ","2026-06-04 15:15:53.266611"
7947,"顧客07947","customer07947@example.com","ST04","退会","2026-06-04 15:15:53.266611"
7948,"顧客07948","customer07948@example.com","ST03","非アクティブ","2026-06-04 15:15:53.266611"
7949,"顧客07949","customer07949@example.com","ST03","非アクティブ","2026-06-04 15:15:53.266611"
7950,"顧客07950","customer07950@example.com","ST03","非アクティブ","2026-06-04 15:15:53.266611"
7951,"顧客07951","customer07951@example.com","ST04","退会","2026-06-04 15:15:53.266611"
7952,"顧客07952","customer07952@example.com","ST03","非アクティブ","2026-06-04 15:15:53.266611"
7953,"顧客07953","customer07953@example.com","ST03","非アクティブ","2026-06-04 15:15:53.266611"
7954,"顧客07954","customer07954@example.com","ST03","非アクティブ","2026-06-04 15:15:53.266611"
7955,"顧客07955","customer07955@example.com","ST03","非アクティブ","2026-06-04 15:15:53.266611"
7956,"顧客07956","customer07956@example.com","ST04","退会","2026-06-04 15:15:53.266611"
7957,"顧客07957","customer07957@example.com","ST04","退会","2026-06-04 15:15:53.266611"
7958,"顧客07958","customer07958@example.com","ST04","退会","2026-06-04 15:15:53.266611"
7959,"顧客07959","customer07959@example.com","ST02","アクティブ","2026-06-04 15:15:53.266611"
7960,"顧客07960","customer07960@example.com","ST03","非アクティブ","2026-06-04 15:15:53.266611"
7961,"顧客07961","customer07961@example.com","ST02","アクティブ","2026-06-04 15:15:53.266611"
7962,"顧客07962","customer07962@example.com","ST01","新規","2026-06-04 15:15:53.266611"
7963,"顧客07963","customer07963@example.com","ST03","非アクティブ","2026-06-04 15:15:53.266611"
7964,"顧客07964","customer07964@example.com","ST02","アクティブ","2026-06-04 15:15:53.266611"
7965,"顧客07965","customer07965@example.com","ST02","アクティブ","2026-06-04 15:15:53.266611"
7966,"顧客07966","customer07966@example.com","ST04","退会","2026-06-04 15:15:53.266611"
7967,"顧客07967","customer07967@example.com","ST04","退会","2026-06-04 15:15:53.266611"
7968,"顧客07968","customer07968@example.com","ST03","非アクティブ","2026-06-04 15:15:53.266611"
7969,"顧客07969","customer07969@example.com","ST04","退会","2026-06-04 15:15:53.266611"
7970,"顧客07970","customer07970@example.com","ST02","アクティブ","2026-06-04 15:15:53.266611"
7971,"顧客07971","customer07971@example.com","ST04","退会","2026-06-04 15:15:53.266611"
7972,"顧客07972","customer07972@example.com","ST02","アクティブ","2026-06-04 15:15:53.266611"
7973,"顧客07973","customer07973@example.com","ST01","新規","2026-06-04 15:15:53.266611"
7974,"顧客07974","customer07974@example.com","ST03","非アクティブ","2026-06-04 15:15:53.266611"
7975,"顧客07975","customer07975@example.com","ST04","退会","2026-06-04 15:15:53.266611"
7976,"顧客07976","customer07976@example.com","ST03","非アクティブ","2026-06-04 15:15:53.266611"
7977,"顧客07977","customer07977@example.com","ST03","非アクティブ","2026-06-04 15:15:53.266611"
7978,"顧客07978","customer07978@example.com","ST03","非アクティブ","2026-06-04 15:15:53.266611"
7979,"顧客07979","customer07979@example.com","ST03","非アクティブ","2026-06-04 15:15:53.266611"
7980,"顧客07980","customer07980@example.com","ST02","アクティブ","2026-06-04 15:15:53.266611"
7981,"顧客07981","customer07981@example.com","ST03","非アクティブ","2026-06-04 15:15:53.266611"
7982,"顧客07982","customer07982@example.com","ST03","非アクティブ","2026-06-04 15:15:53.266611"
7983,"顧客07983","customer07983@example.com","ST03","非アクティブ","2026-06-04 15:15:53.266611"
7984,"顧客07984","customer07984@example.com","ST02","アクティブ","2026-06-04 15:15:53.266611"
7985,"顧客07985","customer07985@example.com","ST02","アクティブ","2026-06-04 15:15:53.266611"
7986,"顧客07986","customer07986@example.com","ST01","新規","2026-06-04 15:15:53.266611"
7987,"顧客07987","customer07987@example.com","ST03","非アクティブ","2026-06-04 15:15:53.266611"
7988,"顧客07988","customer07988@example.com","ST02","アクティブ","2026-06-04 15:15:53.266611"
7989,"顧客07989","customer07989@example.com","ST01","新規","2026-06-04 15:15:53.266611"
7990,"顧客07990","customer07990@example.com","ST02","アクティブ","2026-06-04 15:15:53.266611"
7991,"顧客07991","customer07991@example.com","ST02","アクティブ","2026-06-04 15:15:53.266611"
7992,"顧客07992","customer07992@example.com","ST04","退会","2026-06-04 15:15:53.266611"
7993,"顧客07993","customer07993@example.com","ST01","新規","2026-06-04 15:15:53.266611"
7994,"顧客07994","customer07994@example.com","ST01","新規","2026-06-04 15:15:53.266611"
7995,"顧客07995","customer07995@example.com","ST01","新規","2026-06-04 15:15:53.266611"
7996,"顧客07996","customer07996@example.com","ST03","非アクティブ","2026-06-04 15:15:53.266611"
7997,"顧客07997","customer07997@example.com","ST03","非アクティブ","2026-06-04 15:15:53.266611"
7998,"顧客07998","customer07998@example.com","ST02","アクティブ","2026-06-04 15:15:53.266611"
7999,"顧客07999","customer07999@example.com","ST04","退会","2026-06-04 15:15:53.266611"
8000,"顧客08000","customer08000@example.com","ST01","新規","2026-06-04 15:15:53.266611"
8001,"顧客08001","customer08001@example.com","ST04","退会","2026-06-04 15:15:53.266611"
8002,"顧客08002","customer08002@example.com","ST04","退会","2026-06-04 15:15:53.266611"
8003,"顧客08003","customer08003@example.com","ST04","退会","2026-06-04 15:15:53.266611"
8004,"顧客08004","customer08004@example.com","ST04","退会","2026-06-04 15:15:53.266611"
8005,"顧客08005","customer08005@example.com","ST03","非アクティブ","2026-06-04 15:15:53.266611"
8006,"顧客08006","customer08006@example.com","ST03","非アクティブ","2026-06-04 15:15:53.266611"
8007,"顧客08007","customer08007@example.com","ST03","非アクティブ","2026-06-04 15:15:53.266611"
8008,"顧客08008","customer08008@example.com","ST04","退会","2026-06-04 15:15:53.266611"
8009,"顧客08009","customer08009@example.com","ST03","非アクティブ","2026-06-04 15:15:53.266611"
8010,"顧客08010","customer08010@example.com","ST02","アクティブ","2026-06-04 15:15:53.266611"
8011,"顧客08011","customer08011@example.com","ST01","新規","2026-06-04 15:15:53.266611"
8012,"顧客08012","customer08012@example.com","ST02","アクティブ","2026-06-04 15:15:53.266611"
8013,"顧客08013","customer08013@example.com","ST02","アクティブ","2026-06-04 15:15:53.266611"
8014,"顧客08014","customer08014@example.com","ST04","退会","2026-06-04 15:15:53.266611"
8015,"顧客08015","customer08015@example.com","ST03","非アクティブ","2026-06-04 15:15:53.266611"
8016,"顧客08016","customer08016@example.com","ST04","退会","2026-06-04 15:15:53.266611"
8017,"顧客08017","customer08017@example.com","ST02","アクティブ","2026-06-04 15:15:53.266611"
8018,"顧客08018","customer08018@example.com","ST02","アクティブ","2026-06-04 15:15:53.266611"
8019,"顧客08019","customer08019@example.com","ST03","非アクティブ","2026-06-04 15:15:53.266611"
8020,"顧客08020","customer08020@example.com","ST03","非アクティブ","2026-06-04 15:15:53.266611"
8021,"顧客08021","customer08021@example.com","ST03","非アクティブ","2026-06-04 15:15:53.266611"
8022,"顧客08022","customer08022@example.com","ST03","非アクティブ","2026-06-04 15:15:53.266611"
8023,"顧客08023","customer08023@example.com","ST03","非アクティブ","2026-06-04 15:15:53.266611"
8024,"顧客08024","customer08024@example.com","ST02","アクティブ","2026-06-04 15:15:53.266611"
8025,"顧客08025","customer08025@example.com","ST02","アクティブ","2026-06-04 15:15:53.266611"
8026,"顧客08026","customer08026@example.com","ST04","退会","2026-06-04 15:15:53.266611"
8027,"顧客08027","customer08027@example.com","ST01","新規","2026-06-04 15:15:53.266611"
8028,"顧客08028","customer08028@example.com","ST03","非アクティブ","2026-06-04 15:15:53.266611"
8029,"顧客08029","customer08029@example.com","ST03","非アクティブ","2026-06-04 15:15:53.266611"
8030,"顧客08030","customer08030@example.com","ST04","退会","2026-06-04 15:15:53.266611"
8031,"顧客08031","customer08031@example.com","ST03","非アクティブ","2026-06-04 15:15:53.266611"
8032,"顧客08032","customer08032@example.com","ST03","非アクティブ","2026-06-04 15:15:53.266611"
8033,"顧客08033","customer08033@example.com","ST03","非アクティブ","2026-06-04 15:15:53.266611"
8034,"顧客08034","customer08034@example.com","ST02","アクティブ","2026-06-04 15:15:53.266611"
8035,"顧客08035","customer08035@example.com","ST04","退会","2026-06-04 15:15:53.266611"
8036,"顧客08036","customer08036@example.com","ST02","アクティブ","2026-06-04 15:15:53.266611"
8037,"顧客08037","customer08037@example.com","ST04","退会","2026-06-04 15:15:53.266611"
8038,"顧客08038","customer08038@example.com","ST04","退会","2026-06-04 15:15:53.266611"
8039,"顧客08039","customer08039@example.com","ST03","非アクティブ","2026-06-04 15:15:53.266611"
8040,"顧客08040","customer08040@example.com","ST02","アクティブ","2026-06-04 15:15:53.266611"
8041,"顧客08041","customer08041@example.com","ST02","アクティブ","2026-06-04 15:15:53.266611"
8042,"顧客08042","customer08042@example.com","ST01","新規","2026-06-04 15:15:53.266611"
8043,"顧客08043","customer08043@example.com","ST03","非アクティブ","2026-06-04 15:15:53.266611"
8044,"顧客08044","customer08044@example.com","ST02","アクティブ","2026-06-04 15:15:53.266611"
8045,"顧客08045","customer08045@example.com","ST02","アクティブ","2026-06-04 15:15:53.266611"
8046,"顧客08046","customer08046@example.com","ST02","アクティブ","2026-06-04 15:15:53.266611"
8047,"顧客08047","customer08047@example.com","ST03","非アクティブ","2026-06-04 15:15:53.266611"
8048,"顧客08048","customer08048@example.com","ST04","退会","2026-06-04 15:15:53.266611"
8049,"顧客08049","customer08049@example.com","ST02","アクティブ","2026-06-04 15:15:53.266611"
8050,"顧客08050","customer08050@example.com","ST02","アクティブ","2026-06-04 15:15:53.266611"
8051,"顧客08051","customer08051@example.com","ST04","退会","2026-06-04 15:15:53.266611"
8052,"顧客08052","customer08052@example.com","ST04","退会","2026-06-04 15:15:53.266611"
8053,"顧客08053","customer08053@example.com","ST02","アクティブ","2026-06-04 15:15:53.266611"
8054,"顧客08054","customer08054@example.com","ST02","アクティブ","2026-06-04 15:15:53.266611"
8055,"顧客08055","customer08055@example.com","ST02","アクティブ","2026-06-04 15:15:53.266611"
8056,"顧客08056","customer08056@example.com","ST03","非アクティブ","2026-06-04 15:15:53.266611"
8057,"顧客08057","customer08057@example.com","ST03","非アクティブ","2026-06-04 15:15:53.266611"
8058,"顧客08058","customer08058@example.com","ST04","退会","2026-06-04 15:15:53.266611"
8059,"顧客08059","customer08059@example.com","ST02","アクティブ","2026-06-04 15:15:53.266611"
8060,"顧客08060","customer08060@example.com","ST01","新規","2026-06-04 15:15:53.266611"
8061,"顧客08061","customer08061@example.com","ST02","アクティブ","2026-06-04 15:15:53.266611"
8062,"顧客08062","customer08062@example.com","ST03","非アクティブ","2026-06-04 15:15:53.266611"
8063,"顧客08063","customer08063@example.com","ST03","非アクティブ","2026-06-04 15:15:53.266611"
8064,"顧客08064","customer08064@example.com","ST02","アクティブ","2026-06-04 15:15:53.266611"
8065,"顧客08065","customer08065@example.com","ST01","新規","2026-06-04 15:15:53.266611"
8066,"顧客08066","customer08066@example.com","ST02","アクティブ","2026-06-04 15:15:53.266611"
8067,"顧客08067","customer08067@example.com","ST04","退会","2026-06-04 15:15:53.266611"
8068,"顧客08068","customer08068@example.com","ST02","アクティブ","2026-06-04 15:15:53.266611"
8069,"顧客08069","customer08069@example.com","ST01","新規","2026-06-04 15:15:53.266611"
8070,"顧客08070","customer08070@example.com","ST04","退会","2026-06-04 15:15:53.266611"
8071,"顧客08071","customer08071@example.com","ST02","アクティブ","2026-06-04 15:15:53.266611"
8072,"顧客08072","customer08072@example.com","ST02","アクティブ","2026-06-04 15:15:53.266611"
8073,"顧客08073","customer08073@example.com","ST03","非アクティブ","2026-06-04 15:15:53.266611"
8074,"顧客08074","customer08074@example.com","ST02","アクティブ","2026-06-04 15:15:53.266611"
8075,"顧客08075","customer08075@example.com","ST03","非アクティブ","2026-06-04 15:15:53.266611"
8076,"顧客08076","customer08076@example.com","ST04","退会","2026-06-04 15:15:53.266611"
8077,"顧客08077","customer08077@example.com","ST01","新規","2026-06-04 15:15:53.266611"
8078,"顧客08078","customer08078@example.com","ST01","新規","2026-06-04 15:15:53.266611"
8079,"顧客08079","customer08079@example.com","ST01","新規","2026-06-04 15:15:53.266611"
8080,"顧客08080","customer08080@example.com","ST04","退会","2026-06-04 15:15:53.266611"
8081,"顧客08081","customer08081@example.com","ST02","アクティブ","2026-06-04 15:15:53.266611"
8082,"顧客08082","customer08082@example.com","ST02","アクティブ","2026-06-04 15:15:53.266611"
8083,"顧客08083","customer08083@example.com","ST02","アクティブ","2026-06-04 15:15:53.266611"
8084,"顧客08084","customer08084@example.com","ST01","新規","2026-06-04 15:15:53.266611"
8085,"顧客08085","customer08085@example.com","ST01","新規","2026-06-04 15:15:53.266611"
8086,"顧客08086","customer08086@example.com","ST03","非アクティブ","2026-06-04 15:15:53.266611"
8087,"顧客08087","customer08087@example.com","ST02","アクティブ","2026-06-04 15:15:53.266611"
8088,"顧客08088","customer08088@example.com","ST03","非アクティブ","2026-06-04 15:15:53.266611"
8089,"顧客08089","customer08089@example.com","ST04","退会","2026-06-04 15:15:53.266611"
8090,"顧客08090","customer08090@example.com","ST02","アクティブ","2026-06-04 15:15:53.266611"
8091,"顧客08091","customer08091@example.com","ST04","退会","2026-06-04 15:15:53.266611"
8092,"顧客08092","customer08092@example.com","ST04","退会","2026-06-04 15:15:53.266611"
8093,"顧客08093","customer08093@example.com","ST02","アクティブ","2026-06-04 15:15:53.266611"
8094,"顧客08094","customer08094@example.com","ST02","アクティブ","2026-06-04 15:15:53.266611"
8095,"顧客08095","customer08095@example.com","ST01","新規","2026-06-04 15:15:53.266611"
8096,"顧客08096","customer08096@example.com","ST03","非アクティブ","2026-06-04 15:15:53.266611"
8097,"顧客08097","customer08097@example.com","ST01","新規","2026-06-04 15:15:53.266611"
8098,"顧客08098","customer08098@example.com","ST01","新規","2026-06-04 15:15:53.266611"
8099,"顧客08099","customer08099@example.com","ST03","非アクティブ","2026-06-04 15:15:53.266611"
8100,"顧客08100","customer08100@example.com","ST04","退会","2026-06-04 15:15:53.266611"
8101,"顧客08101","customer08101@example.com","ST04","退会","2026-06-04 15:15:53.266611"
8102,"顧客08102","customer08102@example.com","ST03","非アクティブ","2026-06-04 15:15:53.266611"
8103,"顧客08103","customer08103@example.com","ST02","アクティブ","2026-06-04 15:15:53.266611"
8104,"顧客08104","customer08104@example.com","ST02","アクティブ","2026-06-04 15:15:53.266611"
8105,"顧客08105","customer08105@example.com","ST03","非アクティブ","2026-06-04 15:15:53.266611"
8106,"顧客08106","customer08106@example.com","ST02","アクティブ","2026-06-04 15:15:53.266611"
8107,"顧客08107","customer08107@example.com","ST02","アクティブ","2026-06-04 15:15:53.266611"
8108,"顧客08108","customer08108@example.com","ST04","退会","2026-06-04 15:15:53.266611"
8109,"顧客08109","customer08109@example.com","ST01","新規","2026-06-04 15:15:53.266611"
8110,"顧客08110","customer08110@example.com","ST02","アクティブ","2026-06-04 15:15:53.266611"
8111,"顧客08111","customer08111@example.com","ST02","アクティブ","2026-06-04 15:15:53.266611"
8112,"顧客08112","customer08112@example.com","ST02","アクティブ","2026-06-04 15:15:53.266611"
8113,"顧客08113","customer08113@example.com","ST01","新規","2026-06-04 15:15:53.266611"
8114,"顧客08114","customer08114@example.com","ST02","アクティブ","2026-06-04 15:15:53.266611"
8115,"顧客08115","customer08115@example.com","ST02","アクティブ","2026-06-04 15:15:53.266611"
8116,"顧客08116","customer08116@example.com","ST01","新規","2026-06-04 15:15:53.266611"
8117,"顧客08117","customer08117@example.com","ST02","アクティブ","2026-06-04 15:15:53.266611"
8118,"顧客08118","customer08118@example.com","ST01","新規","2026-06-04 15:15:53.266611"
8119,"顧客08119","customer08119@example.com","ST02","アクティブ","2026-06-04 15:15:53.266611"
8120,"顧客08120","customer08120@example.com","ST02","アクティブ","2026-06-04 15:15:53.266611"
8121,"顧客08121","customer08121@example.com","ST03","非アクティブ","2026-06-04 15:15:53.266611"
8122,"顧客08122","customer08122@example.com","ST02","アクティブ","2026-06-04 15:15:53.266611"
8123,"顧客08123","customer08123@example.com","ST03","非アクティブ","2026-06-04 15:15:53.266611"
8124,"顧客08124","customer08124@example.com","ST02","アクティブ","2026-06-04 15:15:53.266611"
8125,"顧客08125","customer08125@example.com","ST03","非アクティブ","2026-06-04 15:15:53.266611"
8126,"顧客08126","customer08126@example.com","ST01","新規","2026-06-04 15:15:53.266611"
8127,"顧客08127","customer08127@example.com","ST02","アクティブ","2026-06-04 15:15:53.266611"
8128,"顧客08128","customer08128@example.com","ST01","新規","2026-06-04 15:15:53.266611"
8129,"顧客08129","customer08129@example.com","ST03","非アクティブ","2026-06-04 15:15:53.266611"
8130,"顧客08130","customer08130@example.com","ST01","新規","2026-06-04 15:15:53.266611"
8131,"顧客08131","customer08131@example.com","ST02","アクティブ","2026-06-04 15:15:53.266611"
8132,"顧客08132","customer08132@example.com","ST04","退会","2026-06-04 15:15:53.266611"
8133,"顧客08133","customer08133@example.com","ST02","アクティブ","2026-06-04 15:15:53.266611"
8134,"顧客08134","customer08134@example.com","ST03","非アクティブ","2026-06-04 15:15:53.266611"
8135,"顧客08135","customer08135@example.com","ST03","非アクティブ","2026-06-04 15:15:53.266611"
8136,"顧客08136","customer08136@example.com","ST03","非アクティブ","2026-06-04 15:15:53.266611"
8137,"顧客08137","customer08137@example.com","ST03","非アクティブ","2026-06-04 15:15:53.266611"
8138,"顧客08138","customer08138@example.com","ST02","アクティブ","2026-06-04 15:15:53.266611"
8139,"顧客08139","customer08139@example.com","ST02","アクティブ","2026-06-04 15:15:53.266611"
8140,"顧客08140","customer08140@example.com","ST02","アクティブ","2026-06-04 15:15:53.266611"
8141,"顧客08141","customer08141@example.com","ST04","退会","2026-06-04 15:15:53.266611"
8142,"顧客08142","customer08142@example.com","ST01","新規","2026-06-04 15:15:53.266611"
8143,"顧客08143","customer08143@example.com","ST02","アクティブ","2026-06-04 15:15:53.266611"
8144,"顧客08144","customer08144@example.com","ST02","アクティブ","2026-06-04 15:15:53.266611"
8145,"顧客08145","customer08145@example.com","ST01","新規","2026-06-04 15:15:53.266611"
8146,"顧客08146","customer08146@example.com","ST01","新規","2026-06-04 15:15:53.266611"
8147,"顧客08147","customer08147@example.com","ST03","非アクティブ","2026-06-04 15:15:53.266611"
8148,"顧客08148","customer08148@example.com","ST02","アクティブ","2026-06-04 15:15:53.266611"
8149,"顧客08149","customer08149@example.com","ST02","アクティブ","2026-06-04 15:15:53.266611"
8150,"顧客08150","customer08150@example.com","ST02","アクティブ","2026-06-04 15:15:53.266611"
8151,"顧客08151","customer08151@example.com","ST03","非アクティブ","2026-06-04 15:15:53.266611"
8152,"顧客08152","customer08152@example.com","ST01","新規","2026-06-04 15:15:53.266611"
8153,"顧客08153","customer08153@example.com","ST01","新規","2026-06-04 15:15:53.266611"
8154,"顧客08154","customer08154@example.com","ST02","アクティブ","2026-06-04 15:15:53.266611"
8155,"顧客08155","customer08155@example.com","ST04","退会","2026-06-04 15:15:53.266611"
8156,"顧客08156","customer08156@example.com","ST03","非アクティブ","2026-06-04 15:15:53.266611"
8157,"顧客08157","customer08157@example.com","ST02","アクティブ","2026-06-04 15:15:53.266611"
8158,"顧客08158","customer08158@example.com","ST04","退会","2026-06-04 15:15:53.266611"
8159,"顧客08159","customer08159@example.com","ST02","アクティブ","2026-06-04 15:15:53.266611"
8160,"顧客08160","customer08160@example.com","ST04","退会","2026-06-04 15:15:53.266611"
8161,"顧客08161","customer08161@example.com","ST02","アクティブ","2026-06-04 15:15:53.266611"
8162,"顧客08162","customer08162@example.com","ST01","新規","2026-06-04 15:15:53.266611"
8163,"顧客08163","customer08163@example.com","ST03","非アクティブ","2026-06-04 15:15:53.266611"
8164,"顧客08164","customer08164@example.com","ST01","新規","2026-06-04 15:15:53.266611"
8165,"顧客08165","customer08165@example.com","ST02","アクティブ","2026-06-04 15:15:53.266611"
8166,"顧客08166","customer08166@example.com","ST03","非アクティブ","2026-06-04 15:15:53.266611"
8167,"顧客08167","customer08167@example.com","ST02","アクティブ","2026-06-04 15:15:53.266611"
8168,"顧客08168","customer08168@example.com","ST03","非アクティブ","2026-06-04 15:15:53.266611"
8169,"顧客08169","customer08169@example.com","ST02","アクティブ","2026-06-04 15:15:53.266611"
8170,"顧客08170","customer08170@example.com","ST03","非アクティブ","2026-06-04 15:15:53.266611"
8171,"顧客08171","customer08171@example.com","ST01","新規","2026-06-04 15:15:53.266611"
8172,"顧客08172","customer08172@example.com","ST04","退会","2026-06-04 15:15:53.266611"
8173,"顧客08173","customer08173@example.com","ST04","退会","2026-06-04 15:15:53.266611"
8174,"顧客08174","customer08174@example.com","ST04","退会","2026-06-04 15:15:53.266611"
8175,"顧客08175","customer08175@example.com","ST02","アクティブ","2026-06-04 15:15:53.266611"
8176,"顧客08176","customer08176@example.com","ST02","アクティブ","2026-06-04 15:15:53.266611"
8177,"顧客08177","customer08177@example.com","ST03","非アクティブ","2026-06-04 15:15:53.266611"
8178,"顧客08178","customer08178@example.com","ST03","非アクティブ","2026-06-04 15:15:53.266611"
8179,"顧客08179","customer08179@example.com","ST02","アクティブ","2026-06-04 15:15:53.266611"
8180,"顧客08180","customer08180@example.com","ST04","退会","2026-06-04 15:15:53.266611"
8181,"顧客08181","customer08181@example.com","ST02","アクティブ","2026-06-04 15:15:53.266611"
8182,"顧客08182","customer08182@example.com","ST01","新規","2026-06-04 15:15:53.266611"
8183,"顧客08183","customer08183@example.com","ST01","新規","2026-06-04 15:15:53.266611"
8184,"顧客08184","customer08184@example.com","ST01","新規","2026-06-04 15:15:53.266611"
8185,"顧客08185","customer08185@example.com","ST02","アクティブ","2026-06-04 15:15:53.266611"
8186,"顧客08186","customer08186@example.com","ST04","退会","2026-06-04 15:15:53.266611"
8187,"顧客08187","customer08187@example.com","ST02","アクティブ","2026-06-04 15:15:53.266611"
8188,"顧客08188","customer08188@example.com","ST01","新規","2026-06-04 15:15:53.266611"
8189,"顧客08189","customer08189@example.com","ST02","アクティブ","2026-06-04 15:15:53.266611"
8190,"顧客08190","customer08190@example.com","ST01","新規","2026-06-04 15:15:53.266611"
8191,"顧客08191","customer08191@example.com","ST02","アクティブ","2026-06-04 15:15:53.266611"
8192,"顧客08192","customer08192@example.com","ST01","新規","2026-06-04 15:15:53.266611"
8193,"顧客08193","customer08193@example.com","ST04","退会","2026-06-04 15:15:53.266611"
8194,"顧客08194","customer08194@example.com","ST02","アクティブ","2026-06-04 15:15:53.266611"
8195,"顧客08195","customer08195@example.com","ST04","退会","2026-06-04 15:15:53.266611"
8196,"顧客08196","customer08196@example.com","ST03","非アクティブ","2026-06-04 15:15:53.266611"
8197,"顧客08197","customer08197@example.com","ST03","非アクティブ","2026-06-04 15:15:53.266611"
8198,"顧客08198","customer08198@example.com","ST03","非アクティブ","2026-06-04 15:15:53.266611"
8199,"顧客08199","customer08199@example.com","ST02","アクティブ","2026-06-04 15:15:53.266611"
8200,"顧客08200","customer08200@example.com","ST04","退会","2026-06-04 15:15:53.266611"
8201,"顧客08201","customer08201@example.com","ST02","アクティブ","2026-06-04 15:15:53.266611"
8202,"顧客08202","customer08202@example.com","ST03","非アクティブ","2026-06-04 15:15:53.266611"
8203,"顧客08203","customer08203@example.com","ST04","退会","2026-06-04 15:15:53.266611"
8204,"顧客08204","customer08204@example.com","ST03","非アクティブ","2026-06-04 15:15:53.266611"
8205,"顧客08205","customer08205@example.com","ST03","非アクティブ","2026-06-04 15:15:53.266611"
8206,"顧客08206","customer08206@example.com","ST02","アクティブ","2026-06-04 15:15:53.266611"
8207,"顧客08207","customer08207@example.com","ST01","新規","2026-06-04 15:15:53.266611"
8208,"顧客08208","customer08208@example.com","ST01","新規","2026-06-04 15:15:53.266611"
8209,"顧客08209","customer08209@example.com","ST04","退会","2026-06-04 15:15:53.266611"
8210,"顧客08210","customer08210@example.com","ST02","アクティブ","2026-06-04 15:15:53.266611"
8211,"顧客08211","customer08211@example.com","ST04","退会","2026-06-04 15:15:53.266611"
8212,"顧客08212","customer08212@example.com","ST04","退会","2026-06-04 15:15:53.266611"
8213,"顧客08213","customer08213@example.com","ST03","非アクティブ","2026-06-04 15:15:53.266611"
8214,"顧客08214","customer08214@example.com","ST04","退会","2026-06-04 15:15:53.266611"
8215,"顧客08215","customer08215@example.com","ST02","アクティブ","2026-06-04 15:15:53.266611"
8216,"顧客08216","customer08216@example.com","ST04","退会","2026-06-04 15:15:53.266611"
8217,"顧客08217","customer08217@example.com","ST01","新規","2026-06-04 15:15:53.266611"
8218,"顧客08218","customer08218@example.com","ST04","退会","2026-06-04 15:15:53.266611"
8219,"顧客08219","customer08219@example.com","ST02","アクティブ","2026-06-04 15:15:53.266611"
8220,"顧客08220","customer08220@example.com","ST02","アクティブ","2026-06-04 15:15:53.266611"
8221,"顧客08221","customer08221@example.com","ST04","退会","2026-06-04 15:15:53.266611"
8222,"顧客08222","customer08222@example.com","ST04","退会","2026-06-04 15:15:53.266611"
8223,"顧客08223","customer08223@example.com","ST01","新規","2026-06-04 15:15:53.266611"
8224,"顧客08224","customer08224@example.com","ST01","新規","2026-06-04 15:15:53.266611"
8225,"顧客08225","customer08225@example.com","ST03","非アクティブ","2026-06-04 15:15:53.266611"
8226,"顧客08226","customer08226@example.com","ST02","アクティブ","2026-06-04 15:15:53.266611"
8227,"顧客08227","customer08227@example.com","ST02","アクティブ","2026-06-04 15:15:53.266611"
8228,"顧客08228","customer08228@example.com","ST02","アクティブ","2026-06-04 15:15:53.266611"
8229,"顧客08229","customer08229@example.com","ST04","退会","2026-06-04 15:15:53.266611"
8230,"顧客08230","customer08230@example.com","ST04","退会","2026-06-04 15:15:53.266611"
8231,"顧客08231","customer08231@example.com","ST02","アクティブ","2026-06-04 15:15:53.266611"
8232,"顧客08232","customer08232@example.com","ST02","アクティブ","2026-06-04 15:15:53.266611"
8233,"顧客08233","customer08233@example.com","ST02","アクティブ","2026-06-04 15:15:53.266611"
8234,"顧客08234","customer08234@example.com","ST02","アクティブ","2026-06-04 15:15:53.266611"
8235,"顧客08235","customer08235@example.com","ST01","新規","2026-06-04 15:15:53.266611"
8236,"顧客08236","customer08236@example.com","ST02","アクティブ","2026-06-04 15:15:53.266611"
8237,"顧客08237","customer08237@example.com","ST03","非アクティブ","2026-06-04 15:15:53.266611"
8238,"顧客08238","customer08238@example.com","ST02","アクティブ","2026-06-04 15:15:53.266611"
8239,"顧客08239","customer08239@example.com","ST03","非アクティブ","2026-06-04 15:15:53.266611"
8240,"顧客08240","customer08240@example.com","ST02","アクティブ","2026-06-04 15:15:53.266611"
8241,"顧客08241","customer08241@example.com","ST04","退会","2026-06-04 15:15:53.266611"
8242,"顧客08242","customer08242@example.com","ST04","退会","2026-06-04 15:15:53.266611"
8243,"顧客08243","customer08243@example.com","ST02","アクティブ","2026-06-04 15:15:53.266611"
8244,"顧客08244","customer08244@example.com","ST02","アクティブ","2026-06-04 15:15:53.266611"
8245,"顧客08245","customer08245@example.com","ST01","新規","2026-06-04 15:15:53.266611"
8246,"顧客08246","customer08246@example.com","ST04","退会","2026-06-04 15:15:53.266611"
8247,"顧客08247","customer08247@example.com","ST03","非アクティブ","2026-06-04 15:15:53.266611"
8248,"顧客08248","customer08248@example.com","ST02","アクティブ","2026-06-04 15:15:53.266611"
8249,"顧客08249","customer08249@example.com","ST02","アクティブ","2026-06-04 15:15:53.266611"
8250,"顧客08250","customer08250@example.com","ST02","アクティブ","2026-06-04 15:15:53.266611"
8251,"顧客08251","customer08251@example.com","ST03","非アクティブ","2026-06-04 15:15:53.266611"
8252,"顧客08252","customer08252@example.com","ST03","非アクティブ","2026-06-04 15:15:53.266611"
8253,"顧客08253","customer08253@example.com","ST03","非アクティブ","2026-06-04 15:15:53.266611"
8254,"顧客08254","customer08254@example.com","ST04","退会","2026-06-04 15:15:53.266611"
8255,"顧客08255","customer08255@example.com","ST03","非アクティブ","2026-06-04 15:15:53.266611"
8256,"顧客08256","customer08256@example.com","ST02","アクティブ","2026-06-04 15:15:53.266611"
8257,"顧客08257","customer08257@example.com","ST01","新規","2026-06-04 15:15:53.266611"
8258,"顧客08258","customer08258@example.com","ST03","非アクティブ","2026-06-04 15:15:53.266611"
8259,"顧客08259","customer08259@example.com","ST04","退会","2026-06-04 15:15:53.266611"
8260,"顧客08260","customer08260@example.com","ST03","非アクティブ","2026-06-04 15:15:53.266611"
8261,"顧客08261","customer08261@example.com","ST04","退会","2026-06-04 15:15:53.266611"
8262,"顧客08262","customer08262@example.com","ST04","退会","2026-06-04 15:15:53.266611"
8263,"顧客08263","customer08263@example.com","ST01","新規","2026-06-04 15:15:53.266611"
8264,"顧客08264","customer08264@example.com","ST01","新規","2026-06-04 15:15:53.266611"
8265,"顧客08265","customer08265@example.com","ST02","アクティブ","2026-06-04 15:15:53.266611"
8266,"顧客08266","customer08266@example.com","ST04","退会","2026-06-04 15:15:53.266611"
8267,"顧客08267","customer08267@example.com","ST03","非アクティブ","2026-06-04 15:15:53.266611"
8268,"顧客08268","customer08268@example.com","ST04","退会","2026-06-04 15:15:53.266611"
8269,"顧客08269","customer08269@example.com","ST04","退会","2026-06-04 15:15:53.266611"
8270,"顧客08270","customer08270@example.com","ST04","退会","2026-06-04 15:15:53.266611"
8271,"顧客08271","customer08271@example.com","ST04","退会","2026-06-04 15:15:53.266611"
8272,"顧客08272","customer08272@example.com","ST02","アクティブ","2026-06-04 15:15:53.266611"
8273,"顧客08273","customer08273@example.com","ST02","アクティブ","2026-06-04 15:15:53.266611"
8274,"顧客08274","customer08274@example.com","ST04","退会","2026-06-04 15:15:53.266611"
8275,"顧客08275","customer08275@example.com","ST04","退会","2026-06-04 15:15:53.266611"
8276,"顧客08276","customer08276@example.com","ST03","非アクティブ","2026-06-04 15:15:53.266611"
8277,"顧客08277","customer08277@example.com","ST02","アクティブ","2026-06-04 15:15:53.266611"
8278,"顧客08278","customer08278@example.com","ST02","アクティブ","2026-06-04 15:15:53.266611"
8279,"顧客08279","customer08279@example.com","ST02","アクティブ","2026-06-04 15:15:53.266611"
8280,"顧客08280","customer08280@example.com","ST02","アクティブ","2026-06-04 15:15:53.266611"
8281,"顧客08281","customer08281@example.com","ST01","新規","2026-06-04 15:15:53.266611"
8282,"顧客08282","customer08282@example.com","ST03","非アクティブ","2026-06-04 15:15:53.266611"
8283,"顧客08283","customer08283@example.com","ST03","非アクティブ","2026-06-04 15:15:53.266611"
8284,"顧客08284","customer08284@example.com","ST01","新規","2026-06-04 15:15:53.266611"
8285,"顧客08285","customer08285@example.com","ST03","非アクティブ","2026-06-04 15:15:53.266611"
8286,"顧客08286","customer08286@example.com","ST02","アクティブ","2026-06-04 15:15:53.266611"
8287,"顧客08287","customer08287@example.com","ST03","非アクティブ","2026-06-04 15:15:53.266611"
8288,"顧客08288","customer08288@example.com","ST04","退会","2026-06-04 15:15:53.266611"
8289,"顧客08289","customer08289@example.com","ST04","退会","2026-06-04 15:15:53.266611"
8290,"顧客08290","customer08290@example.com","ST02","アクティブ","2026-06-04 15:15:53.266611"
8291,"顧客08291","customer08291@example.com","ST02","アクティブ","2026-06-04 15:15:53.266611"
8292,"顧客08292","customer08292@example.com","ST04","退会","2026-06-04 15:15:53.266611"
8293,"顧客08293","customer08293@example.com","ST02","アクティブ","2026-06-04 15:15:53.266611"
8294,"顧客08294","customer08294@example.com","ST02","アクティブ","2026-06-04 15:15:53.266611"
8295,"顧客08295","customer08295@example.com","ST03","非アクティブ","2026-06-04 15:15:53.266611"
8296,"顧客08296","customer08296@example.com","ST02","アクティブ","2026-06-04 15:15:53.266611"
8297,"顧客08297","customer08297@example.com","ST02","アクティブ","2026-06-04 15:15:53.266611"
8298,"顧客08298","customer08298@example.com","ST01","新規","2026-06-04 15:15:53.266611"
8299,"顧客08299","customer08299@example.com","ST03","非アクティブ","2026-06-04 15:15:53.266611"
8300,"顧客08300","customer08300@example.com","ST04","退会","2026-06-04 15:15:53.266611"
8301,"顧客08301","customer08301@example.com","ST02","アクティブ","2026-06-04 15:15:53.266611"
8302,"顧客08302","customer08302@example.com","ST01","新規","2026-06-04 15:15:53.266611"
8303,"顧客08303","customer08303@example.com","ST04","退会","2026-06-04 15:15:53.266611"
8304,"顧客08304","customer08304@example.com","ST02","アクティブ","2026-06-04 15:15:53.266611"
8305,"顧客08305","customer08305@example.com","ST02","アクティブ","2026-06-04 15:15:53.266611"
8306,"顧客08306","customer08306@example.com","ST03","非アクティブ","2026-06-04 15:15:53.266611"
8307,"顧客08307","customer08307@example.com","ST03","非アクティブ","2026-06-04 15:15:53.266611"
8308,"顧客08308","customer08308@example.com","ST03","非アクティブ","2026-06-04 15:15:53.266611"
8309,"顧客08309","customer08309@example.com","ST02","アクティブ","2026-06-04 15:15:53.266611"
8310,"顧客08310","customer08310@example.com","ST01","新規","2026-06-04 15:15:53.266611"
8311,"顧客08311","customer08311@example.com","ST03","非アクティブ","2026-06-04 15:15:53.266611"
8312,"顧客08312","customer08312@example.com","ST03","非アクティブ","2026-06-04 15:15:53.266611"
8313,"顧客08313","customer08313@example.com","ST03","非アクティブ","2026-06-04 15:15:53.266611"
8314,"顧客08314","customer08314@example.com","ST03","非アクティブ","2026-06-04 15:15:53.266611"
8315,"顧客08315","customer08315@example.com","ST02","アクティブ","2026-06-04 15:15:53.266611"
8316,"顧客08316","customer08316@example.com","ST01","新規","2026-06-04 15:15:53.266611"
8317,"顧客08317","customer08317@example.com","ST03","非アクティブ","2026-06-04 15:15:53.266611"
8318,"顧客08318","customer08318@example.com","ST03","非アクティブ","2026-06-04 15:15:53.266611"
8319,"顧客08319","customer08319@example.com","ST03","非アクティブ","2026-06-04 15:15:53.266611"
8320,"顧客08320","customer08320@example.com","ST02","アクティブ","2026-06-04 15:15:53.266611"
8321,"顧客08321","customer08321@example.com","ST01","新規","2026-06-04 15:15:53.266611"
8322,"顧客08322","customer08322@example.com","ST04","退会","2026-06-04 15:15:53.266611"
8323,"顧客08323","customer08323@example.com","ST01","新規","2026-06-04 15:15:53.266611"
8324,"顧客08324","customer08324@example.com","ST04","退会","2026-06-04 15:15:53.266611"
8325,"顧客08325","customer08325@example.com","ST02","アクティブ","2026-06-04 15:15:53.266611"
8326,"顧客08326","customer08326@example.com","ST04","退会","2026-06-04 15:15:53.266611"
8327,"顧客08327","customer08327@example.com","ST04","退会","2026-06-04 15:15:53.266611"
8328,"顧客08328","customer08328@example.com","ST03","非アクティブ","2026-06-04 15:15:53.266611"
8329,"顧客08329","customer08329@example.com","ST03","非アクティブ","2026-06-04 15:15:53.266611"
8330,"顧客08330","customer08330@example.com","ST04","退会","2026-06-04 15:15:53.266611"
8331,"顧客08331","customer08331@example.com","ST01","新規","2026-06-04 15:15:53.266611"
8332,"顧客08332","customer08332@example.com","ST02","アクティブ","2026-06-04 15:15:53.266611"
8333,"顧客08333","customer08333@example.com","ST03","非アクティブ","2026-06-04 15:15:53.266611"
8334,"顧客08334","customer08334@example.com","ST03","非アクティブ","2026-06-04 15:15:53.266611"
8335,"顧客08335","customer08335@example.com","ST04","退会","2026-06-04 15:15:53.266611"
8336,"顧客08336","customer08336@example.com","ST03","非アクティブ","2026-06-04 15:15:53.266611"
8337,"顧客08337","customer08337@example.com","ST03","非アクティブ","2026-06-04 15:15:53.266611"
8338,"顧客08338","customer08338@example.com","ST03","非アクティブ","2026-06-04 15:15:53.266611"
8339,"顧客08339","customer08339@example.com","ST02","アクティブ","2026-06-04 15:15:53.266611"
8340,"顧客08340","customer08340@example.com","ST03","非アクティブ","2026-06-04 15:15:53.266611"
8341,"顧客08341","customer08341@example.com","ST04","退会","2026-06-04 15:15:53.266611"
8342,"顧客08342","customer08342@example.com","ST03","非アクティブ","2026-06-04 15:15:53.266611"
8343,"顧客08343","customer08343@example.com","ST02","アクティブ","2026-06-04 15:15:53.266611"
8344,"顧客08344","customer08344@example.com","ST03","非アクティブ","2026-06-04 15:15:53.266611"
8345,"顧客08345","customer08345@example.com","ST01","新規","2026-06-04 15:15:53.266611"
8346,"顧客08346","customer08346@example.com","ST04","退会","2026-06-04 15:15:53.266611"
8347,"顧客08347","customer08347@example.com","ST03","非アクティブ","2026-06-04 15:15:53.266611"
8348,"顧客08348","customer08348@example.com","ST02","アクティブ","2026-06-04 15:15:53.266611"
8349,"顧客08349","customer08349@example.com","ST02","アクティブ","2026-06-04 15:15:53.266611"
8350,"顧客08350","customer08350@example.com","ST04","退会","2026-06-04 15:15:53.266611"
8351,"顧客08351","customer08351@example.com","ST04","退会","2026-06-04 15:15:53.266611"
8352,"顧客08352","customer08352@example.com","ST03","非アクティブ","2026-06-04 15:15:53.266611"
8353,"顧客08353","customer08353@example.com","ST01","新規","2026-06-04 15:15:53.266611"
8354,"顧客08354","customer08354@example.com","ST02","アクティブ","2026-06-04 15:15:53.266611"
8355,"顧客08355","customer08355@example.com","ST04","退会","2026-06-04 15:15:53.266611"
8356,"顧客08356","customer08356@example.com","ST04","退会","2026-06-04 15:15:53.266611"
8357,"顧客08357","customer08357@example.com","ST04","退会","2026-06-04 15:15:53.266611"
8358,"顧客08358","customer08358@example.com","ST02","アクティブ","2026-06-04 15:15:53.266611"
8359,"顧客08359","customer08359@example.com","ST03","非アクティブ","2026-06-04 15:15:53.266611"
8360,"顧客08360","customer08360@example.com","ST03","非アクティブ","2026-06-04 15:15:53.266611"
8361,"顧客08361","customer08361@example.com","ST03","非アクティブ","2026-06-04 15:15:53.266611"
8362,"顧客08362","customer08362@example.com","ST03","非アクティブ","2026-06-04 15:15:53.266611"
8363,"顧客08363","customer08363@example.com","ST03","非アクティブ","2026-06-04 15:15:53.266611"
8364,"顧客08364","customer08364@example.com","ST03","非アクティブ","2026-06-04 15:15:53.266611"
8365,"顧客08365","customer08365@example.com","ST02","アクティブ","2026-06-04 15:15:53.266611"
8366,"顧客08366","customer08366@example.com","ST02","アクティブ","2026-06-04 15:15:53.266611"
8367,"顧客08367","customer08367@example.com","ST03","非アクティブ","2026-06-04 15:15:53.266611"
8368,"顧客08368","customer08368@example.com","ST01","新規","2026-06-04 15:15:53.266611"
8369,"顧客08369","customer08369@example.com","ST03","非アクティブ","2026-06-04 15:15:53.266611"
8370,"顧客08370","customer08370@example.com","ST02","アクティブ","2026-06-04 15:15:53.266611"
8371,"顧客08371","customer08371@example.com","ST02","アクティブ","2026-06-04 15:15:53.266611"
8372,"顧客08372","customer08372@example.com","ST01","新規","2026-06-04 15:15:53.266611"
8373,"顧客08373","customer08373@example.com","ST02","アクティブ","2026-06-04 15:15:53.266611"
8374,"顧客08374","customer08374@example.com","ST03","非アクティブ","2026-06-04 15:15:53.266611"
8375,"顧客08375","customer08375@example.com","ST03","非アクティブ","2026-06-04 15:15:53.266611"
8376,"顧客08376","customer08376@example.com","ST03","非アクティブ","2026-06-04 15:15:53.266611"
8377,"顧客08377","customer08377@example.com","ST03","非アクティブ","2026-06-04 15:15:53.266611"
8378,"顧客08378","customer08378@example.com","ST01","新規","2026-06-04 15:15:53.266611"
8379,"顧客08379","customer08379@example.com","ST02","アクティブ","2026-06-04 15:15:53.266611"
8380,"顧客08380","customer08380@example.com","ST01","新規","2026-06-04 15:15:53.266611"
8381,"顧客08381","customer08381@example.com","ST02","アクティブ","2026-06-04 15:15:53.266611"
8382,"顧客08382","customer08382@example.com","ST02","アクティブ","2026-06-04 15:15:53.266611"
8383,"顧客08383","customer08383@example.com","ST01","新規","2026-06-04 15:15:53.266611"
8384,"顧客08384","customer08384@example.com","ST03","非アクティブ","2026-06-04 15:15:53.266611"
8385,"顧客08385","customer08385@example.com","ST01","新規","2026-06-04 15:15:53.266611"
8386,"顧客08386","customer08386@example.com","ST02","アクティブ","2026-06-04 15:15:53.266611"
8387,"顧客08387","customer08387@example.com","ST02","アクティブ","2026-06-04 15:15:53.266611"
8388,"顧客08388","customer08388@example.com","ST03","非アクティブ","2026-06-04 15:15:53.266611"
8389,"顧客08389","customer08389@example.com","ST04","退会","2026-06-04 15:15:53.266611"
8390,"顧客08390","customer08390@example.com","ST04","退会","2026-06-04 15:15:53.266611"
8391,"顧客08391","customer08391@example.com","ST04","退会","2026-06-04 15:15:53.266611"
8392,"顧客08392","customer08392@example.com","ST04","退会","2026-06-04 15:15:53.266611"
8393,"顧客08393","customer08393@example.com","ST01","新規","2026-06-04 15:15:53.266611"
8394,"顧客08394","customer08394@example.com","ST02","アクティブ","2026-06-04 15:15:53.266611"
8395,"顧客08395","customer08395@example.com","ST03","非アクティブ","2026-06-04 15:15:53.266611"
8396,"顧客08396","customer08396@example.com","ST01","新規","2026-06-04 15:15:53.266611"
8397,"顧客08397","customer08397@example.com","ST02","アクティブ","2026-06-04 15:15:53.266611"
8398,"顧客08398","customer08398@example.com","ST03","非アクティブ","2026-06-04 15:15:53.266611"
8399,"顧客08399","customer08399@example.com","ST01","新規","2026-06-04 15:15:53.266611"
8400,"顧客08400","customer08400@example.com","ST03","非アクティブ","2026-06-04 15:15:53.266611"
8401,"顧客08401","customer08401@example.com","ST01","新規","2026-06-04 15:15:53.266611"
8402,"顧客08402","customer08402@example.com","ST02","アクティブ","2026-06-04 15:15:53.266611"
8403,"顧客08403","customer08403@example.com","ST03","非アクティブ","2026-06-04 15:15:53.266611"
8404,"顧客08404","customer08404@example.com","ST03","非アクティブ","2026-06-04 15:15:53.266611"
8405,"顧客08405","customer08405@example.com","ST01","新規","2026-06-04 15:15:53.266611"
8406,"顧客08406","customer08406@example.com","ST03","非アクティブ","2026-06-04 15:15:53.266611"
8407,"顧客08407","customer08407@example.com","ST03","非アクティブ","2026-06-04 15:15:53.266611"
8408,"顧客08408","customer08408@example.com","ST04","退会","2026-06-04 15:15:53.266611"
8409,"顧客08409","customer08409@example.com","ST04","退会","2026-06-04 15:15:53.266611"
8410,"顧客08410","customer08410@example.com","ST04","退会","2026-06-04 15:15:53.266611"
8411,"顧客08411","customer08411@example.com","ST01","新規","2026-06-04 15:15:53.266611"
8412,"顧客08412","customer08412@example.com","ST03","非アクティブ","2026-06-04 15:15:53.266611"
8413,"顧客08413","customer08413@example.com","ST04","退会","2026-06-04 15:15:53.266611"
8414,"顧客08414","customer08414@example.com","ST02","アクティブ","2026-06-04 15:15:53.266611"
8415,"顧客08415","customer08415@example.com","ST03","非アクティブ","2026-06-04 15:15:53.266611"
8416,"顧客08416","customer08416@example.com","ST02","アクティブ","2026-06-04 15:15:53.266611"
8417,"顧客08417","customer08417@example.com","ST03","非アクティブ","2026-06-04 15:15:53.266611"
8418,"顧客08418","customer08418@example.com","ST01","新規","2026-06-04 15:15:53.266611"
8419,"顧客08419","customer08419@example.com","ST03","非アクティブ","2026-06-04 15:15:53.266611"
8420,"顧客08420","customer08420@example.com","ST02","アクティブ","2026-06-04 15:15:53.266611"
8421,"顧客08421","customer08421@example.com","ST02","アクティブ","2026-06-04 15:15:53.266611"
8422,"顧客08422","customer08422@example.com","ST02","アクティブ","2026-06-04 15:15:53.266611"
8423,"顧客08423","customer08423@example.com","ST01","新規","2026-06-04 15:15:53.266611"
8424,"顧客08424","customer08424@example.com","ST04","退会","2026-06-04 15:15:53.266611"
8425,"顧客08425","customer08425@example.com","ST04","退会","2026-06-04 15:15:53.266611"
8426,"顧客08426","customer08426@example.com","ST01","新規","2026-06-04 15:15:53.266611"
8427,"顧客08427","customer08427@example.com","ST03","非アクティブ","2026-06-04 15:15:53.266611"
8428,"顧客08428","customer08428@example.com","ST04","退会","2026-06-04 15:15:53.266611"
8429,"顧客08429","customer08429@example.com","ST02","アクティブ","2026-06-04 15:15:53.266611"
8430,"顧客08430","customer08430@example.com","ST01","新規","2026-06-04 15:15:53.266611"
8431,"顧客08431","customer08431@example.com","ST01","新規","2026-06-04 15:15:53.266611"
8432,"顧客08432","customer08432@example.com","ST02","アクティブ","2026-06-04 15:15:53.266611"
8433,"顧客08433","customer08433@example.com","ST02","アクティブ","2026-06-04 15:15:53.266611"
8434,"顧客08434","customer08434@example.com","ST04","退会","2026-06-04 15:15:53.266611"
8435,"顧客08435","customer08435@example.com","ST01","新規","2026-06-04 15:15:53.266611"
8436,"顧客08436","customer08436@example.com","ST03","非アクティブ","2026-06-04 15:15:53.266611"
8437,"顧客08437","customer08437@example.com","ST02","アクティブ","2026-06-04 15:15:53.266611"
8438,"顧客08438","customer08438@example.com","ST02","アクティブ","2026-06-04 15:15:53.266611"
8439,"顧客08439","customer08439@example.com","ST04","退会","2026-06-04 15:15:53.266611"
8440,"顧客08440","customer08440@example.com","ST01","新規","2026-06-04 15:15:53.266611"
8441,"顧客08441","customer08441@example.com","ST01","新規","2026-06-04 15:15:53.266611"
8442,"顧客08442","customer08442@example.com","ST01","新規","2026-06-04 15:15:53.266611"
8443,"顧客08443","customer08443@example.com","ST03","非アクティブ","2026-06-04 15:15:53.266611"
8444,"顧客08444","customer08444@example.com","ST03","非アクティブ","2026-06-04 15:15:53.266611"
8445,"顧客08445","customer08445@example.com","ST02","アクティブ","2026-06-04 15:15:53.266611"
8446,"顧客08446","customer08446@example.com","ST03","非アクティブ","2026-06-04 15:15:53.266611"
8447,"顧客08447","customer08447@example.com","ST04","退会","2026-06-04 15:15:53.266611"
8448,"顧客08448","customer08448@example.com","ST01","新規","2026-06-04 15:15:53.266611"
8449,"顧客08449","customer08449@example.com","ST02","アクティブ","2026-06-04 15:15:53.266611"
8450,"顧客08450","customer08450@example.com","ST02","アクティブ","2026-06-04 15:15:53.266611"
8451,"顧客08451","customer08451@example.com","ST03","非アクティブ","2026-06-04 15:15:53.266611"
8452,"顧客08452","customer08452@example.com","ST01","新規","2026-06-04 15:15:53.266611"
8453,"顧客08453","customer08453@example.com","ST03","非アクティブ","2026-06-04 15:15:53.266611"
8454,"顧客08454","customer08454@example.com","ST01","新規","2026-06-04 15:15:53.266611"
8455,"顧客08455","customer08455@example.com","ST02","アクティブ","2026-06-04 15:15:53.266611"
8456,"顧客08456","customer08456@example.com","ST03","非アクティブ","2026-06-04 15:15:53.266611"
8457,"顧客08457","customer08457@example.com","ST01","新規","2026-06-04 15:15:53.266611"
8458,"顧客08458","customer08458@example.com","ST03","非アクティブ","2026-06-04 15:15:53.266611"
8459,"顧客08459","customer08459@example.com","ST02","アクティブ","2026-06-04 15:15:53.266611"
8460,"顧客08460","customer08460@example.com","ST04","退会","2026-06-04 15:15:53.266611"
8461,"顧客08461","customer08461@example.com","ST04","退会","2026-06-04 15:15:53.266611"
8462,"顧客08462","customer08462@example.com","ST03","非アクティブ","2026-06-04 15:15:53.266611"
8463,"顧客08463","customer08463@example.com","ST01","新規","2026-06-04 15:15:53.266611"
8464,"顧客08464","customer08464@example.com","ST04","退会","2026-06-04 15:15:53.266611"
8465,"顧客08465","customer08465@example.com","ST01","新規","2026-06-04 15:15:53.266611"
8466,"顧客08466","customer08466@example.com","ST03","非アクティブ","2026-06-04 15:15:53.266611"
8467,"顧客08467","customer08467@example.com","ST03","非アクティブ","2026-06-04 15:15:53.266611"
8468,"顧客08468","customer08468@example.com","ST02","アクティブ","2026-06-04 15:15:53.266611"
8469,"顧客08469","customer08469@example.com","ST01","新規","2026-06-04 15:15:53.266611"
8470,"顧客08470","customer08470@example.com","ST03","非アクティブ","2026-06-04 15:15:53.266611"
8471,"顧客08471","customer08471@example.com","ST04","退会","2026-06-04 15:15:53.266611"
8472,"顧客08472","customer08472@example.com","ST04","退会","2026-06-04 15:15:53.266611"
8473,"顧客08473","customer08473@example.com","ST03","非アクティブ","2026-06-04 15:15:53.266611"
8474,"顧客08474","customer08474@example.com","ST02","アクティブ","2026-06-04 15:15:53.266611"
8475,"顧客08475","customer08475@example.com","ST02","アクティブ","2026-06-04 15:15:53.266611"
8476,"顧客08476","customer08476@example.com","ST01","新規","2026-06-04 15:15:53.266611"
8477,"顧客08477","customer08477@example.com","ST02","アクティブ","2026-06-04 15:15:53.266611"
8478,"顧客08478","customer08478@example.com","ST02","アクティブ","2026-06-04 15:15:53.266611"
8479,"顧客08479","customer08479@example.com","ST04","退会","2026-06-04 15:15:53.266611"
8480,"顧客08480","customer08480@example.com","ST04","退会","2026-06-04 15:15:53.266611"
8481,"顧客08481","customer08481@example.com","ST03","非アクティブ","2026-06-04 15:15:53.266611"
8482,"顧客08482","customer08482@example.com","ST03","非アクティブ","2026-06-04 15:15:53.266611"
8483,"顧客08483","customer08483@example.com","ST01","新規","2026-06-04 15:15:53.266611"
8484,"顧客08484","customer08484@example.com","ST02","アクティブ","2026-06-04 15:15:53.266611"
8485,"顧客08485","customer08485@example.com","ST04","退会","2026-06-04 15:15:53.266611"
8486,"顧客08486","customer08486@example.com","ST02","アクティブ","2026-06-04 15:15:53.266611"
8487,"顧客08487","customer08487@example.com","ST02","アクティブ","2026-06-04 15:15:53.266611"
8488,"顧客08488","customer08488@example.com","ST03","非アクティブ","2026-06-04 15:15:53.266611"
8489,"顧客08489","customer08489@example.com","ST04","退会","2026-06-04 15:15:53.266611"
8490,"顧客08490","customer08490@example.com","ST03","非アクティブ","2026-06-04 15:15:53.266611"
8491,"顧客08491","customer08491@example.com","ST04","退会","2026-06-04 15:15:53.266611"
8492,"顧客08492","customer08492@example.com","ST04","退会","2026-06-04 15:15:53.266611"
8493,"顧客08493","customer08493@example.com","ST03","非アクティブ","2026-06-04 15:15:53.266611"
8494,"顧客08494","customer08494@example.com","ST03","非アクティブ","2026-06-04 15:15:53.266611"
8495,"顧客08495","customer08495@example.com","ST02","アクティブ","2026-06-04 15:15:53.266611"
8496,"顧客08496","customer08496@example.com","ST03","非アクティブ","2026-06-04 15:15:53.266611"
8497,"顧客08497","customer08497@example.com","ST03","非アクティブ","2026-06-04 15:15:53.266611"
8498,"顧客08498","customer08498@example.com","ST02","アクティブ","2026-06-04 15:15:53.266611"
8499,"顧客08499","customer08499@example.com","ST02","アクティブ","2026-06-04 15:15:53.266611"
8500,"顧客08500","customer08500@example.com","ST03","非アクティブ","2026-06-04 15:15:53.266611"
8501,"顧客08501","customer08501@example.com","ST02","アクティブ","2026-06-04 15:15:53.266611"
8502,"顧客08502","customer08502@example.com","ST03","非アクティブ","2026-06-04 15:15:53.266611"
8503,"顧客08503","customer08503@example.com","ST02","アクティブ","2026-06-04 15:15:53.266611"
8504,"顧客08504","customer08504@example.com","ST03","非アクティブ","2026-06-04 15:15:53.266611"
8505,"顧客08505","customer08505@example.com","ST03","非アクティブ","2026-06-04 15:15:53.266611"
8506,"顧客08506","customer08506@example.com","ST04","退会","2026-06-04 15:15:53.266611"
8507,"顧客08507","customer08507@example.com","ST03","非アクティブ","2026-06-04 15:15:53.266611"
8508,"顧客08508","customer08508@example.com","ST02","アクティブ","2026-06-04 15:15:53.266611"
8509,"顧客08509","customer08509@example.com","ST02","アクティブ","2026-06-04 15:15:53.266611"
8510,"顧客08510","customer08510@example.com","ST02","アクティブ","2026-06-04 15:15:53.266611"
8511,"顧客08511","customer08511@example.com","ST02","アクティブ","2026-06-04 15:15:53.266611"
8512,"顧客08512","customer08512@example.com","ST03","非アクティブ","2026-06-04 15:15:53.266611"
8513,"顧客08513","customer08513@example.com","ST02","アクティブ","2026-06-04 15:15:53.266611"
8514,"顧客08514","customer08514@example.com","ST03","非アクティブ","2026-06-04 15:15:53.266611"
8515,"顧客08515","customer08515@example.com","ST01","新規","2026-06-04 15:15:53.266611"
8516,"顧客08516","customer08516@example.com","ST04","退会","2026-06-04 15:15:53.266611"
8517,"顧客08517","customer08517@example.com","ST01","新規","2026-06-04 15:15:53.266611"
8518,"顧客08518","customer08518@example.com","ST02","アクティブ","2026-06-04 15:15:53.266611"
8519,"顧客08519","customer08519@example.com","ST01","新規","2026-06-04 15:15:53.266611"
8520,"顧客08520","customer08520@example.com","ST02","アクティブ","2026-06-04 15:15:53.266611"
8521,"顧客08521","customer08521@example.com","ST02","アクティブ","2026-06-04 15:15:53.266611"
8522,"顧客08522","customer08522@example.com","ST02","アクティブ","2026-06-04 15:15:53.266611"
8523,"顧客08523","customer08523@example.com","ST02","アクティブ","2026-06-04 15:15:53.266611"
8524,"顧客08524","customer08524@example.com","ST03","非アクティブ","2026-06-04 15:15:53.266611"
8525,"顧客08525","customer08525@example.com","ST03","非アクティブ","2026-06-04 15:15:53.266611"
8526,"顧客08526","customer08526@example.com","ST02","アクティブ","2026-06-04 15:15:53.266611"
8527,"顧客08527","customer08527@example.com","ST02","アクティブ","2026-06-04 15:15:53.266611"
8528,"顧客08528","customer08528@example.com","ST03","非アクティブ","2026-06-04 15:15:53.266611"
8529,"顧客08529","customer08529@example.com","ST03","非アクティブ","2026-06-04 15:15:53.266611"
8530,"顧客08530","customer08530@example.com","ST01","新規","2026-06-04 15:15:53.266611"
8531,"顧客08531","customer08531@example.com","ST04","退会","2026-06-04 15:15:53.266611"
8532,"顧客08532","customer08532@example.com","ST04","退会","2026-06-04 15:15:53.266611"
8533,"顧客08533","customer08533@example.com","ST03","非アクティブ","2026-06-04 15:15:53.266611"
8534,"顧客08534","customer08534@example.com","ST01","新規","2026-06-04 15:15:53.266611"
8535,"顧客08535","customer08535@example.com","ST02","アクティブ","2026-06-04 15:15:53.266611"
8536,"顧客08536","customer08536@example.com","ST03","非アクティブ","2026-06-04 15:15:53.266611"
8537,"顧客08537","customer08537@example.com","ST03","非アクティブ","2026-06-04 15:15:53.266611"
8538,"顧客08538","customer08538@example.com","ST03","非アクティブ","2026-06-04 15:15:53.266611"
8539,"顧客08539","customer08539@example.com","ST01","新規","2026-06-04 15:15:53.266611"
8540,"顧客08540","customer08540@example.com","ST02","アクティブ","2026-06-04 15:15:53.266611"
8541,"顧客08541","customer08541@example.com","ST03","非アクティブ","2026-06-04 15:15:53.266611"
8542,"顧客08542","customer08542@example.com","ST03","非アクティブ","2026-06-04 15:15:53.266611"
8543,"顧客08543","customer08543@example.com","ST03","非アクティブ","2026-06-04 15:15:53.266611"
8544,"顧客08544","customer08544@example.com","ST02","アクティブ","2026-06-04 15:15:53.266611"
8545,"顧客08545","customer08545@example.com","ST01","新規","2026-06-04 15:15:53.266611"
8546,"顧客08546","customer08546@example.com","ST03","非アクティブ","2026-06-04 15:15:53.266611"
8547,"顧客08547","customer08547@example.com","ST02","アクティブ","2026-06-04 15:15:53.266611"
8548,"顧客08548","customer08548@example.com","ST02","アクティブ","2026-06-04 15:15:53.266611"
8549,"顧客08549","customer08549@example.com","ST02","アクティブ","2026-06-04 15:15:53.266611"
8550,"顧客08550","customer08550@example.com","ST03","非アクティブ","2026-06-04 15:15:53.266611"
8551,"顧客08551","customer08551@example.com","ST01","新規","2026-06-04 15:15:53.266611"
8552,"顧客08552","customer08552@example.com","ST03","非アクティブ","2026-06-04 15:15:53.266611"
8553,"顧客08553","customer08553@example.com","ST01","新規","2026-06-04 15:15:53.266611"
8554,"顧客08554","customer08554@example.com","ST03","非アクティブ","2026-06-04 15:15:53.266611"
8555,"顧客08555","customer08555@example.com","ST01","新規","2026-06-04 15:15:53.266611"
8556,"顧客08556","customer08556@example.com","ST03","非アクティブ","2026-06-04 15:15:53.266611"
8557,"顧客08557","customer08557@example.com","ST03","非アクティブ","2026-06-04 15:15:53.266611"
8558,"顧客08558","customer08558@example.com","ST03","非アクティブ","2026-06-04 15:15:53.266611"
8559,"顧客08559","customer08559@example.com","ST04","退会","2026-06-04 15:15:53.266611"
8560,"顧客08560","customer08560@example.com","ST03","非アクティブ","2026-06-04 15:15:53.266611"
8561,"顧客08561","customer08561@example.com","ST03","非アクティブ","2026-06-04 15:15:53.266611"
8562,"顧客08562","customer08562@example.com","ST02","アクティブ","2026-06-04 15:15:53.266611"
8563,"顧客08563","customer08563@example.com","ST03","非アクティブ","2026-06-04 15:15:53.266611"
8564,"顧客08564","customer08564@example.com","ST04","退会","2026-06-04 15:15:53.266611"
8565,"顧客08565","customer08565@example.com","ST02","アクティブ","2026-06-04 15:15:53.266611"
8566,"顧客08566","customer08566@example.com","ST01","新規","2026-06-04 15:15:53.266611"
8567,"顧客08567","customer08567@example.com","ST02","アクティブ","2026-06-04 15:15:53.266611"
8568,"顧客08568","customer08568@example.com","ST04","退会","2026-06-04 15:15:53.266611"
8569,"顧客08569","customer08569@example.com","ST01","新規","2026-06-04 15:15:53.266611"
8570,"顧客08570","customer08570@example.com","ST03","非アクティブ","2026-06-04 15:15:53.266611"
8571,"顧客08571","customer08571@example.com","ST01","新規","2026-06-04 15:15:53.266611"
8572,"顧客08572","customer08572@example.com","ST04","退会","2026-06-04 15:15:53.266611"
8573,"顧客08573","customer08573@example.com","ST01","新規","2026-06-04 15:15:53.266611"
8574,"顧客08574","customer08574@example.com","ST04","退会","2026-06-04 15:15:53.266611"
8575,"顧客08575","customer08575@example.com","ST04","退会","2026-06-04 15:15:53.266611"
8576,"顧客08576","customer08576@example.com","ST03","非アクティブ","2026-06-04 15:15:53.266611"
8577,"顧客08577","customer08577@example.com","ST03","非アクティブ","2026-06-04 15:15:53.266611"
8578,"顧客08578","customer08578@example.com","ST02","アクティブ","2026-06-04 15:15:53.266611"
8579,"顧客08579","customer08579@example.com","ST03","非アクティブ","2026-06-04 15:15:53.266611"
8580,"顧客08580","customer08580@example.com","ST04","退会","2026-06-04 15:15:53.266611"
8581,"顧客08581","customer08581@example.com","ST03","非アクティブ","2026-06-04 15:15:53.266611"
8582,"顧客08582","customer08582@example.com","ST03","非アクティブ","2026-06-04 15:15:53.266611"
8583,"顧客08583","customer08583@example.com","ST04","退会","2026-06-04 15:15:53.266611"
8584,"顧客08584","customer08584@example.com","ST04","退会","2026-06-04 15:15:53.266611"
8585,"顧客08585","customer08585@example.com","ST01","新規","2026-06-04 15:15:53.266611"
8586,"顧客08586","customer08586@example.com","ST02","アクティブ","2026-06-04 15:15:53.266611"
8587,"顧客08587","customer08587@example.com","ST03","非アクティブ","2026-06-04 15:15:53.266611"
8588,"顧客08588","customer08588@example.com","ST01","新規","2026-06-04 15:15:53.266611"
8589,"顧客08589","customer08589@example.com","ST01","新規","2026-06-04 15:15:53.266611"
8590,"顧客08590","customer08590@example.com","ST03","非アクティブ","2026-06-04 15:15:53.266611"
8591,"顧客08591","customer08591@example.com","ST03","非アクティブ","2026-06-04 15:15:53.266611"
8592,"顧客08592","customer08592@example.com","ST04","退会","2026-06-04 15:15:53.266611"
8593,"顧客08593","customer08593@example.com","ST01","新規","2026-06-04 15:15:53.266611"
8594,"顧客08594","customer08594@example.com","ST04","退会","2026-06-04 15:15:53.266611"
8595,"顧客08595","customer08595@example.com","ST03","非アクティブ","2026-06-04 15:15:53.266611"
8596,"顧客08596","customer08596@example.com","ST01","新規","2026-06-04 15:15:53.266611"
8597,"顧客08597","customer08597@example.com","ST02","アクティブ","2026-06-04 15:15:53.266611"
8598,"顧客08598","customer08598@example.com","ST02","アクティブ","2026-06-04 15:15:53.266611"
8599,"顧客08599","customer08599@example.com","ST04","退会","2026-06-04 15:15:53.266611"
8600,"顧客08600","customer08600@example.com","ST03","非アクティブ","2026-06-04 15:15:53.266611"
8601,"顧客08601","customer08601@example.com","ST01","新規","2026-06-04 15:15:53.266611"
8602,"顧客08602","customer08602@example.com","ST03","非アクティブ","2026-06-04 15:15:53.266611"
8603,"顧客08603","customer08603@example.com","ST02","アクティブ","2026-06-04 15:15:53.266611"
8604,"顧客08604","customer08604@example.com","ST03","非アクティブ","2026-06-04 15:15:53.266611"
8605,"顧客08605","customer08605@example.com","ST03","非アクティブ","2026-06-04 15:15:53.266611"
8606,"顧客08606","customer08606@example.com","ST03","非アクティブ","2026-06-04 15:15:53.266611"
8607,"顧客08607","customer08607@example.com","ST03","非アクティブ","2026-06-04 15:15:53.266611"
8608,"顧客08608","customer08608@example.com","ST04","退会","2026-06-04 15:15:53.266611"
8609,"顧客08609","customer08609@example.com","ST02","アクティブ","2026-06-04 15:15:53.266611"
8610,"顧客08610","customer08610@example.com","ST01","新規","2026-06-04 15:15:53.266611"
8611,"顧客08611","customer08611@example.com","ST04","退会","2026-06-04 15:15:53.266611"
8612,"顧客08612","customer08612@example.com","ST02","アクティブ","2026-06-04 15:15:53.266611"
8613,"顧客08613","customer08613@example.com","ST02","アクティブ","2026-06-04 15:15:53.266611"
8614,"顧客08614","customer08614@example.com","ST02","アクティブ","2026-06-04 15:15:53.266611"
8615,"顧客08615","customer08615@example.com","ST02","アクティブ","2026-06-04 15:15:53.266611"
8616,"顧客08616","customer08616@example.com","ST04","退会","2026-06-04 15:15:53.266611"
8617,"顧客08617","customer08617@example.com","ST02","アクティブ","2026-06-04 15:15:53.266611"
8618,"顧客08618","customer08618@example.com","ST02","アクティブ","2026-06-04 15:15:53.266611"
8619,"顧客08619","customer08619@example.com","ST03","非アクティブ","2026-06-04 15:15:53.266611"
8620,"顧客08620","customer08620@example.com","ST03","非アクティブ","2026-06-04 15:15:53.266611"
8621,"顧客08621","customer08621@example.com","ST02","アクティブ","2026-06-04 15:15:53.266611"
8622,"顧客08622","customer08622@example.com","ST04","退会","2026-06-04 15:15:53.266611"
8623,"顧客08623","customer08623@example.com","ST01","新規","2026-06-04 15:15:53.266611"
8624,"顧客08624","customer08624@example.com","ST04","退会","2026-06-04 15:15:53.266611"
8625,"顧客08625","customer08625@example.com","ST01","新規","2026-06-04 15:15:53.266611"
8626,"顧客08626","customer08626@example.com","ST02","アクティブ","2026-06-04 15:15:53.266611"
8627,"顧客08627","customer08627@example.com","ST03","非アクティブ","2026-06-04 15:15:53.266611"
8628,"顧客08628","customer08628@example.com","ST04","退会","2026-06-04 15:15:53.266611"
8629,"顧客08629","customer08629@example.com","ST03","非アクティブ","2026-06-04 15:15:53.266611"
8630,"顧客08630","customer08630@example.com","ST03","非アクティブ","2026-06-04 15:15:53.266611"
8631,"顧客08631","customer08631@example.com","ST04","退会","2026-06-04 15:15:53.266611"
8632,"顧客08632","customer08632@example.com","ST01","新規","2026-06-04 15:15:53.266611"
8633,"顧客08633","customer08633@example.com","ST04","退会","2026-06-04 15:15:53.266611"
8634,"顧客08634","customer08634@example.com","ST03","非アクティブ","2026-06-04 15:15:53.266611"
8635,"顧客08635","customer08635@example.com","ST03","非アクティブ","2026-06-04 15:15:53.266611"
8636,"顧客08636","customer08636@example.com","ST04","退会","2026-06-04 15:15:53.266611"
8637,"顧客08637","customer08637@example.com","ST01","新規","2026-06-04 15:15:53.266611"
8638,"顧客08638","customer08638@example.com","ST03","非アクティブ","2026-06-04 15:15:53.266611"
8639,"顧客08639","customer08639@example.com","ST01","新規","2026-06-04 15:15:53.266611"
8640,"顧客08640","customer08640@example.com","ST03","非アクティブ","2026-06-04 15:15:53.266611"
8641,"顧客08641","customer08641@example.com","ST03","非アクティブ","2026-06-04 15:15:53.266611"
8642,"顧客08642","customer08642@example.com","ST02","アクティブ","2026-06-04 15:15:53.266611"
8643,"顧客08643","customer08643@example.com","ST03","非アクティブ","2026-06-04 15:15:53.266611"
8644,"顧客08644","customer08644@example.com","ST01","新規","2026-06-04 15:15:53.266611"
8645,"顧客08645","customer08645@example.com","ST03","非アクティブ","2026-06-04 15:15:53.266611"
8646,"顧客08646","customer08646@example.com","ST01","新規","2026-06-04 15:15:53.266611"
8647,"顧客08647","customer08647@example.com","ST02","アクティブ","2026-06-04 15:15:53.266611"
8648,"顧客08648","customer08648@example.com","ST03","非アクティブ","2026-06-04 15:15:53.266611"
8649,"顧客08649","customer08649@example.com","ST03","非アクティブ","2026-06-04 15:15:53.266611"
8650,"顧客08650","customer08650@example.com","ST03","非アクティブ","2026-06-04 15:15:53.266611"
8651,"顧客08651","customer08651@example.com","ST03","非アクティブ","2026-06-04 15:15:53.266611"
8652,"顧客08652","customer08652@example.com","ST01","新規","2026-06-04 15:15:53.266611"
8653,"顧客08653","customer08653@example.com","ST04","退会","2026-06-04 15:15:53.266611"
8654,"顧客08654","customer08654@example.com","ST01","新規","2026-06-04 15:15:53.266611"
8655,"顧客08655","customer08655@example.com","ST03","非アクティブ","2026-06-04 15:15:53.266611"
8656,"顧客08656","customer08656@example.com","ST01","新規","2026-06-04 15:15:53.266611"
8657,"顧客08657","customer08657@example.com","ST03","非アクティブ","2026-06-04 15:15:53.266611"
8658,"顧客08658","customer08658@example.com","ST01","新規","2026-06-04 15:15:53.266611"
8659,"顧客08659","customer08659@example.com","ST03","非アクティブ","2026-06-04 15:15:53.266611"
8660,"顧客08660","customer08660@example.com","ST04","退会","2026-06-04 15:15:53.266611"
8661,"顧客08661","customer08661@example.com","ST04","退会","2026-06-04 15:15:53.266611"
8662,"顧客08662","customer08662@example.com","ST03","非アクティブ","2026-06-04 15:15:53.266611"
8663,"顧客08663","customer08663@example.com","ST02","アクティブ","2026-06-04 15:15:53.266611"
8664,"顧客08664","customer08664@example.com","ST02","アクティブ","2026-06-04 15:15:53.266611"
8665,"顧客08665","customer08665@example.com","ST03","非アクティブ","2026-06-04 15:15:53.266611"
8666,"顧客08666","customer08666@example.com","ST04","退会","2026-06-04 15:15:53.266611"
8667,"顧客08667","customer08667@example.com","ST01","新規","2026-06-04 15:15:53.266611"
8668,"顧客08668","customer08668@example.com","ST01","新規","2026-06-04 15:15:53.266611"
8669,"顧客08669","customer08669@example.com","ST03","非アクティブ","2026-06-04 15:15:53.266611"
8670,"顧客08670","customer08670@example.com","ST02","アクティブ","2026-06-04 15:15:53.266611"
8671,"顧客08671","customer08671@example.com","ST02","アクティブ","2026-06-04 15:15:53.266611"
8672,"顧客08672","customer08672@example.com","ST02","アクティブ","2026-06-04 15:15:53.266611"
8673,"顧客08673","customer08673@example.com","ST02","アクティブ","2026-06-04 15:15:53.266611"
8674,"顧客08674","customer08674@example.com","ST02","アクティブ","2026-06-04 15:15:53.266611"
8675,"顧客08675","customer08675@example.com","ST02","アクティブ","2026-06-04 15:15:53.266611"
8676,"顧客08676","customer08676@example.com","ST01","新規","2026-06-04 15:15:53.266611"
8677,"顧客08677","customer08677@example.com","ST01","新規","2026-06-04 15:15:53.266611"
8678,"顧客08678","customer08678@example.com","ST03","非アクティブ","2026-06-04 15:15:53.266611"
8679,"顧客08679","customer08679@example.com","ST02","アクティブ","2026-06-04 15:15:53.266611"
8680,"顧客08680","customer08680@example.com","ST01","新規","2026-06-04 15:15:53.266611"
8681,"顧客08681","customer08681@example.com","ST03","非アクティブ","2026-06-04 15:15:53.266611"
8682,"顧客08682","customer08682@example.com","ST04","退会","2026-06-04 15:15:53.266611"
8683,"顧客08683","customer08683@example.com","ST03","非アクティブ","2026-06-04 15:15:53.266611"
8684,"顧客08684","customer08684@example.com","ST02","アクティブ","2026-06-04 15:15:53.266611"
8685,"顧客08685","customer08685@example.com","ST01","新規","2026-06-04 15:15:53.266611"
8686,"顧客08686","customer08686@example.com","ST04","退会","2026-06-04 15:15:53.266611"
8687,"顧客08687","customer08687@example.com","ST03","非アクティブ","2026-06-04 15:15:53.266611"
8688,"顧客08688","customer08688@example.com","ST01","新規","2026-06-04 15:15:53.266611"
8689,"顧客08689","customer08689@example.com","ST04","退会","2026-06-04 15:15:53.266611"
8690,"顧客08690","customer08690@example.com","ST02","アクティブ","2026-06-04 15:15:53.266611"
8691,"顧客08691","customer08691@example.com","ST02","アクティブ","2026-06-04 15:15:53.266611"
8692,"顧客08692","customer08692@example.com","ST03","非アクティブ","2026-06-04 15:15:53.266611"
8693,"顧客08693","customer08693@example.com","ST04","退会","2026-06-04 15:15:53.266611"
8694,"顧客08694","customer08694@example.com","ST03","非アクティブ","2026-06-04 15:15:53.266611"
8695,"顧客08695","customer08695@example.com","ST03","非アクティブ","2026-06-04 15:15:53.266611"
8696,"顧客08696","customer08696@example.com","ST03","非アクティブ","2026-06-04 15:15:53.266611"
8697,"顧客08697","customer08697@example.com","ST02","アクティブ","2026-06-04 15:15:53.266611"
8698,"顧客08698","customer08698@example.com","ST01","新規","2026-06-04 15:15:53.266611"
8699,"顧客08699","customer08699@example.com","ST01","新規","2026-06-04 15:15:53.266611"
8700,"顧客08700","customer08700@example.com","ST04","退会","2026-06-04 15:15:53.266611"
8701,"顧客08701","customer08701@example.com","ST02","アクティブ","2026-06-04 15:15:53.266611"
8702,"顧客08702","customer08702@example.com","ST01","新規","2026-06-04 15:15:53.266611"
8703,"顧客08703","customer08703@example.com","ST01","新規","2026-06-04 15:15:53.266611"
8704,"顧客08704","customer08704@example.com","ST04","退会","2026-06-04 15:15:53.266611"
8705,"顧客08705","customer08705@example.com","ST03","非アクティブ","2026-06-04 15:15:53.266611"
8706,"顧客08706","customer08706@example.com","ST03","非アクティブ","2026-06-04 15:15:53.266611"
8707,"顧客08707","customer08707@example.com","ST02","アクティブ","2026-06-04 15:15:53.266611"
8708,"顧客08708","customer08708@example.com","ST03","非アクティブ","2026-06-04 15:15:53.266611"
8709,"顧客08709","customer08709@example.com","ST04","退会","2026-06-04 15:15:53.266611"
8710,"顧客08710","customer08710@example.com","ST03","非アクティブ","2026-06-04 15:15:53.266611"
8711,"顧客08711","customer08711@example.com","ST03","非アクティブ","2026-06-04 15:15:53.266611"
8712,"顧客08712","customer08712@example.com","ST02","アクティブ","2026-06-04 15:15:53.266611"
8713,"顧客08713","customer08713@example.com","ST04","退会","2026-06-04 15:15:53.266611"
8714,"顧客08714","customer08714@example.com","ST01","新規","2026-06-04 15:15:53.266611"
8715,"顧客08715","customer08715@example.com","ST01","新規","2026-06-04 15:15:53.266611"
8716,"顧客08716","customer08716@example.com","ST02","アクティブ","2026-06-04 15:15:53.266611"
8717,"顧客08717","customer08717@example.com","ST01","新規","2026-06-04 15:15:53.266611"
8718,"顧客08718","customer08718@example.com","ST03","非アクティブ","2026-06-04 15:15:53.266611"
8719,"顧客08719","customer08719@example.com","ST02","アクティブ","2026-06-04 15:15:53.266611"
8720,"顧客08720","customer08720@example.com","ST02","アクティブ","2026-06-04 15:15:53.266611"
8721,"顧客08721","customer08721@example.com","ST01","新規","2026-06-04 15:15:53.266611"
8722,"顧客08722","customer08722@example.com","ST03","非アクティブ","2026-06-04 15:15:53.266611"
8723,"顧客08723","customer08723@example.com","ST03","非アクティブ","2026-06-04 15:15:53.266611"
8724,"顧客08724","customer08724@example.com","ST03","非アクティブ","2026-06-04 15:15:53.266611"
8725,"顧客08725","customer08725@example.com","ST02","アクティブ","2026-06-04 15:15:53.266611"
8726,"顧客08726","customer08726@example.com","ST02","アクティブ","2026-06-04 15:15:53.266611"
8727,"顧客08727","customer08727@example.com","ST04","退会","2026-06-04 15:15:53.266611"
8728,"顧客08728","customer08728@example.com","ST02","アクティブ","2026-06-04 15:15:53.266611"
8729,"顧客08729","customer08729@example.com","ST01","新規","2026-06-04 15:15:53.266611"
8730,"顧客08730","customer08730@example.com","ST03","非アクティブ","2026-06-04 15:15:53.266611"
8731,"顧客08731","customer08731@example.com","ST02","アクティブ","2026-06-04 15:15:53.266611"
8732,"顧客08732","customer08732@example.com","ST04","退会","2026-06-04 15:15:53.266611"
8733,"顧客08733","customer08733@example.com","ST01","新規","2026-06-04 15:15:53.266611"
8734,"顧客08734","customer08734@example.com","ST03","非アクティブ","2026-06-04 15:15:53.266611"
8735,"顧客08735","customer08735@example.com","ST03","非アクティブ","2026-06-04 15:15:53.266611"
8736,"顧客08736","customer08736@example.com","ST01","新規","2026-06-04 15:15:53.266611"
8737,"顧客08737","customer08737@example.com","ST02","アクティブ","2026-06-04 15:15:53.266611"
8738,"顧客08738","customer08738@example.com","ST03","非アクティブ","2026-06-04 15:15:53.266611"
8739,"顧客08739","customer08739@example.com","ST02","アクティブ","2026-06-04 15:15:53.266611"
8740,"顧客08740","customer08740@example.com","ST02","アクティブ","2026-06-04 15:15:53.266611"
8741,"顧客08741","customer08741@example.com","ST04","退会","2026-06-04 15:15:53.266611"
8742,"顧客08742","customer08742@example.com","ST04","退会","2026-06-04 15:15:53.266611"
8743,"顧客08743","customer08743@example.com","ST03","非アクティブ","2026-06-04 15:15:53.266611"
8744,"顧客08744","customer08744@example.com","ST03","非アクティブ","2026-06-04 15:15:53.266611"
8745,"顧客08745","customer08745@example.com","ST04","退会","2026-06-04 15:15:53.266611"
8746,"顧客08746","customer08746@example.com","ST01","新規","2026-06-04 15:15:53.266611"
8747,"顧客08747","customer08747@example.com","ST03","非アクティブ","2026-06-04 15:15:53.266611"
8748,"顧客08748","customer08748@example.com","ST03","非アクティブ","2026-06-04 15:15:53.266611"
8749,"顧客08749","customer08749@example.com","ST04","退会","2026-06-04 15:15:53.266611"
8750,"顧客08750","customer08750@example.com","ST02","アクティブ","2026-06-04 15:15:53.266611"
8751,"顧客08751","customer08751@example.com","ST03","非アクティブ","2026-06-04 15:15:53.266611"
8752,"顧客08752","customer08752@example.com","ST01","新規","2026-06-04 15:15:53.266611"
8753,"顧客08753","customer08753@example.com","ST02","アクティブ","2026-06-04 15:15:53.266611"
8754,"顧客08754","customer08754@example.com","ST03","非アクティブ","2026-06-04 15:15:53.266611"
8755,"顧客08755","customer08755@example.com","ST01","新規","2026-06-04 15:15:53.266611"
8756,"顧客08756","customer08756@example.com","ST03","非アクティブ","2026-06-04 15:15:53.266611"
8757,"顧客08757","customer08757@example.com","ST04","退会","2026-06-04 15:15:53.266611"
8758,"顧客08758","customer08758@example.com","ST01","新規","2026-06-04 15:15:53.266611"
8759,"顧客08759","customer08759@example.com","ST04","退会","2026-06-04 15:15:53.266611"
8760,"顧客08760","customer08760@example.com","ST01","新規","2026-06-04 15:15:53.266611"
8761,"顧客08761","customer08761@example.com","ST03","非アクティブ","2026-06-04 15:15:53.266611"
8762,"顧客08762","customer08762@example.com","ST02","アクティブ","2026-06-04 15:15:53.266611"
8763,"顧客08763","customer08763@example.com","ST03","非アクティブ","2026-06-04 15:15:53.266611"
8764,"顧客08764","customer08764@example.com","ST02","アクティブ","2026-06-04 15:15:53.266611"
8765,"顧客08765","customer08765@example.com","ST04","退会","2026-06-04 15:15:53.266611"
8766,"顧客08766","customer08766@example.com","ST03","非アクティブ","2026-06-04 15:15:53.266611"
8767,"顧客08767","customer08767@example.com","ST03","非アクティブ","2026-06-04 15:15:53.266611"
8768,"顧客08768","customer08768@example.com","ST01","新規","2026-06-04 15:15:53.266611"
8769,"顧客08769","customer08769@example.com","ST03","非アクティブ","2026-06-04 15:15:53.266611"
8770,"顧客08770","customer08770@example.com","ST03","非アクティブ","2026-06-04 15:15:53.266611"
8771,"顧客08771","customer08771@example.com","ST03","非アクティブ","2026-06-04 15:15:53.266611"
8772,"顧客08772","customer08772@example.com","ST03","非アクティブ","2026-06-04 15:15:53.266611"
8773,"顧客08773","customer08773@example.com","ST03","非アクティブ","2026-06-04 15:15:53.266611"
8774,"顧客08774","customer08774@example.com","ST02","アクティブ","2026-06-04 15:15:53.266611"
8775,"顧客08775","customer08775@example.com","ST03","非アクティブ","2026-06-04 15:15:53.266611"
8776,"顧客08776","customer08776@example.com","ST03","非アクティブ","2026-06-04 15:15:53.266611"
8777,"顧客08777","customer08777@example.com","ST02","アクティブ","2026-06-04 15:15:53.266611"
8778,"顧客08778","customer08778@example.com","ST04","退会","2026-06-04 15:15:53.266611"
8779,"顧客08779","customer08779@example.com","ST01","新規","2026-06-04 15:15:53.266611"
8780,"顧客08780","customer08780@example.com","ST03","非アクティブ","2026-06-04 15:15:53.266611"
8781,"顧客08781","customer08781@example.com","ST04","退会","2026-06-04 15:15:53.266611"
8782,"顧客08782","customer08782@example.com","ST04","退会","2026-06-04 15:15:53.266611"
8783,"顧客08783","customer08783@example.com","ST02","アクティブ","2026-06-04 15:15:53.266611"
8784,"顧客08784","customer08784@example.com","ST04","退会","2026-06-04 15:15:53.266611"
8785,"顧客08785","customer08785@example.com","ST03","非アクティブ","2026-06-04 15:15:53.266611"
8786,"顧客08786","customer08786@example.com","ST03","非アクティブ","2026-06-04 15:15:53.266611"
8787,"顧客08787","customer08787@example.com","ST02","アクティブ","2026-06-04 15:15:53.266611"
8788,"顧客08788","customer08788@example.com","ST02","アクティブ","2026-06-04 15:15:53.266611"
8789,"顧客08789","customer08789@example.com","ST01","新規","2026-06-04 15:15:53.266611"
8790,"顧客08790","customer08790@example.com","ST02","アクティブ","2026-06-04 15:15:53.266611"
8791,"顧客08791","customer08791@example.com","ST03","非アクティブ","2026-06-04 15:15:53.266611"
8792,"顧客08792","customer08792@example.com","ST01","新規","2026-06-04 15:15:53.266611"
8793,"顧客08793","customer08793@example.com","ST01","新規","2026-06-04 15:15:53.266611"
8794,"顧客08794","customer08794@example.com","ST03","非アクティブ","2026-06-04 15:15:53.266611"
8795,"顧客08795","customer08795@example.com","ST04","退会","2026-06-04 15:15:53.266611"
8796,"顧客08796","customer08796@example.com","ST01","新規","2026-06-04 15:15:53.266611"
8797,"顧客08797","customer08797@example.com","ST03","非アクティブ","2026-06-04 15:15:53.266611"
8798,"顧客08798","customer08798@example.com","ST03","非アクティブ","2026-06-04 15:15:53.266611"
8799,"顧客08799","customer08799@example.com","ST03","非アクティブ","2026-06-04 15:15:53.266611"
8800,"顧客08800","customer08800@example.com","ST01","新規","2026-06-04 15:15:53.266611"
8801,"顧客08801","customer08801@example.com","ST01","新規","2026-06-04 15:15:53.266611"
8802,"顧客08802","customer08802@example.com","ST03","非アクティブ","2026-06-04 15:15:53.266611"
8803,"顧客08803","customer08803@example.com","ST04","退会","2026-06-04 15:15:53.266611"
8804,"顧客08804","customer08804@example.com","ST04","退会","2026-06-04 15:15:53.266611"
8805,"顧客08805","customer08805@example.com","ST01","新規","2026-06-04 15:15:53.266611"
8806,"顧客08806","customer08806@example.com","ST02","アクティブ","2026-06-04 15:15:53.266611"
8807,"顧客08807","customer08807@example.com","ST04","退会","2026-06-04 15:15:53.266611"
8808,"顧客08808","customer08808@example.com","ST03","非アクティブ","2026-06-04 15:15:53.266611"
8809,"顧客08809","customer08809@example.com","ST01","新規","2026-06-04 15:15:53.266611"
8810,"顧客08810","customer08810@example.com","ST04","退会","2026-06-04 15:15:53.266611"
8811,"顧客08811","customer08811@example.com","ST03","非アクティブ","2026-06-04 15:15:53.266611"
8812,"顧客08812","customer08812@example.com","ST03","非アクティブ","2026-06-04 15:15:53.266611"
8813,"顧客08813","customer08813@example.com","ST03","非アクティブ","2026-06-04 15:15:53.266611"
8814,"顧客08814","customer08814@example.com","ST01","新規","2026-06-04 15:15:53.266611"
8815,"顧客08815","customer08815@example.com","ST01","新規","2026-06-04 15:15:53.266611"
8816,"顧客08816","customer08816@example.com","ST04","退会","2026-06-04 15:15:53.266611"
8817,"顧客08817","customer08817@example.com","ST03","非アクティブ","2026-06-04 15:15:53.266611"
8818,"顧客08818","customer08818@example.com","ST02","アクティブ","2026-06-04 15:15:53.266611"
8819,"顧客08819","customer08819@example.com","ST01","新規","2026-06-04 15:15:53.266611"
8820,"顧客08820","customer08820@example.com","ST02","アクティブ","2026-06-04 15:15:53.266611"
8821,"顧客08821","customer08821@example.com","ST02","アクティブ","2026-06-04 15:15:53.266611"
8822,"顧客08822","customer08822@example.com","ST01","新規","2026-06-04 15:15:53.266611"
8823,"顧客08823","customer08823@example.com","ST03","非アクティブ","2026-06-04 15:15:53.266611"
8824,"顧客08824","customer08824@example.com","ST02","アクティブ","2026-06-04 15:15:53.266611"
8825,"顧客08825","customer08825@example.com","ST03","非アクティブ","2026-06-04 15:15:53.266611"
8826,"顧客08826","customer08826@example.com","ST01","新規","2026-06-04 15:15:53.266611"
8827,"顧客08827","customer08827@example.com","ST02","アクティブ","2026-06-04 15:15:53.266611"
8828,"顧客08828","customer08828@example.com","ST01","新規","2026-06-04 15:15:53.266611"
8829,"顧客08829","customer08829@example.com","ST01","新規","2026-06-04 15:15:53.266611"
8830,"顧客08830","customer08830@example.com","ST02","アクティブ","2026-06-04 15:15:53.266611"
8831,"顧客08831","customer08831@example.com","ST04","退会","2026-06-04 15:15:53.266611"
8832,"顧客08832","customer08832@example.com","ST02","アクティブ","2026-06-04 15:15:53.266611"
8833,"顧客08833","customer08833@example.com","ST02","アクティブ","2026-06-04 15:15:53.266611"
8834,"顧客08834","customer08834@example.com","ST02","アクティブ","2026-06-04 15:15:53.266611"
8835,"顧客08835","customer08835@example.com","ST01","新規","2026-06-04 15:15:53.266611"
8836,"顧客08836","customer08836@example.com","ST04","退会","2026-06-04 15:15:53.266611"
8837,"顧客08837","customer08837@example.com","ST04","退会","2026-06-04 15:15:53.266611"
8838,"顧客08838","customer08838@example.com","ST02","アクティブ","2026-06-04 15:15:53.266611"
8839,"顧客08839","customer08839@example.com","ST02","アクティブ","2026-06-04 15:15:53.266611"
8840,"顧客08840","customer08840@example.com","ST02","アクティブ","2026-06-04 15:15:53.266611"
8841,"顧客08841","customer08841@example.com","ST04","退会","2026-06-04 15:15:53.266611"
8842,"顧客08842","customer08842@example.com","ST02","アクティブ","2026-06-04 15:15:53.266611"
8843,"顧客08843","customer08843@example.com","ST02","アクティブ","2026-06-04 15:15:53.266611"
8844,"顧客08844","customer08844@example.com","ST02","アクティブ","2026-06-04 15:15:53.266611"
8845,"顧客08845","customer08845@example.com","ST04","退会","2026-06-04 15:15:53.266611"
8846,"顧客08846","customer08846@example.com","ST04","退会","2026-06-04 15:15:53.266611"
8847,"顧客08847","customer08847@example.com","ST01","新規","2026-06-04 15:15:53.266611"
8848,"顧客08848","customer08848@example.com","ST04","退会","2026-06-04 15:15:53.266611"
8849,"顧客08849","customer08849@example.com","ST01","新規","2026-06-04 15:15:53.266611"
8850,"顧客08850","customer08850@example.com","ST03","非アクティブ","2026-06-04 15:15:53.266611"
8851,"顧客08851","customer08851@example.com","ST02","アクティブ","2026-06-04 15:15:53.266611"
8852,"顧客08852","customer08852@example.com","ST02","アクティブ","2026-06-04 15:15:53.266611"
8853,"顧客08853","customer08853@example.com","ST02","アクティブ","2026-06-04 15:15:53.266611"
8854,"顧客08854","customer08854@example.com","ST03","非アクティブ","2026-06-04 15:15:53.266611"
8855,"顧客08855","customer08855@example.com","ST01","新規","2026-06-04 15:15:53.266611"
8856,"顧客08856","customer08856@example.com","ST03","非アクティブ","2026-06-04 15:15:53.266611"
8857,"顧客08857","customer08857@example.com","ST03","非アクティブ","2026-06-04 15:15:53.266611"
8858,"顧客08858","customer08858@example.com","ST01","新規","2026-06-04 15:15:53.266611"
8859,"顧客08859","customer08859@example.com","ST03","非アクティブ","2026-06-04 15:15:53.266611"
8860,"顧客08860","customer08860@example.com","ST02","アクティブ","2026-06-04 15:15:53.266611"
8861,"顧客08861","customer08861@example.com","ST03","非アクティブ","2026-06-04 15:15:53.266611"
8862,"顧客08862","customer08862@example.com","ST03","非アクティブ","2026-06-04 15:15:53.266611"
8863,"顧客08863","customer08863@example.com","ST02","アクティブ","2026-06-04 15:15:53.266611"
8864,"顧客08864","customer08864@example.com","ST03","非アクティブ","2026-06-04 15:15:53.266611"
8865,"顧客08865","customer08865@example.com","ST01","新規","2026-06-04 15:15:53.266611"
8866,"顧客08866","customer08866@example.com","ST02","アクティブ","2026-06-04 15:15:53.266611"
8867,"顧客08867","customer08867@example.com","ST03","非アクティブ","2026-06-04 15:15:53.266611"
8868,"顧客08868","customer08868@example.com","ST04","退会","2026-06-04 15:15:53.266611"
8869,"顧客08869","customer08869@example.com","ST01","新規","2026-06-04 15:15:53.266611"
8870,"顧客08870","customer08870@example.com","ST04","退会","2026-06-04 15:15:53.266611"
8871,"顧客08871","customer08871@example.com","ST02","アクティブ","2026-06-04 15:15:53.266611"
8872,"顧客08872","customer08872@example.com","ST03","非アクティブ","2026-06-04 15:15:53.266611"
8873,"顧客08873","customer08873@example.com","ST04","退会","2026-06-04 15:15:53.266611"
8874,"顧客08874","customer08874@example.com","ST03","非アクティブ","2026-06-04 15:15:53.266611"
8875,"顧客08875","customer08875@example.com","ST03","非アクティブ","2026-06-04 15:15:53.266611"
8876,"顧客08876","customer08876@example.com","ST03","非アクティブ","2026-06-04 15:15:53.266611"
8877,"顧客08877","customer08877@example.com","ST02","アクティブ","2026-06-04 15:15:53.266611"
8878,"顧客08878","customer08878@example.com","ST04","退会","2026-06-04 15:15:53.266611"
8879,"顧客08879","customer08879@example.com","ST04","退会","2026-06-04 15:15:53.266611"
8880,"顧客08880","customer08880@example.com","ST01","新規","2026-06-04 15:15:53.266611"
8881,"顧客08881","customer08881@example.com","ST01","新規","2026-06-04 15:15:53.266611"
8882,"顧客08882","customer08882@example.com","ST04","退会","2026-06-04 15:15:53.266611"
8883,"顧客08883","customer08883@example.com","ST02","アクティブ","2026-06-04 15:15:53.266611"
8884,"顧客08884","customer08884@example.com","ST01","新規","2026-06-04 15:15:53.266611"
8885,"顧客08885","customer08885@example.com","ST01","新規","2026-06-04 15:15:53.266611"
8886,"顧客08886","customer08886@example.com","ST02","アクティブ","2026-06-04 15:15:53.266611"
8887,"顧客08887","customer08887@example.com","ST01","新規","2026-06-04 15:15:53.266611"
8888,"顧客08888","customer08888@example.com","ST03","非アクティブ","2026-06-04 15:15:53.266611"
8889,"顧客08889","customer08889@example.com","ST02","アクティブ","2026-06-04 15:15:53.266611"
8890,"顧客08890","customer08890@example.com","ST03","非アクティブ","2026-06-04 15:15:53.266611"
8891,"顧客08891","customer08891@example.com","ST01","新規","2026-06-04 15:15:53.266611"
8892,"顧客08892","customer08892@example.com","ST02","アクティブ","2026-06-04 15:15:53.266611"
8893,"顧客08893","customer08893@example.com","ST03","非アクティブ","2026-06-04 15:15:53.266611"
8894,"顧客08894","customer08894@example.com","ST01","新規","2026-06-04 15:15:53.266611"
8895,"顧客08895","customer08895@example.com","ST03","非アクティブ","2026-06-04 15:15:53.266611"
8896,"顧客08896","customer08896@example.com","ST02","アクティブ","2026-06-04 15:15:53.266611"
8897,"顧客08897","customer08897@example.com","ST01","新規","2026-06-04 15:15:53.266611"
8898,"顧客08898","customer08898@example.com","ST03","非アクティブ","2026-06-04 15:15:53.266611"
8899,"顧客08899","customer08899@example.com","ST03","非アクティブ","2026-06-04 15:15:53.266611"
8900,"顧客08900","customer08900@example.com","ST02","アクティブ","2026-06-04 15:15:53.266611"
8901,"顧客08901","customer08901@example.com","ST03","非アクティブ","2026-06-04 15:15:53.266611"
8902,"顧客08902","customer08902@example.com","ST04","退会","2026-06-04 15:15:53.266611"
8903,"顧客08903","customer08903@example.com","ST02","アクティブ","2026-06-04 15:15:53.266611"
8904,"顧客08904","customer08904@example.com","ST04","退会","2026-06-04 15:15:53.266611"
8905,"顧客08905","customer08905@example.com","ST02","アクティブ","2026-06-04 15:15:53.266611"
8906,"顧客08906","customer08906@example.com","ST01","新規","2026-06-04 15:15:53.266611"
8907,"顧客08907","customer08907@example.com","ST03","非アクティブ","2026-06-04 15:15:53.266611"
8908,"顧客08908","customer08908@example.com","ST01","新規","2026-06-04 15:15:53.266611"
8909,"顧客08909","customer08909@example.com","ST03","非アクティブ","2026-06-04 15:15:53.266611"
8910,"顧客08910","customer08910@example.com","ST03","非アクティブ","2026-06-04 15:15:53.266611"
8911,"顧客08911","customer08911@example.com","ST02","アクティブ","2026-06-04 15:15:53.266611"
8912,"顧客08912","customer08912@example.com","ST02","アクティブ","2026-06-04 15:15:53.266611"
8913,"顧客08913","customer08913@example.com","ST01","新規","2026-06-04 15:15:53.266611"
8914,"顧客08914","customer08914@example.com","ST03","非アクティブ","2026-06-04 15:15:53.266611"
8915,"顧客08915","customer08915@example.com","ST01","新規","2026-06-04 15:15:53.266611"
8916,"顧客08916","customer08916@example.com","ST03","非アクティブ","2026-06-04 15:15:53.266611"
8917,"顧客08917","customer08917@example.com","ST04","退会","2026-06-04 15:15:53.266611"
8918,"顧客08918","customer08918@example.com","ST03","非アクティブ","2026-06-04 15:15:53.266611"
8919,"顧客08919","customer08919@example.com","ST02","アクティブ","2026-06-04 15:15:53.266611"
8920,"顧客08920","customer08920@example.com","ST02","アクティブ","2026-06-04 15:15:53.266611"
8921,"顧客08921","customer08921@example.com","ST02","アクティブ","2026-06-04 15:15:53.266611"
8922,"顧客08922","customer08922@example.com","ST04","退会","2026-06-04 15:15:53.266611"
8923,"顧客08923","customer08923@example.com","ST04","退会","2026-06-04 15:15:53.266611"
8924,"顧客08924","customer08924@example.com","ST03","非アクティブ","2026-06-04 15:15:53.266611"
8925,"顧客08925","customer08925@example.com","ST04","退会","2026-06-04 15:15:53.266611"
8926,"顧客08926","customer08926@example.com","ST02","アクティブ","2026-06-04 15:15:53.266611"
8927,"顧客08927","customer08927@example.com","ST02","アクティブ","2026-06-04 15:15:53.266611"
8928,"顧客08928","customer08928@example.com","ST02","アクティブ","2026-06-04 15:15:53.266611"
8929,"顧客08929","customer08929@example.com","ST04","退会","2026-06-04 15:15:53.266611"
8930,"顧客08930","customer08930@example.com","ST03","非アクティブ","2026-06-04 15:15:53.266611"
8931,"顧客08931","customer08931@example.com","ST02","アクティブ","2026-06-04 15:15:53.266611"
8932,"顧客08932","customer08932@example.com","ST01","新規","2026-06-04 15:15:53.266611"
8933,"顧客08933","customer08933@example.com","ST02","アクティブ","2026-06-04 15:15:53.266611"
8934,"顧客08934","customer08934@example.com","ST04","退会","2026-06-04 15:15:53.266611"
8935,"顧客08935","customer08935@example.com","ST01","新規","2026-06-04 15:15:53.266611"
8936,"顧客08936","customer08936@example.com","ST03","非アクティブ","2026-06-04 15:15:53.266611"
8937,"顧客08937","customer08937@example.com","ST03","非アクティブ","2026-06-04 15:15:53.266611"
8938,"顧客08938","customer08938@example.com","ST01","新規","2026-06-04 15:15:53.266611"
8939,"顧客08939","customer08939@example.com","ST01","新規","2026-06-04 15:15:53.266611"
8940,"顧客08940","customer08940@example.com","ST02","アクティブ","2026-06-04 15:15:53.266611"
8941,"顧客08941","customer08941@example.com","ST02","アクティブ","2026-06-04 15:15:53.266611"
8942,"顧客08942","customer08942@example.com","ST02","アクティブ","2026-06-04 15:15:53.266611"
8943,"顧客08943","customer08943@example.com","ST02","アクティブ","2026-06-04 15:15:53.266611"
8944,"顧客08944","customer08944@example.com","ST03","非アクティブ","2026-06-04 15:15:53.266611"
8945,"顧客08945","customer08945@example.com","ST04","退会","2026-06-04 15:15:53.266611"
8946,"顧客08946","customer08946@example.com","ST02","アクティブ","2026-06-04 15:15:53.266611"
8947,"顧客08947","customer08947@example.com","ST04","退会","2026-06-04 15:15:53.266611"
8948,"顧客08948","customer08948@example.com","ST01","新規","2026-06-04 15:15:53.266611"
8949,"顧客08949","customer08949@example.com","ST01","新規","2026-06-04 15:15:53.266611"
8950,"顧客08950","customer08950@example.com","ST02","アクティブ","2026-06-04 15:15:53.266611"
8951,"顧客08951","customer08951@example.com","ST04","退会","2026-06-04 15:15:53.266611"
8952,"顧客08952","customer08952@example.com","ST01","新規","2026-06-04 15:15:53.266611"
8953,"顧客08953","customer08953@example.com","ST02","アクティブ","2026-06-04 15:15:53.266611"
8954,"顧客08954","customer08954@example.com","ST02","アクティブ","2026-06-04 15:15:53.266611"
8955,"顧客08955","customer08955@example.com","ST04","退会","2026-06-04 15:15:53.266611"
8956,"顧客08956","customer08956@example.com","ST03","非アクティブ","2026-06-04 15:15:53.266611"
8957,"顧客08957","customer08957@example.com","ST02","アクティブ","2026-06-04 15:15:53.266611"
8958,"顧客08958","customer08958@example.com","ST01","新規","2026-06-04 15:15:53.266611"
8959,"顧客08959","customer08959@example.com","ST03","非アクティブ","2026-06-04 15:15:53.266611"
8960,"顧客08960","customer08960@example.com","ST03","非アクティブ","2026-06-04 15:15:53.266611"
8961,"顧客08961","customer08961@example.com","ST02","アクティブ","2026-06-04 15:15:53.266611"
8962,"顧客08962","customer08962@example.com","ST02","アクティブ","2026-06-04 15:15:53.266611"
8963,"顧客08963","customer08963@example.com","ST03","非アクティブ","2026-06-04 15:15:53.266611"
8964,"顧客08964","customer08964@example.com","ST02","アクティブ","2026-06-04 15:15:53.266611"
8965,"顧客08965","customer08965@example.com","ST03","非アクティブ","2026-06-04 15:15:53.266611"
8966,"顧客08966","customer08966@example.com","ST02","アクティブ","2026-06-04 15:15:53.266611"
8967,"顧客08967","customer08967@example.com","ST03","非アクティブ","2026-06-04 15:15:53.266611"
8968,"顧客08968","customer08968@example.com","ST03","非アクティブ","2026-06-04 15:15:53.266611"
8969,"顧客08969","customer08969@example.com","ST01","新規","2026-06-04 15:15:53.266611"
8970,"顧客08970","customer08970@example.com","ST02","アクティブ","2026-06-04 15:15:53.266611"
8971,"顧客08971","customer08971@example.com","ST04","退会","2026-06-04 15:15:53.266611"
8972,"顧客08972","customer08972@example.com","ST02","アクティブ","2026-06-04 15:15:53.266611"
8973,"顧客08973","customer08973@example.com","ST03","非アクティブ","2026-06-04 15:15:53.266611"
8974,"顧客08974","customer08974@example.com","ST01","新規","2026-06-04 15:15:53.266611"
8975,"顧客08975","customer08975@example.com","ST02","アクティブ","2026-06-04 15:15:53.266611"
8976,"顧客08976","customer08976@example.com","ST03","非アクティブ","2026-06-04 15:15:53.266611"
8977,"顧客08977","customer08977@example.com","ST02","アクティブ","2026-06-04 15:15:53.266611"
8978,"顧客08978","customer08978@example.com","ST03","非アクティブ","2026-06-04 15:15:53.266611"
8979,"顧客08979","customer08979@example.com","ST02","アクティブ","2026-06-04 15:15:53.266611"
8980,"顧客08980","customer08980@example.com","ST02","アクティブ","2026-06-04 15:15:53.266611"
8981,"顧客08981","customer08981@example.com","ST04","退会","2026-06-04 15:15:53.266611"
8982,"顧客08982","customer08982@example.com","ST02","アクティブ","2026-06-04 15:15:53.266611"
8983,"顧客08983","customer08983@example.com","ST04","退会","2026-06-04 15:15:53.266611"
8984,"顧客08984","customer08984@example.com","ST01","新規","2026-06-04 15:15:53.266611"
8985,"顧客08985","customer08985@example.com","ST02","アクティブ","2026-06-04 15:15:53.266611"
8986,"顧客08986","customer08986@example.com","ST02","アクティブ","2026-06-04 15:15:53.266611"
8987,"顧客08987","customer08987@example.com","ST02","アクティブ","2026-06-04 15:15:53.266611"
8988,"顧客08988","customer08988@example.com","ST03","非アクティブ","2026-06-04 15:15:53.266611"
8989,"顧客08989","customer08989@example.com","ST04","退会","2026-06-04 15:15:53.266611"
8990,"顧客08990","customer08990@example.com","ST02","アクティブ","2026-06-04 15:15:53.266611"
8991,"顧客08991","customer08991@example.com","ST02","アクティブ","2026-06-04 15:15:53.266611"
8992,"顧客08992","customer08992@example.com","ST03","非アクティブ","2026-06-04 15:15:53.266611"
8993,"顧客08993","customer08993@example.com","ST03","非アクティブ","2026-06-04 15:15:53.266611"
8994,"顧客08994","customer08994@example.com","ST03","非アクティブ","2026-06-04 15:15:53.266611"
8995,"顧客08995","customer08995@example.com","ST02","アクティブ","2026-06-04 15:15:53.266611"
8996,"顧客08996","customer08996@example.com","ST01","新規","2026-06-04 15:15:53.266611"
8997,"顧客08997","customer08997@example.com","ST03","非アクティブ","2026-06-04 15:15:53.266611"
8998,"顧客08998","customer08998@example.com","ST01","新規","2026-06-04 15:15:53.266611"
8999,"顧客08999","customer08999@example.com","ST01","新規","2026-06-04 15:15:53.266611"
9000,"顧客09000","customer09000@example.com","ST02","アクティブ","2026-06-04 15:15:53.266611"
9001,"顧客09001","customer09001@example.com","ST02","アクティブ","2026-06-04 15:15:53.266611"
9002,"顧客09002","customer09002@example.com","ST03","非アクティブ","2026-06-04 15:15:53.266611"
9003,"顧客09003","customer09003@example.com","ST01","新規","2026-06-04 15:15:53.266611"
9004,"顧客09004","customer09004@example.com","ST04","退会","2026-06-04 15:15:53.266611"
9005,"顧客09005","customer09005@example.com","ST03","非アクティブ","2026-06-04 15:15:53.266611"
9006,"顧客09006","customer09006@example.com","ST01","新規","2026-06-04 15:15:53.266611"
9007,"顧客09007","customer09007@example.com","ST04","退会","2026-06-04 15:15:53.266611"
9008,"顧客09008","customer09008@example.com","ST02","アクティブ","2026-06-04 15:15:53.266611"
9009,"顧客09009","customer09009@example.com","ST02","アクティブ","2026-06-04 15:15:53.266611"
9010,"顧客09010","customer09010@example.com","ST01","新規","2026-06-04 15:15:53.266611"
9011,"顧客09011","customer09011@example.com","ST01","新規","2026-06-04 15:15:53.266611"
9012,"顧客09012","customer09012@example.com","ST04","退会","2026-06-04 15:15:53.266611"
9013,"顧客09013","customer09013@example.com","ST03","非アクティブ","2026-06-04 15:15:53.266611"
9014,"顧客09014","customer09014@example.com","ST03","非アクティブ","2026-06-04 15:15:53.266611"
9015,"顧客09015","customer09015@example.com","ST03","非アクティブ","2026-06-04 15:15:53.266611"
9016,"顧客09016","customer09016@example.com","ST04","退会","2026-06-04 15:15:53.266611"
9017,"顧客09017","customer09017@example.com","ST03","非アクティブ","2026-06-04 15:15:53.266611"
9018,"顧客09018","customer09018@example.com","ST01","新規","2026-06-04 15:15:53.266611"
9019,"顧客09019","customer09019@example.com","ST03","非アクティブ","2026-06-04 15:15:53.266611"
9020,"顧客09020","customer09020@example.com","ST03","非アクティブ","2026-06-04 15:15:53.266611"
9021,"顧客09021","customer09021@example.com","ST04","退会","2026-06-04 15:15:53.266611"
9022,"顧客09022","customer09022@example.com","ST03","非アクティブ","2026-06-04 15:15:53.266611"
9023,"顧客09023","customer09023@example.com","ST01","新規","2026-06-04 15:15:53.266611"
9024,"顧客09024","customer09024@example.com","ST02","アクティブ","2026-06-04 15:15:53.266611"
9025,"顧客09025","customer09025@example.com","ST03","非アクティブ","2026-06-04 15:15:53.266611"
9026,"顧客09026","customer09026@example.com","ST02","アクティブ","2026-06-04 15:15:53.266611"
9027,"顧客09027","customer09027@example.com","ST01","新規","2026-06-04 15:15:53.266611"
9028,"顧客09028","customer09028@example.com","ST03","非アクティブ","2026-06-04 15:15:53.266611"
9029,"顧客09029","customer09029@example.com","ST04","退会","2026-06-04 15:15:53.266611"
9030,"顧客09030","customer09030@example.com","ST01","新規","2026-06-04 15:15:53.266611"
9031,"顧客09031","customer09031@example.com","ST03","非アクティブ","2026-06-04 15:15:53.266611"
9032,"顧客09032","customer09032@example.com","ST01","新規","2026-06-04 15:15:53.266611"
9033,"顧客09033","customer09033@example.com","ST03","非アクティブ","2026-06-04 15:15:53.266611"
9034,"顧客09034","customer09034@example.com","ST04","退会","2026-06-04 15:15:53.266611"
9035,"顧客09035","customer09035@example.com","ST04","退会","2026-06-04 15:15:53.266611"
9036,"顧客09036","customer09036@example.com","ST01","新規","2026-06-04 15:15:53.266611"
9037,"顧客09037","customer09037@example.com","ST04","退会","2026-06-04 15:15:53.266611"
9038,"顧客09038","customer09038@example.com","ST02","アクティブ","2026-06-04 15:15:53.266611"
9039,"顧客09039","customer09039@example.com","ST03","非アクティブ","2026-06-04 15:15:53.266611"
9040,"顧客09040","customer09040@example.com","ST03","非アクティブ","2026-06-04 15:15:53.266611"
9041,"顧客09041","customer09041@example.com","ST04","退会","2026-06-04 15:15:53.266611"
9042,"顧客09042","customer09042@example.com","ST03","非アクティブ","2026-06-04 15:15:53.266611"
9043,"顧客09043","customer09043@example.com","ST01","新規","2026-06-04 15:15:53.266611"
9044,"顧客09044","customer09044@example.com","ST03","非アクティブ","2026-06-04 15:15:53.266611"
9045,"顧客09045","customer09045@example.com","ST02","アクティブ","2026-06-04 15:15:53.266611"
9046,"顧客09046","customer09046@example.com","ST03","非アクティブ","2026-06-04 15:15:53.266611"
9047,"顧客09047","customer09047@example.com","ST02","アクティブ","2026-06-04 15:15:53.266611"
9048,"顧客09048","customer09048@example.com","ST02","アクティブ","2026-06-04 15:15:53.266611"
9049,"顧客09049","customer09049@example.com","ST03","非アクティブ","2026-06-04 15:15:53.266611"
9050,"顧客09050","customer09050@example.com","ST03","非アクティブ","2026-06-04 15:15:53.266611"
9051,"顧客09051","customer09051@example.com","ST03","非アクティブ","2026-06-04 15:15:53.266611"
9052,"顧客09052","customer09052@example.com","ST04","退会","2026-06-04 15:15:53.266611"
9053,"顧客09053","customer09053@example.com","ST04","退会","2026-06-04 15:15:53.266611"
9054,"顧客09054","customer09054@example.com","ST03","非アクティブ","2026-06-04 15:15:53.266611"
9055,"顧客09055","customer09055@example.com","ST03","非アクティブ","2026-06-04 15:15:53.266611"
9056,"顧客09056","customer09056@example.com","ST03","非アクティブ","2026-06-04 15:15:53.266611"
9057,"顧客09057","customer09057@example.com","ST04","退会","2026-06-04 15:15:53.266611"
9058,"顧客09058","customer09058@example.com","ST03","非アクティブ","2026-06-04 15:15:53.266611"
9059,"顧客09059","customer09059@example.com","ST02","アクティブ","2026-06-04 15:15:53.266611"
9060,"顧客09060","customer09060@example.com","ST04","退会","2026-06-04 15:15:53.266611"
9061,"顧客09061","customer09061@example.com","ST02","アクティブ","2026-06-04 15:15:53.266611"
9062,"顧客09062","customer09062@example.com","ST02","アクティブ","2026-06-04 15:15:53.266611"
9063,"顧客09063","customer09063@example.com","ST01","新規","2026-06-04 15:15:53.266611"
9064,"顧客09064","customer09064@example.com","ST02","アクティブ","2026-06-04 15:15:53.266611"
9065,"顧客09065","customer09065@example.com","ST04","退会","2026-06-04 15:15:53.266611"
9066,"顧客09066","customer09066@example.com","ST03","非アクティブ","2026-06-04 15:15:53.266611"
9067,"顧客09067","customer09067@example.com","ST03","非アクティブ","2026-06-04 15:15:53.266611"
9068,"顧客09068","customer09068@example.com","ST04","退会","2026-06-04 15:15:53.266611"
9069,"顧客09069","customer09069@example.com","ST01","新規","2026-06-04 15:15:53.266611"
9070,"顧客09070","customer09070@example.com","ST02","アクティブ","2026-06-04 15:15:53.266611"
9071,"顧客09071","customer09071@example.com","ST04","退会","2026-06-04 15:15:53.266611"
9072,"顧客09072","customer09072@example.com","ST02","アクティブ","2026-06-04 15:15:53.266611"
9073,"顧客09073","customer09073@example.com","ST03","非アクティブ","2026-06-04 15:15:53.266611"
9074,"顧客09074","customer09074@example.com","ST02","アクティブ","2026-06-04 15:15:53.266611"
9075,"顧客09075","customer09075@example.com","ST04","退会","2026-06-04 15:15:53.266611"
9076,"顧客09076","customer09076@example.com","ST03","非アクティブ","2026-06-04 15:15:53.266611"
9077,"顧客09077","customer09077@example.com","ST02","アクティブ","2026-06-04 15:15:53.266611"
9078,"顧客09078","customer09078@example.com","ST03","非アクティブ","2026-06-04 15:15:53.266611"
9079,"顧客09079","customer09079@example.com","ST03","非アクティブ","2026-06-04 15:15:53.266611"
9080,"顧客09080","customer09080@example.com","ST03","非アクティブ","2026-06-04 15:15:53.266611"
9081,"顧客09081","customer09081@example.com","ST02","アクティブ","2026-06-04 15:15:53.266611"
9082,"顧客09082","customer09082@example.com","ST04","退会","2026-06-04 15:15:53.266611"
9083,"顧客09083","customer09083@example.com","ST02","アクティブ","2026-06-04 15:15:53.266611"
9084,"顧客09084","customer09084@example.com","ST04","退会","2026-06-04 15:15:53.266611"
9085,"顧客09085","customer09085@example.com","ST02","アクティブ","2026-06-04 15:15:53.266611"
9086,"顧客09086","customer09086@example.com","ST01","新規","2026-06-04 15:15:53.266611"
9087,"顧客09087","customer09087@example.com","ST03","非アクティブ","2026-06-04 15:15:53.266611"
9088,"顧客09088","customer09088@example.com","ST01","新規","2026-06-04 15:15:53.266611"
9089,"顧客09089","customer09089@example.com","ST04","退会","2026-06-04 15:15:53.266611"
9090,"顧客09090","customer09090@example.com","ST01","新規","2026-06-04 15:15:53.266611"
9091,"顧客09091","customer09091@example.com","ST03","非アクティブ","2026-06-04 15:15:53.266611"
9092,"顧客09092","customer09092@example.com","ST04","退会","2026-06-04 15:15:53.266611"
9093,"顧客09093","customer09093@example.com","ST01","新規","2026-06-04 15:15:53.266611"
9094,"顧客09094","customer09094@example.com","ST04","退会","2026-06-04 15:15:53.266611"
9095,"顧客09095","customer09095@example.com","ST03","非アクティブ","2026-06-04 15:15:53.266611"
9096,"顧客09096","customer09096@example.com","ST02","アクティブ","2026-06-04 15:15:53.266611"
9097,"顧客09097","customer09097@example.com","ST02","アクティブ","2026-06-04 15:15:53.266611"
9098,"顧客09098","customer09098@example.com","ST01","新規","2026-06-04 15:15:53.266611"
9099,"顧客09099","customer09099@example.com","ST01","新規","2026-06-04 15:15:53.266611"
9100,"顧客09100","customer09100@example.com","ST03","非アクティブ","2026-06-04 15:15:53.266611"
9101,"顧客09101","customer09101@example.com","ST03","非アクティブ","2026-06-04 15:15:53.266611"
9102,"顧客09102","customer09102@example.com","ST02","アクティブ","2026-06-04 15:15:53.266611"
9103,"顧客09103","customer09103@example.com","ST02","アクティブ","2026-06-04 15:15:53.266611"
9104,"顧客09104","customer09104@example.com","ST04","退会","2026-06-04 15:15:53.266611"
9105,"顧客09105","customer09105@example.com","ST02","アクティブ","2026-06-04 15:15:53.266611"
9106,"顧客09106","customer09106@example.com","ST04","退会","2026-06-04 15:15:53.266611"
9107,"顧客09107","customer09107@example.com","ST01","新規","2026-06-04 15:15:53.266611"
9108,"顧客09108","customer09108@example.com","ST03","非アクティブ","2026-06-04 15:15:53.266611"
9109,"顧客09109","customer09109@example.com","ST04","退会","2026-06-04 15:15:53.266611"
9110,"顧客09110","customer09110@example.com","ST03","非アクティブ","2026-06-04 15:15:53.266611"
9111,"顧客09111","customer09111@example.com","ST04","退会","2026-06-04 15:15:53.266611"
9112,"顧客09112","customer09112@example.com","ST02","アクティブ","2026-06-04 15:15:53.266611"
9113,"顧客09113","customer09113@example.com","ST01","新規","2026-06-04 15:15:53.266611"
9114,"顧客09114","customer09114@example.com","ST03","非アクティブ","2026-06-04 15:15:53.266611"
9115,"顧客09115","customer09115@example.com","ST03","非アクティブ","2026-06-04 15:15:53.266611"
9116,"顧客09116","customer09116@example.com","ST04","退会","2026-06-04 15:15:53.266611"
9117,"顧客09117","customer09117@example.com","ST01","新規","2026-06-04 15:15:53.266611"
9118,"顧客09118","customer09118@example.com","ST04","退会","2026-06-04 15:15:53.266611"
9119,"顧客09119","customer09119@example.com","ST03","非アクティブ","2026-06-04 15:15:53.266611"
9120,"顧客09120","customer09120@example.com","ST01","新規","2026-06-04 15:15:53.266611"
9121,"顧客09121","customer09121@example.com","ST03","非アクティブ","2026-06-04 15:15:53.266611"
9122,"顧客09122","customer09122@example.com","ST02","アクティブ","2026-06-04 15:15:53.266611"
9123,"顧客09123","customer09123@example.com","ST03","非アクティブ","2026-06-04 15:15:53.266611"
9124,"顧客09124","customer09124@example.com","ST01","新規","2026-06-04 15:15:53.266611"
9125,"顧客09125","customer09125@example.com","ST03","非アクティブ","2026-06-04 15:15:53.266611"
9126,"顧客09126","customer09126@example.com","ST01","新規","2026-06-04 15:15:53.266611"
9127,"顧客09127","customer09127@example.com","ST04","退会","2026-06-04 15:15:53.266611"
9128,"顧客09128","customer09128@example.com","ST03","非アクティブ","2026-06-04 15:15:53.266611"
9129,"顧客09129","customer09129@example.com","ST02","アクティブ","2026-06-04 15:15:53.266611"
9130,"顧客09130","customer09130@example.com","ST04","退会","2026-06-04 15:15:53.266611"
9131,"顧客09131","customer09131@example.com","ST03","非アクティブ","2026-06-04 15:15:53.266611"
9132,"顧客09132","customer09132@example.com","ST03","非アクティブ","2026-06-04 15:15:53.266611"
9133,"顧客09133","customer09133@example.com","ST02","アクティブ","2026-06-04 15:15:53.266611"
9134,"顧客09134","customer09134@example.com","ST01","新規","2026-06-04 15:15:53.266611"
9135,"顧客09135","customer09135@example.com","ST03","非アクティブ","2026-06-04 15:15:53.266611"
9136,"顧客09136","customer09136@example.com","ST03","非アクティブ","2026-06-04 15:15:53.266611"
9137,"顧客09137","customer09137@example.com","ST03","非アクティブ","2026-06-04 15:15:53.266611"
9138,"顧客09138","customer09138@example.com","ST03","非アクティブ","2026-06-04 15:15:53.266611"
9139,"顧客09139","customer09139@example.com","ST03","非アクティブ","2026-06-04 15:15:53.266611"
9140,"顧客09140","customer09140@example.com","ST01","新規","2026-06-04 15:15:53.266611"
9141,"顧客09141","customer09141@example.com","ST04","退会","2026-06-04 15:15:53.266611"
9142,"顧客09142","customer09142@example.com","ST03","非アクティブ","2026-06-04 15:15:53.266611"
9143,"顧客09143","customer09143@example.com","ST02","アクティブ","2026-06-04 15:15:53.266611"
9144,"顧客09144","customer09144@example.com","ST04","退会","2026-06-04 15:15:53.266611"
9145,"顧客09145","customer09145@example.com","ST03","非アクティブ","2026-06-04 15:15:53.266611"
9146,"顧客09146","customer09146@example.com","ST04","退会","2026-06-04 15:15:53.266611"
9147,"顧客09147","customer09147@example.com","ST03","非アクティブ","2026-06-04 15:15:53.266611"
9148,"顧客09148","customer09148@example.com","ST02","アクティブ","2026-06-04 15:15:53.266611"
9149,"顧客09149","customer09149@example.com","ST04","退会","2026-06-04 15:15:53.266611"
9150,"顧客09150","customer09150@example.com","ST02","アクティブ","2026-06-04 15:15:53.266611"
9151,"顧客09151","customer09151@example.com","ST01","新規","2026-06-04 15:15:53.266611"
9152,"顧客09152","customer09152@example.com","ST04","退会","2026-06-04 15:15:53.266611"
9153,"顧客09153","customer09153@example.com","ST01","新規","2026-06-04 15:15:53.266611"
9154,"顧客09154","customer09154@example.com","ST01","新規","2026-06-04 15:15:53.266611"
9155,"顧客09155","customer09155@example.com","ST02","アクティブ","2026-06-04 15:15:53.266611"
9156,"顧客09156","customer09156@example.com","ST04","退会","2026-06-04 15:15:53.266611"
9157,"顧客09157","customer09157@example.com","ST03","非アクティブ","2026-06-04 15:15:53.266611"
9158,"顧客09158","customer09158@example.com","ST04","退会","2026-06-04 15:15:53.266611"
9159,"顧客09159","customer09159@example.com","ST01","新規","2026-06-04 15:15:53.266611"
9160,"顧客09160","customer09160@example.com","ST03","非アクティブ","2026-06-04 15:15:53.266611"
9161,"顧客09161","customer09161@example.com","ST04","退会","2026-06-04 15:15:53.266611"
9162,"顧客09162","customer09162@example.com","ST04","退会","2026-06-04 15:15:53.266611"
9163,"顧客09163","customer09163@example.com","ST04","退会","2026-06-04 15:15:53.266611"
9164,"顧客09164","customer09164@example.com","ST02","アクティブ","2026-06-04 15:15:53.266611"
9165,"顧客09165","customer09165@example.com","ST03","非アクティブ","2026-06-04 15:15:53.266611"
9166,"顧客09166","customer09166@example.com","ST02","アクティブ","2026-06-04 15:15:53.266611"
9167,"顧客09167","customer09167@example.com","ST03","非アクティブ","2026-06-04 15:15:53.266611"
9168,"顧客09168","customer09168@example.com","ST02","アクティブ","2026-06-04 15:15:53.266611"
9169,"顧客09169","customer09169@example.com","ST03","非アクティブ","2026-06-04 15:15:53.266611"
9170,"顧客09170","customer09170@example.com","ST02","アクティブ","2026-06-04 15:15:53.266611"
9171,"顧客09171","customer09171@example.com","ST03","非アクティブ","2026-06-04 15:15:53.266611"
9172,"顧客09172","customer09172@example.com","ST02","アクティブ","2026-06-04 15:15:53.266611"
9173,"顧客09173","customer09173@example.com","ST01","新規","2026-06-04 15:15:53.266611"
9174,"顧客09174","customer09174@example.com","ST04","退会","2026-06-04 15:15:53.266611"
9175,"顧客09175","customer09175@example.com","ST02","アクティブ","2026-06-04 15:15:53.266611"
9176,"顧客09176","customer09176@example.com","ST02","アクティブ","2026-06-04 15:15:53.266611"
9177,"顧客09177","customer09177@example.com","ST02","アクティブ","2026-06-04 15:15:53.266611"
9178,"顧客09178","customer09178@example.com","ST02","アクティブ","2026-06-04 15:15:53.266611"
9179,"顧客09179","customer09179@example.com","ST04","退会","2026-06-04 15:15:53.266611"
9180,"顧客09180","customer09180@example.com","ST01","新規","2026-06-04 15:15:53.266611"
9181,"顧客09181","customer09181@example.com","ST04","退会","2026-06-04 15:15:53.266611"
9182,"顧客09182","customer09182@example.com","ST02","アクティブ","2026-06-04 15:15:53.266611"
9183,"顧客09183","customer09183@example.com","ST02","アクティブ","2026-06-04 15:15:53.266611"
9184,"顧客09184","customer09184@example.com","ST02","アクティブ","2026-06-04 15:15:53.266611"
9185,"顧客09185","customer09185@example.com","ST01","新規","2026-06-04 15:15:53.266611"
9186,"顧客09186","customer09186@example.com","ST03","非アクティブ","2026-06-04 15:15:53.266611"
9187,"顧客09187","customer09187@example.com","ST02","アクティブ","2026-06-04 15:15:53.266611"
9188,"顧客09188","customer09188@example.com","ST02","アクティブ","2026-06-04 15:15:53.266611"
9189,"顧客09189","customer09189@example.com","ST02","アクティブ","2026-06-04 15:15:53.266611"
9190,"顧客09190","customer09190@example.com","ST01","新規","2026-06-04 15:15:53.266611"
9191,"顧客09191","customer09191@example.com","ST02","アクティブ","2026-06-04 15:15:53.266611"
9192,"顧客09192","customer09192@example.com","ST03","非アクティブ","2026-06-04 15:15:53.266611"
9193,"顧客09193","customer09193@example.com","ST04","退会","2026-06-04 15:15:53.266611"
9194,"顧客09194","customer09194@example.com","ST03","非アクティブ","2026-06-04 15:15:53.266611"
9195,"顧客09195","customer09195@example.com","ST01","新規","2026-06-04 15:15:53.266611"
9196,"顧客09196","customer09196@example.com","ST02","アクティブ","2026-06-04 15:15:53.266611"
9197,"顧客09197","customer09197@example.com","ST01","新規","2026-06-04 15:15:53.266611"
9198,"顧客09198","customer09198@example.com","ST04","退会","2026-06-04 15:15:53.266611"
9199,"顧客09199","customer09199@example.com","ST02","アクティブ","2026-06-04 15:15:53.266611"
9200,"顧客09200","customer09200@example.com","ST02","アクティブ","2026-06-04 15:15:53.266611"
9201,"顧客09201","customer09201@example.com","ST02","アクティブ","2026-06-04 15:15:53.266611"
9202,"顧客09202","customer09202@example.com","ST01","新規","2026-06-04 15:15:53.266611"
9203,"顧客09203","customer09203@example.com","ST02","アクティブ","2026-06-04 15:15:53.266611"
9204,"顧客09204","customer09204@example.com","ST02","アクティブ","2026-06-04 15:15:53.266611"
9205,"顧客09205","customer09205@example.com","ST02","アクティブ","2026-06-04 15:15:53.266611"
9206,"顧客09206","customer09206@example.com","ST01","新規","2026-06-04 15:15:53.266611"
9207,"顧客09207","customer09207@example.com","ST01","新規","2026-06-04 15:15:53.266611"
9208,"顧客09208","customer09208@example.com","ST03","非アクティブ","2026-06-04 15:15:53.266611"
9209,"顧客09209","customer09209@example.com","ST03","非アクティブ","2026-06-04 15:15:53.266611"
9210,"顧客09210","customer09210@example.com","ST02","アクティブ","2026-06-04 15:15:53.266611"
9211,"顧客09211","customer09211@example.com","ST03","非アクティブ","2026-06-04 15:15:53.266611"
9212,"顧客09212","customer09212@example.com","ST03","非アクティブ","2026-06-04 15:15:53.266611"
9213,"顧客09213","customer09213@example.com","ST04","退会","2026-06-04 15:15:53.266611"
9214,"顧客09214","customer09214@example.com","ST04","退会","2026-06-04 15:15:53.266611"
9215,"顧客09215","customer09215@example.com","ST02","アクティブ","2026-06-04 15:15:53.266611"
9216,"顧客09216","customer09216@example.com","ST03","非アクティブ","2026-06-04 15:15:53.266611"
9217,"顧客09217","customer09217@example.com","ST04","退会","2026-06-04 15:15:53.266611"
9218,"顧客09218","customer09218@example.com","ST01","新規","2026-06-04 15:15:53.266611"
9219,"顧客09219","customer09219@example.com","ST02","アクティブ","2026-06-04 15:15:53.266611"
9220,"顧客09220","customer09220@example.com","ST01","新規","2026-06-04 15:15:53.266611"
9221,"顧客09221","customer09221@example.com","ST04","退会","2026-06-04 15:15:53.266611"
9222,"顧客09222","customer09222@example.com","ST04","退会","2026-06-04 15:15:53.266611"
9223,"顧客09223","customer09223@example.com","ST02","アクティブ","2026-06-04 15:15:53.266611"
9224,"顧客09224","customer09224@example.com","ST02","アクティブ","2026-06-04 15:15:53.266611"
9225,"顧客09225","customer09225@example.com","ST01","新規","2026-06-04 15:15:53.266611"
9226,"顧客09226","customer09226@example.com","ST01","新規","2026-06-04 15:15:53.266611"
9227,"顧客09227","customer09227@example.com","ST04","退会","2026-06-04 15:15:53.266611"
9228,"顧客09228","customer09228@example.com","ST03","非アクティブ","2026-06-04 15:15:53.266611"
9229,"顧客09229","customer09229@example.com","ST01","新規","2026-06-04 15:15:53.266611"
9230,"顧客09230","customer09230@example.com","ST01","新規","2026-06-04 15:15:53.266611"
9231,"顧客09231","customer09231@example.com","ST03","非アクティブ","2026-06-04 15:15:53.266611"
9232,"顧客09232","customer09232@example.com","ST02","アクティブ","2026-06-04 15:15:53.266611"
9233,"顧客09233","customer09233@example.com","ST01","新規","2026-06-04 15:15:53.266611"
9234,"顧客09234","customer09234@example.com","ST02","アクティブ","2026-06-04 15:15:53.266611"
9235,"顧客09235","customer09235@example.com","ST03","非アクティブ","2026-06-04 15:15:53.266611"
9236,"顧客09236","customer09236@example.com","ST03","非アクティブ","2026-06-04 15:15:53.266611"
9237,"顧客09237","customer09237@example.com","ST03","非アクティブ","2026-06-04 15:15:53.266611"
9238,"顧客09238","customer09238@example.com","ST03","非アクティブ","2026-06-04 15:15:53.266611"
9239,"顧客09239","customer09239@example.com","ST02","アクティブ","2026-06-04 15:15:53.266611"
9240,"顧客09240","customer09240@example.com","ST01","新規","2026-06-04 15:15:53.266611"
9241,"顧客09241","customer09241@example.com","ST01","新規","2026-06-04 15:15:53.266611"
9242,"顧客09242","customer09242@example.com","ST04","退会","2026-06-04 15:15:53.266611"
9243,"顧客09243","customer09243@example.com","ST04","退会","2026-06-04 15:15:53.266611"
9244,"顧客09244","customer09244@example.com","ST02","アクティブ","2026-06-04 15:15:53.266611"
9245,"顧客09245","customer09245@example.com","ST04","退会","2026-06-04 15:15:53.266611"
9246,"顧客09246","customer09246@example.com","ST01","新規","2026-06-04 15:15:53.266611"
9247,"顧客09247","customer09247@example.com","ST01","新規","2026-06-04 15:15:53.266611"
9248,"顧客09248","customer09248@example.com","ST02","アクティブ","2026-06-04 15:15:53.266611"
9249,"顧客09249","customer09249@example.com","ST02","アクティブ","2026-06-04 15:15:53.266611"
9250,"顧客09250","customer09250@example.com","ST04","退会","2026-06-04 15:15:53.266611"
9251,"顧客09251","customer09251@example.com","ST01","新規","2026-06-04 15:15:53.266611"
9252,"顧客09252","customer09252@example.com","ST02","アクティブ","2026-06-04 15:15:53.266611"
9253,"顧客09253","customer09253@example.com","ST02","アクティブ","2026-06-04 15:15:53.266611"
9254,"顧客09254","customer09254@example.com","ST03","非アクティブ","2026-06-04 15:15:53.266611"
9255,"顧客09255","customer09255@example.com","ST02","アクティブ","2026-06-04 15:15:53.266611"
9256,"顧客09256","customer09256@example.com","ST02","アクティブ","2026-06-04 15:15:53.266611"
9257,"顧客09257","customer09257@example.com","ST02","アクティブ","2026-06-04 15:15:53.266611"
9258,"顧客09258","customer09258@example.com","ST01","新規","2026-06-04 15:15:53.266611"
9259,"顧客09259","customer09259@example.com","ST02","アクティブ","2026-06-04 15:15:53.266611"
9260,"顧客09260","customer09260@example.com","ST04","退会","2026-06-04 15:15:53.266611"
9261,"顧客09261","customer09261@example.com","ST02","アクティブ","2026-06-04 15:15:53.266611"
9262,"顧客09262","customer09262@example.com","ST03","非アクティブ","2026-06-04 15:15:53.266611"
9263,"顧客09263","customer09263@example.com","ST02","アクティブ","2026-06-04 15:15:53.266611"
9264,"顧客09264","customer09264@example.com","ST02","アクティブ","2026-06-04 15:15:53.266611"
9265,"顧客09265","customer09265@example.com","ST02","アクティブ","2026-06-04 15:15:53.266611"
9266,"顧客09266","customer09266@example.com","ST04","退会","2026-06-04 15:15:53.266611"
9267,"顧客09267","customer09267@example.com","ST01","新規","2026-06-04 15:15:53.266611"
9268,"顧客09268","customer09268@example.com","ST03","非アクティブ","2026-06-04 15:15:53.266611"
9269,"顧客09269","customer09269@example.com","ST02","アクティブ","2026-06-04 15:15:53.266611"
9270,"顧客09270","customer09270@example.com","ST01","新規","2026-06-04 15:15:53.266611"
9271,"顧客09271","customer09271@example.com","ST02","アクティブ","2026-06-04 15:15:53.266611"
9272,"顧客09272","customer09272@example.com","ST02","アクティブ","2026-06-04 15:15:53.266611"
9273,"顧客09273","customer09273@example.com","ST03","非アクティブ","2026-06-04 15:15:53.266611"
9274,"顧客09274","customer09274@example.com","ST02","アクティブ","2026-06-04 15:15:53.266611"
9275,"顧客09275","customer09275@example.com","ST03","非アクティブ","2026-06-04 15:15:53.266611"
9276,"顧客09276","customer09276@example.com","ST03","非アクティブ","2026-06-04 15:15:53.266611"
9277,"顧客09277","customer09277@example.com","ST03","非アクティブ","2026-06-04 15:15:53.266611"
9278,"顧客09278","customer09278@example.com","ST04","退会","2026-06-04 15:15:53.266611"
9279,"顧客09279","customer09279@example.com","ST03","非アクティブ","2026-06-04 15:15:53.266611"
9280,"顧客09280","customer09280@example.com","ST03","非アクティブ","2026-06-04 15:15:53.266611"
9281,"顧客09281","customer09281@example.com","ST04","退会","2026-06-04 15:15:53.266611"
9282,"顧客09282","customer09282@example.com","ST04","退会","2026-06-04 15:15:53.266611"
9283,"顧客09283","customer09283@example.com","ST03","非アクティブ","2026-06-04 15:15:53.266611"
9284,"顧客09284","customer09284@example.com","ST03","非アクティブ","2026-06-04 15:15:53.266611"
9285,"顧客09285","customer09285@example.com","ST03","非アクティブ","2026-06-04 15:15:53.266611"
9286,"顧客09286","customer09286@example.com","ST02","アクティブ","2026-06-04 15:15:53.266611"
9287,"顧客09287","customer09287@example.com","ST03","非アクティブ","2026-06-04 15:15:53.266611"
9288,"顧客09288","customer09288@example.com","ST02","アクティブ","2026-06-04 15:15:53.266611"
9289,"顧客09289","customer09289@example.com","ST02","アクティブ","2026-06-04 15:15:53.266611"
9290,"顧客09290","customer09290@example.com","ST01","新規","2026-06-04 15:15:53.266611"
9291,"顧客09291","customer09291@example.com","ST01","新規","2026-06-04 15:15:53.266611"
9292,"顧客09292","customer09292@example.com","ST03","非アクティブ","2026-06-04 15:15:53.266611"
9293,"顧客09293","customer09293@example.com","ST04","退会","2026-06-04 15:15:53.266611"
9294,"顧客09294","customer09294@example.com","ST03","非アクティブ","2026-06-04 15:15:53.266611"
9295,"顧客09295","customer09295@example.com","ST02","アクティブ","2026-06-04 15:15:53.266611"
9296,"顧客09296","customer09296@example.com","ST04","退会","2026-06-04 15:15:53.266611"
9297,"顧客09297","customer09297@example.com","ST04","退会","2026-06-04 15:15:53.266611"
9298,"顧客09298","customer09298@example.com","ST04","退会","2026-06-04 15:15:53.266611"
9299,"顧客09299","customer09299@example.com","ST02","アクティブ","2026-06-04 15:15:53.266611"
9300,"顧客09300","customer09300@example.com","ST01","新規","2026-06-04 15:15:53.266611"
9301,"顧客09301","customer09301@example.com","ST02","アクティブ","2026-06-04 15:15:53.266611"
9302,"顧客09302","customer09302@example.com","ST04","退会","2026-06-04 15:15:53.266611"
9303,"顧客09303","customer09303@example.com","ST01","新規","2026-06-04 15:15:53.266611"
9304,"顧客09304","customer09304@example.com","ST04","退会","2026-06-04 15:15:53.266611"
9305,"顧客09305","customer09305@example.com","ST02","アクティブ","2026-06-04 15:15:53.266611"
9306,"顧客09306","customer09306@example.com","ST02","アクティブ","2026-06-04 15:15:53.266611"
9307,"顧客09307","customer09307@example.com","ST03","非アクティブ","2026-06-04 15:15:53.266611"
9308,"顧客09308","customer09308@example.com","ST02","アクティブ","2026-06-04 15:15:53.266611"
9309,"顧客09309","customer09309@example.com","ST03","非アクティブ","2026-06-04 15:15:53.266611"
9310,"顧客09310","customer09310@example.com","ST02","アクティブ","2026-06-04 15:15:53.266611"
9311,"顧客09311","customer09311@example.com","ST03","非アクティブ","2026-06-04 15:15:53.266611"
9312,"顧客09312","customer09312@example.com","ST02","アクティブ","2026-06-04 15:15:53.266611"
9313,"顧客09313","customer09313@example.com","ST03","非アクティブ","2026-06-04 15:15:53.266611"
9314,"顧客09314","customer09314@example.com","ST04","退会","2026-06-04 15:15:53.266611"
9315,"顧客09315","customer09315@example.com","ST01","新規","2026-06-04 15:15:53.266611"
9316,"顧客09316","customer09316@example.com","ST03","非アクティブ","2026-06-04 15:15:53.266611"
9317,"顧客09317","customer09317@example.com","ST04","退会","2026-06-04 15:15:53.266611"
9318,"顧客09318","customer09318@example.com","ST03","非アクティブ","2026-06-04 15:15:53.266611"
9319,"顧客09319","customer09319@example.com","ST02","アクティブ","2026-06-04 15:15:53.266611"
9320,"顧客09320","customer09320@example.com","ST03","非アクティブ","2026-06-04 15:15:53.266611"
9321,"顧客09321","customer09321@example.com","ST02","アクティブ","2026-06-04 15:15:53.266611"
9322,"顧客09322","customer09322@example.com","ST01","新規","2026-06-04 15:15:53.266611"
9323,"顧客09323","customer09323@example.com","ST02","アクティブ","2026-06-04 15:15:53.266611"
9324,"顧客09324","customer09324@example.com","ST03","非アクティブ","2026-06-04 15:15:53.266611"
9325,"顧客09325","customer09325@example.com","ST02","アクティブ","2026-06-04 15:15:53.266611"
9326,"顧客09326","customer09326@example.com","ST03","非アクティブ","2026-06-04 15:15:53.266611"
9327,"顧客09327","customer09327@example.com","ST03","非アクティブ","2026-06-04 15:15:53.266611"
9328,"顧客09328","customer09328@example.com","ST03","非アクティブ","2026-06-04 15:15:53.266611"
9329,"顧客09329","customer09329@example.com","ST04","退会","2026-06-04 15:15:53.266611"
9330,"顧客09330","customer09330@example.com","ST02","アクティブ","2026-06-04 15:15:53.266611"
9331,"顧客09331","customer09331@example.com","ST04","退会","2026-06-04 15:15:53.266611"
9332,"顧客09332","customer09332@example.com","ST02","アクティブ","2026-06-04 15:15:53.266611"
9333,"顧客09333","customer09333@example.com","ST03","非アクティブ","2026-06-04 15:15:53.266611"
9334,"顧客09334","customer09334@example.com","ST02","アクティブ","2026-06-04 15:15:53.266611"
9335,"顧客09335","customer09335@example.com","ST03","非アクティブ","2026-06-04 15:15:53.266611"
9336,"顧客09336","customer09336@example.com","ST03","非アクティブ","2026-06-04 15:15:53.266611"
9337,"顧客09337","customer09337@example.com","ST03","非アクティブ","2026-06-04 15:15:53.266611"
9338,"顧客09338","customer09338@example.com","ST01","新規","2026-06-04 15:15:53.266611"
9339,"顧客09339","customer09339@example.com","ST04","退会","2026-06-04 15:15:53.266611"
9340,"顧客09340","customer09340@example.com","ST03","非アクティブ","2026-06-04 15:15:53.266611"
9341,"顧客09341","customer09341@example.com","ST01","新規","2026-06-04 15:15:53.266611"
9342,"顧客09342","customer09342@example.com","ST03","非アクティブ","2026-06-04 15:15:53.266611"
9343,"顧客09343","customer09343@example.com","ST04","退会","2026-06-04 15:15:53.266611"
9344,"顧客09344","customer09344@example.com","ST01","新規","2026-06-04 15:15:53.266611"
9345,"顧客09345","customer09345@example.com","ST03","非アクティブ","2026-06-04 15:15:53.266611"
9346,"顧客09346","customer09346@example.com","ST03","非アクティブ","2026-06-04 15:15:53.266611"
9347,"顧客09347","customer09347@example.com","ST04","退会","2026-06-04 15:15:53.266611"
9348,"顧客09348","customer09348@example.com","ST03","非アクティブ","2026-06-04 15:15:53.266611"
9349,"顧客09349","customer09349@example.com","ST01","新規","2026-06-04 15:15:53.266611"
9350,"顧客09350","customer09350@example.com","ST04","退会","2026-06-04 15:15:53.266611"
9351,"顧客09351","customer09351@example.com","ST01","新規","2026-06-04 15:15:53.266611"
9352,"顧客09352","customer09352@example.com","ST02","アクティブ","2026-06-04 15:15:53.266611"
9353,"顧客09353","customer09353@example.com","ST01","新規","2026-06-04 15:15:53.266611"
9354,"顧客09354","customer09354@example.com","ST02","アクティブ","2026-06-04 15:15:53.266611"
9355,"顧客09355","customer09355@example.com","ST01","新規","2026-06-04 15:15:53.266611"
9356,"顧客09356","customer09356@example.com","ST02","アクティブ","2026-06-04 15:15:53.266611"
9357,"顧客09357","customer09357@example.com","ST03","非アクティブ","2026-06-04 15:15:53.266611"
9358,"顧客09358","customer09358@example.com","ST03","非アクティブ","2026-06-04 15:15:53.266611"
9359,"顧客09359","customer09359@example.com","ST03","非アクティブ","2026-06-04 15:15:53.266611"
9360,"顧客09360","customer09360@example.com","ST01","新規","2026-06-04 15:15:53.266611"
9361,"顧客09361","customer09361@example.com","ST04","退会","2026-06-04 15:15:53.266611"
9362,"顧客09362","customer09362@example.com","ST03","非アクティブ","2026-06-04 15:15:53.266611"
9363,"顧客09363","customer09363@example.com","ST02","アクティブ","2026-06-04 15:15:53.266611"
9364,"顧客09364","customer09364@example.com","ST04","退会","2026-06-04 15:15:53.266611"
9365,"顧客09365","customer09365@example.com","ST02","アクティブ","2026-06-04 15:15:53.266611"
9366,"顧客09366","customer09366@example.com","ST03","非アクティブ","2026-06-04 15:15:53.266611"
9367,"顧客09367","customer09367@example.com","ST02","アクティブ","2026-06-04 15:15:53.266611"
9368,"顧客09368","customer09368@example.com","ST03","非アクティブ","2026-06-04 15:15:53.266611"
9369,"顧客09369","customer09369@example.com","ST02","アクティブ","2026-06-04 15:15:53.266611"
9370,"顧客09370","customer09370@example.com","ST04","退会","2026-06-04 15:15:53.266611"
9371,"顧客09371","customer09371@example.com","ST01","新規","2026-06-04 15:15:53.266611"
9372,"顧客09372","customer09372@example.com","ST03","非アクティブ","2026-06-04 15:15:53.266611"
9373,"顧客09373","customer09373@example.com","ST02","アクティブ","2026-06-04 15:15:53.266611"
9374,"顧客09374","customer09374@example.com","ST02","アクティブ","2026-06-04 15:15:53.266611"
9375,"顧客09375","customer09375@example.com","ST02","アクティブ","2026-06-04 15:15:53.266611"
9376,"顧客09376","customer09376@example.com","ST01","新規","2026-06-04 15:15:53.266611"
9377,"顧客09377","customer09377@example.com","ST02","アクティブ","2026-06-04 15:15:53.266611"
9378,"顧客09378","customer09378@example.com","ST02","アクティブ","2026-06-04 15:15:53.266611"
9379,"顧客09379","customer09379@example.com","ST01","新規","2026-06-04 15:15:53.266611"
9380,"顧客09380","customer09380@example.com","ST01","新規","2026-06-04 15:15:53.266611"
9381,"顧客09381","customer09381@example.com","ST01","新規","2026-06-04 15:15:53.266611"
9382,"顧客09382","customer09382@example.com","ST02","アクティブ","2026-06-04 15:15:53.266611"
9383,"顧客09383","customer09383@example.com","ST03","非アクティブ","2026-06-04 15:15:53.266611"
9384,"顧客09384","customer09384@example.com","ST01","新規","2026-06-04 15:15:53.266611"
9385,"顧客09385","customer09385@example.com","ST04","退会","2026-06-04 15:15:53.266611"
9386,"顧客09386","customer09386@example.com","ST01","新規","2026-06-04 15:15:53.266611"
9387,"顧客09387","customer09387@example.com","ST03","非アクティブ","2026-06-04 15:15:53.266611"
9388,"顧客09388","customer09388@example.com","ST01","新規","2026-06-04 15:15:53.266611"
9389,"顧客09389","customer09389@example.com","ST02","アクティブ","2026-06-04 15:15:53.266611"
9390,"顧客09390","customer09390@example.com","ST03","非アクティブ","2026-06-04 15:15:53.266611"
9391,"顧客09391","customer09391@example.com","ST02","アクティブ","2026-06-04 15:15:53.266611"
9392,"顧客09392","customer09392@example.com","ST04","退会","2026-06-04 15:15:53.266611"
9393,"顧客09393","customer09393@example.com","ST03","非アクティブ","2026-06-04 15:15:53.266611"
9394,"顧客09394","customer09394@example.com","ST03","非アクティブ","2026-06-04 15:15:53.266611"
9395,"顧客09395","customer09395@example.com","ST03","非アクティブ","2026-06-04 15:15:53.266611"
9396,"顧客09396","customer09396@example.com","ST02","アクティブ","2026-06-04 15:15:53.266611"
9397,"顧客09397","customer09397@example.com","ST03","非アクティブ","2026-06-04 15:15:53.266611"
9398,"顧客09398","customer09398@example.com","ST04","退会","2026-06-04 15:15:53.266611"
9399,"顧客09399","customer09399@example.com","ST02","アクティブ","2026-06-04 15:15:53.266611"
9400,"顧客09400","customer09400@example.com","ST01","新規","2026-06-04 15:15:53.266611"
9401,"顧客09401","customer09401@example.com","ST02","アクティブ","2026-06-04 15:15:53.266611"
9402,"顧客09402","customer09402@example.com","ST03","非アクティブ","2026-06-04 15:15:53.266611"
9403,"顧客09403","customer09403@example.com","ST02","アクティブ","2026-06-04 15:15:53.266611"
9404,"顧客09404","customer09404@example.com","ST03","非アクティブ","2026-06-04 15:15:53.266611"
9405,"顧客09405","customer09405@example.com","ST01","新規","2026-06-04 15:15:53.266611"
9406,"顧客09406","customer09406@example.com","ST01","新規","2026-06-04 15:15:53.266611"
9407,"顧客09407","customer09407@example.com","ST04","退会","2026-06-04 15:15:53.266611"
9408,"顧客09408","customer09408@example.com","ST03","非アクティブ","2026-06-04 15:15:53.266611"
9409,"顧客09409","customer09409@example.com","ST01","新規","2026-06-04 15:15:53.266611"
9410,"顧客09410","customer09410@example.com","ST04","退会","2026-06-04 15:15:53.266611"
9411,"顧客09411","customer09411@example.com","ST02","アクティブ","2026-06-04 15:15:53.266611"
9412,"顧客09412","customer09412@example.com","ST03","非アクティブ","2026-06-04 15:15:53.266611"
9413,"顧客09413","customer09413@example.com","ST02","アクティブ","2026-06-04 15:15:53.266611"
9414,"顧客09414","customer09414@example.com","ST03","非アクティブ","2026-06-04 15:15:53.266611"
9415,"顧客09415","customer09415@example.com","ST03","非アクティブ","2026-06-04 15:15:53.266611"
9416,"顧客09416","customer09416@example.com","ST03","非アクティブ","2026-06-04 15:15:53.266611"
9417,"顧客09417","customer09417@example.com","ST01","新規","2026-06-04 15:15:53.266611"
9418,"顧客09418","customer09418@example.com","ST04","退会","2026-06-04 15:15:53.266611"
9419,"顧客09419","customer09419@example.com","ST03","非アクティブ","2026-06-04 15:15:53.266611"
9420,"顧客09420","customer09420@example.com","ST02","アクティブ","2026-06-04 15:15:53.266611"
9421,"顧客09421","customer09421@example.com","ST02","アクティブ","2026-06-04 15:15:53.266611"
9422,"顧客09422","customer09422@example.com","ST03","非アクティブ","2026-06-04 15:15:53.266611"
9423,"顧客09423","customer09423@example.com","ST02","アクティブ","2026-06-04 15:15:53.266611"
9424,"顧客09424","customer09424@example.com","ST04","退会","2026-06-04 15:15:53.266611"
9425,"顧客09425","customer09425@example.com","ST04","退会","2026-06-04 15:15:53.266611"
9426,"顧客09426","customer09426@example.com","ST03","非アクティブ","2026-06-04 15:15:53.266611"
9427,"顧客09427","customer09427@example.com","ST03","非アクティブ","2026-06-04 15:15:53.266611"
9428,"顧客09428","customer09428@example.com","ST02","アクティブ","2026-06-04 15:15:53.266611"
9429,"顧客09429","customer09429@example.com","ST03","非アクティブ","2026-06-04 15:15:53.266611"
9430,"顧客09430","customer09430@example.com","ST01","新規","2026-06-04 15:15:53.266611"
9431,"顧客09431","customer09431@example.com","ST03","非アクティブ","2026-06-04 15:15:53.266611"
9432,"顧客09432","customer09432@example.com","ST03","非アクティブ","2026-06-04 15:15:53.266611"
9433,"顧客09433","customer09433@example.com","ST01","新規","2026-06-04 15:15:53.266611"
9434,"顧客09434","customer09434@example.com","ST03","非アクティブ","2026-06-04 15:15:53.266611"
9435,"顧客09435","customer09435@example.com","ST03","非アクティブ","2026-06-04 15:15:53.266611"
9436,"顧客09436","customer09436@example.com","ST02","アクティブ","2026-06-04 15:15:53.266611"
9437,"顧客09437","customer09437@example.com","ST01","新規","2026-06-04 15:15:53.266611"
9438,"顧客09438","customer09438@example.com","ST03","非アクティブ","2026-06-04 15:15:53.266611"
9439,"顧客09439","customer09439@example.com","ST03","非アクティブ","2026-06-04 15:15:53.266611"
9440,"顧客09440","customer09440@example.com","ST04","退会","2026-06-04 15:15:53.266611"
9441,"顧客09441","customer09441@example.com","ST03","非アクティブ","2026-06-04 15:15:53.266611"
9442,"顧客09442","customer09442@example.com","ST03","非アクティブ","2026-06-04 15:15:53.266611"
9443,"顧客09443","customer09443@example.com","ST03","非アクティブ","2026-06-04 15:15:53.266611"
9444,"顧客09444","customer09444@example.com","ST01","新規","2026-06-04 15:15:53.266611"
9445,"顧客09445","customer09445@example.com","ST02","アクティブ","2026-06-04 15:15:53.266611"
9446,"顧客09446","customer09446@example.com","ST02","アクティブ","2026-06-04 15:15:53.266611"
9447,"顧客09447","customer09447@example.com","ST03","非アクティブ","2026-06-04 15:15:53.266611"
9448,"顧客09448","customer09448@example.com","ST02","アクティブ","2026-06-04 15:15:53.266611"
9449,"顧客09449","customer09449@example.com","ST02","アクティブ","2026-06-04 15:15:53.266611"
9450,"顧客09450","customer09450@example.com","ST02","アクティブ","2026-06-04 15:15:53.266611"
9451,"顧客09451","customer09451@example.com","ST01","新規","2026-06-04 15:15:53.266611"
9452,"顧客09452","customer09452@example.com","ST04","退会","2026-06-04 15:15:53.266611"
9453,"顧客09453","customer09453@example.com","ST03","非アクティブ","2026-06-04 15:15:53.266611"
9454,"顧客09454","customer09454@example.com","ST03","非アクティブ","2026-06-04 15:15:53.266611"
9455,"顧客09455","customer09455@example.com","ST02","アクティブ","2026-06-04 15:15:53.266611"
9456,"顧客09456","customer09456@example.com","ST02","アクティブ","2026-06-04 15:15:53.266611"
9457,"顧客09457","customer09457@example.com","ST02","アクティブ","2026-06-04 15:15:53.266611"
9458,"顧客09458","customer09458@example.com","ST01","新規","2026-06-04 15:15:53.266611"
9459,"顧客09459","customer09459@example.com","ST03","非アクティブ","2026-06-04 15:15:53.266611"
9460,"顧客09460","customer09460@example.com","ST02","アクティブ","2026-06-04 15:15:53.266611"
9461,"顧客09461","customer09461@example.com","ST02","アクティブ","2026-06-04 15:15:53.266611"
9462,"顧客09462","customer09462@example.com","ST03","非アクティブ","2026-06-04 15:15:53.266611"
9463,"顧客09463","customer09463@example.com","ST04","退会","2026-06-04 15:15:53.266611"
9464,"顧客09464","customer09464@example.com","ST02","アクティブ","2026-06-04 15:15:53.266611"
9465,"顧客09465","customer09465@example.com","ST02","アクティブ","2026-06-04 15:15:53.266611"
9466,"顧客09466","customer09466@example.com","ST02","アクティブ","2026-06-04 15:15:53.266611"
9467,"顧客09467","customer09467@example.com","ST03","非アクティブ","2026-06-04 15:15:53.266611"
9468,"顧客09468","customer09468@example.com","ST03","非アクティブ","2026-06-04 15:15:53.266611"
9469,"顧客09469","customer09469@example.com","ST02","アクティブ","2026-06-04 15:15:53.266611"
9470,"顧客09470","customer09470@example.com","ST03","非アクティブ","2026-06-04 15:15:53.266611"
9471,"顧客09471","customer09471@example.com","ST04","退会","2026-06-04 15:15:53.266611"
9472,"顧客09472","customer09472@example.com","ST03","非アクティブ","2026-06-04 15:15:53.266611"
9473,"顧客09473","customer09473@example.com","ST04","退会","2026-06-04 15:15:53.266611"
9474,"顧客09474","customer09474@example.com","ST03","非アクティブ","2026-06-04 15:15:53.266611"
9475,"顧客09475","customer09475@example.com","ST03","非アクティブ","2026-06-04 15:15:53.266611"
9476,"顧客09476","customer09476@example.com","ST04","退会","2026-06-04 15:15:53.266611"
9477,"顧客09477","customer09477@example.com","ST04","退会","2026-06-04 15:15:53.266611"
9478,"顧客09478","customer09478@example.com","ST03","非アクティブ","2026-06-04 15:15:53.266611"
9479,"顧客09479","customer09479@example.com","ST02","アクティブ","2026-06-04 15:15:53.266611"
9480,"顧客09480","customer09480@example.com","ST03","非アクティブ","2026-06-04 15:15:53.266611"
9481,"顧客09481","customer09481@example.com","ST01","新規","2026-06-04 15:15:53.266611"
9482,"顧客09482","customer09482@example.com","ST02","アクティブ","2026-06-04 15:15:53.266611"
9483,"顧客09483","customer09483@example.com","ST04","退会","2026-06-04 15:15:53.266611"
9484,"顧客09484","customer09484@example.com","ST01","新規","2026-06-04 15:15:53.266611"
9485,"顧客09485","customer09485@example.com","ST03","非アクティブ","2026-06-04 15:15:53.266611"
9486,"顧客09486","customer09486@example.com","ST04","退会","2026-06-04 15:15:53.266611"
9487,"顧客09487","customer09487@example.com","ST02","アクティブ","2026-06-04 15:15:53.266611"
9488,"顧客09488","customer09488@example.com","ST02","アクティブ","2026-06-04 15:15:53.266611"
9489,"顧客09489","customer09489@example.com","ST03","非アクティブ","2026-06-04 15:15:53.266611"
9490,"顧客09490","customer09490@example.com","ST01","新規","2026-06-04 15:15:53.266611"
9491,"顧客09491","customer09491@example.com","ST01","新規","2026-06-04 15:15:53.266611"
9492,"顧客09492","customer09492@example.com","ST02","アクティブ","2026-06-04 15:15:53.266611"
9493,"顧客09493","customer09493@example.com","ST02","アクティブ","2026-06-04 15:15:53.266611"
9494,"顧客09494","customer09494@example.com","ST03","非アクティブ","2026-06-04 15:15:53.266611"
9495,"顧客09495","customer09495@example.com","ST04","退会","2026-06-04 15:15:53.266611"
9496,"顧客09496","customer09496@example.com","ST03","非アクティブ","2026-06-04 15:15:53.266611"
9497,"顧客09497","customer09497@example.com","ST02","アクティブ","2026-06-04 15:15:53.266611"
9498,"顧客09498","customer09498@example.com","ST04","退会","2026-06-04 15:15:53.266611"
9499,"顧客09499","customer09499@example.com","ST03","非アクティブ","2026-06-04 15:15:53.266611"
9500,"顧客09500","customer09500@example.com","ST03","非アクティブ","2026-06-04 15:15:53.266611"
9501,"顧客09501","customer09501@example.com","ST01","新規","2026-06-04 15:15:53.266611"
9502,"顧客09502","customer09502@example.com","ST03","非アクティブ","2026-06-04 15:15:53.266611"
9503,"顧客09503","customer09503@example.com","ST02","アクティブ","2026-06-04 15:15:53.266611"
9504,"顧客09504","customer09504@example.com","ST01","新規","2026-06-04 15:15:53.266611"
9505,"顧客09505","customer09505@example.com","ST01","新規","2026-06-04 15:15:53.266611"
9506,"顧客09506","customer09506@example.com","ST02","アクティブ","2026-06-04 15:15:53.266611"
9507,"顧客09507","customer09507@example.com","ST02","アクティブ","2026-06-04 15:15:53.266611"
9508,"顧客09508","customer09508@example.com","ST02","アクティブ","2026-06-04 15:15:53.266611"
9509,"顧客09509","customer09509@example.com","ST03","非アクティブ","2026-06-04 15:15:53.266611"
9510,"顧客09510","customer09510@example.com","ST02","アクティブ","2026-06-04 15:15:53.266611"
9511,"顧客09511","customer09511@example.com","ST01","新規","2026-06-04 15:15:53.266611"
9512,"顧客09512","customer09512@example.com","ST03","非アクティブ","2026-06-04 15:15:53.266611"
9513,"顧客09513","customer09513@example.com","ST04","退会","2026-06-04 15:15:53.266611"
9514,"顧客09514","customer09514@example.com","ST02","アクティブ","2026-06-04 15:15:53.266611"
9515,"顧客09515","customer09515@example.com","ST01","新規","2026-06-04 15:15:53.266611"
9516,"顧客09516","customer09516@example.com","ST02","アクティブ","2026-06-04 15:15:53.266611"
9517,"顧客09517","customer09517@example.com","ST03","非アクティブ","2026-06-04 15:15:53.266611"
9518,"顧客09518","customer09518@example.com","ST04","退会","2026-06-04 15:15:53.266611"
9519,"顧客09519","customer09519@example.com","ST02","アクティブ","2026-06-04 15:15:53.266611"
9520,"顧客09520","customer09520@example.com","ST03","非アクティブ","2026-06-04 15:15:53.266611"
9521,"顧客09521","customer09521@example.com","ST03","非アクティブ","2026-06-04 15:15:53.266611"
9522,"顧客09522","customer09522@example.com","ST03","非アクティブ","2026-06-04 15:15:53.266611"
9523,"顧客09523","customer09523@example.com","ST03","非アクティブ","2026-06-04 15:15:53.266611"
9524,"顧客09524","customer09524@example.com","ST04","退会","2026-06-04 15:15:53.266611"
9525,"顧客09525","customer09525@example.com","ST03","非アクティブ","2026-06-04 15:15:53.266611"
9526,"顧客09526","customer09526@example.com","ST02","アクティブ","2026-06-04 15:15:53.266611"
9527,"顧客09527","customer09527@example.com","ST02","アクティブ","2026-06-04 15:15:53.266611"
9528,"顧客09528","customer09528@example.com","ST02","アクティブ","2026-06-04 15:15:53.266611"
9529,"顧客09529","customer09529@example.com","ST01","新規","2026-06-04 15:15:53.266611"
9530,"顧客09530","customer09530@example.com","ST04","退会","2026-06-04 15:15:53.266611"
9531,"顧客09531","customer09531@example.com","ST03","非アクティブ","2026-06-04 15:15:53.266611"
9532,"顧客09532","customer09532@example.com","ST02","アクティブ","2026-06-04 15:15:53.266611"
9533,"顧客09533","customer09533@example.com","ST04","退会","2026-06-04 15:15:53.266611"
9534,"顧客09534","customer09534@example.com","ST02","アクティブ","2026-06-04 15:15:53.266611"
9535,"顧客09535","customer09535@example.com","ST03","非アクティブ","2026-06-04 15:15:53.266611"
9536,"顧客09536","customer09536@example.com","ST03","非アクティブ","2026-06-04 15:15:53.266611"
9537,"顧客09537","customer09537@example.com","ST02","アクティブ","2026-06-04 15:15:53.266611"
9538,"顧客09538","customer09538@example.com","ST02","アクティブ","2026-06-04 15:15:53.266611"
9539,"顧客09539","customer09539@example.com","ST04","退会","2026-06-04 15:15:53.266611"
9540,"顧客09540","customer09540@example.com","ST02","アクティブ","2026-06-04 15:15:53.266611"
9541,"顧客09541","customer09541@example.com","ST03","非アクティブ","2026-06-04 15:15:53.266611"
9542,"顧客09542","customer09542@example.com","ST03","非アクティブ","2026-06-04 15:15:53.266611"
9543,"顧客09543","customer09543@example.com","ST03","非アクティブ","2026-06-04 15:15:53.266611"
9544,"顧客09544","customer09544@example.com","ST03","非アクティブ","2026-06-04 15:15:53.266611"
9545,"顧客09545","customer09545@example.com","ST04","退会","2026-06-04 15:15:53.266611"
9546,"顧客09546","customer09546@example.com","ST02","アクティブ","2026-06-04 15:15:53.266611"
9547,"顧客09547","customer09547@example.com","ST02","アクティブ","2026-06-04 15:15:53.266611"
9548,"顧客09548","customer09548@example.com","ST03","非アクティブ","2026-06-04 15:15:53.266611"
9549,"顧客09549","customer09549@example.com","ST03","非アクティブ","2026-06-04 15:15:53.266611"
9550,"顧客09550","customer09550@example.com","ST01","新規","2026-06-04 15:15:53.266611"
9551,"顧客09551","customer09551@example.com","ST03","非アクティブ","2026-06-04 15:15:53.266611"
9552,"顧客09552","customer09552@example.com","ST03","非アクティブ","2026-06-04 15:15:53.266611"
9553,"顧客09553","customer09553@example.com","ST02","アクティブ","2026-06-04 15:15:53.266611"
9554,"顧客09554","customer09554@example.com","ST04","退会","2026-06-04 15:15:53.266611"
9555,"顧客09555","customer09555@example.com","ST04","退会","2026-06-04 15:15:53.266611"
9556,"顧客09556","customer09556@example.com","ST01","新規","2026-06-04 15:15:53.266611"
9557,"顧客09557","customer09557@example.com","ST03","非アクティブ","2026-06-04 15:15:53.266611"
9558,"顧客09558","customer09558@example.com","ST01","新規","2026-06-04 15:15:53.266611"
9559,"顧客09559","customer09559@example.com","ST02","アクティブ","2026-06-04 15:15:53.266611"
9560,"顧客09560","customer09560@example.com","ST02","アクティブ","2026-06-04 15:15:53.266611"
9561,"顧客09561","customer09561@example.com","ST04","退会","2026-06-04 15:15:53.266611"
9562,"顧客09562","customer09562@example.com","ST03","非アクティブ","2026-06-04 15:15:53.266611"
9563,"顧客09563","customer09563@example.com","ST01","新規","2026-06-04 15:15:53.266611"
9564,"顧客09564","customer09564@example.com","ST04","退会","2026-06-04 15:15:53.266611"
9565,"顧客09565","customer09565@example.com","ST03","非アクティブ","2026-06-04 15:15:53.266611"
9566,"顧客09566","customer09566@example.com","ST03","非アクティブ","2026-06-04 15:15:53.266611"
9567,"顧客09567","customer09567@example.com","ST03","非アクティブ","2026-06-04 15:15:53.266611"
9568,"顧客09568","customer09568@example.com","ST03","非アクティブ","2026-06-04 15:15:53.266611"
9569,"顧客09569","customer09569@example.com","ST01","新規","2026-06-04 15:15:53.266611"
9570,"顧客09570","customer09570@example.com","ST01","新規","2026-06-04 15:15:53.266611"
9571,"顧客09571","customer09571@example.com","ST02","アクティブ","2026-06-04 15:15:53.266611"
9572,"顧客09572","customer09572@example.com","ST04","退会","2026-06-04 15:15:53.266611"
9573,"顧客09573","customer09573@example.com","ST02","アクティブ","2026-06-04 15:15:53.266611"
9574,"顧客09574","customer09574@example.com","ST02","アクティブ","2026-06-04 15:15:53.266611"
9575,"顧客09575","customer09575@example.com","ST01","新規","2026-06-04 15:15:53.266611"
9576,"顧客09576","customer09576@example.com","ST01","新規","2026-06-04 15:15:53.266611"
9577,"顧客09577","customer09577@example.com","ST03","非アクティブ","2026-06-04 15:15:53.266611"
9578,"顧客09578","customer09578@example.com","ST04","退会","2026-06-04 15:15:53.266611"
9579,"顧客09579","customer09579@example.com","ST03","非アクティブ","2026-06-04 15:15:53.266611"
9580,"顧客09580","customer09580@example.com","ST04","退会","2026-06-04 15:15:53.266611"
9581,"顧客09581","customer09581@example.com","ST03","非アクティブ","2026-06-04 15:15:53.266611"
9582,"顧客09582","customer09582@example.com","ST02","アクティブ","2026-06-04 15:15:53.266611"
9583,"顧客09583","customer09583@example.com","ST01","新規","2026-06-04 15:15:53.266611"
9584,"顧客09584","customer09584@example.com","ST02","アクティブ","2026-06-04 15:15:53.266611"
9585,"顧客09585","customer09585@example.com","ST03","非アクティブ","2026-06-04 15:15:53.266611"
9586,"顧客09586","customer09586@example.com","ST03","非アクティブ","2026-06-04 15:15:53.266611"
9587,"顧客09587","customer09587@example.com","ST02","アクティブ","2026-06-04 15:15:53.266611"
9588,"顧客09588","customer09588@example.com","ST01","新規","2026-06-04 15:15:53.266611"
9589,"顧客09589","customer09589@example.com","ST02","アクティブ","2026-06-04 15:15:53.266611"
9590,"顧客09590","customer09590@example.com","ST02","アクティブ","2026-06-04 15:15:53.266611"
9591,"顧客09591","customer09591@example.com","ST03","非アクティブ","2026-06-04 15:15:53.266611"
9592,"顧客09592","customer09592@example.com","ST03","非アクティブ","2026-06-04 15:15:53.266611"
9593,"顧客09593","customer09593@example.com","ST03","非アクティブ","2026-06-04 15:15:53.266611"
9594,"顧客09594","customer09594@example.com","ST02","アクティブ","2026-06-04 15:15:53.266611"
9595,"顧客09595","customer09595@example.com","ST02","アクティブ","2026-06-04 15:15:53.266611"
9596,"顧客09596","customer09596@example.com","ST03","非アクティブ","2026-06-04 15:15:53.266611"
9597,"顧客09597","customer09597@example.com","ST01","新規","2026-06-04 15:15:53.266611"
9598,"顧客09598","customer09598@example.com","ST03","非アクティブ","2026-06-04 15:15:53.266611"
9599,"顧客09599","customer09599@example.com","ST01","新規","2026-06-04 15:15:53.266611"
9600,"顧客09600","customer09600@example.com","ST02","アクティブ","2026-06-04 15:15:53.266611"
9601,"顧客09601","customer09601@example.com","ST04","退会","2026-06-04 15:15:53.266611"
9602,"顧客09602","customer09602@example.com","ST02","アクティブ","2026-06-04 15:15:53.266611"
9603,"顧客09603","customer09603@example.com","ST03","非アクティブ","2026-06-04 15:15:53.266611"
9604,"顧客09604","customer09604@example.com","ST03","非アクティブ","2026-06-04 15:15:53.266611"
9605,"顧客09605","customer09605@example.com","ST02","アクティブ","2026-06-04 15:15:53.266611"
9606,"顧客09606","customer09606@example.com","ST01","新規","2026-06-04 15:15:53.266611"
9607,"顧客09607","customer09607@example.com","ST03","非アクティブ","2026-06-04 15:15:53.266611"
9608,"顧客09608","customer09608@example.com","ST02","アクティブ","2026-06-04 15:15:53.266611"
9609,"顧客09609","customer09609@example.com","ST02","アクティブ","2026-06-04 15:15:53.266611"
9610,"顧客09610","customer09610@example.com","ST02","アクティブ","2026-06-04 15:15:53.266611"
9611,"顧客09611","customer09611@example.com","ST02","アクティブ","2026-06-04 15:15:53.266611"
9612,"顧客09612","customer09612@example.com","ST04","退会","2026-06-04 15:15:53.266611"
9613,"顧客09613","customer09613@example.com","ST04","退会","2026-06-04 15:15:53.266611"
9614,"顧客09614","customer09614@example.com","ST03","非アクティブ","2026-06-04 15:15:53.266611"
9615,"顧客09615","customer09615@example.com","ST01","新規","2026-06-04 15:15:53.266611"
9616,"顧客09616","customer09616@example.com","ST02","アクティブ","2026-06-04 15:15:53.266611"
9617,"顧客09617","customer09617@example.com","ST02","アクティブ","2026-06-04 15:15:53.266611"
9618,"顧客09618","customer09618@example.com","ST03","非アクティブ","2026-06-04 15:15:53.266611"
9619,"顧客09619","customer09619@example.com","ST01","新規","2026-06-04 15:15:53.266611"
9620,"顧客09620","customer09620@example.com","ST03","非アクティブ","2026-06-04 15:15:53.266611"
9621,"顧客09621","customer09621@example.com","ST03","非アクティブ","2026-06-04 15:15:53.266611"
9622,"顧客09622","customer09622@example.com","ST01","新規","2026-06-04 15:15:53.266611"
9623,"顧客09623","customer09623@example.com","ST02","アクティブ","2026-06-04 15:15:53.266611"
9624,"顧客09624","customer09624@example.com","ST03","非アクティブ","2026-06-04 15:15:53.266611"
9625,"顧客09625","customer09625@example.com","ST02","アクティブ","2026-06-04 15:15:53.266611"
9626,"顧客09626","customer09626@example.com","ST04","退会","2026-06-04 15:15:53.266611"
9627,"顧客09627","customer09627@example.com","ST04","退会","2026-06-04 15:15:53.266611"
9628,"顧客09628","customer09628@example.com","ST03","非アクティブ","2026-06-04 15:15:53.266611"
9629,"顧客09629","customer09629@example.com","ST01","新規","2026-06-04 15:15:53.266611"
9630,"顧客09630","customer09630@example.com","ST04","退会","2026-06-04 15:15:53.266611"
9631,"顧客09631","customer09631@example.com","ST02","アクティブ","2026-06-04 15:15:53.266611"
9632,"顧客09632","customer09632@example.com","ST01","新規","2026-06-04 15:15:53.266611"
9633,"顧客09633","customer09633@example.com","ST04","退会","2026-06-04 15:15:53.266611"
9634,"顧客09634","customer09634@example.com","ST01","新規","2026-06-04 15:15:53.266611"
9635,"顧客09635","customer09635@example.com","ST04","退会","2026-06-04 15:15:53.266611"
9636,"顧客09636","customer09636@example.com","ST03","非アクティブ","2026-06-04 15:15:53.266611"
9637,"顧客09637","customer09637@example.com","ST04","退会","2026-06-04 15:15:53.266611"
9638,"顧客09638","customer09638@example.com","ST03","非アクティブ","2026-06-04 15:15:53.266611"
9639,"顧客09639","customer09639@example.com","ST02","アクティブ","2026-06-04 15:15:53.266611"
9640,"顧客09640","customer09640@example.com","ST02","アクティブ","2026-06-04 15:15:53.266611"
9641,"顧客09641","customer09641@example.com","ST02","アクティブ","2026-06-04 15:15:53.266611"
9642,"顧客09642","customer09642@example.com","ST03","非アクティブ","2026-06-04 15:15:53.266611"
9643,"顧客09643","customer09643@example.com","ST01","新規","2026-06-04 15:15:53.266611"
9644,"顧客09644","customer09644@example.com","ST01","新規","2026-06-04 15:15:53.266611"
9645,"顧客09645","customer09645@example.com","ST02","アクティブ","2026-06-04 15:15:53.266611"
9646,"顧客09646","customer09646@example.com","ST04","退会","2026-06-04 15:15:53.266611"
9647,"顧客09647","customer09647@example.com","ST01","新規","2026-06-04 15:15:53.266611"
9648,"顧客09648","customer09648@example.com","ST01","新規","2026-06-04 15:15:53.266611"
9649,"顧客09649","customer09649@example.com","ST02","アクティブ","2026-06-04 15:15:53.266611"
9650,"顧客09650","customer09650@example.com","ST04","退会","2026-06-04 15:15:53.266611"
9651,"顧客09651","customer09651@example.com","ST04","退会","2026-06-04 15:15:53.266611"
9652,"顧客09652","customer09652@example.com","ST02","アクティブ","2026-06-04 15:15:53.266611"
9653,"顧客09653","customer09653@example.com","ST02","アクティブ","2026-06-04 15:15:53.266611"
9654,"顧客09654","customer09654@example.com","ST03","非アクティブ","2026-06-04 15:15:53.266611"
9655,"顧客09655","customer09655@example.com","ST02","アクティブ","2026-06-04 15:15:53.266611"
9656,"顧客09656","customer09656@example.com","ST02","アクティブ","2026-06-04 15:15:53.266611"
9657,"顧客09657","customer09657@example.com","ST02","アクティブ","2026-06-04 15:15:53.266611"
9658,"顧客09658","customer09658@example.com","ST02","アクティブ","2026-06-04 15:15:53.266611"
9659,"顧客09659","customer09659@example.com","ST04","退会","2026-06-04 15:15:53.266611"
9660,"顧客09660","customer09660@example.com","ST01","新規","2026-06-04 15:15:53.266611"
9661,"顧客09661","customer09661@example.com","ST01","新規","2026-06-04 15:15:53.266611"
9662,"顧客09662","customer09662@example.com","ST04","退会","2026-06-04 15:15:53.266611"
9663,"顧客09663","customer09663@example.com","ST02","アクティブ","2026-06-04 15:15:53.266611"
9664,"顧客09664","customer09664@example.com","ST01","新規","2026-06-04 15:15:53.266611"
9665,"顧客09665","customer09665@example.com","ST02","アクティブ","2026-06-04 15:15:53.266611"
9666,"顧客09666","customer09666@example.com","ST04","退会","2026-06-04 15:15:53.266611"
9667,"顧客09667","customer09667@example.com","ST01","新規","2026-06-04 15:15:53.266611"
9668,"顧客09668","customer09668@example.com","ST04","退会","2026-06-04 15:15:53.266611"
9669,"顧客09669","customer09669@example.com","ST02","アクティブ","2026-06-04 15:15:53.266611"
9670,"顧客09670","customer09670@example.com","ST04","退会","2026-06-04 15:15:53.266611"
9671,"顧客09671","customer09671@example.com","ST03","非アクティブ","2026-06-04 15:15:53.266611"
9672,"顧客09672","customer09672@example.com","ST02","アクティブ","2026-06-04 15:15:53.266611"
9673,"顧客09673","customer09673@example.com","ST02","アクティブ","2026-06-04 15:15:53.266611"
9674,"顧客09674","customer09674@example.com","ST03","非アクティブ","2026-06-04 15:15:53.266611"
9675,"顧客09675","customer09675@example.com","ST02","アクティブ","2026-06-04 15:15:53.266611"
9676,"顧客09676","customer09676@example.com","ST01","新規","2026-06-04 15:15:53.266611"
9677,"顧客09677","customer09677@example.com","ST03","非アクティブ","2026-06-04 15:15:53.266611"
9678,"顧客09678","customer09678@example.com","ST02","アクティブ","2026-06-04 15:15:53.266611"
9679,"顧客09679","customer09679@example.com","ST04","退会","2026-06-04 15:15:53.266611"
9680,"顧客09680","customer09680@example.com","ST04","退会","2026-06-04 15:15:53.266611"
9681,"顧客09681","customer09681@example.com","ST02","アクティブ","2026-06-04 15:15:53.266611"
9682,"顧客09682","customer09682@example.com","ST04","退会","2026-06-04 15:15:53.266611"
9683,"顧客09683","customer09683@example.com","ST01","新規","2026-06-04 15:15:53.266611"
9684,"顧客09684","customer09684@example.com","ST01","新規","2026-06-04 15:15:53.266611"
9685,"顧客09685","customer09685@example.com","ST04","退会","2026-06-04 15:15:53.266611"
9686,"顧客09686","customer09686@example.com","ST03","非アクティブ","2026-06-04 15:15:53.266611"
9687,"顧客09687","customer09687@example.com","ST01","新規","2026-06-04 15:15:53.266611"
9688,"顧客09688","customer09688@example.com","ST01","新規","2026-06-04 15:15:53.266611"
9689,"顧客09689","customer09689@example.com","ST03","非アクティブ","2026-06-04 15:15:53.266611"
9690,"顧客09690","customer09690@example.com","ST03","非アクティブ","2026-06-04 15:15:53.266611"
9691,"顧客09691","customer09691@example.com","ST02","アクティブ","2026-06-04 15:15:53.266611"
9692,"顧客09692","customer09692@example.com","ST02","アクティブ","2026-06-04 15:15:53.266611"
9693,"顧客09693","customer09693@example.com","ST03","非アクティブ","2026-06-04 15:15:53.266611"
9694,"顧客09694","customer09694@example.com","ST02","アクティブ","2026-06-04 15:15:53.266611"
9695,"顧客09695","customer09695@example.com","ST02","アクティブ","2026-06-04 15:15:53.266611"
9696,"顧客09696","customer09696@example.com","ST03","非アクティブ","2026-06-04 15:15:53.266611"
9697,"顧客09697","customer09697@example.com","ST02","アクティブ","2026-06-04 15:15:53.266611"
9698,"顧客09698","customer09698@example.com","ST02","アクティブ","2026-06-04 15:15:53.266611"
9699,"顧客09699","customer09699@example.com","ST03","非アクティブ","2026-06-04 15:15:53.266611"
9700,"顧客09700","customer09700@example.com","ST04","退会","2026-06-04 15:15:53.266611"
9701,"顧客09701","customer09701@example.com","ST04","退会","2026-06-04 15:15:53.266611"
9702,"顧客09702","customer09702@example.com","ST04","退会","2026-06-04 15:15:53.266611"
9703,"顧客09703","customer09703@example.com","ST03","非アクティブ","2026-06-04 15:15:53.266611"
9704,"顧客09704","customer09704@example.com","ST01","新規","2026-06-04 15:15:53.266611"
9705,"顧客09705","customer09705@example.com","ST01","新規","2026-06-04 15:15:53.266611"
9706,"顧客09706","customer09706@example.com","ST04","退会","2026-06-04 15:15:53.266611"
9707,"顧客09707","customer09707@example.com","ST02","アクティブ","2026-06-04 15:15:53.266611"
9708,"顧客09708","customer09708@example.com","ST04","退会","2026-06-04 15:15:53.266611"
9709,"顧客09709","customer09709@example.com","ST01","新規","2026-06-04 15:15:53.266611"
9710,"顧客09710","customer09710@example.com","ST03","非アクティブ","2026-06-04 15:15:53.266611"
9711,"顧客09711","customer09711@example.com","ST02","アクティブ","2026-06-04 15:15:53.266611"
9712,"顧客09712","customer09712@example.com","ST01","新規","2026-06-04 15:15:53.266611"
9713,"顧客09713","customer09713@example.com","ST01","新規","2026-06-04 15:15:53.266611"
9714,"顧客09714","customer09714@example.com","ST02","アクティブ","2026-06-04 15:15:53.266611"
9715,"顧客09715","customer09715@example.com","ST01","新規","2026-06-04 15:15:53.266611"
9716,"顧客09716","customer09716@example.com","ST04","退会","2026-06-04 15:15:53.266611"
9717,"顧客09717","customer09717@example.com","ST01","新規","2026-06-04 15:15:53.266611"
9718,"顧客09718","customer09718@example.com","ST02","アクティブ","2026-06-04 15:15:53.266611"
9719,"顧客09719","customer09719@example.com","ST04","退会","2026-06-04 15:15:53.266611"
9720,"顧客09720","customer09720@example.com","ST04","退会","2026-06-04 15:15:53.266611"
9721,"顧客09721","customer09721@example.com","ST03","非アクティブ","2026-06-04 15:15:53.266611"
9722,"顧客09722","customer09722@example.com","ST04","退会","2026-06-04 15:15:53.266611"
9723,"顧客09723","customer09723@example.com","ST01","新規","2026-06-04 15:15:53.266611"
9724,"顧客09724","customer09724@example.com","ST01","新規","2026-06-04 15:15:53.266611"
9725,"顧客09725","customer09725@example.com","ST03","非アクティブ","2026-06-04 15:15:53.266611"
9726,"顧客09726","customer09726@example.com","ST01","新規","2026-06-04 15:15:53.266611"
9727,"顧客09727","customer09727@example.com","ST04","退会","2026-06-04 15:15:53.266611"
9728,"顧客09728","customer09728@example.com","ST04","退会","2026-06-04 15:15:53.266611"
9729,"顧客09729","customer09729@example.com","ST01","新規","2026-06-04 15:15:53.266611"
9730,"顧客09730","customer09730@example.com","ST02","アクティブ","2026-06-04 15:15:53.266611"
9731,"顧客09731","customer09731@example.com","ST02","アクティブ","2026-06-04 15:15:53.266611"
9732,"顧客09732","customer09732@example.com","ST02","アクティブ","2026-06-04 15:15:53.266611"
9733,"顧客09733","customer09733@example.com","ST02","アクティブ","2026-06-04 15:15:53.266611"
9734,"顧客09734","customer09734@example.com","ST03","非アクティブ","2026-06-04 15:15:53.266611"
9735,"顧客09735","customer09735@example.com","ST04","退会","2026-06-04 15:15:53.266611"
9736,"顧客09736","customer09736@example.com","ST03","非アクティブ","2026-06-04 15:15:53.266611"
9737,"顧客09737","customer09737@example.com","ST02","アクティブ","2026-06-04 15:15:53.266611"
9738,"顧客09738","customer09738@example.com","ST03","非アクティブ","2026-06-04 15:15:53.266611"
9739,"顧客09739","customer09739@example.com","ST02","アクティブ","2026-06-04 15:15:53.266611"
9740,"顧客09740","customer09740@example.com","ST03","非アクティブ","2026-06-04 15:15:53.266611"
9741,"顧客09741","customer09741@example.com","ST01","新規","2026-06-04 15:15:53.266611"
9742,"顧客09742","customer09742@example.com","ST03","非アクティブ","2026-06-04 15:15:53.266611"
9743,"顧客09743","customer09743@example.com","ST02","アクティブ","2026-06-04 15:15:53.266611"
9744,"顧客09744","customer09744@example.com","ST01","新規","2026-06-04 15:15:53.266611"
9745,"顧客09745","customer09745@example.com","ST03","非アクティブ","2026-06-04 15:15:53.266611"
9746,"顧客09746","customer09746@example.com","ST02","アクティブ","2026-06-04 15:15:53.266611"
9747,"顧客09747","customer09747@example.com","ST03","非アクティブ","2026-06-04 15:15:53.266611"
9748,"顧客09748","customer09748@example.com","ST03","非アクティブ","2026-06-04 15:15:53.266611"
9749,"顧客09749","customer09749@example.com","ST03","非アクティブ","2026-06-04 15:15:53.266611"
9750,"顧客09750","customer09750@example.com","ST02","アクティブ","2026-06-04 15:15:53.266611"
9751,"顧客09751","customer09751@example.com","ST02","アクティブ","2026-06-04 15:15:53.266611"
9752,"顧客09752","customer09752@example.com","ST01","新規","2026-06-04 15:15:53.266611"
9753,"顧客09753","customer09753@example.com","ST01","新規","2026-06-04 15:15:53.266611"
9754,"顧客09754","customer09754@example.com","ST04","退会","2026-06-04 15:15:53.266611"
9755,"顧客09755","customer09755@example.com","ST01","新規","2026-06-04 15:15:53.266611"
9756,"顧客09756","customer09756@example.com","ST01","新規","2026-06-04 15:15:53.266611"
9757,"顧客09757","customer09757@example.com","ST04","退会","2026-06-04 15:15:53.266611"
9758,"顧客09758","customer09758@example.com","ST03","非アクティブ","2026-06-04 15:15:53.266611"
9759,"顧客09759","customer09759@example.com","ST01","新規","2026-06-04 15:15:53.266611"
9760,"顧客09760","customer09760@example.com","ST02","アクティブ","2026-06-04 15:15:53.266611"
9761,"顧客09761","customer09761@example.com","ST03","非アクティブ","2026-06-04 15:15:53.266611"
9762,"顧客09762","customer09762@example.com","ST02","アクティブ","2026-06-04 15:15:53.266611"
9763,"顧客09763","customer09763@example.com","ST02","アクティブ","2026-06-04 15:15:53.266611"
9764,"顧客09764","customer09764@example.com","ST04","退会","2026-06-04 15:15:53.266611"
9765,"顧客09765","customer09765@example.com","ST02","アクティブ","2026-06-04 15:15:53.266611"
9766,"顧客09766","customer09766@example.com","ST03","非アクティブ","2026-06-04 15:15:53.266611"
9767,"顧客09767","customer09767@example.com","ST04","退会","2026-06-04 15:15:53.266611"
9768,"顧客09768","customer09768@example.com","ST02","アクティブ","2026-06-04 15:15:53.266611"
9769,"顧客09769","customer09769@example.com","ST02","アクティブ","2026-06-04 15:15:53.266611"
9770,"顧客09770","customer09770@example.com","ST02","アクティブ","2026-06-04 15:15:53.266611"
9771,"顧客09771","customer09771@example.com","ST01","新規","2026-06-04 15:15:53.266611"
9772,"顧客09772","customer09772@example.com","ST03","非アクティブ","2026-06-04 15:15:53.266611"
9773,"顧客09773","customer09773@example.com","ST03","非アクティブ","2026-06-04 15:15:53.266611"
9774,"顧客09774","customer09774@example.com","ST01","新規","2026-06-04 15:15:53.266611"
9775,"顧客09775","customer09775@example.com","ST01","新規","2026-06-04 15:15:53.266611"
9776,"顧客09776","customer09776@example.com","ST01","新規","2026-06-04 15:15:53.266611"
9777,"顧客09777","customer09777@example.com","ST03","非アクティブ","2026-06-04 15:15:53.266611"
9778,"顧客09778","customer09778@example.com","ST03","非アクティブ","2026-06-04 15:15:53.266611"
9779,"顧客09779","customer09779@example.com","ST03","非アクティブ","2026-06-04 15:15:53.266611"
9780,"顧客09780","customer09780@example.com","ST03","非アクティブ","2026-06-04 15:15:53.266611"
9781,"顧客09781","customer09781@example.com","ST03","非アクティブ","2026-06-04 15:15:53.266611"
9782,"顧客09782","customer09782@example.com","ST01","新規","2026-06-04 15:15:53.266611"
9783,"顧客09783","customer09783@example.com","ST01","新規","2026-06-04 15:15:53.266611"
9784,"顧客09784","customer09784@example.com","ST02","アクティブ","2026-06-04 15:15:53.266611"
9785,"顧客09785","customer09785@example.com","ST03","非アクティブ","2026-06-04 15:15:53.266611"
9786,"顧客09786","customer09786@example.com","ST03","非アクティブ","2026-06-04 15:15:53.266611"
9787,"顧客09787","customer09787@example.com","ST02","アクティブ","2026-06-04 15:15:53.266611"
9788,"顧客09788","customer09788@example.com","ST03","非アクティブ","2026-06-04 15:15:53.266611"
9789,"顧客09789","customer09789@example.com","ST04","退会","2026-06-04 15:15:53.266611"
9790,"顧客09790","customer09790@example.com","ST04","退会","2026-06-04 15:15:53.266611"
9791,"顧客09791","customer09791@example.com","ST02","アクティブ","2026-06-04 15:15:53.266611"
9792,"顧客09792","customer09792@example.com","ST04","退会","2026-06-04 15:15:53.266611"
9793,"顧客09793","customer09793@example.com","ST02","アクティブ","2026-06-04 15:15:53.266611"
9794,"顧客09794","customer09794@example.com","ST03","非アクティブ","2026-06-04 15:15:53.266611"
9795,"顧客09795","customer09795@example.com","ST02","アクティブ","2026-06-04 15:15:53.266611"
9796,"顧客09796","customer09796@example.com","ST02","アクティブ","2026-06-04 15:15:53.266611"
9797,"顧客09797","customer09797@example.com","ST04","退会","2026-06-04 15:15:53.266611"
9798,"顧客09798","customer09798@example.com","ST01","新規","2026-06-04 15:15:53.266611"
9799,"顧客09799","customer09799@example.com","ST03","非アクティブ","2026-06-04 15:15:53.266611"
9800,"顧客09800","customer09800@example.com","ST01","新規","2026-06-04 15:15:53.266611"
9801,"顧客09801","customer09801@example.com","ST01","新規","2026-06-04 15:15:53.266611"
9802,"顧客09802","customer09802@example.com","ST02","アクティブ","2026-06-04 15:15:53.266611"
9803,"顧客09803","customer09803@example.com","ST01","新規","2026-06-04 15:15:53.266611"
9804,"顧客09804","customer09804@example.com","ST01","新規","2026-06-04 15:15:53.266611"
9805,"顧客09805","customer09805@example.com","ST01","新規","2026-06-04 15:15:53.266611"
9806,"顧客09806","customer09806@example.com","ST02","アクティブ","2026-06-04 15:15:53.266611"
9807,"顧客09807","customer09807@example.com","ST04","退会","2026-06-04 15:15:53.266611"
9808,"顧客09808","customer09808@example.com","ST02","アクティブ","2026-06-04 15:15:53.266611"
9809,"顧客09809","customer09809@example.com","ST04","退会","2026-06-04 15:15:53.266611"
9810,"顧客09810","customer09810@example.com","ST04","退会","2026-06-04 15:15:53.266611"
9811,"顧客09811","customer09811@example.com","ST01","新規","2026-06-04 15:15:53.266611"
9812,"顧客09812","customer09812@example.com","ST03","非アクティブ","2026-06-04 15:15:53.266611"
9813,"顧客09813","customer09813@example.com","ST01","新規","2026-06-04 15:15:53.266611"
9814,"顧客09814","customer09814@example.com","ST02","アクティブ","2026-06-04 15:15:53.266611"
9815,"顧客09815","customer09815@example.com","ST02","アクティブ","2026-06-04 15:15:53.266611"
9816,"顧客09816","customer09816@example.com","ST01","新規","2026-06-04 15:15:53.266611"
9817,"顧客09817","customer09817@example.com","ST03","非アクティブ","2026-06-04 15:15:53.266611"
9818,"顧客09818","customer09818@example.com","ST04","退会","2026-06-04 15:15:53.266611"
9819,"顧客09819","customer09819@example.com","ST03","非アクティブ","2026-06-04 15:15:53.266611"
9820,"顧客09820","customer09820@example.com","ST03","非アクティブ","2026-06-04 15:15:53.266611"
9821,"顧客09821","customer09821@example.com","ST03","非アクティブ","2026-06-04 15:15:53.266611"
9822,"顧客09822","customer09822@example.com","ST03","非アクティブ","2026-06-04 15:15:53.266611"
9823,"顧客09823","customer09823@example.com","ST02","アクティブ","2026-06-04 15:15:53.266611"
9824,"顧客09824","customer09824@example.com","ST04","退会","2026-06-04 15:15:53.266611"
9825,"顧客09825","customer09825@example.com","ST02","アクティブ","2026-06-04 15:15:53.266611"
9826,"顧客09826","customer09826@example.com","ST03","非アクティブ","2026-06-04 15:15:53.266611"
9827,"顧客09827","customer09827@example.com","ST04","退会","2026-06-04 15:15:53.266611"
9828,"顧客09828","customer09828@example.com","ST02","アクティブ","2026-06-04 15:15:53.266611"
9829,"顧客09829","customer09829@example.com","ST02","アクティブ","2026-06-04 15:15:53.266611"
9830,"顧客09830","customer09830@example.com","ST04","退会","2026-06-04 15:15:53.266611"
9831,"顧客09831","customer09831@example.com","ST03","非アクティブ","2026-06-04 15:15:53.266611"
9832,"顧客09832","customer09832@example.com","ST02","アクティブ","2026-06-04 15:15:53.266611"
9833,"顧客09833","customer09833@example.com","ST02","アクティブ","2026-06-04 15:15:53.266611"
9834,"顧客09834","customer09834@example.com","ST04","退会","2026-06-04 15:15:53.266611"
9835,"顧客09835","customer09835@example.com","ST01","新規","2026-06-04 15:15:53.266611"
9836,"顧客09836","customer09836@example.com","ST03","非アクティブ","2026-06-04 15:15:53.266611"
9837,"顧客09837","customer09837@example.com","ST01","新規","2026-06-04 15:15:53.266611"
9838,"顧客09838","customer09838@example.com","ST01","新規","2026-06-04 15:15:53.266611"
9839,"顧客09839","customer09839@example.com","ST04","退会","2026-06-04 15:15:53.266611"
9840,"顧客09840","customer09840@example.com","ST02","アクティブ","2026-06-04 15:15:53.266611"
9841,"顧客09841","customer09841@example.com","ST01","新規","2026-06-04 15:15:53.266611"
9842,"顧客09842","customer09842@example.com","ST02","アクティブ","2026-06-04 15:15:53.266611"
9843,"顧客09843","customer09843@example.com","ST03","非アクティブ","2026-06-04 15:15:53.266611"
9844,"顧客09844","customer09844@example.com","ST03","非アクティブ","2026-06-04 15:15:53.266611"
9845,"顧客09845","customer09845@example.com","ST01","新規","2026-06-04 15:15:53.266611"
9846,"顧客09846","customer09846@example.com","ST01","新規","2026-06-04 15:15:53.266611"
9847,"顧客09847","customer09847@example.com","ST04","退会","2026-06-04 15:15:53.266611"
9848,"顧客09848","customer09848@example.com","ST03","非アクティブ","2026-06-04 15:15:53.266611"
9849,"顧客09849","customer09849@example.com","ST04","退会","2026-06-04 15:15:53.266611"
9850,"顧客09850","customer09850@example.com","ST01","新規","2026-06-04 15:15:53.266611"
9851,"顧客09851","customer09851@example.com","ST04","退会","2026-06-04 15:15:53.266611"
9852,"顧客09852","customer09852@example.com","ST04","退会","2026-06-04 15:15:53.266611"
9853,"顧客09853","customer09853@example.com","ST02","アクティブ","2026-06-04 15:15:53.266611"
9854,"顧客09854","customer09854@example.com","ST03","非アクティブ","2026-06-04 15:15:53.266611"
9855,"顧客09855","customer09855@example.com","ST04","退会","2026-06-04 15:15:53.266611"
9856,"顧客09856","customer09856@example.com","ST02","アクティブ","2026-06-04 15:15:53.266611"
9857,"顧客09857","customer09857@example.com","ST04","退会","2026-06-04 15:15:53.266611"
9858,"顧客09858","customer09858@example.com","ST02","アクティブ","2026-06-04 15:15:53.266611"
9859,"顧客09859","customer09859@example.com","ST01","新規","2026-06-04 15:15:53.266611"
9860,"顧客09860","customer09860@example.com","ST04","退会","2026-06-04 15:15:53.266611"
9861,"顧客09861","customer09861@example.com","ST02","アクティブ","2026-06-04 15:15:53.266611"
9862,"顧客09862","customer09862@example.com","ST04","退会","2026-06-04 15:15:53.266611"
9863,"顧客09863","customer09863@example.com","ST02","アクティブ","2026-06-04 15:15:53.266611"
9864,"顧客09864","customer09864@example.com","ST01","新規","2026-06-04 15:15:53.266611"
9865,"顧客09865","customer09865@example.com","ST03","非アクティブ","2026-06-04 15:15:53.266611"
9866,"顧客09866","customer09866@example.com","ST02","アクティブ","2026-06-04 15:15:53.266611"
9867,"顧客09867","customer09867@example.com","ST03","非アクティブ","2026-06-04 15:15:53.266611"
9868,"顧客09868","customer09868@example.com","ST02","アクティブ","2026-06-04 15:15:53.266611"
9869,"顧客09869","customer09869@example.com","ST01","新規","2026-06-04 15:15:53.266611"
9870,"顧客09870","customer09870@example.com","ST03","非アクティブ","2026-06-04 15:15:53.266611"
9871,"顧客09871","customer09871@example.com","ST02","アクティブ","2026-06-04 15:15:53.266611"
9872,"顧客09872","customer09872@example.com","ST04","退会","2026-06-04 15:15:53.266611"
9873,"顧客09873","customer09873@example.com","ST01","新規","2026-06-04 15:15:53.266611"
9874,"顧客09874","customer09874@example.com","ST01","新規","2026-06-04 15:15:53.266611"
9875,"顧客09875","customer09875@example.com","ST04","退会","2026-06-04 15:15:53.266611"
9876,"顧客09876","customer09876@example.com","ST02","アクティブ","2026-06-04 15:15:53.266611"
9877,"顧客09877","customer09877@example.com","ST04","退会","2026-06-04 15:15:53.266611"
9878,"顧客09878","customer09878@example.com","ST03","非アクティブ","2026-06-04 15:15:53.266611"
9879,"顧客09879","customer09879@example.com","ST04","退会","2026-06-04 15:15:53.266611"
9880,"顧客09880","customer09880@example.com","ST03","非アクティブ","2026-06-04 15:15:53.266611"
9881,"顧客09881","customer09881@example.com","ST03","非アクティブ","2026-06-04 15:15:53.266611"
9882,"顧客09882","customer09882@example.com","ST01","新規","2026-06-04 15:15:53.266611"
9883,"顧客09883","customer09883@example.com","ST04","退会","2026-06-04 15:15:53.266611"
9884,"顧客09884","customer09884@example.com","ST03","非アクティブ","2026-06-04 15:15:53.266611"
9885,"顧客09885","customer09885@example.com","ST02","アクティブ","2026-06-04 15:15:53.266611"
9886,"顧客09886","customer09886@example.com","ST02","アクティブ","2026-06-04 15:15:53.266611"
9887,"顧客09887","customer09887@example.com","ST01","新規","2026-06-04 15:15:53.266611"
9888,"顧客09888","customer09888@example.com","ST01","新規","2026-06-04 15:15:53.266611"
9889,"顧客09889","customer09889@example.com","ST01","新規","2026-06-04 15:15:53.266611"
9890,"顧客09890","customer09890@example.com","ST04","退会","2026-06-04 15:15:53.266611"
9891,"顧客09891","customer09891@example.com","ST04","退会","2026-06-04 15:15:53.266611"
9892,"顧客09892","customer09892@example.com","ST02","アクティブ","2026-06-04 15:15:53.266611"
9893,"顧客09893","customer09893@example.com","ST02","アクティブ","2026-06-04 15:15:53.266611"
9894,"顧客09894","customer09894@example.com","ST03","非アクティブ","2026-06-04 15:15:53.266611"
9895,"顧客09895","customer09895@example.com","ST03","非アクティブ","2026-06-04 15:15:53.266611"
9896,"顧客09896","customer09896@example.com","ST04","退会","2026-06-04 15:15:53.266611"
9897,"顧客09897","customer09897@example.com","ST03","非アクティブ","2026-06-04 15:15:53.266611"
9898,"顧客09898","customer09898@example.com","ST04","退会","2026-06-04 15:15:53.266611"
9899,"顧客09899","customer09899@example.com","ST02","アクティブ","2026-06-04 15:15:53.266611"
9900,"顧客09900","customer09900@example.com","ST04","退会","2026-06-04 15:15:53.266611"
9901,"顧客09901","customer09901@example.com","ST04","退会","2026-06-04 15:15:53.266611"
9902,"顧客09902","customer09902@example.com","ST02","アクティブ","2026-06-04 15:15:53.266611"
9903,"顧客09903","customer09903@example.com","ST02","アクティブ","2026-06-04 15:15:53.266611"
9904,"顧客09904","customer09904@example.com","ST02","アクティブ","2026-06-04 15:15:53.266611"
9905,"顧客09905","customer09905@example.com","ST02","アクティブ","2026-06-04 15:15:53.266611"
9906,"顧客09906","customer09906@example.com","ST03","非アクティブ","2026-06-04 15:15:53.266611"
9907,"顧客09907","customer09907@example.com","ST03","非アクティブ","2026-06-04 15:15:53.266611"
9908,"顧客09908","customer09908@example.com","ST04","退会","2026-06-04 15:15:53.266611"
9909,"顧客09909","customer09909@example.com","ST02","アクティブ","2026-06-04 15:15:53.266611"
9910,"顧客09910","customer09910@example.com","ST03","非アクティブ","2026-06-04 15:15:53.266611"
9911,"顧客09911","customer09911@example.com","ST04","退会","2026-06-04 15:15:53.266611"
9912,"顧客09912","customer09912@example.com","ST02","アクティブ","2026-06-04 15:15:53.266611"
9913,"顧客09913","customer09913@example.com","ST01","新規","2026-06-04 15:15:53.266611"
9914,"顧客09914","customer09914@example.com","ST02","アクティブ","2026-06-04 15:15:53.266611"
9915,"顧客09915","customer09915@example.com","ST03","非アクティブ","2026-06-04 15:15:53.266611"
9916,"顧客09916","customer09916@example.com","ST03","非アクティブ","2026-06-04 15:15:53.266611"
9917,"顧客09917","customer09917@example.com","ST01","新規","2026-06-04 15:15:53.266611"
9918,"顧客09918","customer09918@example.com","ST02","アクティブ","2026-06-04 15:15:53.266611"
9919,"顧客09919","customer09919@example.com","ST01","新規","2026-06-04 15:15:53.266611"
9920,"顧客09920","customer09920@example.com","ST03","非アクティブ","2026-06-04 15:15:53.266611"
9921,"顧客09921","customer09921@example.com","ST02","アクティブ","2026-06-04 15:15:53.266611"
9922,"顧客09922","customer09922@example.com","ST04","退会","2026-06-04 15:15:53.266611"
9923,"顧客09923","customer09923@example.com","ST02","アクティブ","2026-06-04 15:15:53.266611"
9924,"顧客09924","customer09924@example.com","ST03","非アクティブ","2026-06-04 15:15:53.266611"
9925,"顧客09925","customer09925@example.com","ST03","非アクティブ","2026-06-04 15:15:53.266611"
9926,"顧客09926","customer09926@example.com","ST02","アクティブ","2026-06-04 15:15:53.266611"
9927,"顧客09927","customer09927@example.com","ST02","アクティブ","2026-06-04 15:15:53.266611"
9928,"顧客09928","customer09928@example.com","ST04","退会","2026-06-04 15:15:53.266611"
9929,"顧客09929","customer09929@example.com","ST02","アクティブ","2026-06-04 15:15:53.266611"
9930,"顧客09930","customer09930@example.com","ST01","新規","2026-06-04 15:15:53.266611"
9931,"顧客09931","customer09931@example.com","ST02","アクティブ","2026-06-04 15:15:53.266611"
9932,"顧客09932","customer09932@example.com","ST02","アクティブ","2026-06-04 15:15:53.266611"
9933,"顧客09933","customer09933@example.com","ST03","非アクティブ","2026-06-04 15:15:53.266611"
9934,"顧客09934","customer09934@example.com","ST03","非アクティブ","2026-06-04 15:15:53.266611"
9935,"顧客09935","customer09935@example.com","ST02","アクティブ","2026-06-04 15:15:53.266611"
9936,"顧客09936","customer09936@example.com","ST03","非アクティブ","2026-06-04 15:15:53.266611"
9937,"顧客09937","customer09937@example.com","ST03","非アクティブ","2026-06-04 15:15:53.266611"
9938,"顧客09938","customer09938@example.com","ST02","アクティブ","2026-06-04 15:15:53.266611"
9939,"顧客09939","customer09939@example.com","ST03","非アクティブ","2026-06-04 15:15:53.266611"
9940,"顧客09940","customer09940@example.com","ST01","新規","2026-06-04 15:15:53.266611"
9941,"顧客09941","customer09941@example.com","ST02","アクティブ","2026-06-04 15:15:53.266611"
9942,"顧客09942","customer09942@example.com","ST01","新規","2026-06-04 15:15:53.266611"
9943,"顧客09943","customer09943@example.com","ST02","アクティブ","2026-06-04 15:15:53.266611"
9944,"顧客09944","customer09944@example.com","ST02","アクティブ","2026-06-04 15:15:53.266611"
9945,"顧客09945","customer09945@example.com","ST01","新規","2026-06-04 15:15:53.266611"
9946,"顧客09946","customer09946@example.com","ST01","新規","2026-06-04 15:15:53.266611"
9947,"顧客09947","customer09947@example.com","ST02","アクティブ","2026-06-04 15:15:53.266611"
9948,"顧客09948","customer09948@example.com","ST04","退会","2026-06-04 15:15:53.266611"
9949,"顧客09949","customer09949@example.com","ST03","非アクティブ","2026-06-04 15:15:53.266611"
9950,"顧客09950","customer09950@example.com","ST02","アクティブ","2026-06-04 15:15:53.266611"
9951,"顧客09951","customer09951@example.com","ST04","退会","2026-06-04 15:15:53.266611"
9952,"顧客09952","customer09952@example.com","ST01","新規","2026-06-04 15:15:53.266611"
9953,"顧客09953","customer09953@example.com","ST03","非アクティブ","2026-06-04 15:15:53.266611"
9954,"顧客09954","customer09954@example.com","ST02","アクティブ","2026-06-04 15:15:53.266611"
9955,"顧客09955","customer09955@example.com","ST04","退会","2026-06-04 15:15:53.266611"
9956,"顧客09956","customer09956@example.com","ST03","非アクティブ","2026-06-04 15:15:53.266611"
9957,"顧客09957","customer09957@example.com","ST01","新規","2026-06-04 15:15:53.266611"
9958,"顧客09958","customer09958@example.com","ST02","アクティブ","2026-06-04 15:15:53.266611"
9959,"顧客09959","customer09959@example.com","ST04","退会","2026-06-04 15:15:53.266611"
9960,"顧客09960","customer09960@example.com","ST03","非アクティブ","2026-06-04 15:15:53.266611"
9961,"顧客09961","customer09961@example.com","ST03","非アクティブ","2026-06-04 15:15:53.266611"
9962,"顧客09962","customer09962@example.com","ST01","新規","2026-06-04 15:15:53.266611"
9963,"顧客09963","customer09963@example.com","ST03","非アクティブ","2026-06-04 15:15:53.266611"
9964,"顧客09964","customer09964@example.com","ST01","新規","2026-06-04 15:15:53.266611"
9965,"顧客09965","customer09965@example.com","ST01","新規","2026-06-04 15:15:53.266611"
9966,"顧客09966","customer09966@example.com","ST03","非アクティブ","2026-06-04 15:15:53.266611"
9967,"顧客09967","customer09967@example.com","ST02","アクティブ","2026-06-04 15:15:53.266611"
9968,"顧客09968","customer09968@example.com","ST02","アクティブ","2026-06-04 15:15:53.266611"
9969,"顧客09969","customer09969@example.com","ST02","アクティブ","2026-06-04 15:15:53.266611"
9970,"顧客09970","customer09970@example.com","ST03","非アクティブ","2026-06-04 15:15:53.266611"
9971,"顧客09971","customer09971@example.com","ST03","非アクティブ","2026-06-04 15:15:53.266611"
9972,"顧客09972","customer09972@example.com","ST02","アクティブ","2026-06-04 15:15:53.266611"
9973,"顧客09973","customer09973@example.com","ST01","新規","2026-06-04 15:15:53.266611"
9974,"顧客09974","customer09974@example.com","ST02","アクティブ","2026-06-04 15:15:53.266611"
9975,"顧客09975","customer09975@example.com","ST04","退会","2026-06-04 15:15:53.266611"
9976,"顧客09976","customer09976@example.com","ST03","非アクティブ","2026-06-04 15:15:53.266611"
9977,"顧客09977","customer09977@example.com","ST02","アクティブ","2026-06-04 15:15:53.266611"
9978,"顧客09978","customer09978@example.com","ST03","非アクティブ","2026-06-04 15:15:53.266611"
9979,"顧客09979","customer09979@example.com","ST04","退会","2026-06-04 15:15:53.266611"
9980,"顧客09980","customer09980@example.com","ST02","アクティブ","2026-06-04 15:15:53.266611"
9981,"顧客09981","customer09981@example.com","ST04","退会","2026-06-04 15:15:53.266611"
9982,"顧客09982","customer09982@example.com","ST01","新規","2026-06-04 15:15:53.266611"
9983,"顧客09983","customer09983@example.com","ST04","退会","2026-06-04 15:15:53.266611"
9984,"顧客09984","customer09984@example.com","ST04","退会","2026-06-04 15:15:53.266611"
9985,"顧客09985","customer09985@example.com","ST02","アクティブ","2026-06-04 15:15:53.266611"
9986,"顧客09986","customer09986@example.com","ST02","アクティブ","2026-06-04 15:15:53.266611"
9987,"顧客09987","customer09987@example.com","ST01","新規","2026-06-04 15:15:53.266611"
9988,"顧客09988","customer09988@example.com","ST01","新規","2026-06-04 15:15:53.266611"
9989,"顧客09989","customer09989@example.com","ST01","新規","2026-06-04 15:15:53.266611"
9990,"顧客09990","customer09990@example.com","ST03","非アクティブ","2026-06-04 15:15:53.266611"
9991,"顧客09991","customer09991@example.com","ST04","退会","2026-06-04 15:15:53.266611"
9992,"顧客09992","customer09992@example.com","ST01","新規","2026-06-04 15:15:53.266611"
9993,"顧客09993","customer09993@example.com","ST04","退会","2026-06-04 15:15:53.266611"
9994,"顧客09994","customer09994@example.com","ST01","新規","2026-06-04 15:15:53.266611"
9995,"顧客09995","customer09995@example.com","ST02","アクティブ","2026-06-04 15:15:53.266611"
9996,"顧客09996","customer09996@example.com","ST02","アクティブ","2026-06-04 15:15:53.266611"
9997,"顧客09997","customer09997@example.com","ST02","アクティブ","2026-06-04 15:15:53.266611"
9998,"顧客09998","customer09998@example.com","ST02","アクティブ","2026-06-04 15:15:53.266611"
9999,"顧客09999","customer09999@example.com","ST01","新規","2026-06-04 15:15:53.266611"
10000,"顧客10000","customer10000@example.com","ST01","新規","2026-06-04 15:15:53.266611"
