customer_id,customer_name,email,status_code
1,鈴木 美咲,misaki.suzuki@example.com,ST04
2,加藤 大輔,daisuke.kato@example.com,ST02
3,渡辺 美咲,misaki.watanabe@example.com,ST02
4,加藤 健太,kenta.kato@example.com,ST01
5,山田 蓮,ren.yamada@example.com,ST01
6,佐藤 翔,sho.sato@example.com,ST03
7,渡辺 彩花,ayaka.watanabe@example.com,ST03
8,山田 結衣,yui.yamada@example.com,ST03
9,田中 彩花,ayaka.tanaka@example.com,ST02
10,山本 拓海,takumi.yamamoto@example.com,ST01
11,加藤 大輔,daisuke.kato@example.com,ST04
12,吉田 大輔,daisuke.yoshida@example.com,ST01
13,加藤 拓海,takumi.kato@example.com,ST01
14,佐藤 太郎,taro.sato@example.com,ST04
15,伊藤 結衣,yui.ito@example.com,ST02
16,渡辺 拓海,takumi.watanabe@example.com,ST02
17,高橋 陽菜,hina.takahashi@example.com,ST01
18,高橋 蓮,ren.takahashi@example.com,ST02
19,吉田 拓海,takumi.yoshida@example.com,ST03
20,加藤 太郎,taro.kato@example.com,ST02
21,山田 陽菜,hina.yamada@example.com,ST04
22,小林 悠斗,yuto.kobayashi@example.com,ST03
23,佐藤 彩花,ayaka.sato@example.com,ST01
24,高橋 健太,kenta.takahashi@example.com,ST01
25,高橋 美咲,misaki.takahashi@example.com,ST01
26,山本 翔,sho.yamamoto@example.com,ST02
27,伊藤 悠斗,yuto.ito@example.com,ST01
28,高橋 太郎,taro.takahashi@example.com,ST03
29,加藤 美咲,misaki.kato@example.com,ST01
30,加藤 彩花,ayaka.kato@example.com,ST02
31,田中 葵,aoi.tanaka@example.com,ST01
32,鈴木 蓮,ren.suzuki@example.com,ST01
33,高橋 葵,aoi.takahashi@example.com,ST04
34,吉田 翔,sho.yoshida@example.com,ST03
35,鈴木 結衣,yui.suzuki@example.com,ST03
36,伊藤 結衣,yui.ito@example.com,ST02
37,吉田 太郎,taro.yoshida@example.com,ST01
38,吉田 彩花,ayaka.yoshida@example.com,ST03
39,吉田 太郎,taro.yoshida@example.com,ST03
40,小林 陽菜,hina.kobayashi@example.com,ST01
41,田中 太郎,taro.tanaka@example.com,ST03
42,伊藤 結衣,yui.ito@example.com,ST04
43,吉田 悠斗,yuto.yoshida@example.com,ST04
44,小林 悠斗,yuto.kobayashi@example.com,ST03
45,渡辺 大輔,daisuke.watanabe@example.com,ST03
46,渡辺 結衣,yui.watanabe@example.com,ST02
47,伊藤 大輔,daisuke.ito@example.com,ST01
48,田中 蓮,ren.tanaka@example.com,ST02
49,高橋 太郎,taro.takahashi@example.com,ST03
50,山本 悠斗,yuto.yamamoto@example.com,ST04
51,山田 美咲,misaki.yamada@example.com,ST01
52,高橋 彩花,ayaka.takahashi@example.com,ST02
53,渡辺 翔,sho.watanabe@example.com,ST01
54,佐藤 美咲,misaki.sato@example.com,ST01
55,中村 結衣,yui.nakamura@example.com,ST03
56,吉田 美咲,misaki.yoshida@example.com,ST04
57,吉田 葵,aoi.yoshida@example.com,ST01
58,高橋 翔,sho.takahashi@example.com,ST03
59,佐藤 陽菜,hina.sato@example.com,ST04
60,小林 太郎,taro.kobayashi@example.com,ST01
61,小林 悠斗,yuto.kobayashi@example.com,ST04
62,渡辺 蓮,ren.watanabe@example.com,ST03
63,加藤 悠斗,yuto.kato@example.com,ST03
64,田中 拓海,takumi.tanaka@example.com,ST03
65,渡辺 大輔,daisuke.watanabe@example.com,ST02
66,加藤 悠斗,yuto.kato@example.com,ST03
67,佐藤 悠斗,yuto.sato@example.com,ST02
68,中村 葵,aoi.nakamura@example.com,ST04
69,高橋 彩花,ayaka.takahashi@example.com,ST01
70,高橋 健太,kenta.takahashi@example.com,ST04
71,佐藤 大輔,daisuke.sato@example.com,ST01
72,山本 陽菜,hina.yamamoto@example.com,ST01
73,佐藤 悠斗,yuto.sato@example.com,ST02
74,中村 彩花,ayaka.nakamura@example.com,ST01
75,山本 健太,kenta.yamamoto@example.com,ST03
76,佐藤 彩花,ayaka.sato@example.com,ST03
77,伊藤 葵,aoi.ito@example.com,ST02
78,小林 結衣,yui.kobayashi@example.com,ST01
79,高橋 美咲,misaki.takahashi@example.com,ST02
80,山本 翔,sho.yamamoto@example.com,ST04
81,高橋 拓海,takumi.takahashi@example.com,ST01
82,中村 拓海,takumi.nakamura@example.com,ST03
83,山本 葵,aoi.yamamoto@example.com,ST04
84,加藤 陽菜,hina.kato@example.com,ST01
85,山本 蓮,ren.yamamoto@example.com,ST01
86,田中 拓海,takumi.tanaka@example.com,ST03
87,中村 彩花,ayaka.nakamura@example.com,ST02
88,伊藤 陽菜,hina.ito@example.com,ST03
89,高橋 蓮,ren.takahashi@example.com,ST02
90,小林 葵,aoi.kobayashi@example.com,ST01
91,吉田 蓮,ren.yoshida@example.com,ST01
92,加藤 陽菜,hina.kato@example.com,ST04
93,加藤 彩花,ayaka.kato@example.com,ST04
94,山本 太郎,taro.yamamoto@example.com,ST01
95,高橋 太郎,taro.takahashi@example.com,ST01
96,小林 美咲,misaki.kobayashi@example.com,ST03
97,高橋 美咲,misaki.takahashi@example.com,ST01
98,山田 陽菜,hina.yamada@example.com,ST04
99,加藤 陽菜,hina.kato@example.com,ST01
100,佐藤 悠斗,yuto.sato@example.com,ST04
101,加藤 蓮,ren.kato@example.com,ST04
102,渡辺 太郎,taro.watanabe@example.com,ST02
103,渡辺 翔,sho.watanabe@example.com,ST01
104,高橋 悠斗,yuto.takahashi@example.com,ST01
105,中村 翔,sho.nakamura@example.com,ST04
106,高橋 葵,aoi.takahashi@example.com,ST02
107,渡辺 彩花,ayaka.watanabe@example.com,ST01
108,高橋 翔,sho.takahashi@example.com,ST02
109,加藤 美咲,misaki.kato@example.com,ST03
110,山田 結衣,yui.yamada@example.com,ST01
111,山田 翔,sho.yamada@example.com,ST01
112,吉田 陽菜,hina.yoshida@example.com,ST03
113,伊藤 陽菜,hina.ito@example.com,ST04
114,加藤 健太,kenta.kato@example.com,ST01
115,加藤 陽菜,hina.kato@example.com,ST01
116,加藤 蓮,ren.kato@example.com,ST04
117,鈴木 健太,kenta.suzuki@example.com,ST02
118,渡辺 悠斗,yuto.watanabe@example.com,ST04
119,渡辺 彩花,ayaka.watanabe@example.com,ST03
120,伊藤 太郎,taro.ito@example.com,ST04
121,渡辺 翔,sho.watanabe@example.com,ST02
122,鈴木 陽菜,hina.suzuki@example.com,ST01
123,田中 葵,aoi.tanaka@example.com,ST04
124,山田 拓海,takumi.yamada@example.com,ST04
125,渡辺 葵,aoi.watanabe@example.com,ST02
126,吉田 太郎,taro.yoshida@example.com,ST04
127,田中 彩花,ayaka.tanaka@example.com,ST03
128,加藤 大輔,daisuke.kato@example.com,ST04
129,加藤 彩花,ayaka.kato@example.com,ST04
130,渡辺 健太,kenta.watanabe@example.com,ST01
131,吉田 拓海,takumi.yoshida@example.com,ST02
132,佐藤 蓮,ren.sato@example.com,ST04
133,小林 大輔,daisuke.kobayashi@example.com,ST02
134,山本 悠斗,yuto.yamamoto@example.com,ST04
135,山田 太郎,taro.yamada@example.com,ST03
136,山本 悠斗,yuto.yamamoto@example.com,ST04
137,小林 蓮,ren.kobayashi@example.com,ST04
138,山本 拓海,takumi.yamamoto@example.com,ST04
139,田中 健太,kenta.tanaka@example.com,ST04
140,田中 陽菜,hina.tanaka@example.com,ST04
141,佐藤 太郎,taro.sato@example.com,ST03
142,加藤 翔,sho.kato@example.com,ST01
143,山本 太郎,taro.yamamoto@example.com,ST03
144,吉田 美咲,misaki.yoshida@example.com,ST02
145,渡辺 美咲,misaki.watanabe@example.com,ST02
146,田中 彩花,ayaka.tanaka@example.com,ST02
147,田中 彩花,ayaka.tanaka@example.com,ST01
148,小林 彩花,ayaka.kobayashi@example.com,ST03
149,伊藤 蓮,ren.ito@example.com,ST04
150,中村 拓海,takumi.nakamura@example.com,ST04
151,渡辺 健太,kenta.watanabe@example.com,ST03
152,鈴木 健太,kenta.suzuki@example.com,ST01
153,伊藤 美咲,misaki.ito@example.com,ST02
154,中村 美咲,misaki.nakamura@example.com,ST04
155,高橋 彩花,ayaka.takahashi@example.com,ST01
156,山本 健太,kenta.yamamoto@example.com,ST01
157,鈴木 大輔,daisuke.suzuki@example.com,ST01
158,加藤 拓海,takumi.kato@example.com,ST04
159,田中 結衣,yui.tanaka@example.com,ST02
160,田中 美咲,misaki.tanaka@example.com,ST01
161,加藤 大輔,daisuke.kato@example.com,ST01
162,小林 大輔,daisuke.kobayashi@example.com,ST01
163,佐藤 拓海,takumi.sato@example.com,ST03
164,佐藤 陽菜,hina.sato@example.com,ST04
165,渡辺 大輔,daisuke.watanabe@example.com,ST02
166,鈴木 美咲,misaki.suzuki@example.com,ST03
167,加藤 拓海,takumi.kato@example.com,ST01
168,中村 太郎,taro.nakamura@example.com,ST01
169,鈴木 拓海,takumi.suzuki@example.com,ST01
170,渡辺 太郎,taro.watanabe@example.com,ST01
171,伊藤 蓮,ren.ito@example.com,ST04
172,山本 蓮,ren.yamamoto@example.com,ST01
173,伊藤 陽菜,hina.ito@example.com,ST03
174,伊藤 陽菜,hina.ito@example.com,ST01
175,中村 健太,kenta.nakamura@example.com,ST04
176,渡辺 美咲,misaki.watanabe@example.com,ST02
177,渡辺 結衣,yui.watanabe@example.com,ST02
178,鈴木 葵,aoi.suzuki@example.com,ST04
179,山田 翔,sho.yamada@example.com,ST04
180,伊藤 結衣,yui.ito@example.com,ST03
181,中村 翔,sho.nakamura@example.com,ST04
182,伊藤 拓海,takumi.ito@example.com,ST02
183,佐藤 悠斗,yuto.sato@example.com,ST04
184,小林 結衣,yui.kobayashi@example.com,ST02
185,高橋 悠斗,yuto.takahashi@example.com,ST04
186,中村 美咲,misaki.nakamura@example.com,ST04
187,田中 陽菜,hina.tanaka@example.com,ST04
188,吉田 陽菜,hina.yoshida@example.com,ST02
189,鈴木 結衣,yui.suzuki@example.com,ST03
190,伊藤 大輔,daisuke.ito@example.com,ST01
191,山田 美咲,misaki.yamada@example.com,ST01
192,高橋 悠斗,yuto.takahashi@example.com,ST01
193,中村 美咲,misaki.nakamura@example.com,ST01
194,田中 美咲,misaki.tanaka@example.com,ST02
195,伊藤 翔,sho.ito@example.com,ST04
196,佐藤 大輔,daisuke.sato@example.com,ST01
197,高橋 結衣,yui.takahashi@example.com,ST04
198,小林 結衣,yui.kobayashi@example.com,ST04
199,中村 太郎,taro.nakamura@example.com,ST04
200,鈴木 結衣,yui.suzuki@example.com,ST01
201,佐藤 蓮,ren.sato@example.com,ST01
202,田中 彩花,ayaka.tanaka@example.com,ST02
203,高橋 彩花,ayaka.takahashi@example.com,ST04
204,田中 拓海,takumi.tanaka@example.com,ST01
205,中村 彩花,ayaka.nakamura@example.com,ST03
206,吉田 陽菜,hina.yoshida@example.com,ST03
207,高橋 太郎,taro.takahashi@example.com,ST02
208,鈴木 蓮,ren.suzuki@example.com,ST04
209,田中 太郎,taro.tanaka@example.com,ST01
210,鈴木 美咲,misaki.suzuki@example.com,ST03
211,小林 美咲,misaki.kobayashi@example.com,ST04
212,山田 彩花,ayaka.yamada@example.com,ST03
213,山本 葵,aoi.yamamoto@example.com,ST03
214,中村 太郎,taro.nakamura@example.com,ST04
215,吉田 陽菜,hina.yoshida@example.com,ST04
216,伊藤 健太,kenta.ito@example.com,ST03
217,中村 結衣,yui.nakamura@example.com,ST04
218,中村 大輔,daisuke.nakamura@example.com,ST02
219,佐藤 美咲,misaki.sato@example.com,ST01
220,佐藤 翔,sho.sato@example.com,ST04
221,佐藤 陽菜,hina.sato@example.com,ST04
222,高橋 葵,aoi.takahashi@example.com,ST03
223,小林 蓮,ren.kobayashi@example.com,ST03
224,山田 拓海,takumi.yamada@example.com,ST03
225,田中 陽菜,hina.tanaka@example.com,ST04
226,吉田 悠斗,yuto.yoshida@example.com,ST04
227,中村 美咲,misaki.nakamura@example.com,ST04
228,中村 拓海,takumi.nakamura@example.com,ST03
229,高橋 大輔,daisuke.takahashi@example.com,ST04
230,渡辺 拓海,takumi.watanabe@example.com,ST04
231,伊藤 蓮,ren.ito@example.com,ST03
232,山田 美咲,misaki.yamada@example.com,ST04
233,山本 翔,sho.yamamoto@example.com,ST03
234,中村 葵,aoi.nakamura@example.com,ST04
235,山田 彩花,ayaka.yamada@example.com,ST01
236,鈴木 太郎,taro.suzuki@example.com,ST04
237,鈴木 大輔,daisuke.suzuki@example.com,ST03
238,山田 大輔,daisuke.yamada@example.com,ST02
239,鈴木 葵,aoi.suzuki@example.com,ST04
240,吉田 陽菜,hina.yoshida@example.com,ST02
241,佐藤 陽菜,hina.sato@example.com,ST03
242,山田 太郎,taro.yamada@example.com,ST02
243,加藤 陽菜,hina.kato@example.com,ST01
244,中村 葵,aoi.nakamura@example.com,ST03
245,吉田 結衣,yui.yoshida@example.com,ST02
246,伊藤 悠斗,yuto.ito@example.com,ST01
247,山本 葵,aoi.yamamoto@example.com,ST03
248,渡辺 蓮,ren.watanabe@example.com,ST02
249,渡辺 陽菜,hina.watanabe@example.com,ST01
250,山田 葵,aoi.yamada@example.com,ST01
251,山本 葵,aoi.yamamoto@example.com,ST01
252,高橋 大輔,daisuke.takahashi@example.com,ST04
253,伊藤 蓮,ren.ito@example.com,ST01
254,田中 太郎,taro.tanaka@example.com,ST04
255,鈴木 健太,kenta.suzuki@example.com,ST03
256,加藤 悠斗,yuto.kato@example.com,ST04
257,山田 結衣,yui.yamada@example.com,ST03
258,吉田 陽菜,hina.yoshida@example.com,ST02
259,伊藤 健太,kenta.ito@example.com,ST03
260,渡辺 彩花,ayaka.watanabe@example.com,ST01
261,山本 悠斗,yuto.yamamoto@example.com,ST01
262,高橋 蓮,ren.takahashi@example.com,ST04
263,鈴木 蓮,ren.suzuki@example.com,ST02
264,佐藤 太郎,taro.sato@example.com,ST04
265,伊藤 大輔,daisuke.ito@example.com,ST01
266,加藤 大輔,daisuke.kato@example.com,ST01
267,中村 悠斗,yuto.nakamura@example.com,ST04
268,鈴木 彩花,ayaka.suzuki@example.com,ST02
269,渡辺 陽菜,hina.watanabe@example.com,ST03
270,中村 悠斗,yuto.nakamura@example.com,ST03
271,渡辺 美咲,misaki.watanabe@example.com,ST01
272,鈴木 翔,sho.suzuki@example.com,ST04
273,鈴木 翔,sho.suzuki@example.com,ST04
274,山田 健太,kenta.yamada@example.com,ST01
275,渡辺 蓮,ren.watanabe@example.com,ST03
276,佐藤 彩花,ayaka.sato@example.com,ST01
277,山本 拓海,takumi.yamamoto@example.com,ST02
278,伊藤 結衣,yui.ito@example.com,ST02
279,伊藤 美咲,misaki.ito@example.com,ST04
280,田中 蓮,ren.tanaka@example.com,ST01
281,田中 蓮,ren.tanaka@example.com,ST04
282,伊藤 大輔,daisuke.ito@example.com,ST04
283,高橋 陽菜,hina.takahashi@example.com,ST02
284,山本 蓮,ren.yamamoto@example.com,ST01
285,佐藤 健太,kenta.sato@example.com,ST03
286,佐藤 結衣,yui.sato@example.com,ST03
287,中村 蓮,ren.nakamura@example.com,ST02
288,伊藤 大輔,daisuke.ito@example.com,ST01
289,渡辺 翔,sho.watanabe@example.com,ST04
290,小林 翔,sho.kobayashi@example.com,ST03
291,佐藤 葵,aoi.sato@example.com,ST02
292,伊藤 結衣,yui.ito@example.com,ST03
293,山田 大輔,daisuke.yamada@example.com,ST03
294,山田 拓海,takumi.yamada@example.com,ST02
295,中村 翔,sho.nakamura@example.com,ST01
296,鈴木 結衣,yui.suzuki@example.com,ST03
297,田中 太郎,taro.tanaka@example.com,ST04
298,佐藤 悠斗,yuto.sato@example.com,ST03
299,佐藤 翔,sho.sato@example.com,ST02
300,小林 健太,kenta.kobayashi@example.com,ST03
301,鈴木 蓮,ren.suzuki@example.com,ST02
302,伊藤 健太,kenta.ito@example.com,ST01
303,渡辺 葵,aoi.watanabe@example.com,ST01
304,伊藤 健太,kenta.ito@example.com,ST03
305,小林 大輔,daisuke.kobayashi@example.com,ST04
306,渡辺 大輔,daisuke.watanabe@example.com,ST02
307,吉田 太郎,taro.yoshida@example.com,ST03
308,佐藤 翔,sho.sato@example.com,ST04
309,山田 翔,sho.yamada@example.com,ST04
310,伊藤 彩花,ayaka.ito@example.com,ST04
311,伊藤 蓮,ren.ito@example.com,ST01
312,山田 結衣,yui.yamada@example.com,ST01
313,高橋 葵,aoi.takahashi@example.com,ST01
314,吉田 結衣,yui.yoshida@example.com,ST04
315,田中 拓海,takumi.tanaka@example.com,ST04
316,加藤 美咲,misaki.kato@example.com,ST02
317,高橋 翔,sho.takahashi@example.com,ST02
318,中村 彩花,ayaka.nakamura@example.com,ST01
319,伊藤 陽菜,hina.ito@example.com,ST03
320,吉田 結衣,yui.yoshida@example.com,ST04
321,山本 美咲,misaki.yamamoto@example.com,ST03
322,中村 健太,kenta.nakamura@example.com,ST03
323,山本 蓮,ren.yamamoto@example.com,ST03
324,小林 大輔,daisuke.kobayashi@example.com,ST03
325,小林 悠斗,yuto.kobayashi@example.com,ST02
326,中村 大輔,daisuke.nakamura@example.com,ST03
327,加藤 太郎,taro.kato@example.com,ST04
328,高橋 大輔,daisuke.takahashi@example.com,ST02
329,山田 翔,sho.yamada@example.com,ST04
330,伊藤 悠斗,yuto.ito@example.com,ST03
331,田中 蓮,ren.tanaka@example.com,ST02
332,伊藤 美咲,misaki.ito@example.com,ST02
333,佐藤 拓海,takumi.sato@example.com,ST04
334,中村 太郎,taro.nakamura@example.com,ST03
335,伊藤 結衣,yui.ito@example.com,ST04
336,佐藤 太郎,taro.sato@example.com,ST03
337,高橋 葵,aoi.takahashi@example.com,ST02
338,渡辺 大輔,daisuke.watanabe@example.com,ST03
339,小林 太郎,taro.kobayashi@example.com,ST03
340,中村 彩花,ayaka.nakamura@example.com,ST01
341,渡辺 翔,sho.watanabe@example.com,ST02
342,山田 彩花,ayaka.yamada@example.com,ST04
343,小林 蓮,ren.kobayashi@example.com,ST02
344,中村 結衣,yui.nakamura@example.com,ST04
345,山本 葵,aoi.yamamoto@example.com,ST02
346,田中 太郎,taro.tanaka@example.com,ST03
347,佐藤 大輔,daisuke.sato@example.com,ST02
348,伊藤 蓮,ren.ito@example.com,ST04
349,渡辺 太郎,taro.watanabe@example.com,ST01
350,鈴木 葵,aoi.suzuki@example.com,ST02
351,高橋 太郎,taro.takahashi@example.com,ST03
352,山田 結衣,yui.yamada@example.com,ST02
353,吉田 葵,aoi.yoshida@example.com,ST03
354,加藤 蓮,ren.kato@example.com,ST01
355,中村 翔,sho.nakamura@example.com,ST01
356,中村 拓海,takumi.nakamura@example.com,ST03
357,渡辺 葵,aoi.watanabe@example.com,ST03
358,加藤 健太,kenta.kato@example.com,ST04
359,佐藤 太郎,taro.sato@example.com,ST01
360,山本 健太,kenta.yamamoto@example.com,ST03
361,鈴木 彩花,ayaka.suzuki@example.com,ST01
362,小林 大輔,daisuke.kobayashi@example.com,ST01
363,山田 陽菜,hina.yamada@example.com,ST01
364,田中 拓海,takumi.tanaka@example.com,ST01
365,加藤 蓮,ren.kato@example.com,ST02
366,中村 葵,aoi.nakamura@example.com,ST02
367,高橋 結衣,yui.takahashi@example.com,ST03
368,吉田 健太,kenta.yoshida@example.com,ST01
369,中村 太郎,taro.nakamura@example.com,ST04
370,佐藤 葵,aoi.sato@example.com,ST01
371,小林 蓮,ren.kobayashi@example.com,ST03
372,佐藤 彩花,ayaka.sato@example.com,ST03
373,中村 彩花,ayaka.nakamura@example.com,ST01
374,渡辺 悠斗,yuto.watanabe@example.com,ST01
375,加藤 拓海,takumi.kato@example.com,ST01
376,佐藤 悠斗,yuto.sato@example.com,ST04
377,加藤 彩花,ayaka.kato@example.com,ST03
378,佐藤 健太,kenta.sato@example.com,ST03
379,高橋 翔,sho.takahashi@example.com,ST01
380,加藤 大輔,daisuke.kato@example.com,ST02
381,高橋 太郎,taro.takahashi@example.com,ST03
382,加藤 結衣,yui.kato@example.com,ST02
383,山本 翔,sho.yamamoto@example.com,ST01
384,渡辺 太郎,taro.watanabe@example.com,ST02
385,伊藤 美咲,misaki.ito@example.com,ST01
386,加藤 美咲,misaki.kato@example.com,ST03
387,田中 陽菜,hina.tanaka@example.com,ST03
388,伊藤 健太,kenta.ito@example.com,ST02
389,吉田 悠斗,yuto.yoshida@example.com,ST03
390,山田 翔,sho.yamada@example.com,ST03
391,田中 陽菜,hina.tanaka@example.com,ST04
392,佐藤 陽菜,hina.sato@example.com,ST02
393,中村 健太,kenta.nakamura@example.com,ST03
394,伊藤 拓海,takumi.ito@example.com,ST01
395,鈴木 結衣,yui.suzuki@example.com,ST03
396,伊藤 翔,sho.ito@example.com,ST02
397,田中 太郎,taro.tanaka@example.com,ST03
398,山田 拓海,takumi.yamada@example.com,ST02
399,加藤 結衣,yui.kato@example.com,ST02
400,小林 美咲,misaki.kobayashi@example.com,ST01
401,山田 蓮,ren.yamada@example.com,ST03
402,田中 大輔,daisuke.tanaka@example.com,ST04
403,山田 彩花,ayaka.yamada@example.com,ST01
404,佐藤 悠斗,yuto.sato@example.com,ST03
405,吉田 拓海,takumi.yoshida@example.com,ST03
406,鈴木 健太,kenta.suzuki@example.com,ST01
407,佐藤 結衣,yui.sato@example.com,ST04
408,鈴木 葵,aoi.suzuki@example.com,ST04
409,高橋 陽菜,hina.takahashi@example.com,ST03
410,中村 健太,kenta.nakamura@example.com,ST04
411,佐藤 陽菜,hina.sato@example.com,ST02
412,佐藤 結衣,yui.sato@example.com,ST02
413,伊藤 健太,kenta.ito@example.com,ST03
414,吉田 結衣,yui.yoshida@example.com,ST04
415,中村 陽菜,hina.nakamura@example.com,ST04
416,伊藤 大輔,daisuke.ito@example.com,ST04
417,佐藤 健太,kenta.sato@example.com,ST02
418,高橋 美咲,misaki.takahashi@example.com,ST02
419,加藤 葵,aoi.kato@example.com,ST04
420,小林 結衣,yui.kobayashi@example.com,ST01
421,田中 悠斗,yuto.tanaka@example.com,ST01
422,小林 結衣,yui.kobayashi@example.com,ST03
423,中村 彩花,ayaka.nakamura@example.com,ST03
424,伊藤 陽菜,hina.ito@example.com,ST01
425,吉田 拓海,takumi.yoshida@example.com,ST04
426,小林 美咲,misaki.kobayashi@example.com,ST04
427,伊藤 悠斗,yuto.ito@example.com,ST01
428,加藤 太郎,taro.kato@example.com,ST04
429,高橋 悠斗,yuto.takahashi@example.com,ST01
430,吉田 健太,kenta.yoshida@example.com,ST01
431,佐藤 蓮,ren.sato@example.com,ST04
432,田中 美咲,misaki.tanaka@example.com,ST01
433,山田 陽菜,hina.yamada@example.com,ST04
434,山田 葵,aoi.yamada@example.com,ST02
435,伊藤 結衣,yui.ito@example.com,ST04
436,伊藤 健太,kenta.ito@example.com,ST03
437,山本 翔,sho.yamamoto@example.com,ST03
438,鈴木 悠斗,yuto.suzuki@example.com,ST03
439,山田 悠斗,yuto.yamada@example.com,ST02
440,小林 陽菜,hina.kobayashi@example.com,ST03
441,山本 健太,kenta.yamamoto@example.com,ST02
442,吉田 蓮,ren.yoshida@example.com,ST04
443,小林 大輔,daisuke.kobayashi@example.com,ST01
444,伊藤 結衣,yui.ito@example.com,ST04
445,鈴木 健太,kenta.suzuki@example.com,ST03
446,吉田 彩花,ayaka.yoshida@example.com,ST01
447,田中 翔,sho.tanaka@example.com,ST04
448,山本 拓海,takumi.yamamoto@example.com,ST03
449,小林 蓮,ren.kobayashi@example.com,ST02
450,伊藤 美咲,misaki.ito@example.com,ST04
451,渡辺 結衣,yui.watanabe@example.com,ST04
452,吉田 悠斗,yuto.yoshida@example.com,ST03
453,加藤 太郎,taro.kato@example.com,ST01
454,山田 健太,kenta.yamada@example.com,ST02
455,小林 太郎,taro.kobayashi@example.com,ST04
456,渡辺 陽菜,hina.watanabe@example.com,ST01
457,伊藤 結衣,yui.ito@example.com,ST01
458,中村 蓮,ren.nakamura@example.com,ST02
459,中村 悠斗,yuto.nakamura@example.com,ST03
460,吉田 大輔,daisuke.yoshida@example.com,ST04
461,小林 結衣,yui.kobayashi@example.com,ST01
462,佐藤 悠斗,yuto.sato@example.com,ST03
463,佐藤 蓮,ren.sato@example.com,ST03
464,渡辺 蓮,ren.watanabe@example.com,ST03
465,小林 健太,kenta.kobayashi@example.com,ST04
466,佐藤 健太,kenta.sato@example.com,ST03
467,吉田 結衣,yui.yoshida@example.com,ST03
468,田中 太郎,taro.tanaka@example.com,ST03
469,加藤 拓海,takumi.kato@example.com,ST01
470,小林 翔,sho.kobayashi@example.com,ST03
471,鈴木 彩花,ayaka.suzuki@example.com,ST02
472,伊藤 悠斗,yuto.ito@example.com,ST01
473,山本 大輔,daisuke.yamamoto@example.com,ST04
474,小林 健太,kenta.kobayashi@example.com,ST04
475,佐藤 葵,aoi.sato@example.com,ST02
476,田中 陽菜,hina.tanaka@example.com,ST02
477,鈴木 悠斗,yuto.suzuki@example.com,ST02
478,山本 悠斗,yuto.yamamoto@example.com,ST01
479,中村 葵,aoi.nakamura@example.com,ST04
480,伊藤 陽菜,hina.ito@example.com,ST01
481,伊藤 大輔,daisuke.ito@example.com,ST01
482,中村 翔,sho.nakamura@example.com,ST02
483,渡辺 健太,kenta.watanabe@example.com,ST04
484,山本 太郎,taro.yamamoto@example.com,ST04
485,山田 美咲,misaki.yamada@example.com,ST03
486,伊藤 美咲,misaki.ito@example.com,ST04
487,鈴木 拓海,takumi.suzuki@example.com,ST01
488,鈴木 陽菜,hina.suzuki@example.com,ST02
489,佐藤 美咲,misaki.sato@example.com,ST04
490,渡辺 悠斗,yuto.watanabe@example.com,ST01
491,吉田 美咲,misaki.yoshida@example.com,ST02
492,小林 悠斗,yuto.kobayashi@example.com,ST01
493,田中 蓮,ren.tanaka@example.com,ST01
494,伊藤 悠斗,yuto.ito@example.com,ST04
495,渡辺 拓海,takumi.watanabe@example.com,ST04
496,加藤 拓海,takumi.kato@example.com,ST01
497,加藤 大輔,daisuke.kato@example.com,ST02
498,鈴木 拓海,takumi.suzuki@example.com,ST04
499,吉田 蓮,ren.yoshida@example.com,ST04
500,山田 健太,kenta.yamada@example.com,ST02
501,佐藤 彩花,ayaka.sato@example.com,ST01
502,佐藤 結衣,yui.sato@example.com,ST01
503,伊藤 陽菜,hina.ito@example.com,ST02
504,加藤 翔,sho.kato@example.com,ST03
505,高橋 彩花,ayaka.takahashi@example.com,ST02
506,山本 彩花,ayaka.yamamoto@example.com,ST04
507,鈴木 大輔,daisuke.suzuki@example.com,ST03
508,中村 太郎,taro.nakamura@example.com,ST02
509,伊藤 美咲,misaki.ito@example.com,ST03
510,加藤 悠斗,yuto.kato@example.com,ST02
511,渡辺 蓮,ren.watanabe@example.com,ST01
512,鈴木 健太,kenta.suzuki@example.com,ST04
513,加藤 陽菜,hina.kato@example.com,ST04
514,伊藤 葵,aoi.ito@example.com,ST01
515,加藤 悠斗,yuto.kato@example.com,ST04
516,中村 葵,aoi.nakamura@example.com,ST04
517,加藤 悠斗,yuto.kato@example.com,ST02
518,小林 太郎,taro.kobayashi@example.com,ST01
519,高橋 美咲,misaki.takahashi@example.com,ST02
520,鈴木 翔,sho.suzuki@example.com,ST01
521,高橋 悠斗,yuto.takahashi@example.com,ST04
522,高橋 彩花,ayaka.takahashi@example.com,ST01
523,加藤 美咲,misaki.kato@example.com,ST04
524,中村 葵,aoi.nakamura@example.com,ST04
525,伊藤 太郎,taro.ito@example.com,ST04
526,渡辺 翔,sho.watanabe@example.com,ST01
527,加藤 大輔,daisuke.kato@example.com,ST01
528,山田 太郎,taro.yamada@example.com,ST03
529,鈴木 悠斗,yuto.suzuki@example.com,ST01
530,中村 悠斗,yuto.nakamura@example.com,ST02
531,佐藤 葵,aoi.sato@example.com,ST02
532,山本 翔,sho.yamamoto@example.com,ST04
533,小林 陽菜,hina.kobayashi@example.com,ST04
534,伊藤 悠斗,yuto.ito@example.com,ST04
535,佐藤 大輔,daisuke.sato@example.com,ST01
536,加藤 翔,sho.kato@example.com,ST04
537,吉田 彩花,ayaka.yoshida@example.com,ST02
538,中村 蓮,ren.nakamura@example.com,ST04
539,鈴木 葵,aoi.suzuki@example.com,ST02
540,伊藤 蓮,ren.ito@example.com,ST01
541,山本 蓮,ren.yamamoto@example.com,ST02
542,山田 悠斗,yuto.yamada@example.com,ST04
543,田中 健太,kenta.tanaka@example.com,ST01
544,中村 彩花,ayaka.nakamura@example.com,ST03
545,山田 美咲,misaki.yamada@example.com,ST01
546,高橋 美咲,misaki.takahashi@example.com,ST04
547,小林 結衣,yui.kobayashi@example.com,ST02
548,山本 美咲,misaki.yamamoto@example.com,ST02
549,田中 悠斗,yuto.tanaka@example.com,ST04
550,中村 翔,sho.nakamura@example.com,ST03
551,田中 彩花,ayaka.tanaka@example.com,ST01
552,加藤 健太,kenta.kato@example.com,ST03
553,吉田 健太,kenta.yoshida@example.com,ST01
554,吉田 悠斗,yuto.yoshida@example.com,ST03
555,鈴木 悠斗,yuto.suzuki@example.com,ST04
556,伊藤 悠斗,yuto.ito@example.com,ST02
557,吉田 結衣,yui.yoshida@example.com,ST02
558,鈴木 葵,aoi.suzuki@example.com,ST02
559,佐藤 太郎,taro.sato@example.com,ST01
560,吉田 翔,sho.yoshida@example.com,ST04
561,鈴木 健太,kenta.suzuki@example.com,ST02
562,山田 彩花,ayaka.yamada@example.com,ST04
563,渡辺 蓮,ren.watanabe@example.com,ST04
564,田中 翔,sho.tanaka@example.com,ST03
565,中村 悠斗,yuto.nakamura@example.com,ST02
566,山本 健太,kenta.yamamoto@example.com,ST03
567,鈴木 蓮,ren.suzuki@example.com,ST01
568,田中 健太,kenta.tanaka@example.com,ST02
569,加藤 拓海,takumi.kato@example.com,ST03
570,鈴木 太郎,taro.suzuki@example.com,ST02
571,加藤 悠斗,yuto.kato@example.com,ST01
572,伊藤 蓮,ren.ito@example.com,ST04
573,中村 陽菜,hina.nakamura@example.com,ST03
574,田中 美咲,misaki.tanaka@example.com,ST03
575,山本 太郎,taro.yamamoto@example.com,ST03
576,田中 結衣,yui.tanaka@example.com,ST04
577,佐藤 拓海,takumi.sato@example.com,ST04
578,田中 悠斗,yuto.tanaka@example.com,ST04
579,渡辺 葵,aoi.watanabe@example.com,ST03
580,田中 大輔,daisuke.tanaka@example.com,ST02
581,高橋 健太,kenta.takahashi@example.com,ST01
582,山田 彩花,ayaka.yamada@example.com,ST02
583,吉田 葵,aoi.yoshida@example.com,ST01
584,高橋 美咲,misaki.takahashi@example.com,ST04
585,伊藤 拓海,takumi.ito@example.com,ST03
586,鈴木 拓海,takumi.suzuki@example.com,ST02
587,渡辺 陽菜,hina.watanabe@example.com,ST02
588,中村 美咲,misaki.nakamura@example.com,ST02
589,佐藤 結衣,yui.sato@example.com,ST02
590,伊藤 拓海,takumi.ito@example.com,ST01
591,吉田 陽菜,hina.yoshida@example.com,ST03
592,鈴木 大輔,daisuke.suzuki@example.com,ST01
593,田中 美咲,misaki.tanaka@example.com,ST01
594,佐藤 太郎,taro.sato@example.com,ST02
595,田中 悠斗,yuto.tanaka@example.com,ST01
596,佐藤 結衣,yui.sato@example.com,ST04
597,吉田 結衣,yui.yoshida@example.com,ST01
598,佐藤 翔,sho.sato@example.com,ST02
599,鈴木 拓海,takumi.suzuki@example.com,ST02
600,吉田 悠斗,yuto.yoshida@example.com,ST03
601,佐藤 悠斗,yuto.sato@example.com,ST02
602,佐藤 大輔,daisuke.sato@example.com,ST02
603,中村 健太,kenta.nakamura@example.com,ST01
604,中村 悠斗,yuto.nakamura@example.com,ST03
605,伊藤 大輔,daisuke.ito@example.com,ST01
606,中村 陽菜,hina.nakamura@example.com,ST03
607,田中 美咲,misaki.tanaka@example.com,ST01
608,加藤 蓮,ren.kato@example.com,ST04
609,伊藤 健太,kenta.ito@example.com,ST03
610,佐藤 悠斗,yuto.sato@example.com,ST03
611,吉田 葵,aoi.yoshida@example.com,ST03
612,鈴木 美咲,misaki.suzuki@example.com,ST01
613,加藤 悠斗,yuto.kato@example.com,ST01
614,伊藤 陽菜,hina.ito@example.com,ST02
615,佐藤 翔,sho.sato@example.com,ST04
616,鈴木 陽菜,hina.suzuki@example.com,ST04
617,鈴木 太郎,taro.suzuki@example.com,ST01
618,伊藤 蓮,ren.ito@example.com,ST04
619,田中 健太,kenta.tanaka@example.com,ST02
620,小林 悠斗,yuto.kobayashi@example.com,ST01
621,小林 彩花,ayaka.kobayashi@example.com,ST03
622,山本 翔,sho.yamamoto@example.com,ST02
623,加藤 大輔,daisuke.kato@example.com,ST04
624,渡辺 悠斗,yuto.watanabe@example.com,ST02
625,吉田 健太,kenta.yoshida@example.com,ST01
626,中村 大輔,daisuke.nakamura@example.com,ST03
627,小林 拓海,takumi.kobayashi@example.com,ST03
628,田中 太郎,taro.tanaka@example.com,ST03
629,加藤 拓海,takumi.kato@example.com,ST04
630,鈴木 大輔,daisuke.suzuki@example.com,ST01
631,渡辺 結衣,yui.watanabe@example.com,ST04
632,渡辺 美咲,misaki.watanabe@example.com,ST02
633,田中 彩花,ayaka.tanaka@example.com,ST01
634,山田 美咲,misaki.yamada@example.com,ST04
635,渡辺 彩花,ayaka.watanabe@example.com,ST02
636,田中 葵,aoi.tanaka@example.com,ST02
637,山本 彩花,ayaka.yamamoto@example.com,ST03
638,山田 蓮,ren.yamada@example.com,ST01
639,田中 健太,kenta.tanaka@example.com,ST01
640,吉田 陽菜,hina.yoshida@example.com,ST03
641,高橋 美咲,misaki.takahashi@example.com,ST04
642,伊藤 拓海,takumi.ito@example.com,ST02
643,小林 太郎,taro.kobayashi@example.com,ST04
644,中村 結衣,yui.nakamura@example.com,ST04
645,小林 蓮,ren.kobayashi@example.com,ST02
646,小林 悠斗,yuto.kobayashi@example.com,ST03
647,伊藤 健太,kenta.ito@example.com,ST01
648,高橋 結衣,yui.takahashi@example.com,ST03
649,加藤 結衣,yui.kato@example.com,ST01
650,加藤 拓海,takumi.kato@example.com,ST01
651,小林 蓮,ren.kobayashi@example.com,ST04
652,佐藤 健太,kenta.sato@example.com,ST04
653,山本 悠斗,yuto.yamamoto@example.com,ST02
654,田中 美咲,misaki.tanaka@example.com,ST04
655,鈴木 翔,sho.suzuki@example.com,ST02
656,佐藤 結衣,yui.sato@example.com,ST03
657,吉田 太郎,taro.yoshida@example.com,ST02
658,渡辺 彩花,ayaka.watanabe@example.com,ST01
659,加藤 葵,aoi.kato@example.com,ST03
660,山田 美咲,misaki.yamada@example.com,ST03
661,渡辺 陽菜,hina.watanabe@example.com,ST03
662,小林 健太,kenta.kobayashi@example.com,ST03
663,小林 葵,aoi.kobayashi@example.com,ST03
664,鈴木 健太,kenta.suzuki@example.com,ST04
665,渡辺 蓮,ren.watanabe@example.com,ST02
666,山本 葵,aoi.yamamoto@example.com,ST03
667,高橋 陽菜,hina.takahashi@example.com,ST03
668,伊藤 悠斗,yuto.ito@example.com,ST04
669,山田 健太,kenta.yamada@example.com,ST03
670,中村 大輔,daisuke.nakamura@example.com,ST02
671,山田 彩花,ayaka.yamada@example.com,ST01
672,山田 悠斗,yuto.yamada@example.com,ST01
673,高橋 彩花,ayaka.takahashi@example.com,ST01
674,高橋 結衣,yui.takahashi@example.com,ST01
675,田中 大輔,daisuke.tanaka@example.com,ST03
676,鈴木 翔,sho.suzuki@example.com,ST01
677,加藤 蓮,ren.kato@example.com,ST03
678,山田 大輔,daisuke.yamada@example.com,ST02
679,山田 翔,sho.yamada@example.com,ST03
680,中村 拓海,takumi.nakamura@example.com,ST04
681,山本 結衣,yui.yamamoto@example.com,ST01
682,吉田 蓮,ren.yoshida@example.com,ST02
683,山本 彩花,ayaka.yamamoto@example.com,ST04
684,高橋 彩花,ayaka.takahashi@example.com,ST02
685,田中 結衣,yui.tanaka@example.com,ST01
686,小林 悠斗,yuto.kobayashi@example.com,ST02
687,吉田 陽菜,hina.yoshida@example.com,ST02
688,佐藤 健太,kenta.sato@example.com,ST03
689,渡辺 太郎,taro.watanabe@example.com,ST04
690,高橋 太郎,taro.takahashi@example.com,ST04
691,佐藤 悠斗,yuto.sato@example.com,ST04
692,伊藤 彩花,ayaka.ito@example.com,ST03
693,佐藤 結衣,yui.sato@example.com,ST04
694,吉田 大輔,daisuke.yoshida@example.com,ST02
695,中村 悠斗,yuto.nakamura@example.com,ST02
696,田中 拓海,takumi.tanaka@example.com,ST04
697,高橋 彩花,ayaka.takahashi@example.com,ST01
698,吉田 翔,sho.yoshida@example.com,ST04
699,吉田 悠斗,yuto.yoshida@example.com,ST02
700,伊藤 太郎,taro.ito@example.com,ST01
701,田中 葵,aoi.tanaka@example.com,ST04
702,加藤 健太,kenta.kato@example.com,ST04
703,渡辺 蓮,ren.watanabe@example.com,ST03
704,伊藤 悠斗,yuto.ito@example.com,ST01
705,佐藤 結衣,yui.sato@example.com,ST03
706,加藤 拓海,takumi.kato@example.com,ST04
707,加藤 翔,sho.kato@example.com,ST02
708,鈴木 翔,sho.suzuki@example.com,ST03
709,田中 葵,aoi.tanaka@example.com,ST02
710,佐藤 健太,kenta.sato@example.com,ST04
711,加藤 葵,aoi.kato@example.com,ST04
712,伊藤 美咲,misaki.ito@example.com,ST03
713,渡辺 美咲,misaki.watanabe@example.com,ST01
714,吉田 健太,kenta.yoshida@example.com,ST02
715,佐藤 大輔,daisuke.sato@example.com,ST01
716,山本 太郎,taro.yamamoto@example.com,ST01
717,小林 彩花,ayaka.kobayashi@example.com,ST03
718,高橋 翔,sho.takahashi@example.com,ST02
719,加藤 健太,kenta.kato@example.com,ST03
720,田中 翔,sho.tanaka@example.com,ST03
721,吉田 葵,aoi.yoshida@example.com,ST04
722,渡辺 太郎,taro.watanabe@example.com,ST03
723,渡辺 悠斗,yuto.watanabe@example.com,ST04
724,山田 美咲,misaki.yamada@example.com,ST01
725,高橋 蓮,ren.takahashi@example.com,ST04
726,鈴木 葵,aoi.suzuki@example.com,ST02
727,山田 美咲,misaki.yamada@example.com,ST01
728,伊藤 大輔,daisuke.ito@example.com,ST01
729,小林 健太,kenta.kobayashi@example.com,ST01
730,鈴木 健太,kenta.suzuki@example.com,ST01
731,鈴木 大輔,daisuke.suzuki@example.com,ST03
732,伊藤 拓海,takumi.ito@example.com,ST04
733,山田 蓮,ren.yamada@example.com,ST01
734,山本 彩花,ayaka.yamamoto@example.com,ST01
735,鈴木 美咲,misaki.suzuki@example.com,ST03
736,佐藤 陽菜,hina.sato@example.com,ST02
737,吉田 拓海,takumi.yoshida@example.com,ST04
738,小林 悠斗,yuto.kobayashi@example.com,ST04
739,加藤 結衣,yui.kato@example.com,ST03
740,山本 翔,sho.yamamoto@example.com,ST01
741,中村 結衣,yui.nakamura@example.com,ST03
742,鈴木 太郎,taro.suzuki@example.com,ST03
743,加藤 翔,sho.kato@example.com,ST04
744,吉田 拓海,takumi.yoshida@example.com,ST02
745,渡辺 美咲,misaki.watanabe@example.com,ST02
746,高橋 葵,aoi.takahashi@example.com,ST01
747,中村 葵,aoi.nakamura@example.com,ST02
748,加藤 美咲,misaki.kato@example.com,ST02
749,中村 翔,sho.nakamura@example.com,ST03
750,佐藤 健太,kenta.sato@example.com,ST02
751,渡辺 結衣,yui.watanabe@example.com,ST04
752,吉田 大輔,daisuke.yoshida@example.com,ST03
753,渡辺 拓海,takumi.watanabe@example.com,ST01
754,小林 拓海,takumi.kobayashi@example.com,ST04
755,山本 美咲,misaki.yamamoto@example.com,ST01
756,小林 蓮,ren.kobayashi@example.com,ST03
757,山田 陽菜,hina.yamada@example.com,ST02
758,鈴木 蓮,ren.suzuki@example.com,ST01
759,鈴木 健太,kenta.suzuki@example.com,ST01
760,吉田 翔,sho.yoshida@example.com,ST03
761,田中 健太,kenta.tanaka@example.com,ST02
762,中村 葵,aoi.nakamura@example.com,ST04
763,渡辺 悠斗,yuto.watanabe@example.com,ST03
764,山本 拓海,takumi.yamamoto@example.com,ST04
765,山本 彩花,ayaka.yamamoto@example.com,ST02
766,高橋 大輔,daisuke.takahashi@example.com,ST04
767,中村 蓮,ren.nakamura@example.com,ST04
768,吉田 悠斗,yuto.yoshida@example.com,ST02
769,佐藤 健太,kenta.sato@example.com,ST04
770,渡辺 結衣,yui.watanabe@example.com,ST01
771,田中 翔,sho.tanaka@example.com,ST03
772,高橋 健太,kenta.takahashi@example.com,ST01
773,渡辺 美咲,misaki.watanabe@example.com,ST03
774,山田 美咲,misaki.yamada@example.com,ST01
775,鈴木 悠斗,yuto.suzuki@example.com,ST03
776,山本 悠斗,yuto.yamamoto@example.com,ST04
777,高橋 拓海,takumi.takahashi@example.com,ST04
778,伊藤 拓海,takumi.ito@example.com,ST04
779,田中 彩花,ayaka.tanaka@example.com,ST04
780,吉田 陽菜,hina.yoshida@example.com,ST03
781,加藤 蓮,ren.kato@example.com,ST03
782,鈴木 結衣,yui.suzuki@example.com,ST02
783,佐藤 大輔,daisuke.sato@example.com,ST01
784,山本 彩花,ayaka.yamamoto@example.com,ST01
785,高橋 太郎,taro.takahashi@example.com,ST01
786,高橋 太郎,taro.takahashi@example.com,ST03
787,佐藤 大輔,daisuke.sato@example.com,ST01
788,加藤 美咲,misaki.kato@example.com,ST02
789,山田 蓮,ren.yamada@example.com,ST04
790,中村 大輔,daisuke.nakamura@example.com,ST04
791,中村 健太,kenta.nakamura@example.com,ST02
792,小林 葵,aoi.kobayashi@example.com,ST04
793,小林 蓮,ren.kobayashi@example.com,ST01
794,田中 大輔,daisuke.tanaka@example.com,ST03
795,佐藤 葵,aoi.sato@example.com,ST04
796,吉田 拓海,takumi.yoshida@example.com,ST03
797,高橋 翔,sho.takahashi@example.com,ST04
798,鈴木 健太,kenta.suzuki@example.com,ST04
799,加藤 大輔,daisuke.kato@example.com,ST02
800,田中 大輔,daisuke.tanaka@example.com,ST03
801,中村 蓮,ren.nakamura@example.com,ST03
802,山本 陽菜,hina.yamamoto@example.com,ST03
803,田中 結衣,yui.tanaka@example.com,ST02
804,山本 葵,aoi.yamamoto@example.com,ST02
805,吉田 拓海,takumi.yoshida@example.com,ST01
806,小林 美咲,misaki.kobayashi@example.com,ST04
807,渡辺 彩花,ayaka.watanabe@example.com,ST04
808,吉田 太郎,taro.yoshida@example.com,ST02
809,伊藤 結衣,yui.ito@example.com,ST04
810,渡辺 蓮,ren.watanabe@example.com,ST04
811,加藤 悠斗,yuto.kato@example.com,ST02
812,小林 結衣,yui.kobayashi@example.com,ST02
813,鈴木 拓海,takumi.suzuki@example.com,ST03
814,高橋 悠斗,yuto.takahashi@example.com,ST04
815,高橋 葵,aoi.takahashi@example.com,ST04
816,渡辺 蓮,ren.watanabe@example.com,ST04
817,佐藤 彩花,ayaka.sato@example.com,ST03
818,山田 結衣,yui.yamada@example.com,ST03
819,佐藤 葵,aoi.sato@example.com,ST01
820,吉田 結衣,yui.yoshida@example.com,ST04
821,伊藤 葵,aoi.ito@example.com,ST02
822,鈴木 翔,sho.suzuki@example.com,ST04
823,山本 陽菜,hina.yamamoto@example.com,ST01
824,中村 葵,aoi.nakamura@example.com,ST01
825,渡辺 彩花,ayaka.watanabe@example.com,ST01
826,伊藤 陽菜,hina.ito@example.com,ST04
827,佐藤 太郎,taro.sato@example.com,ST04
828,佐藤 翔,sho.sato@example.com,ST01
829,山本 陽菜,hina.yamamoto@example.com,ST02
830,佐藤 悠斗,yuto.sato@example.com,ST04
831,山本 悠斗,yuto.yamamoto@example.com,ST04
832,加藤 拓海,takumi.kato@example.com,ST01
833,吉田 陽菜,hina.yoshida@example.com,ST01
834,伊藤 蓮,ren.ito@example.com,ST03
835,吉田 拓海,takumi.yoshida@example.com,ST01
836,鈴木 美咲,misaki.suzuki@example.com,ST03
837,渡辺 葵,aoi.watanabe@example.com,ST04
838,加藤 葵,aoi.kato@example.com,ST04
839,山本 陽菜,hina.yamamoto@example.com,ST01
840,中村 翔,sho.nakamura@example.com,ST04
841,吉田 陽菜,hina.yoshida@example.com,ST03
842,高橋 陽菜,hina.takahashi@example.com,ST01
843,加藤 拓海,takumi.kato@example.com,ST03
844,山本 蓮,ren.yamamoto@example.com,ST04
845,高橋 拓海,takumi.takahashi@example.com,ST03
846,小林 翔,sho.kobayashi@example.com,ST01
847,渡辺 悠斗,yuto.watanabe@example.com,ST04
848,渡辺 結衣,yui.watanabe@example.com,ST02
849,山田 蓮,ren.yamada@example.com,ST01
850,中村 彩花,ayaka.nakamura@example.com,ST03
851,小林 結衣,yui.kobayashi@example.com,ST01
852,山本 葵,aoi.yamamoto@example.com,ST02
853,鈴木 悠斗,yuto.suzuki@example.com,ST01
854,佐藤 陽菜,hina.sato@example.com,ST01
855,田中 蓮,ren.tanaka@example.com,ST02
856,山田 蓮,ren.yamada@example.com,ST04
857,田中 拓海,takumi.tanaka@example.com,ST02
858,伊藤 健太,kenta.ito@example.com,ST02
859,佐藤 拓海,takumi.sato@example.com,ST04
860,佐藤 葵,aoi.sato@example.com,ST01
861,渡辺 蓮,ren.watanabe@example.com,ST03
862,佐藤 彩花,ayaka.sato@example.com,ST01
863,伊藤 拓海,takumi.ito@example.com,ST04
864,田中 健太,kenta.tanaka@example.com,ST03
865,鈴木 彩花,ayaka.suzuki@example.com,ST02
866,高橋 結衣,yui.takahashi@example.com,ST03
867,吉田 彩花,ayaka.yoshida@example.com,ST04
868,伊藤 翔,sho.ito@example.com,ST03
869,山本 太郎,taro.yamamoto@example.com,ST03
870,伊藤 悠斗,yuto.ito@example.com,ST02
871,高橋 蓮,ren.takahashi@example.com,ST02
872,鈴木 悠斗,yuto.suzuki@example.com,ST04
873,山本 葵,aoi.yamamoto@example.com,ST04
874,山田 健太,kenta.yamada@example.com,ST03
875,高橋 葵,aoi.takahashi@example.com,ST04
876,中村 太郎,taro.nakamura@example.com,ST02
877,山本 葵,aoi.yamamoto@example.com,ST01
878,佐藤 太郎,taro.sato@example.com,ST02
879,高橋 彩花,ayaka.takahashi@example.com,ST03
880,佐藤 結衣,yui.sato@example.com,ST04
881,吉田 葵,aoi.yoshida@example.com,ST01
882,高橋 美咲,misaki.takahashi@example.com,ST04
883,中村 結衣,yui.nakamura@example.com,ST02
884,渡辺 葵,aoi.watanabe@example.com,ST03
885,鈴木 翔,sho.suzuki@example.com,ST03
886,高橋 彩花,ayaka.takahashi@example.com,ST04
887,田中 太郎,taro.tanaka@example.com,ST03
888,高橋 翔,sho.takahashi@example.com,ST01
889,渡辺 陽菜,hina.watanabe@example.com,ST04
890,吉田 蓮,ren.yoshida@example.com,ST03
891,田中 翔,sho.tanaka@example.com,ST02
892,加藤 翔,sho.kato@example.com,ST02
893,加藤 健太,kenta.kato@example.com,ST01
894,佐藤 蓮,ren.sato@example.com,ST04
895,鈴木 美咲,misaki.suzuki@example.com,ST04
896,小林 結衣,yui.kobayashi@example.com,ST01
897,渡辺 蓮,ren.watanabe@example.com,ST03
898,鈴木 拓海,takumi.suzuki@example.com,ST04
899,渡辺 結衣,yui.watanabe@example.com,ST01
900,中村 太郎,taro.nakamura@example.com,ST04
901,吉田 陽菜,hina.yoshida@example.com,ST03
902,鈴木 彩花,ayaka.suzuki@example.com,ST03
903,伊藤 拓海,takumi.ito@example.com,ST02
904,田中 太郎,taro.tanaka@example.com,ST04
905,高橋 蓮,ren.takahashi@example.com,ST04
906,田中 陽菜,hina.tanaka@example.com,ST04
907,小林 拓海,takumi.kobayashi@example.com,ST04
908,伊藤 葵,aoi.ito@example.com,ST02
909,加藤 拓海,takumi.kato@example.com,ST02
910,小林 葵,aoi.kobayashi@example.com,ST02
911,鈴木 大輔,daisuke.suzuki@example.com,ST04
912,中村 太郎,taro.nakamura@example.com,ST02
913,吉田 翔,sho.yoshida@example.com,ST03
914,小林 大輔,daisuke.kobayashi@example.com,ST02
915,渡辺 彩花,ayaka.watanabe@example.com,ST01
916,加藤 陽菜,hina.kato@example.com,ST04
917,佐藤 健太,kenta.sato@example.com,ST01
918,中村 蓮,ren.nakamura@example.com,ST03
919,加藤 葵,aoi.kato@example.com,ST04
920,小林 美咲,misaki.kobayashi@example.com,ST01
921,山田 蓮,ren.yamada@example.com,ST01
922,高橋 悠斗,yuto.takahashi@example.com,ST01
923,高橋 太郎,taro.takahashi@example.com,ST02
924,渡辺 彩花,ayaka.watanabe@example.com,ST04
925,吉田 健太,kenta.yoshida@example.com,ST01
926,渡辺 陽菜,hina.watanabe@example.com,ST03
927,田中 陽菜,hina.tanaka@example.com,ST01
928,鈴木 葵,aoi.suzuki@example.com,ST01
929,山本 葵,aoi.yamamoto@example.com,ST04
930,小林 結衣,yui.kobayashi@example.com,ST04
931,鈴木 陽菜,hina.suzuki@example.com,ST03
932,山田 蓮,ren.yamada@example.com,ST01
933,山本 悠斗,yuto.yamamoto@example.com,ST03
934,鈴木 拓海,takumi.suzuki@example.com,ST02
935,鈴木 陽菜,hina.suzuki@example.com,ST03
936,加藤 太郎,taro.kato@example.com,ST01
937,山本 陽菜,hina.yamamoto@example.com,ST03
938,吉田 結衣,yui.yoshida@example.com,ST01
939,高橋 彩花,ayaka.takahashi@example.com,ST01
940,山田 葵,aoi.yamada@example.com,ST02
941,田中 悠斗,yuto.tanaka@example.com,ST03
942,小林 悠斗,yuto.kobayashi@example.com,ST04
943,田中 健太,kenta.tanaka@example.com,ST04
944,高橋 健太,kenta.takahashi@example.com,ST02
945,小林 蓮,ren.kobayashi@example.com,ST02
946,佐藤 翔,sho.sato@example.com,ST02
947,佐藤 葵,aoi.sato@example.com,ST02
948,吉田 悠斗,yuto.yoshida@example.com,ST04
949,佐藤 美咲,misaki.sato@example.com,ST03
950,渡辺 大輔,daisuke.watanabe@example.com,ST02
951,小林 陽菜,hina.kobayashi@example.com,ST03
952,高橋 彩花,ayaka.takahashi@example.com,ST01
953,山本 陽菜,hina.yamamoto@example.com,ST03
954,中村 結衣,yui.nakamura@example.com,ST02
955,田中 悠斗,yuto.tanaka@example.com,ST03
956,高橋 陽菜,hina.takahashi@example.com,ST03
957,高橋 健太,kenta.takahashi@example.com,ST04
958,渡辺 悠斗,yuto.watanabe@example.com,ST02
959,伊藤 太郎,taro.ito@example.com,ST04
960,山田 陽菜,hina.yamada@example.com,ST03
961,伊藤 健太,kenta.ito@example.com,ST02
962,吉田 彩花,ayaka.yoshida@example.com,ST03
963,鈴木 彩花,ayaka.suzuki@example.com,ST02
964,渡辺 悠斗,yuto.watanabe@example.com,ST01
965,山本 彩花,ayaka.yamamoto@example.com,ST03
966,鈴木 蓮,ren.suzuki@example.com,ST02
967,鈴木 翔,sho.suzuki@example.com,ST01
968,渡辺 陽菜,hina.watanabe@example.com,ST01
969,山本 健太,kenta.yamamoto@example.com,ST03
970,高橋 悠斗,yuto.takahashi@example.com,ST04
971,鈴木 葵,aoi.suzuki@example.com,ST02
972,加藤 拓海,takumi.kato@example.com,ST01
973,中村 美咲,misaki.nakamura@example.com,ST04
974,高橋 大輔,daisuke.takahashi@example.com,ST02
975,吉田 翔,sho.yoshida@example.com,ST01
976,小林 結衣,yui.kobayashi@example.com,ST02
977,山田 大輔,daisuke.yamada@example.com,ST02
978,高橋 悠斗,yuto.takahashi@example.com,ST02
979,田中 蓮,ren.tanaka@example.com,ST01
980,中村 拓海,takumi.nakamura@example.com,ST02
981,田中 彩花,ayaka.tanaka@example.com,ST01
982,山田 翔,sho.yamada@example.com,ST03
983,渡辺 大輔,daisuke.watanabe@example.com,ST02
984,中村 葵,aoi.nakamura@example.com,ST04
985,山田 葵,aoi.yamada@example.com,ST03
986,田中 結衣,yui.tanaka@example.com,ST03
987,佐藤 彩花,ayaka.sato@example.com,ST02
988,吉田 結衣,yui.yoshida@example.com,ST03
989,山田 健太,kenta.yamada@example.com,ST04
990,田中 彩花,ayaka.tanaka@example.com,ST02
991,山田 大輔,daisuke.yamada@example.com,ST04
992,山田 太郎,taro.yamada@example.com,ST03
993,中村 大輔,daisuke.nakamura@example.com,ST03
994,鈴木 翔,sho.suzuki@example.com,ST02
995,渡辺 翔,sho.watanabe@example.com,ST04
996,小林 彩花,ayaka.kobayashi@example.com,ST02
997,山田 健太,kenta.yamada@example.com,ST01
998,山田 陽菜,hina.yamada@example.com,ST02
999,鈴木 健太,kenta.suzuki@example.com,ST01
1000,伊藤 拓海,takumi.ito@example.com,ST01
1001,高橋 太郎,taro.takahashi@example.com,ST03
1002,鈴木 結衣,yui.suzuki@example.com,ST02
1003,鈴木 大輔,daisuke.suzuki@example.com,ST04
1004,田中 彩花,ayaka.tanaka@example.com,ST02
1005,山本 翔,sho.yamamoto@example.com,ST01
1006,中村 翔,sho.nakamura@example.com,ST04
1007,伊藤 大輔,daisuke.ito@example.com,ST03
1008,加藤 蓮,ren.kato@example.com,ST04
1009,田中 拓海,takumi.tanaka@example.com,ST01
1010,加藤 健太,kenta.kato@example.com,ST01
1011,山本 翔,sho.yamamoto@example.com,ST04
1012,吉田 大輔,daisuke.yoshida@example.com,ST01
1013,加藤 美咲,misaki.kato@example.com,ST01
1014,鈴木 翔,sho.suzuki@example.com,ST02
1015,小林 健太,kenta.kobayashi@example.com,ST04
1016,山田 健太,kenta.yamada@example.com,ST03
1017,山田 陽菜,hina.yamada@example.com,ST02
1018,加藤 大輔,daisuke.kato@example.com,ST02
1019,加藤 拓海,takumi.kato@example.com,ST04
1020,田中 葵,aoi.tanaka@example.com,ST03
1021,山田 葵,aoi.yamada@example.com,ST01
1022,中村 葵,aoi.nakamura@example.com,ST02
1023,伊藤 陽菜,hina.ito@example.com,ST03
1024,鈴木 悠斗,yuto.suzuki@example.com,ST03
1025,田中 翔,sho.tanaka@example.com,ST01
1026,田中 葵,aoi.tanaka@example.com,ST02
1027,佐藤 葵,aoi.sato@example.com,ST01
1028,渡辺 健太,kenta.watanabe@example.com,ST02
1029,吉田 彩花,ayaka.yoshida@example.com,ST04
1030,田中 葵,aoi.tanaka@example.com,ST03
1031,山本 拓海,takumi.yamamoto@example.com,ST04
1032,伊藤 蓮,ren.ito@example.com,ST04
1033,吉田 拓海,takumi.yoshida@example.com,ST03
1034,佐藤 悠斗,yuto.sato@example.com,ST02
1035,小林 太郎,taro.kobayashi@example.com,ST04
1036,高橋 結衣,yui.takahashi@example.com,ST02
1037,小林 悠斗,yuto.kobayashi@example.com,ST02
1038,中村 大輔,daisuke.nakamura@example.com,ST04
1039,田中 美咲,misaki.tanaka@example.com,ST01
1040,吉田 彩花,ayaka.yoshida@example.com,ST03
1041,高橋 大輔,daisuke.takahashi@example.com,ST03
1042,伊藤 陽菜,hina.ito@example.com,ST04
1043,伊藤 大輔,daisuke.ito@example.com,ST02
1044,鈴木 葵,aoi.suzuki@example.com,ST03
1045,伊藤 美咲,misaki.ito@example.com,ST01
1046,山田 彩花,ayaka.yamada@example.com,ST02
1047,吉田 大輔,daisuke.yoshida@example.com,ST01
1048,田中 悠斗,yuto.tanaka@example.com,ST04
1049,高橋 悠斗,yuto.takahashi@example.com,ST03
1050,山田 蓮,ren.yamada@example.com,ST02
1051,中村 葵,aoi.nakamura@example.com,ST03
1052,吉田 太郎,taro.yoshida@example.com,ST03
1053,高橋 葵,aoi.takahashi@example.com,ST02
1054,伊藤 大輔,daisuke.ito@example.com,ST04
1055,山田 悠斗,yuto.yamada@example.com,ST04
1056,中村 大輔,daisuke.nakamura@example.com,ST03
1057,中村 蓮,ren.nakamura@example.com,ST02
1058,山本 翔,sho.yamamoto@example.com,ST01
1059,伊藤 陽菜,hina.ito@example.com,ST04
1060,山田 葵,aoi.yamada@example.com,ST04
1061,加藤 彩花,ayaka.kato@example.com,ST04
1062,高橋 美咲,misaki.takahashi@example.com,ST04
1063,山田 大輔,daisuke.yamada@example.com,ST03
1064,山田 翔,sho.yamada@example.com,ST03
1065,山本 健太,kenta.yamamoto@example.com,ST01
1066,小林 陽菜,hina.kobayashi@example.com,ST03
1067,小林 太郎,taro.kobayashi@example.com,ST01
1068,鈴木 翔,sho.suzuki@example.com,ST02
1069,渡辺 拓海,takumi.watanabe@example.com,ST02
1070,佐藤 蓮,ren.sato@example.com,ST01
1071,佐藤 大輔,daisuke.sato@example.com,ST04
1072,渡辺 太郎,taro.watanabe@example.com,ST02
1073,渡辺 太郎,taro.watanabe@example.com,ST03
1074,佐藤 美咲,misaki.sato@example.com,ST02
1075,高橋 悠斗,yuto.takahashi@example.com,ST01
1076,佐藤 健太,kenta.sato@example.com,ST04
1077,伊藤 彩花,ayaka.ito@example.com,ST01
1078,山本 彩花,ayaka.yamamoto@example.com,ST03
1079,高橋 葵,aoi.takahashi@example.com,ST01
1080,田中 結衣,yui.tanaka@example.com,ST02
1081,田中 太郎,taro.tanaka@example.com,ST02
1082,加藤 陽菜,hina.kato@example.com,ST04
1083,吉田 蓮,ren.yoshida@example.com,ST01
1084,伊藤 大輔,daisuke.ito@example.com,ST04
1085,鈴木 健太,kenta.suzuki@example.com,ST02
1086,鈴木 大輔,daisuke.suzuki@example.com,ST04
1087,中村 美咲,misaki.nakamura@example.com,ST04
1088,中村 翔,sho.nakamura@example.com,ST03
1089,渡辺 翔,sho.watanabe@example.com,ST01
1090,吉田 拓海,takumi.yoshida@example.com,ST04
1091,中村 太郎,taro.nakamura@example.com,ST02
1092,伊藤 陽菜,hina.ito@example.com,ST03
1093,山田 葵,aoi.yamada@example.com,ST02
1094,佐藤 葵,aoi.sato@example.com,ST03
1095,渡辺 大輔,daisuke.watanabe@example.com,ST03
1096,中村 悠斗,yuto.nakamura@example.com,ST04
1097,鈴木 翔,sho.suzuki@example.com,ST02
1098,吉田 太郎,taro.yoshida@example.com,ST01
1099,山田 拓海,takumi.yamada@example.com,ST03
1100,田中 結衣,yui.tanaka@example.com,ST01
1101,田中 美咲,misaki.tanaka@example.com,ST01
1102,加藤 彩花,ayaka.kato@example.com,ST01
1103,小林 翔,sho.kobayashi@example.com,ST03
1104,渡辺 陽菜,hina.watanabe@example.com,ST01
1105,鈴木 翔,sho.suzuki@example.com,ST02
1106,中村 大輔,daisuke.nakamura@example.com,ST04
1107,山田 拓海,takumi.yamada@example.com,ST04
1108,伊藤 拓海,takumi.ito@example.com,ST03
1109,渡辺 彩花,ayaka.watanabe@example.com,ST02
1110,山田 蓮,ren.yamada@example.com,ST04
1111,佐藤 陽菜,hina.sato@example.com,ST01
1112,渡辺 葵,aoi.watanabe@example.com,ST01
1113,渡辺 彩花,ayaka.watanabe@example.com,ST01
1114,小林 陽菜,hina.kobayashi@example.com,ST01
1115,鈴木 蓮,ren.suzuki@example.com,ST04
1116,山田 太郎,taro.yamada@example.com,ST02
1117,山田 太郎,taro.yamada@example.com,ST03
1118,渡辺 悠斗,yuto.watanabe@example.com,ST04
1119,渡辺 健太,kenta.watanabe@example.com,ST03
1120,山本 彩花,ayaka.yamamoto@example.com,ST04
1121,伊藤 悠斗,yuto.ito@example.com,ST04
1122,高橋 大輔,daisuke.takahashi@example.com,ST04
1123,吉田 陽菜,hina.yoshida@example.com,ST02
1124,佐藤 健太,kenta.sato@example.com,ST01
1125,伊藤 葵,aoi.ito@example.com,ST01
1126,中村 蓮,ren.nakamura@example.com,ST03
1127,鈴木 悠斗,yuto.suzuki@example.com,ST04
1128,鈴木 結衣,yui.suzuki@example.com,ST02
1129,加藤 彩花,ayaka.kato@example.com,ST04
1130,高橋 美咲,misaki.takahashi@example.com,ST03
1131,加藤 拓海,takumi.kato@example.com,ST02
1132,加藤 結衣,yui.kato@example.com,ST03
1133,伊藤 拓海,takumi.ito@example.com,ST04
1134,小林 彩花,ayaka.kobayashi@example.com,ST01
1135,鈴木 拓海,takumi.suzuki@example.com,ST01
1136,中村 拓海,takumi.nakamura@example.com,ST01
1137,加藤 結衣,yui.kato@example.com,ST01
1138,田中 葵,aoi.tanaka@example.com,ST04
1139,小林 太郎,taro.kobayashi@example.com,ST02
1140,山田 彩花,ayaka.yamada@example.com,ST01
1141,田中 大輔,daisuke.tanaka@example.com,ST02
1142,田中 健太,kenta.tanaka@example.com,ST04
1143,伊藤 悠斗,yuto.ito@example.com,ST04
1144,高橋 健太,kenta.takahashi@example.com,ST04
1145,吉田 悠斗,yuto.yoshida@example.com,ST04
1146,山本 太郎,taro.yamamoto@example.com,ST04
1147,佐藤 陽菜,hina.sato@example.com,ST04
1148,高橋 拓海,takumi.takahashi@example.com,ST04
1149,渡辺 蓮,ren.watanabe@example.com,ST03
1150,山田 大輔,daisuke.yamada@example.com,ST03
1151,高橋 葵,aoi.takahashi@example.com,ST04
1152,伊藤 蓮,ren.ito@example.com,ST01
1153,高橋 悠斗,yuto.takahashi@example.com,ST02
1154,山田 蓮,ren.yamada@example.com,ST01
1155,山本 大輔,daisuke.yamamoto@example.com,ST02
1156,加藤 太郎,taro.kato@example.com,ST03
1157,佐藤 大輔,daisuke.sato@example.com,ST01
1158,山田 蓮,ren.yamada@example.com,ST03
1159,伊藤 陽菜,hina.ito@example.com,ST03
1160,田中 悠斗,yuto.tanaka@example.com,ST03
1161,渡辺 陽菜,hina.watanabe@example.com,ST02
1162,吉田 太郎,taro.yoshida@example.com,ST01
1163,田中 拓海,takumi.tanaka@example.com,ST02
1164,小林 大輔,daisuke.kobayashi@example.com,ST02
1165,高橋 彩花,ayaka.takahashi@example.com,ST03
1166,鈴木 健太,kenta.suzuki@example.com,ST02
1167,山本 悠斗,yuto.yamamoto@example.com,ST02
1168,山田 結衣,yui.yamada@example.com,ST02
1169,鈴木 陽菜,hina.suzuki@example.com,ST01
1170,中村 結衣,yui.nakamura@example.com,ST01
1171,山本 大輔,daisuke.yamamoto@example.com,ST01
1172,高橋 結衣,yui.takahashi@example.com,ST01
1173,佐藤 結衣,yui.sato@example.com,ST02
1174,吉田 大輔,daisuke.yoshida@example.com,ST04
1175,田中 翔,sho.tanaka@example.com,ST03
1176,吉田 彩花,ayaka.yoshida@example.com,ST04
1177,鈴木 大輔,daisuke.suzuki@example.com,ST02
1178,中村 拓海,takumi.nakamura@example.com,ST03
1179,高橋 陽菜,hina.takahashi@example.com,ST01
1180,山本 結衣,yui.yamamoto@example.com,ST03
1181,中村 葵,aoi.nakamura@example.com,ST02
1182,田中 蓮,ren.tanaka@example.com,ST02
1183,小林 太郎,taro.kobayashi@example.com,ST03
1184,高橋 健太,kenta.takahashi@example.com,ST02
1185,佐藤 健太,kenta.sato@example.com,ST01
1186,山田 拓海,takumi.yamada@example.com,ST03
1187,小林 大輔,daisuke.kobayashi@example.com,ST04
1188,佐藤 美咲,misaki.sato@example.com,ST03
1189,鈴木 翔,sho.suzuki@example.com,ST02
1190,吉田 翔,sho.yoshida@example.com,ST03
1191,伊藤 美咲,misaki.ito@example.com,ST02
1192,渡辺 大輔,daisuke.watanabe@example.com,ST02
1193,佐藤 蓮,ren.sato@example.com,ST03
1194,山田 葵,aoi.yamada@example.com,ST03
1195,中村 結衣,yui.nakamura@example.com,ST01
1196,吉田 陽菜,hina.yoshida@example.com,ST02
1197,渡辺 葵,aoi.watanabe@example.com,ST03
1198,中村 蓮,ren.nakamura@example.com,ST04
1199,高橋 悠斗,yuto.takahashi@example.com,ST04
1200,吉田 翔,sho.yoshida@example.com,ST03
1201,加藤 翔,sho.kato@example.com,ST04
1202,中村 翔,sho.nakamura@example.com,ST03
1203,加藤 陽菜,hina.kato@example.com,ST01
1204,中村 陽菜,hina.nakamura@example.com,ST03
1205,中村 蓮,ren.nakamura@example.com,ST03
1206,小林 美咲,misaki.kobayashi@example.com,ST01
1207,田中 大輔,daisuke.tanaka@example.com,ST02
1208,田中 太郎,taro.tanaka@example.com,ST04
1209,中村 太郎,taro.nakamura@example.com,ST03
1210,伊藤 美咲,misaki.ito@example.com,ST02
1211,佐藤 大輔,daisuke.sato@example.com,ST01
1212,田中 大輔,daisuke.tanaka@example.com,ST03
1213,佐藤 蓮,ren.sato@example.com,ST02
1214,吉田 翔,sho.yoshida@example.com,ST02
1215,小林 彩花,ayaka.kobayashi@example.com,ST02
1216,高橋 蓮,ren.takahashi@example.com,ST01
1217,鈴木 葵,aoi.suzuki@example.com,ST03
1218,鈴木 翔,sho.suzuki@example.com,ST02
1219,小林 翔,sho.kobayashi@example.com,ST03
1220,山田 拓海,takumi.yamada@example.com,ST03
1221,渡辺 大輔,daisuke.watanabe@example.com,ST03
1222,伊藤 大輔,daisuke.ito@example.com,ST01
1223,小林 悠斗,yuto.kobayashi@example.com,ST01
1224,高橋 翔,sho.takahashi@example.com,ST03
1225,吉田 太郎,taro.yoshida@example.com,ST04
1226,鈴木 健太,kenta.suzuki@example.com,ST03
1227,加藤 翔,sho.kato@example.com,ST03
1228,伊藤 翔,sho.ito@example.com,ST02
1229,小林 大輔,daisuke.kobayashi@example.com,ST03
1230,中村 翔,sho.nakamura@example.com,ST02
1231,吉田 葵,aoi.yoshida@example.com,ST04
1232,伊藤 健太,kenta.ito@example.com,ST01
1233,吉田 翔,sho.yoshida@example.com,ST03
1234,田中 翔,sho.tanaka@example.com,ST02
1235,渡辺 拓海,takumi.watanabe@example.com,ST03
1236,佐藤 翔,sho.sato@example.com,ST02
1237,佐藤 結衣,yui.sato@example.com,ST04
1238,渡辺 彩花,ayaka.watanabe@example.com,ST01
1239,鈴木 結衣,yui.suzuki@example.com,ST03
1240,中村 美咲,misaki.nakamura@example.com,ST02
1241,高橋 健太,kenta.takahashi@example.com,ST01
1242,山本 大輔,daisuke.yamamoto@example.com,ST02
1243,加藤 健太,kenta.kato@example.com,ST01
1244,鈴木 蓮,ren.suzuki@example.com,ST04
1245,渡辺 太郎,taro.watanabe@example.com,ST02
1246,加藤 悠斗,yuto.kato@example.com,ST02
1247,山本 太郎,taro.yamamoto@example.com,ST04
1248,山田 蓮,ren.yamada@example.com,ST04
1249,田中 陽菜,hina.tanaka@example.com,ST04
1250,鈴木 悠斗,yuto.suzuki@example.com,ST02
1251,加藤 蓮,ren.kato@example.com,ST03
1252,佐藤 葵,aoi.sato@example.com,ST02
1253,佐藤 葵,aoi.sato@example.com,ST04
1254,吉田 美咲,misaki.yoshida@example.com,ST04
1255,山田 拓海,takumi.yamada@example.com,ST01
1256,山本 葵,aoi.yamamoto@example.com,ST03
1257,高橋 陽菜,hina.takahashi@example.com,ST02
1258,鈴木 彩花,ayaka.suzuki@example.com,ST02
1259,小林 悠斗,yuto.kobayashi@example.com,ST02
1260,吉田 蓮,ren.yoshida@example.com,ST01
1261,中村 健太,kenta.nakamura@example.com,ST01
1262,山田 太郎,taro.yamada@example.com,ST02
1263,高橋 彩花,ayaka.takahashi@example.com,ST02
1264,小林 彩花,ayaka.kobayashi@example.com,ST03
1265,佐藤 陽菜,hina.sato@example.com,ST04
1266,吉田 悠斗,yuto.yoshida@example.com,ST03
1267,佐藤 翔,sho.sato@example.com,ST03
1268,渡辺 彩花,ayaka.watanabe@example.com,ST04
1269,小林 悠斗,yuto.kobayashi@example.com,ST01
1270,山本 結衣,yui.yamamoto@example.com,ST02
1271,渡辺 翔,sho.watanabe@example.com,ST01
1272,山田 彩花,ayaka.yamada@example.com,ST02
1273,鈴木 健太,kenta.suzuki@example.com,ST02
1274,吉田 葵,aoi.yoshida@example.com,ST01
1275,加藤 美咲,misaki.kato@example.com,ST01
1276,山本 大輔,daisuke.yamamoto@example.com,ST04
1277,佐藤 結衣,yui.sato@example.com,ST01
1278,吉田 大輔,daisuke.yoshida@example.com,ST04
1279,佐藤 彩花,ayaka.sato@example.com,ST03
1280,伊藤 健太,kenta.ito@example.com,ST03
1281,小林 悠斗,yuto.kobayashi@example.com,ST03
1282,加藤 太郎,taro.kato@example.com,ST02
1283,加藤 結衣,yui.kato@example.com,ST02
1284,山田 拓海,takumi.yamada@example.com,ST04
1285,小林 陽菜,hina.kobayashi@example.com,ST01
1286,渡辺 太郎,taro.watanabe@example.com,ST04
1287,吉田 美咲,misaki.yoshida@example.com,ST03
1288,高橋 健太,kenta.takahashi@example.com,ST04
1289,加藤 陽菜,hina.kato@example.com,ST04
1290,加藤 健太,kenta.kato@example.com,ST04
1291,山本 結衣,yui.yamamoto@example.com,ST02
1292,伊藤 彩花,ayaka.ito@example.com,ST02
1293,吉田 蓮,ren.yoshida@example.com,ST02
1294,伊藤 陽菜,hina.ito@example.com,ST01
1295,山本 太郎,taro.yamamoto@example.com,ST04
1296,山本 健太,kenta.yamamoto@example.com,ST02
1297,伊藤 陽菜,hina.ito@example.com,ST04
1298,鈴木 翔,sho.suzuki@example.com,ST03
1299,佐藤 蓮,ren.sato@example.com,ST01
1300,小林 大輔,daisuke.kobayashi@example.com,ST02
1301,高橋 彩花,ayaka.takahashi@example.com,ST02
1302,中村 拓海,takumi.nakamura@example.com,ST04
1303,小林 拓海,takumi.kobayashi@example.com,ST01
1304,山田 太郎,taro.yamada@example.com,ST01
1305,田中 太郎,taro.tanaka@example.com,ST01
1306,小林 大輔,daisuke.kobayashi@example.com,ST01
1307,鈴木 美咲,misaki.suzuki@example.com,ST04
1308,中村 彩花,ayaka.nakamura@example.com,ST01
1309,高橋 陽菜,hina.takahashi@example.com,ST04
1310,山田 葵,aoi.yamada@example.com,ST01
1311,山本 大輔,daisuke.yamamoto@example.com,ST02
1312,伊藤 結衣,yui.ito@example.com,ST02
1313,吉田 蓮,ren.yoshida@example.com,ST03
1314,高橋 結衣,yui.takahashi@example.com,ST04
1315,伊藤 彩花,ayaka.ito@example.com,ST04
1316,山本 結衣,yui.yamamoto@example.com,ST01
1317,山本 陽菜,hina.yamamoto@example.com,ST03
1318,渡辺 大輔,daisuke.watanabe@example.com,ST02
1319,加藤 彩花,ayaka.kato@example.com,ST03
1320,中村 大輔,daisuke.nakamura@example.com,ST03
1321,加藤 陽菜,hina.kato@example.com,ST03
1322,小林 葵,aoi.kobayashi@example.com,ST03
1323,山本 健太,kenta.yamamoto@example.com,ST02
1324,中村 葵,aoi.nakamura@example.com,ST04
1325,小林 陽菜,hina.kobayashi@example.com,ST03
1326,高橋 健太,kenta.takahashi@example.com,ST02
1327,佐藤 彩花,ayaka.sato@example.com,ST04
1328,渡辺 悠斗,yuto.watanabe@example.com,ST04
1329,佐藤 太郎,taro.sato@example.com,ST01
1330,高橋 翔,sho.takahashi@example.com,ST02
1331,高橋 美咲,misaki.takahashi@example.com,ST01
1332,吉田 健太,kenta.yoshida@example.com,ST01
1333,中村 健太,kenta.nakamura@example.com,ST04
1334,吉田 太郎,taro.yoshida@example.com,ST04
1335,加藤 彩花,ayaka.kato@example.com,ST02
1336,吉田 健太,kenta.yoshida@example.com,ST04
1337,渡辺 太郎,taro.watanabe@example.com,ST03
1338,佐藤 陽菜,hina.sato@example.com,ST03
1339,渡辺 悠斗,yuto.watanabe@example.com,ST03
1340,中村 蓮,ren.nakamura@example.com,ST01
1341,小林 拓海,takumi.kobayashi@example.com,ST04
1342,山田 悠斗,yuto.yamada@example.com,ST02
1343,小林 健太,kenta.kobayashi@example.com,ST02
1344,伊藤 翔,sho.ito@example.com,ST04
1345,田中 健太,kenta.tanaka@example.com,ST03
1346,加藤 蓮,ren.kato@example.com,ST03
1347,小林 結衣,yui.kobayashi@example.com,ST04
1348,吉田 健太,kenta.yoshida@example.com,ST03
1349,吉田 大輔,daisuke.yoshida@example.com,ST01
1350,鈴木 翔,sho.suzuki@example.com,ST02
1351,鈴木 健太,kenta.suzuki@example.com,ST01
1352,小林 大輔,daisuke.kobayashi@example.com,ST03
1353,佐藤 太郎,taro.sato@example.com,ST02
1354,佐藤 太郎,taro.sato@example.com,ST04
1355,小林 健太,kenta.kobayashi@example.com,ST02
1356,加藤 彩花,ayaka.kato@example.com,ST03
1357,佐藤 彩花,ayaka.sato@example.com,ST04
1358,渡辺 葵,aoi.watanabe@example.com,ST04
1359,中村 太郎,taro.nakamura@example.com,ST04
1360,山本 美咲,misaki.yamamoto@example.com,ST02
1361,伊藤 蓮,ren.ito@example.com,ST04
1362,山田 大輔,daisuke.yamada@example.com,ST04
1363,加藤 悠斗,yuto.kato@example.com,ST04
1364,田中 葵,aoi.tanaka@example.com,ST02
1365,高橋 結衣,yui.takahashi@example.com,ST02
1366,吉田 太郎,taro.yoshida@example.com,ST02
1367,中村 大輔,daisuke.nakamura@example.com,ST03
1368,吉田 翔,sho.yoshida@example.com,ST04
1369,佐藤 大輔,daisuke.sato@example.com,ST04
1370,田中 彩花,ayaka.tanaka@example.com,ST01
1371,渡辺 美咲,misaki.watanabe@example.com,ST02
1372,渡辺 太郎,taro.watanabe@example.com,ST02
1373,渡辺 美咲,misaki.watanabe@example.com,ST04
1374,渡辺 葵,aoi.watanabe@example.com,ST02
1375,山田 翔,sho.yamada@example.com,ST01
1376,加藤 翔,sho.kato@example.com,ST03
1377,山本 悠斗,yuto.yamamoto@example.com,ST04
1378,山田 太郎,taro.yamada@example.com,ST03
1379,山本 拓海,takumi.yamamoto@example.com,ST01
1380,山本 太郎,taro.yamamoto@example.com,ST04
1381,渡辺 陽菜,hina.watanabe@example.com,ST03
1382,渡辺 健太,kenta.watanabe@example.com,ST04
1383,小林 彩花,ayaka.kobayashi@example.com,ST01
1384,山本 葵,aoi.yamamoto@example.com,ST01
1385,高橋 大輔,daisuke.takahashi@example.com,ST01
1386,鈴木 健太,kenta.suzuki@example.com,ST02
1387,鈴木 太郎,taro.suzuki@example.com,ST03
1388,山田 彩花,ayaka.yamada@example.com,ST01
1389,鈴木 美咲,misaki.suzuki@example.com,ST01
1390,佐藤 太郎,taro.sato@example.com,ST02
1391,加藤 結衣,yui.kato@example.com,ST03
1392,鈴木 陽菜,hina.suzuki@example.com,ST03
1393,佐藤 蓮,ren.sato@example.com,ST02
1394,小林 蓮,ren.kobayashi@example.com,ST01
1395,吉田 健太,kenta.yoshida@example.com,ST01
1396,伊藤 健太,kenta.ito@example.com,ST01
1397,吉田 結衣,yui.yoshida@example.com,ST02
1398,田中 陽菜,hina.tanaka@example.com,ST01
1399,吉田 彩花,ayaka.yoshida@example.com,ST03
1400,中村 大輔,daisuke.nakamura@example.com,ST04
1401,小林 彩花,ayaka.kobayashi@example.com,ST01
1402,田中 結衣,yui.tanaka@example.com,ST04
1403,伊藤 健太,kenta.ito@example.com,ST01
1404,加藤 陽菜,hina.kato@example.com,ST02
1405,佐藤 拓海,takumi.sato@example.com,ST02
1406,鈴木 翔,sho.suzuki@example.com,ST03
1407,伊藤 彩花,ayaka.ito@example.com,ST01
1408,伊藤 蓮,ren.ito@example.com,ST03
1409,伊藤 拓海,takumi.ito@example.com,ST01
1410,伊藤 太郎,taro.ito@example.com,ST04
1411,伊藤 陽菜,hina.ito@example.com,ST01
1412,小林 健太,kenta.kobayashi@example.com,ST04
1413,田中 大輔,daisuke.tanaka@example.com,ST02
1414,鈴木 悠斗,yuto.suzuki@example.com,ST04
1415,山田 陽菜,hina.yamada@example.com,ST01
1416,鈴木 拓海,takumi.suzuki@example.com,ST02
1417,高橋 彩花,ayaka.takahashi@example.com,ST04
1418,田中 大輔,daisuke.tanaka@example.com,ST02
1419,田中 彩花,ayaka.tanaka@example.com,ST02
1420,山田 拓海,takumi.yamada@example.com,ST04
1421,伊藤 美咲,misaki.ito@example.com,ST01
1422,伊藤 大輔,daisuke.ito@example.com,ST02
1423,山本 美咲,misaki.yamamoto@example.com,ST01
1424,田中 葵,aoi.tanaka@example.com,ST02
1425,山本 健太,kenta.yamamoto@example.com,ST02
1426,山本 太郎,taro.yamamoto@example.com,ST02
1427,渡辺 陽菜,hina.watanabe@example.com,ST01
1428,鈴木 蓮,ren.suzuki@example.com,ST01
1429,伊藤 太郎,taro.ito@example.com,ST04
1430,吉田 陽菜,hina.yoshida@example.com,ST04
1431,山田 悠斗,yuto.yamada@example.com,ST04
1432,山田 拓海,takumi.yamada@example.com,ST03
1433,佐藤 大輔,daisuke.sato@example.com,ST01
1434,鈴木 彩花,ayaka.suzuki@example.com,ST04
1435,山田 結衣,yui.yamada@example.com,ST02
1436,渡辺 蓮,ren.watanabe@example.com,ST02
1437,小林 健太,kenta.kobayashi@example.com,ST03
1438,佐藤 拓海,takumi.sato@example.com,ST02
1439,加藤 拓海,takumi.kato@example.com,ST04
1440,吉田 悠斗,yuto.yoshida@example.com,ST02
1441,高橋 大輔,daisuke.takahashi@example.com,ST02
1442,田中 太郎,taro.tanaka@example.com,ST03
1443,佐藤 翔,sho.sato@example.com,ST01
1444,吉田 蓮,ren.yoshida@example.com,ST04
1445,高橋 結衣,yui.takahashi@example.com,ST03
1446,山田 大輔,daisuke.yamada@example.com,ST02
1447,中村 蓮,ren.nakamura@example.com,ST02
1448,渡辺 美咲,misaki.watanabe@example.com,ST03
1449,加藤 拓海,takumi.kato@example.com,ST03
1450,加藤 大輔,daisuke.kato@example.com,ST02
1451,吉田 翔,sho.yoshida@example.com,ST04
1452,山田 悠斗,yuto.yamada@example.com,ST04
1453,佐藤 悠斗,yuto.sato@example.com,ST04
1454,加藤 健太,kenta.kato@example.com,ST03
1455,高橋 葵,aoi.takahashi@example.com,ST03
1456,吉田 陽菜,hina.yoshida@example.com,ST04
1457,加藤 悠斗,yuto.kato@example.com,ST03
1458,田中 拓海,takumi.tanaka@example.com,ST02
1459,伊藤 健太,kenta.ito@example.com,ST04
1460,田中 彩花,ayaka.tanaka@example.com,ST01
1461,佐藤 大輔,daisuke.sato@example.com,ST01
1462,加藤 蓮,ren.kato@example.com,ST02
1463,佐藤 太郎,taro.sato@example.com,ST01
1464,伊藤 大輔,daisuke.ito@example.com,ST01
1465,田中 悠斗,yuto.tanaka@example.com,ST04
1466,山本 蓮,ren.yamamoto@example.com,ST02
1467,吉田 陽菜,hina.yoshida@example.com,ST03
1468,中村 蓮,ren.nakamura@example.com,ST04
1469,山田 彩花,ayaka.yamada@example.com,ST04
1470,山本 翔,sho.yamamoto@example.com,ST03
1471,伊藤 大輔,daisuke.ito@example.com,ST03
1472,小林 結衣,yui.kobayashi@example.com,ST01
1473,高橋 健太,kenta.takahashi@example.com,ST03
1474,中村 翔,sho.nakamura@example.com,ST02
1475,伊藤 蓮,ren.ito@example.com,ST02
1476,鈴木 彩花,ayaka.suzuki@example.com,ST02
1477,佐藤 結衣,yui.sato@example.com,ST02
1478,田中 太郎,taro.tanaka@example.com,ST01
1479,山田 彩花,ayaka.yamada@example.com,ST03
1480,鈴木 健太,kenta.suzuki@example.com,ST03
1481,山本 葵,aoi.yamamoto@example.com,ST04
1482,吉田 蓮,ren.yoshida@example.com,ST01
1483,佐藤 悠斗,yuto.sato@example.com,ST01
1484,小林 彩花,ayaka.kobayashi@example.com,ST02
1485,吉田 結衣,yui.yoshida@example.com,ST03
1486,中村 悠斗,yuto.nakamura@example.com,ST02
1487,佐藤 太郎,taro.sato@example.com,ST03
1488,高橋 悠斗,yuto.takahashi@example.com,ST03
1489,加藤 美咲,misaki.kato@example.com,ST01
1490,吉田 大輔,daisuke.yoshida@example.com,ST04
1491,中村 健太,kenta.nakamura@example.com,ST04
1492,渡辺 結衣,yui.watanabe@example.com,ST03
1493,渡辺 陽菜,hina.watanabe@example.com,ST03
1494,吉田 蓮,ren.yoshida@example.com,ST02
1495,田中 葵,aoi.tanaka@example.com,ST02
1496,伊藤 結衣,yui.ito@example.com,ST01
1497,渡辺 蓮,ren.watanabe@example.com,ST03
1498,高橋 彩花,ayaka.takahashi@example.com,ST02
1499,山本 大輔,daisuke.yamamoto@example.com,ST01
1500,渡辺 葵,aoi.watanabe@example.com,ST01
1501,加藤 結衣,yui.kato@example.com,ST01
1502,中村 美咲,misaki.nakamura@example.com,ST01
1503,小林 拓海,takumi.kobayashi@example.com,ST02
1504,田中 蓮,ren.tanaka@example.com,ST04
1505,伊藤 葵,aoi.ito@example.com,ST03
1506,佐藤 陽菜,hina.sato@example.com,ST03
1507,渡辺 蓮,ren.watanabe@example.com,ST03
1508,伊藤 翔,sho.ito@example.com,ST04
1509,中村 蓮,ren.nakamura@example.com,ST03
1510,小林 蓮,ren.kobayashi@example.com,ST03
1511,佐藤 結衣,yui.sato@example.com,ST03
1512,佐藤 悠斗,yuto.sato@example.com,ST03
1513,中村 蓮,ren.nakamura@example.com,ST04
1514,吉田 陽菜,hina.yoshida@example.com,ST03
1515,小林 健太,kenta.kobayashi@example.com,ST04
1516,伊藤 悠斗,yuto.ito@example.com,ST04
1517,中村 拓海,takumi.nakamura@example.com,ST04
1518,田中 美咲,misaki.tanaka@example.com,ST02
1519,渡辺 悠斗,yuto.watanabe@example.com,ST04
1520,小林 蓮,ren.kobayashi@example.com,ST04
1521,吉田 美咲,misaki.yoshida@example.com,ST03
1522,小林 太郎,taro.kobayashi@example.com,ST04
1523,山田 結衣,yui.yamada@example.com,ST01
1524,吉田 拓海,takumi.yoshida@example.com,ST03
1525,山田 葵,aoi.yamada@example.com,ST02
1526,伊藤 大輔,daisuke.ito@example.com,ST04
1527,高橋 健太,kenta.takahashi@example.com,ST03
1528,小林 大輔,daisuke.kobayashi@example.com,ST03
1529,小林 翔,sho.kobayashi@example.com,ST02
1530,佐藤 健太,kenta.sato@example.com,ST04
1531,吉田 健太,kenta.yoshida@example.com,ST04
1532,佐藤 健太,kenta.sato@example.com,ST04
1533,渡辺 陽菜,hina.watanabe@example.com,ST04
1534,田中 結衣,yui.tanaka@example.com,ST01
1535,鈴木 美咲,misaki.suzuki@example.com,ST02
1536,鈴木 葵,aoi.suzuki@example.com,ST01
1537,佐藤 美咲,misaki.sato@example.com,ST02
1538,鈴木 悠斗,yuto.suzuki@example.com,ST04
1539,伊藤 悠斗,yuto.ito@example.com,ST02
1540,伊藤 葵,aoi.ito@example.com,ST01
1541,渡辺 健太,kenta.watanabe@example.com,ST04
1542,伊藤 美咲,misaki.ito@example.com,ST04
1543,吉田 結衣,yui.yoshida@example.com,ST03
1544,中村 翔,sho.nakamura@example.com,ST04
1545,小林 陽菜,hina.kobayashi@example.com,ST04
1546,伊藤 大輔,daisuke.ito@example.com,ST02
1547,伊藤 陽菜,hina.ito@example.com,ST01
1548,鈴木 陽菜,hina.suzuki@example.com,ST03
1549,伊藤 健太,kenta.ito@example.com,ST04
1550,田中 大輔,daisuke.tanaka@example.com,ST03
1551,高橋 健太,kenta.takahashi@example.com,ST03
1552,高橋 結衣,yui.takahashi@example.com,ST04
1553,加藤 拓海,takumi.kato@example.com,ST04
1554,田中 悠斗,yuto.tanaka@example.com,ST03
1555,高橋 葵,aoi.takahashi@example.com,ST03
1556,中村 健太,kenta.nakamura@example.com,ST02
1557,小林 大輔,daisuke.kobayashi@example.com,ST02
1558,加藤 美咲,misaki.kato@example.com,ST02
1559,加藤 葵,aoi.kato@example.com,ST04
1560,加藤 悠斗,yuto.kato@example.com,ST04
1561,伊藤 陽菜,hina.ito@example.com,ST04
1562,伊藤 大輔,daisuke.ito@example.com,ST03
1563,小林 健太,kenta.kobayashi@example.com,ST02
1564,吉田 美咲,misaki.yoshida@example.com,ST03
1565,伊藤 大輔,daisuke.ito@example.com,ST04
1566,中村 葵,aoi.nakamura@example.com,ST02
1567,高橋 悠斗,yuto.takahashi@example.com,ST02
1568,加藤 拓海,takumi.kato@example.com,ST04
1569,渡辺 大輔,daisuke.watanabe@example.com,ST01
1570,高橋 翔,sho.takahashi@example.com,ST02
1571,吉田 蓮,ren.yoshida@example.com,ST02
1572,鈴木 翔,sho.suzuki@example.com,ST03
1573,小林 太郎,taro.kobayashi@example.com,ST04
1574,鈴木 彩花,ayaka.suzuki@example.com,ST03
1575,伊藤 彩花,ayaka.ito@example.com,ST02
1576,鈴木 葵,aoi.suzuki@example.com,ST02
1577,伊藤 蓮,ren.ito@example.com,ST01
1578,渡辺 太郎,taro.watanabe@example.com,ST03
1579,吉田 蓮,ren.yoshida@example.com,ST02
1580,田中 陽菜,hina.tanaka@example.com,ST01
1581,伊藤 翔,sho.ito@example.com,ST04
1582,小林 大輔,daisuke.kobayashi@example.com,ST04
1583,吉田 結衣,yui.yoshida@example.com,ST04
1584,中村 健太,kenta.nakamura@example.com,ST03
1585,小林 葵,aoi.kobayashi@example.com,ST04
1586,加藤 太郎,taro.kato@example.com,ST03
1587,小林 太郎,taro.kobayashi@example.com,ST02
1588,加藤 蓮,ren.kato@example.com,ST03
1589,鈴木 蓮,ren.suzuki@example.com,ST02
1590,伊藤 陽菜,hina.ito@example.com,ST03
1591,佐藤 彩花,ayaka.sato@example.com,ST04
1592,高橋 彩花,ayaka.takahashi@example.com,ST02
1593,高橋 翔,sho.takahashi@example.com,ST01
1594,田中 悠斗,yuto.tanaka@example.com,ST02
1595,山本 蓮,ren.yamamoto@example.com,ST03
1596,吉田 美咲,misaki.yoshida@example.com,ST02
1597,田中 蓮,ren.tanaka@example.com,ST01
1598,伊藤 美咲,misaki.ito@example.com,ST02
1599,山本 陽菜,hina.yamamoto@example.com,ST01
1600,中村 大輔,daisuke.nakamura@example.com,ST04
1601,加藤 健太,kenta.kato@example.com,ST01
1602,渡辺 葵,aoi.watanabe@example.com,ST01
1603,中村 陽菜,hina.nakamura@example.com,ST03
1604,伊藤 拓海,takumi.ito@example.com,ST04
1605,吉田 大輔,daisuke.yoshida@example.com,ST01
1606,田中 悠斗,yuto.tanaka@example.com,ST04
1607,佐藤 結衣,yui.sato@example.com,ST04
1608,高橋 翔,sho.takahashi@example.com,ST04
1609,吉田 健太,kenta.yoshida@example.com,ST01
1610,山本 健太,kenta.yamamoto@example.com,ST01
1611,伊藤 翔,sho.ito@example.com,ST01
1612,田中 悠斗,yuto.tanaka@example.com,ST02
1613,高橋 葵,aoi.takahashi@example.com,ST01
1614,吉田 健太,kenta.yoshida@example.com,ST03
1615,田中 大輔,daisuke.tanaka@example.com,ST03
1616,小林 蓮,ren.kobayashi@example.com,ST02
1617,小林 美咲,misaki.kobayashi@example.com,ST04
1618,田中 葵,aoi.tanaka@example.com,ST01
1619,渡辺 太郎,taro.watanabe@example.com,ST03
1620,中村 拓海,takumi.nakamura@example.com,ST04
1621,鈴木 結衣,yui.suzuki@example.com,ST02
1622,田中 陽菜,hina.tanaka@example.com,ST02
1623,佐藤 葵,aoi.sato@example.com,ST03
1624,山本 悠斗,yuto.yamamoto@example.com,ST01
1625,高橋 拓海,takumi.takahashi@example.com,ST01
1626,吉田 健太,kenta.yoshida@example.com,ST02
1627,佐藤 健太,kenta.sato@example.com,ST01
1628,田中 葵,aoi.tanaka@example.com,ST01
1629,鈴木 蓮,ren.suzuki@example.com,ST02
1630,加藤 陽菜,hina.kato@example.com,ST02
1631,佐藤 大輔,daisuke.sato@example.com,ST01
1632,高橋 健太,kenta.takahashi@example.com,ST03
1633,山本 拓海,takumi.yamamoto@example.com,ST03
1634,鈴木 結衣,yui.suzuki@example.com,ST01
1635,吉田 健太,kenta.yoshida@example.com,ST04
1636,中村 彩花,ayaka.nakamura@example.com,ST01
1637,中村 悠斗,yuto.nakamura@example.com,ST04
1638,渡辺 大輔,daisuke.watanabe@example.com,ST02
1639,山本 陽菜,hina.yamamoto@example.com,ST02
1640,加藤 大輔,daisuke.kato@example.com,ST02
1641,伊藤 彩花,ayaka.ito@example.com,ST01
1642,小林 拓海,takumi.kobayashi@example.com,ST04
1643,田中 健太,kenta.tanaka@example.com,ST01
1644,中村 葵,aoi.nakamura@example.com,ST01
1645,高橋 拓海,takumi.takahashi@example.com,ST01
1646,中村 健太,kenta.nakamura@example.com,ST02
1647,高橋 拓海,takumi.takahashi@example.com,ST02
1648,小林 拓海,takumi.kobayashi@example.com,ST03
1649,田中 翔,sho.tanaka@example.com,ST03
1650,吉田 彩花,ayaka.yoshida@example.com,ST04
1651,伊藤 結衣,yui.ito@example.com,ST04
1652,伊藤 美咲,misaki.ito@example.com,ST03
1653,吉田 蓮,ren.yoshida@example.com,ST02
1654,吉田 彩花,ayaka.yoshida@example.com,ST03
1655,伊藤 彩花,ayaka.ito@example.com,ST03
1656,吉田 葵,aoi.yoshida@example.com,ST02
1657,渡辺 太郎,taro.watanabe@example.com,ST03
1658,渡辺 拓海,takumi.watanabe@example.com,ST04
1659,鈴木 彩花,ayaka.suzuki@example.com,ST02
1660,山本 健太,kenta.yamamoto@example.com,ST04
1661,山田 太郎,taro.yamada@example.com,ST03
1662,加藤 大輔,daisuke.kato@example.com,ST01
1663,中村 陽菜,hina.nakamura@example.com,ST03
1664,山田 彩花,ayaka.yamada@example.com,ST01
1665,吉田 陽菜,hina.yoshida@example.com,ST02
1666,吉田 大輔,daisuke.yoshida@example.com,ST04
1667,加藤 美咲,misaki.kato@example.com,ST03
1668,佐藤 拓海,takumi.sato@example.com,ST01
1669,加藤 太郎,taro.kato@example.com,ST04
1670,渡辺 翔,sho.watanabe@example.com,ST04
1671,中村 健太,kenta.nakamura@example.com,ST04
1672,吉田 健太,kenta.yoshida@example.com,ST02
1673,佐藤 太郎,taro.sato@example.com,ST02
1674,高橋 太郎,taro.takahashi@example.com,ST01
1675,伊藤 太郎,taro.ito@example.com,ST02
1676,中村 葵,aoi.nakamura@example.com,ST01
1677,吉田 翔,sho.yoshida@example.com,ST01
1678,中村 拓海,takumi.nakamura@example.com,ST04
1679,田中 健太,kenta.tanaka@example.com,ST02
1680,山本 大輔,daisuke.yamamoto@example.com,ST03
1681,加藤 大輔,daisuke.kato@example.com,ST01
1682,田中 陽菜,hina.tanaka@example.com,ST04
1683,鈴木 蓮,ren.suzuki@example.com,ST03
1684,中村 翔,sho.nakamura@example.com,ST01
1685,山田 美咲,misaki.yamada@example.com,ST03
1686,鈴木 大輔,daisuke.suzuki@example.com,ST04
1687,渡辺 美咲,misaki.watanabe@example.com,ST03
1688,小林 葵,aoi.kobayashi@example.com,ST03
1689,加藤 結衣,yui.kato@example.com,ST02
1690,伊藤 太郎,taro.ito@example.com,ST03
1691,吉田 蓮,ren.yoshida@example.com,ST01
1692,渡辺 美咲,misaki.watanabe@example.com,ST02
1693,加藤 大輔,daisuke.kato@example.com,ST02
1694,佐藤 美咲,misaki.sato@example.com,ST04
1695,山田 葵,aoi.yamada@example.com,ST04
1696,加藤 彩花,ayaka.kato@example.com,ST03
1697,山田 悠斗,yuto.yamada@example.com,ST02
1698,小林 健太,kenta.kobayashi@example.com,ST02
1699,吉田 健太,kenta.yoshida@example.com,ST04
1700,高橋 美咲,misaki.takahashi@example.com,ST03
1701,伊藤 結衣,yui.ito@example.com,ST03
1702,伊藤 拓海,takumi.ito@example.com,ST03
1703,佐藤 陽菜,hina.sato@example.com,ST01
1704,山田 悠斗,yuto.yamada@example.com,ST02
1705,田中 大輔,daisuke.tanaka@example.com,ST01
1706,山本 健太,kenta.yamamoto@example.com,ST02
1707,田中 結衣,yui.tanaka@example.com,ST03
1708,加藤 悠斗,yuto.kato@example.com,ST01
1709,小林 葵,aoi.kobayashi@example.com,ST03
1710,高橋 陽菜,hina.takahashi@example.com,ST04
1711,鈴木 蓮,ren.suzuki@example.com,ST02
1712,佐藤 美咲,misaki.sato@example.com,ST02
1713,加藤 健太,kenta.kato@example.com,ST01
1714,高橋 結衣,yui.takahashi@example.com,ST01
1715,田中 結衣,yui.tanaka@example.com,ST03
1716,中村 健太,kenta.nakamura@example.com,ST01
1717,山本 大輔,daisuke.yamamoto@example.com,ST03
1718,吉田 美咲,misaki.yoshida@example.com,ST03
1719,中村 彩花,ayaka.nakamura@example.com,ST02
1720,吉田 美咲,misaki.yoshida@example.com,ST03
1721,山本 美咲,misaki.yamamoto@example.com,ST03
1722,高橋 美咲,misaki.takahashi@example.com,ST04
1723,伊藤 悠斗,yuto.ito@example.com,ST01
1724,伊藤 結衣,yui.ito@example.com,ST03
1725,加藤 太郎,taro.kato@example.com,ST01
1726,鈴木 健太,kenta.suzuki@example.com,ST01
1727,渡辺 健太,kenta.watanabe@example.com,ST01
1728,吉田 彩花,ayaka.yoshida@example.com,ST01
1729,吉田 翔,sho.yoshida@example.com,ST02
1730,佐藤 結衣,yui.sato@example.com,ST03
1731,渡辺 結衣,yui.watanabe@example.com,ST02
1732,田中 葵,aoi.tanaka@example.com,ST02
1733,高橋 彩花,ayaka.takahashi@example.com,ST04
1734,加藤 太郎,taro.kato@example.com,ST01
1735,吉田 葵,aoi.yoshida@example.com,ST01
1736,高橋 陽菜,hina.takahashi@example.com,ST03
1737,中村 葵,aoi.nakamura@example.com,ST04
1738,加藤 太郎,taro.kato@example.com,ST01
1739,吉田 彩花,ayaka.yoshida@example.com,ST01
1740,中村 結衣,yui.nakamura@example.com,ST03
1741,佐藤 陽菜,hina.sato@example.com,ST04
1742,鈴木 健太,kenta.suzuki@example.com,ST03
1743,中村 結衣,yui.nakamura@example.com,ST03
1744,山本 結衣,yui.yamamoto@example.com,ST03
1745,高橋 美咲,misaki.takahashi@example.com,ST02
1746,中村 翔,sho.nakamura@example.com,ST01
1747,吉田 太郎,taro.yoshida@example.com,ST02
1748,山本 大輔,daisuke.yamamoto@example.com,ST02
1749,鈴木 拓海,takumi.suzuki@example.com,ST02
1750,田中 太郎,taro.tanaka@example.com,ST04
1751,伊藤 陽菜,hina.ito@example.com,ST04
1752,吉田 結衣,yui.yoshida@example.com,ST03
1753,鈴木 大輔,daisuke.suzuki@example.com,ST03
1754,田中 葵,aoi.tanaka@example.com,ST04
1755,佐藤 陽菜,hina.sato@example.com,ST02
1756,佐藤 蓮,ren.sato@example.com,ST03
1757,伊藤 美咲,misaki.ito@example.com,ST04
1758,鈴木 拓海,takumi.suzuki@example.com,ST03
1759,田中 陽菜,hina.tanaka@example.com,ST02
1760,小林 健太,kenta.kobayashi@example.com,ST02
1761,渡辺 太郎,taro.watanabe@example.com,ST03
1762,高橋 翔,sho.takahashi@example.com,ST04
1763,加藤 健太,kenta.kato@example.com,ST01
1764,小林 健太,kenta.kobayashi@example.com,ST04
1765,吉田 陽菜,hina.yoshida@example.com,ST02
1766,加藤 太郎,taro.kato@example.com,ST04
1767,中村 陽菜,hina.nakamura@example.com,ST03
1768,小林 彩花,ayaka.kobayashi@example.com,ST03
1769,高橋 大輔,daisuke.takahashi@example.com,ST04
1770,山田 葵,aoi.yamada@example.com,ST02
1771,山田 陽菜,hina.yamada@example.com,ST04
1772,伊藤 葵,aoi.ito@example.com,ST03
1773,高橋 太郎,taro.takahashi@example.com,ST01
1774,吉田 悠斗,yuto.yoshida@example.com,ST01
1775,中村 拓海,takumi.nakamura@example.com,ST04
1776,伊藤 葵,aoi.ito@example.com,ST01
1777,山田 陽菜,hina.yamada@example.com,ST04
1778,田中 葵,aoi.tanaka@example.com,ST01
1779,加藤 翔,sho.kato@example.com,ST03
1780,中村 大輔,daisuke.nakamura@example.com,ST03
1781,佐藤 悠斗,yuto.sato@example.com,ST03
1782,吉田 結衣,yui.yoshida@example.com,ST04
1783,小林 大輔,daisuke.kobayashi@example.com,ST02
1784,山田 太郎,taro.yamada@example.com,ST03
1785,渡辺 悠斗,yuto.watanabe@example.com,ST02
1786,田中 悠斗,yuto.tanaka@example.com,ST01
1787,山本 健太,kenta.yamamoto@example.com,ST03
1788,中村 葵,aoi.nakamura@example.com,ST02
1789,佐藤 悠斗,yuto.sato@example.com,ST02
1790,山本 美咲,misaki.yamamoto@example.com,ST04
1791,高橋 陽菜,hina.takahashi@example.com,ST04
1792,田中 彩花,ayaka.tanaka@example.com,ST01
1793,加藤 蓮,ren.kato@example.com,ST02
1794,伊藤 太郎,taro.ito@example.com,ST01
1795,田中 翔,sho.tanaka@example.com,ST02
1796,佐藤 翔,sho.sato@example.com,ST03
1797,小林 健太,kenta.kobayashi@example.com,ST03
1798,佐藤 美咲,misaki.sato@example.com,ST02
1799,吉田 美咲,misaki.yoshida@example.com,ST03
1800,小林 翔,sho.kobayashi@example.com,ST03
1801,加藤 悠斗,yuto.kato@example.com,ST04
1802,渡辺 健太,kenta.watanabe@example.com,ST03
1803,高橋 太郎,taro.takahashi@example.com,ST01
1804,山本 翔,sho.yamamoto@example.com,ST01
1805,吉田 翔,sho.yoshida@example.com,ST03
1806,伊藤 健太,kenta.ito@example.com,ST02
1807,吉田 葵,aoi.yoshida@example.com,ST04
1808,中村 健太,kenta.nakamura@example.com,ST02
1809,山本 美咲,misaki.yamamoto@example.com,ST02
1810,吉田 大輔,daisuke.yoshida@example.com,ST04
1811,佐藤 健太,kenta.sato@example.com,ST03
1812,鈴木 太郎,taro.suzuki@example.com,ST04
1813,高橋 彩花,ayaka.takahashi@example.com,ST04
1814,渡辺 蓮,ren.watanabe@example.com,ST04
1815,田中 美咲,misaki.tanaka@example.com,ST03
1816,佐藤 健太,kenta.sato@example.com,ST01
1817,吉田 悠斗,yuto.yoshida@example.com,ST04
1818,中村 美咲,misaki.nakamura@example.com,ST03
1819,加藤 結衣,yui.kato@example.com,ST01
1820,渡辺 太郎,taro.watanabe@example.com,ST03
1821,吉田 翔,sho.yoshida@example.com,ST04
1822,田中 翔,sho.tanaka@example.com,ST02
1823,渡辺 蓮,ren.watanabe@example.com,ST02
1824,渡辺 翔,sho.watanabe@example.com,ST04
1825,渡辺 蓮,ren.watanabe@example.com,ST02
1826,伊藤 健太,kenta.ito@example.com,ST01
1827,渡辺 結衣,yui.watanabe@example.com,ST03
1828,田中 翔,sho.tanaka@example.com,ST01
1829,小林 大輔,daisuke.kobayashi@example.com,ST02
1830,伊藤 彩花,ayaka.ito@example.com,ST03
1831,佐藤 葵,aoi.sato@example.com,ST03
1832,吉田 太郎,taro.yoshida@example.com,ST04
1833,田中 大輔,daisuke.tanaka@example.com,ST01
1834,加藤 太郎,taro.kato@example.com,ST04
1835,田中 健太,kenta.tanaka@example.com,ST01
1836,高橋 蓮,ren.takahashi@example.com,ST02
1837,加藤 結衣,yui.kato@example.com,ST04
1838,中村 健太,kenta.nakamura@example.com,ST03
1839,鈴木 美咲,misaki.suzuki@example.com,ST03
1840,田中 彩花,ayaka.tanaka@example.com,ST01
1841,加藤 拓海,takumi.kato@example.com,ST03
1842,吉田 健太,kenta.yoshida@example.com,ST02
1843,山田 葵,aoi.yamada@example.com,ST01
1844,田中 大輔,daisuke.tanaka@example.com,ST02
1845,伊藤 太郎,taro.ito@example.com,ST04
1846,佐藤 結衣,yui.sato@example.com,ST04
1847,中村 結衣,yui.nakamura@example.com,ST01
1848,中村 結衣,yui.nakamura@example.com,ST03
1849,加藤 大輔,daisuke.kato@example.com,ST04
1850,加藤 悠斗,yuto.kato@example.com,ST01
1851,中村 美咲,misaki.nakamura@example.com,ST04
1852,吉田 葵,aoi.yoshida@example.com,ST01
1853,吉田 陽菜,hina.yoshida@example.com,ST01
1854,山本 大輔,daisuke.yamamoto@example.com,ST02
1855,中村 翔,sho.nakamura@example.com,ST04
1856,伊藤 健太,kenta.ito@example.com,ST04
1857,山田 太郎,taro.yamada@example.com,ST03
1858,加藤 悠斗,yuto.kato@example.com,ST03
1859,渡辺 美咲,misaki.watanabe@example.com,ST02
1860,小林 葵,aoi.kobayashi@example.com,ST04
1861,佐藤 美咲,misaki.sato@example.com,ST03
1862,山本 拓海,takumi.yamamoto@example.com,ST03
1863,加藤 大輔,daisuke.kato@example.com,ST03
1864,中村 蓮,ren.nakamura@example.com,ST03
1865,高橋 健太,kenta.takahashi@example.com,ST03
1866,山田 結衣,yui.yamada@example.com,ST03
1867,伊藤 拓海,takumi.ito@example.com,ST03
1868,佐藤 結衣,yui.sato@example.com,ST01
1869,山田 彩花,ayaka.yamada@example.com,ST03
1870,田中 蓮,ren.tanaka@example.com,ST03
1871,中村 蓮,ren.nakamura@example.com,ST04
1872,渡辺 大輔,daisuke.watanabe@example.com,ST02
1873,吉田 彩花,ayaka.yoshida@example.com,ST02
1874,伊藤 健太,kenta.ito@example.com,ST01
1875,山本 葵,aoi.yamamoto@example.com,ST04
1876,佐藤 葵,aoi.sato@example.com,ST04
1877,山本 健太,kenta.yamamoto@example.com,ST01
1878,佐藤 彩花,ayaka.sato@example.com,ST02
1879,山田 翔,sho.yamada@example.com,ST03
1880,鈴木 健太,kenta.suzuki@example.com,ST04
1881,山田 結衣,yui.yamada@example.com,ST03
1882,吉田 大輔,daisuke.yoshida@example.com,ST03
1883,佐藤 蓮,ren.sato@example.com,ST02
1884,山本 陽菜,hina.yamamoto@example.com,ST02
1885,加藤 美咲,misaki.kato@example.com,ST04
1886,田中 拓海,takumi.tanaka@example.com,ST02
1887,渡辺 大輔,daisuke.watanabe@example.com,ST01
1888,渡辺 健太,kenta.watanabe@example.com,ST04
1889,小林 大輔,daisuke.kobayashi@example.com,ST01
1890,渡辺 蓮,ren.watanabe@example.com,ST01
1891,小林 葵,aoi.kobayashi@example.com,ST04
1892,山田 大輔,daisuke.yamada@example.com,ST03
1893,伊藤 結衣,yui.ito@example.com,ST03
1894,高橋 悠斗,yuto.takahashi@example.com,ST01
1895,山田 彩花,ayaka.yamada@example.com,ST02
1896,渡辺 太郎,taro.watanabe@example.com,ST02
1897,中村 蓮,ren.nakamura@example.com,ST02
1898,加藤 太郎,taro.kato@example.com,ST04
1899,田中 拓海,takumi.tanaka@example.com,ST02
1900,渡辺 拓海,takumi.watanabe@example.com,ST04
1901,吉田 翔,sho.yoshida@example.com,ST03
1902,佐藤 結衣,yui.sato@example.com,ST03
1903,山田 陽菜,hina.yamada@example.com,ST01
1904,伊藤 翔,sho.ito@example.com,ST02
1905,伊藤 葵,aoi.ito@example.com,ST04
1906,小林 葵,aoi.kobayashi@example.com,ST01
1907,伊藤 拓海,takumi.ito@example.com,ST02
1908,田中 結衣,yui.tanaka@example.com,ST03
1909,伊藤 蓮,ren.ito@example.com,ST02
1910,田中 結衣,yui.tanaka@example.com,ST03
1911,伊藤 大輔,daisuke.ito@example.com,ST04
1912,中村 美咲,misaki.nakamura@example.com,ST03
1913,加藤 大輔,daisuke.kato@example.com,ST03
1914,伊藤 悠斗,yuto.ito@example.com,ST01
1915,田中 葵,aoi.tanaka@example.com,ST02
1916,鈴木 太郎,taro.suzuki@example.com,ST01
1917,鈴木 健太,kenta.suzuki@example.com,ST04
1918,高橋 拓海,takumi.takahashi@example.com,ST03
1919,高橋 結衣,yui.takahashi@example.com,ST02
1920,山本 健太,kenta.yamamoto@example.com,ST04
1921,佐藤 葵,aoi.sato@example.com,ST03
1922,山田 翔,sho.yamada@example.com,ST04
1923,中村 太郎,taro.nakamura@example.com,ST03
1924,鈴木 悠斗,yuto.suzuki@example.com,ST02
1925,渡辺 翔,sho.watanabe@example.com,ST03
1926,渡辺 陽菜,hina.watanabe@example.com,ST02
1927,鈴木 拓海,takumi.suzuki@example.com,ST02
1928,山本 結衣,yui.yamamoto@example.com,ST01
1929,山田 美咲,misaki.yamada@example.com,ST04
1930,山田 健太,kenta.yamada@example.com,ST04
1931,山田 大輔,daisuke.yamada@example.com,ST02
1932,山田 彩花,ayaka.yamada@example.com,ST01
1933,渡辺 陽菜,hina.watanabe@example.com,ST03
1934,山田 翔,sho.yamada@example.com,ST03
1935,田中 葵,aoi.tanaka@example.com,ST04
1936,小林 悠斗,yuto.kobayashi@example.com,ST01
1937,加藤 陽菜,hina.kato@example.com,ST03
1938,吉田 悠斗,yuto.yoshida@example.com,ST01
1939,吉田 葵,aoi.yoshida@example.com,ST04
1940,中村 蓮,ren.nakamura@example.com,ST02
1941,加藤 翔,sho.kato@example.com,ST02
1942,吉田 拓海,takumi.yoshida@example.com,ST03
1943,山田 結衣,yui.yamada@example.com,ST04
1944,小林 健太,kenta.kobayashi@example.com,ST04
1945,田中 悠斗,yuto.tanaka@example.com,ST02
1946,山本 蓮,ren.yamamoto@example.com,ST04
1947,加藤 太郎,taro.kato@example.com,ST03
1948,渡辺 陽菜,hina.watanabe@example.com,ST03
1949,鈴木 美咲,misaki.suzuki@example.com,ST04
1950,山田 葵,aoi.yamada@example.com,ST03
1951,鈴木 美咲,misaki.suzuki@example.com,ST01
1952,田中 葵,aoi.tanaka@example.com,ST03
1953,田中 大輔,daisuke.tanaka@example.com,ST03
1954,渡辺 美咲,misaki.watanabe@example.com,ST02
1955,田中 太郎,taro.tanaka@example.com,ST04
1956,高橋 美咲,misaki.takahashi@example.com,ST01
1957,佐藤 葵,aoi.sato@example.com,ST02
1958,加藤 蓮,ren.kato@example.com,ST03
1959,加藤 悠斗,yuto.kato@example.com,ST01
1960,高橋 悠斗,yuto.takahashi@example.com,ST02
1961,吉田 陽菜,hina.yoshida@example.com,ST03
1962,高橋 悠斗,yuto.takahashi@example.com,ST01
1963,小林 葵,aoi.kobayashi@example.com,ST03
1964,中村 陽菜,hina.nakamura@example.com,ST03
1965,中村 陽菜,hina.nakamura@example.com,ST04
1966,吉田 美咲,misaki.yoshida@example.com,ST02
1967,佐藤 健太,kenta.sato@example.com,ST03
1968,伊藤 拓海,takumi.ito@example.com,ST04
1969,佐藤 健太,kenta.sato@example.com,ST01
1970,鈴木 拓海,takumi.suzuki@example.com,ST02
1971,高橋 結衣,yui.takahashi@example.com,ST02
1972,渡辺 拓海,takumi.watanabe@example.com,ST02
1973,高橋 美咲,misaki.takahashi@example.com,ST01
1974,高橋 美咲,misaki.takahashi@example.com,ST01
1975,伊藤 悠斗,yuto.ito@example.com,ST01
1976,渡辺 翔,sho.watanabe@example.com,ST03
1977,小林 健太,kenta.kobayashi@example.com,ST03
1978,山本 健太,kenta.yamamoto@example.com,ST03
1979,鈴木 陽菜,hina.suzuki@example.com,ST02
1980,田中 美咲,misaki.tanaka@example.com,ST04
1981,山田 結衣,yui.yamada@example.com,ST02
1982,佐藤 葵,aoi.sato@example.com,ST01
1983,中村 美咲,misaki.nakamura@example.com,ST01
1984,山田 悠斗,yuto.yamada@example.com,ST04
1985,田中 蓮,ren.tanaka@example.com,ST04
1986,高橋 拓海,takumi.takahashi@example.com,ST01
1987,伊藤 蓮,ren.ito@example.com,ST04
1988,高橋 大輔,daisuke.takahashi@example.com,ST01
1989,小林 葵,aoi.kobayashi@example.com,ST01
1990,吉田 健太,kenta.yoshida@example.com,ST04
1991,加藤 葵,aoi.kato@example.com,ST02
1992,加藤 大輔,daisuke.kato@example.com,ST02
1993,田中 健太,kenta.tanaka@example.com,ST01
1994,高橋 拓海,takumi.takahashi@example.com,ST02
1995,小林 大輔,daisuke.kobayashi@example.com,ST01
1996,中村 大輔,daisuke.nakamura@example.com,ST02
1997,高橋 彩花,ayaka.takahashi@example.com,ST03
1998,渡辺 彩花,ayaka.watanabe@example.com,ST01
1999,吉田 美咲,misaki.yoshida@example.com,ST01
2000,佐藤 翔,sho.sato@example.com,ST01
2001,中村 美咲,misaki.nakamura@example.com,ST01
2002,中村 太郎,taro.nakamura@example.com,ST02
2003,田中 翔,sho.tanaka@example.com,ST01
2004,田中 拓海,takumi.tanaka@example.com,ST01
2005,山田 彩花,ayaka.yamada@example.com,ST03
2006,吉田 葵,aoi.yoshida@example.com,ST04
2007,中村 陽菜,hina.nakamura@example.com,ST01
2008,加藤 結衣,yui.kato@example.com,ST03
2009,中村 大輔,daisuke.nakamura@example.com,ST04
2010,佐藤 拓海,takumi.sato@example.com,ST04
2011,田中 健太,kenta.tanaka@example.com,ST04
2012,鈴木 健太,kenta.suzuki@example.com,ST03
2013,渡辺 美咲,misaki.watanabe@example.com,ST04
2014,中村 太郎,taro.nakamura@example.com,ST01
2015,高橋 陽菜,hina.takahashi@example.com,ST01
2016,鈴木 彩花,ayaka.suzuki@example.com,ST03
2017,山本 太郎,taro.yamamoto@example.com,ST03
2018,中村 大輔,daisuke.nakamura@example.com,ST01
2019,中村 美咲,misaki.nakamura@example.com,ST04
2020,佐藤 大輔,daisuke.sato@example.com,ST01
2021,加藤 大輔,daisuke.kato@example.com,ST01
2022,小林 彩花,ayaka.kobayashi@example.com,ST03
2023,渡辺 彩花,ayaka.watanabe@example.com,ST04
2024,高橋 大輔,daisuke.takahashi@example.com,ST02
2025,伊藤 蓮,ren.ito@example.com,ST04
2026,山田 葵,aoi.yamada@example.com,ST01
2027,高橋 美咲,misaki.takahashi@example.com,ST04
2028,中村 大輔,daisuke.nakamura@example.com,ST01
2029,吉田 彩花,ayaka.yoshida@example.com,ST04
2030,山本 太郎,taro.yamamoto@example.com,ST01
2031,田中 健太,kenta.tanaka@example.com,ST02
2032,田中 蓮,ren.tanaka@example.com,ST02
2033,山田 彩花,ayaka.yamada@example.com,ST04
2034,鈴木 蓮,ren.suzuki@example.com,ST01
2035,佐藤 悠斗,yuto.sato@example.com,ST03
2036,中村 葵,aoi.nakamura@example.com,ST02
2037,小林 彩花,ayaka.kobayashi@example.com,ST03
2038,小林 葵,aoi.kobayashi@example.com,ST01
2039,鈴木 美咲,misaki.suzuki@example.com,ST02
2040,山本 健太,kenta.yamamoto@example.com,ST03
2041,田中 葵,aoi.tanaka@example.com,ST03
2042,伊藤 葵,aoi.ito@example.com,ST02
2043,吉田 太郎,taro.yoshida@example.com,ST04
2044,山本 太郎,taro.yamamoto@example.com,ST01
2045,山田 太郎,taro.yamada@example.com,ST01
2046,山本 葵,aoi.yamamoto@example.com,ST03
2047,田中 美咲,misaki.tanaka@example.com,ST02
2048,中村 陽菜,hina.nakamura@example.com,ST03
2049,伊藤 結衣,yui.ito@example.com,ST02
2050,佐藤 美咲,misaki.sato@example.com,ST04
2051,高橋 蓮,ren.takahashi@example.com,ST02
2052,山田 美咲,misaki.yamada@example.com,ST02
2053,山本 葵,aoi.yamamoto@example.com,ST01
2054,渡辺 大輔,daisuke.watanabe@example.com,ST04
2055,吉田 葵,aoi.yoshida@example.com,ST02
2056,渡辺 陽菜,hina.watanabe@example.com,ST01
2057,山本 陽菜,hina.yamamoto@example.com,ST04
2058,鈴木 大輔,daisuke.suzuki@example.com,ST02
2059,山田 大輔,daisuke.yamada@example.com,ST02
2060,吉田 陽菜,hina.yoshida@example.com,ST04
2061,渡辺 蓮,ren.watanabe@example.com,ST02
2062,高橋 陽菜,hina.takahashi@example.com,ST02
2063,中村 健太,kenta.nakamura@example.com,ST03
2064,渡辺 大輔,daisuke.watanabe@example.com,ST01
2065,小林 美咲,misaki.kobayashi@example.com,ST03
2066,中村 葵,aoi.nakamura@example.com,ST04
2067,吉田 拓海,takumi.yoshida@example.com,ST02
2068,田中 健太,kenta.tanaka@example.com,ST01
2069,吉田 拓海,takumi.yoshida@example.com,ST01
2070,鈴木 美咲,misaki.suzuki@example.com,ST04
2071,佐藤 健太,kenta.sato@example.com,ST01
2072,鈴木 陽菜,hina.suzuki@example.com,ST03
2073,山本 彩花,ayaka.yamamoto@example.com,ST03
2074,佐藤 大輔,daisuke.sato@example.com,ST02
2075,佐藤 翔,sho.sato@example.com,ST01
2076,高橋 美咲,misaki.takahashi@example.com,ST03
2077,田中 蓮,ren.tanaka@example.com,ST03
2078,山田 翔,sho.yamada@example.com,ST03
2079,高橋 美咲,misaki.takahashi@example.com,ST01
2080,佐藤 蓮,ren.sato@example.com,ST01
2081,渡辺 葵,aoi.watanabe@example.com,ST01
2082,山田 大輔,daisuke.yamada@example.com,ST01
2083,田中 拓海,takumi.tanaka@example.com,ST04
2084,渡辺 美咲,misaki.watanabe@example.com,ST01
2085,小林 悠斗,yuto.kobayashi@example.com,ST01
2086,小林 悠斗,yuto.kobayashi@example.com,ST01
2087,佐藤 結衣,yui.sato@example.com,ST03
2088,高橋 美咲,misaki.takahashi@example.com,ST03
2089,小林 蓮,ren.kobayashi@example.com,ST03
2090,吉田 陽菜,hina.yoshida@example.com,ST04
2091,渡辺 蓮,ren.watanabe@example.com,ST03
2092,佐藤 翔,sho.sato@example.com,ST03
2093,高橋 彩花,ayaka.takahashi@example.com,ST03
2094,田中 彩花,ayaka.tanaka@example.com,ST02
2095,佐藤 陽菜,hina.sato@example.com,ST03
2096,山本 美咲,misaki.yamamoto@example.com,ST03
2097,吉田 悠斗,yuto.yoshida@example.com,ST03
2098,田中 陽菜,hina.tanaka@example.com,ST04
2099,山本 悠斗,yuto.yamamoto@example.com,ST03
2100,中村 太郎,taro.nakamura@example.com,ST02
2101,伊藤 太郎,taro.ito@example.com,ST02
2102,佐藤 蓮,ren.sato@example.com,ST02
2103,鈴木 悠斗,yuto.suzuki@example.com,ST04
2104,山田 陽菜,hina.yamada@example.com,ST03
2105,高橋 陽菜,hina.takahashi@example.com,ST03
2106,佐藤 健太,kenta.sato@example.com,ST01
2107,山本 悠斗,yuto.yamamoto@example.com,ST03
2108,田中 健太,kenta.tanaka@example.com,ST03
2109,中村 美咲,misaki.nakamura@example.com,ST04
2110,佐藤 結衣,yui.sato@example.com,ST04
2111,山本 健太,kenta.yamamoto@example.com,ST01
2112,加藤 彩花,ayaka.kato@example.com,ST02
2113,鈴木 健太,kenta.suzuki@example.com,ST03
2114,伊藤 陽菜,hina.ito@example.com,ST02
2115,伊藤 美咲,misaki.ito@example.com,ST01
2116,山田 健太,kenta.yamada@example.com,ST03
2117,吉田 拓海,takumi.yoshida@example.com,ST02
2118,渡辺 翔,sho.watanabe@example.com,ST01
2119,田中 結衣,yui.tanaka@example.com,ST03
2120,田中 翔,sho.tanaka@example.com,ST04
2121,田中 大輔,daisuke.tanaka@example.com,ST02
2122,加藤 悠斗,yuto.kato@example.com,ST03
2123,中村 翔,sho.nakamura@example.com,ST04
2124,鈴木 葵,aoi.suzuki@example.com,ST04
2125,佐藤 翔,sho.sato@example.com,ST04
2126,小林 蓮,ren.kobayashi@example.com,ST02
2127,加藤 蓮,ren.kato@example.com,ST04
2128,山田 拓海,takumi.yamada@example.com,ST01
2129,吉田 葵,aoi.yoshida@example.com,ST01
2130,伊藤 美咲,misaki.ito@example.com,ST02
2131,山田 太郎,taro.yamada@example.com,ST01
2132,山本 健太,kenta.yamamoto@example.com,ST03
2133,中村 翔,sho.nakamura@example.com,ST02
2134,山本 結衣,yui.yamamoto@example.com,ST03
2135,加藤 陽菜,hina.kato@example.com,ST03
2136,田中 結衣,yui.tanaka@example.com,ST03
2137,山田 太郎,taro.yamada@example.com,ST04
2138,加藤 健太,kenta.kato@example.com,ST01
2139,加藤 蓮,ren.kato@example.com,ST03
2140,加藤 悠斗,yuto.kato@example.com,ST02
2141,山本 葵,aoi.yamamoto@example.com,ST04
2142,中村 健太,kenta.nakamura@example.com,ST04
2143,鈴木 結衣,yui.suzuki@example.com,ST01
2144,佐藤 彩花,ayaka.sato@example.com,ST03
2145,吉田 健太,kenta.yoshida@example.com,ST02
2146,小林 拓海,takumi.kobayashi@example.com,ST01
2147,小林 結衣,yui.kobayashi@example.com,ST01
2148,高橋 彩花,ayaka.takahashi@example.com,ST04
2149,田中 美咲,misaki.tanaka@example.com,ST01
2150,山田 健太,kenta.yamada@example.com,ST01
2151,山田 太郎,taro.yamada@example.com,ST01
2152,田中 太郎,taro.tanaka@example.com,ST02
2153,伊藤 蓮,ren.ito@example.com,ST04
2154,山田 健太,kenta.yamada@example.com,ST04
2155,田中 彩花,ayaka.tanaka@example.com,ST01
2156,高橋 拓海,takumi.takahashi@example.com,ST04
2157,渡辺 彩花,ayaka.watanabe@example.com,ST01
2158,高橋 葵,aoi.takahashi@example.com,ST01
2159,佐藤 陽菜,hina.sato@example.com,ST03
2160,高橋 美咲,misaki.takahashi@example.com,ST01
2161,山本 陽菜,hina.yamamoto@example.com,ST01
2162,渡辺 太郎,taro.watanabe@example.com,ST03
2163,吉田 健太,kenta.yoshida@example.com,ST03
2164,鈴木 陽菜,hina.suzuki@example.com,ST04
2165,鈴木 翔,sho.suzuki@example.com,ST03
2166,山田 拓海,takumi.yamada@example.com,ST02
2167,渡辺 彩花,ayaka.watanabe@example.com,ST03
2168,山田 葵,aoi.yamada@example.com,ST01
2169,田中 健太,kenta.tanaka@example.com,ST03
2170,吉田 蓮,ren.yoshida@example.com,ST04
2171,吉田 美咲,misaki.yoshida@example.com,ST03
2172,山田 葵,aoi.yamada@example.com,ST04
2173,吉田 蓮,ren.yoshida@example.com,ST01
2174,田中 結衣,yui.tanaka@example.com,ST03
2175,渡辺 太郎,taro.watanabe@example.com,ST03
2176,加藤 拓海,takumi.kato@example.com,ST04
2177,佐藤 結衣,yui.sato@example.com,ST02
2178,高橋 太郎,taro.takahashi@example.com,ST03
2179,吉田 太郎,taro.yoshida@example.com,ST02
2180,山田 拓海,takumi.yamada@example.com,ST03
2181,小林 蓮,ren.kobayashi@example.com,ST01
2182,鈴木 葵,aoi.suzuki@example.com,ST02
2183,吉田 大輔,daisuke.yoshida@example.com,ST04
2184,鈴木 健太,kenta.suzuki@example.com,ST03
2185,田中 拓海,takumi.tanaka@example.com,ST03
2186,加藤 結衣,yui.kato@example.com,ST04
2187,中村 翔,sho.nakamura@example.com,ST04
2188,渡辺 大輔,daisuke.watanabe@example.com,ST01
2189,渡辺 葵,aoi.watanabe@example.com,ST02
2190,小林 大輔,daisuke.kobayashi@example.com,ST04
2191,吉田 健太,kenta.yoshida@example.com,ST04
2192,加藤 美咲,misaki.kato@example.com,ST03
2193,伊藤 悠斗,yuto.ito@example.com,ST01
2194,田中 葵,aoi.tanaka@example.com,ST01
2195,佐藤 翔,sho.sato@example.com,ST02
2196,田中 結衣,yui.tanaka@example.com,ST03
2197,小林 太郎,taro.kobayashi@example.com,ST04
2198,山田 健太,kenta.yamada@example.com,ST03
2199,田中 彩花,ayaka.tanaka@example.com,ST01
2200,山田 蓮,ren.yamada@example.com,ST01
2201,山田 健太,kenta.yamada@example.com,ST01
2202,伊藤 陽菜,hina.ito@example.com,ST03
2203,吉田 拓海,takumi.yoshida@example.com,ST02
2204,中村 蓮,ren.nakamura@example.com,ST01
2205,渡辺 蓮,ren.watanabe@example.com,ST02
2206,渡辺 結衣,yui.watanabe@example.com,ST01
2207,渡辺 悠斗,yuto.watanabe@example.com,ST04
2208,佐藤 太郎,taro.sato@example.com,ST01
2209,高橋 大輔,daisuke.takahashi@example.com,ST04
2210,小林 太郎,taro.kobayashi@example.com,ST03
2211,伊藤 翔,sho.ito@example.com,ST02
2212,高橋 翔,sho.takahashi@example.com,ST04
2213,中村 彩花,ayaka.nakamura@example.com,ST01
2214,佐藤 拓海,takumi.sato@example.com,ST01
2215,山本 悠斗,yuto.yamamoto@example.com,ST03
2216,加藤 拓海,takumi.kato@example.com,ST03
2217,山本 結衣,yui.yamamoto@example.com,ST02
2218,吉田 悠斗,yuto.yoshida@example.com,ST01
2219,高橋 拓海,takumi.takahashi@example.com,ST03
2220,高橋 美咲,misaki.takahashi@example.com,ST03
2221,中村 悠斗,yuto.nakamura@example.com,ST04
2222,渡辺 翔,sho.watanabe@example.com,ST04
2223,加藤 太郎,taro.kato@example.com,ST02
2224,佐藤 陽菜,hina.sato@example.com,ST03
2225,吉田 結衣,yui.yoshida@example.com,ST02
2226,山本 美咲,misaki.yamamoto@example.com,ST03
2227,高橋 彩花,ayaka.takahashi@example.com,ST01
2228,鈴木 蓮,ren.suzuki@example.com,ST02
2229,小林 大輔,daisuke.kobayashi@example.com,ST02
2230,山田 太郎,taro.yamada@example.com,ST03
2231,加藤 拓海,takumi.kato@example.com,ST04
2232,渡辺 大輔,daisuke.watanabe@example.com,ST03
2233,山本 美咲,misaki.yamamoto@example.com,ST02
2234,渡辺 結衣,yui.watanabe@example.com,ST03
2235,山田 大輔,daisuke.yamada@example.com,ST04
2236,中村 彩花,ayaka.nakamura@example.com,ST02
2237,小林 美咲,misaki.kobayashi@example.com,ST01
2238,田中 陽菜,hina.tanaka@example.com,ST02
2239,渡辺 大輔,daisuke.watanabe@example.com,ST02
2240,小林 拓海,takumi.kobayashi@example.com,ST03
2241,小林 悠斗,yuto.kobayashi@example.com,ST01
2242,小林 拓海,takumi.kobayashi@example.com,ST04
2243,小林 葵,aoi.kobayashi@example.com,ST01
2244,山本 大輔,daisuke.yamamoto@example.com,ST03
2245,渡辺 悠斗,yuto.watanabe@example.com,ST03
2246,吉田 蓮,ren.yoshida@example.com,ST04
2247,中村 健太,kenta.nakamura@example.com,ST01
2248,田中 美咲,misaki.tanaka@example.com,ST04
2249,山本 彩花,ayaka.yamamoto@example.com,ST01
2250,小林 翔,sho.kobayashi@example.com,ST03
2251,小林 彩花,ayaka.kobayashi@example.com,ST04
2252,山本 拓海,takumi.yamamoto@example.com,ST04
2253,加藤 悠斗,yuto.kato@example.com,ST03
2254,佐藤 結衣,yui.sato@example.com,ST01
2255,吉田 太郎,taro.yoshida@example.com,ST04
2256,渡辺 拓海,takumi.watanabe@example.com,ST01
2257,吉田 翔,sho.yoshida@example.com,ST02
2258,加藤 陽菜,hina.kato@example.com,ST03
2259,加藤 結衣,yui.kato@example.com,ST04
2260,高橋 葵,aoi.takahashi@example.com,ST01
2261,山田 悠斗,yuto.yamada@example.com,ST02
2262,山田 彩花,ayaka.yamada@example.com,ST01
2263,中村 太郎,taro.nakamura@example.com,ST03
2264,鈴木 蓮,ren.suzuki@example.com,ST01
2265,小林 彩花,ayaka.kobayashi@example.com,ST03
2266,山田 陽菜,hina.yamada@example.com,ST01
2267,中村 健太,kenta.nakamura@example.com,ST03
2268,伊藤 悠斗,yuto.ito@example.com,ST01
2269,中村 健太,kenta.nakamura@example.com,ST03
2270,小林 葵,aoi.kobayashi@example.com,ST01
2271,鈴木 陽菜,hina.suzuki@example.com,ST02
2272,小林 大輔,daisuke.kobayashi@example.com,ST01
2273,伊藤 陽菜,hina.ito@example.com,ST04
2274,加藤 健太,kenta.kato@example.com,ST04
2275,伊藤 結衣,yui.ito@example.com,ST01
2276,鈴木 悠斗,yuto.suzuki@example.com,ST01
2277,山田 拓海,takumi.yamada@example.com,ST02
2278,吉田 翔,sho.yoshida@example.com,ST04
2279,小林 悠斗,yuto.kobayashi@example.com,ST02
2280,加藤 大輔,daisuke.kato@example.com,ST03
2281,渡辺 健太,kenta.watanabe@example.com,ST04
2282,伊藤 太郎,taro.ito@example.com,ST04
2283,山田 太郎,taro.yamada@example.com,ST03
2284,山本 大輔,daisuke.yamamoto@example.com,ST02
2285,佐藤 美咲,misaki.sato@example.com,ST01
2286,山田 蓮,ren.yamada@example.com,ST01
2287,山田 大輔,daisuke.yamada@example.com,ST04
2288,山本 美咲,misaki.yamamoto@example.com,ST01
2289,鈴木 太郎,taro.suzuki@example.com,ST01
2290,山田 彩花,ayaka.yamada@example.com,ST04
2291,田中 翔,sho.tanaka@example.com,ST04
2292,渡辺 彩花,ayaka.watanabe@example.com,ST04
2293,佐藤 翔,sho.sato@example.com,ST02
2294,鈴木 健太,kenta.suzuki@example.com,ST02
2295,鈴木 彩花,ayaka.suzuki@example.com,ST03
2296,山本 翔,sho.yamamoto@example.com,ST04
2297,鈴木 拓海,takumi.suzuki@example.com,ST01
2298,小林 彩花,ayaka.kobayashi@example.com,ST01
2299,小林 彩花,ayaka.kobayashi@example.com,ST02
2300,渡辺 拓海,takumi.watanabe@example.com,ST02
2301,田中 太郎,taro.tanaka@example.com,ST01
2302,鈴木 太郎,taro.suzuki@example.com,ST03
2303,吉田 結衣,yui.yoshida@example.com,ST04
2304,鈴木 太郎,taro.suzuki@example.com,ST01
2305,加藤 大輔,daisuke.kato@example.com,ST04
2306,中村 陽菜,hina.nakamura@example.com,ST04
2307,高橋 拓海,takumi.takahashi@example.com,ST01
2308,高橋 悠斗,yuto.takahashi@example.com,ST01
2309,加藤 結衣,yui.kato@example.com,ST04
2310,高橋 太郎,taro.takahashi@example.com,ST03
2311,加藤 悠斗,yuto.kato@example.com,ST01
2312,小林 健太,kenta.kobayashi@example.com,ST03
2313,鈴木 拓海,takumi.suzuki@example.com,ST03
2314,山田 健太,kenta.yamada@example.com,ST01
2315,渡辺 太郎,taro.watanabe@example.com,ST01
2316,渡辺 彩花,ayaka.watanabe@example.com,ST01
2317,田中 蓮,ren.tanaka@example.com,ST01
2318,吉田 太郎,taro.yoshida@example.com,ST03
2319,鈴木 大輔,daisuke.suzuki@example.com,ST02
2320,山本 彩花,ayaka.yamamoto@example.com,ST02
2321,田中 彩花,ayaka.tanaka@example.com,ST03
2322,田中 拓海,takumi.tanaka@example.com,ST03
2323,山田 悠斗,yuto.yamada@example.com,ST04
2324,山本 美咲,misaki.yamamoto@example.com,ST02
2325,小林 太郎,taro.kobayashi@example.com,ST02
2326,鈴木 結衣,yui.suzuki@example.com,ST02
2327,渡辺 拓海,takumi.watanabe@example.com,ST03
2328,小林 美咲,misaki.kobayashi@example.com,ST01
2329,渡辺 太郎,taro.watanabe@example.com,ST01
2330,山田 美咲,misaki.yamada@example.com,ST04
2331,中村 大輔,daisuke.nakamura@example.com,ST01
2332,田中 結衣,yui.tanaka@example.com,ST01
2333,中村 葵,aoi.nakamura@example.com,ST01
2334,山本 悠斗,yuto.yamamoto@example.com,ST02
2335,中村 美咲,misaki.nakamura@example.com,ST03
2336,加藤 結衣,yui.kato@example.com,ST04
2337,山田 悠斗,yuto.yamada@example.com,ST02
2338,加藤 悠斗,yuto.kato@example.com,ST04
2339,鈴木 彩花,ayaka.suzuki@example.com,ST01
2340,田中 結衣,yui.tanaka@example.com,ST01
2341,佐藤 美咲,misaki.sato@example.com,ST04
2342,山本 健太,kenta.yamamoto@example.com,ST02
2343,高橋 彩花,ayaka.takahashi@example.com,ST01
2344,山田 拓海,takumi.yamada@example.com,ST03
2345,田中 健太,kenta.tanaka@example.com,ST03
2346,高橋 蓮,ren.takahashi@example.com,ST03
2347,山本 拓海,takumi.yamamoto@example.com,ST04
2348,中村 彩花,ayaka.nakamura@example.com,ST04
2349,渡辺 大輔,daisuke.watanabe@example.com,ST04
2350,佐藤 健太,kenta.sato@example.com,ST04
2351,小林 健太,kenta.kobayashi@example.com,ST01
2352,山本 翔,sho.yamamoto@example.com,ST04
2353,加藤 蓮,ren.kato@example.com,ST02
2354,高橋 翔,sho.takahashi@example.com,ST04
2355,田中 彩花,ayaka.tanaka@example.com,ST01
2356,伊藤 彩花,ayaka.ito@example.com,ST03
2357,田中 拓海,takumi.tanaka@example.com,ST04
2358,山田 拓海,takumi.yamada@example.com,ST01
2359,渡辺 悠斗,yuto.watanabe@example.com,ST02
2360,山本 悠斗,yuto.yamamoto@example.com,ST03
2361,伊藤 結衣,yui.ito@example.com,ST02
2362,高橋 健太,kenta.takahashi@example.com,ST04
2363,高橋 陽菜,hina.takahashi@example.com,ST01
2364,鈴木 葵,aoi.suzuki@example.com,ST03
2365,吉田 太郎,taro.yoshida@example.com,ST03
2366,田中 大輔,daisuke.tanaka@example.com,ST03
2367,山本 彩花,ayaka.yamamoto@example.com,ST03
2368,佐藤 葵,aoi.sato@example.com,ST03
2369,鈴木 彩花,ayaka.suzuki@example.com,ST02
2370,鈴木 拓海,takumi.suzuki@example.com,ST03
2371,田中 悠斗,yuto.tanaka@example.com,ST01
2372,山田 健太,kenta.yamada@example.com,ST04
2373,山本 結衣,yui.yamamoto@example.com,ST01
2374,小林 健太,kenta.kobayashi@example.com,ST03
2375,伊藤 悠斗,yuto.ito@example.com,ST01
2376,高橋 葵,aoi.takahashi@example.com,ST02
2377,山本 彩花,ayaka.yamamoto@example.com,ST01
2378,中村 葵,aoi.nakamura@example.com,ST02
2379,佐藤 翔,sho.sato@example.com,ST02
2380,中村 葵,aoi.nakamura@example.com,ST04
2381,山田 拓海,takumi.yamada@example.com,ST04
2382,鈴木 蓮,ren.suzuki@example.com,ST02
2383,小林 彩花,ayaka.kobayashi@example.com,ST02
2384,伊藤 陽菜,hina.ito@example.com,ST01
2385,吉田 悠斗,yuto.yoshida@example.com,ST01
2386,加藤 翔,sho.kato@example.com,ST02
2387,山田 陽菜,hina.yamada@example.com,ST01
2388,中村 拓海,takumi.nakamura@example.com,ST04
2389,吉田 太郎,taro.yoshida@example.com,ST03
2390,吉田 拓海,takumi.yoshida@example.com,ST01
2391,中村 悠斗,yuto.nakamura@example.com,ST03
2392,加藤 大輔,daisuke.kato@example.com,ST02
2393,中村 太郎,taro.nakamura@example.com,ST04
2394,山本 太郎,taro.yamamoto@example.com,ST01
2395,渡辺 悠斗,yuto.watanabe@example.com,ST02
2396,渡辺 結衣,yui.watanabe@example.com,ST01
2397,鈴木 悠斗,yuto.suzuki@example.com,ST02
2398,山本 翔,sho.yamamoto@example.com,ST02
2399,山田 結衣,yui.yamada@example.com,ST02
2400,渡辺 彩花,ayaka.watanabe@example.com,ST02
2401,山本 葵,aoi.yamamoto@example.com,ST03
2402,鈴木 美咲,misaki.suzuki@example.com,ST02
2403,伊藤 陽菜,hina.ito@example.com,ST02
2404,田中 悠斗,yuto.tanaka@example.com,ST03
2405,小林 悠斗,yuto.kobayashi@example.com,ST03
2406,小林 大輔,daisuke.kobayashi@example.com,ST03
2407,中村 大輔,daisuke.nakamura@example.com,ST02
2408,鈴木 陽菜,hina.suzuki@example.com,ST01
2409,吉田 陽菜,hina.yoshida@example.com,ST01
2410,伊藤 悠斗,yuto.ito@example.com,ST02
2411,山本 大輔,daisuke.yamamoto@example.com,ST02
2412,高橋 悠斗,yuto.takahashi@example.com,ST01
2413,鈴木 陽菜,hina.suzuki@example.com,ST02
2414,加藤 太郎,taro.kato@example.com,ST02
2415,高橋 健太,kenta.takahashi@example.com,ST01
2416,田中 葵,aoi.tanaka@example.com,ST01
2417,吉田 健太,kenta.yoshida@example.com,ST01
2418,伊藤 大輔,daisuke.ito@example.com,ST02
2419,田中 太郎,taro.tanaka@example.com,ST04
2420,加藤 陽菜,hina.kato@example.com,ST04
2421,渡辺 葵,aoi.watanabe@example.com,ST01
2422,伊藤 翔,sho.ito@example.com,ST01
2423,小林 蓮,ren.kobayashi@example.com,ST01
2424,伊藤 蓮,ren.ito@example.com,ST01
2425,山田 悠斗,yuto.yamada@example.com,ST03
2426,小林 美咲,misaki.kobayashi@example.com,ST03
2427,田中 健太,kenta.tanaka@example.com,ST04
2428,渡辺 悠斗,yuto.watanabe@example.com,ST03
2429,山田 拓海,takumi.yamada@example.com,ST02
2430,中村 彩花,ayaka.nakamura@example.com,ST04
2431,佐藤 彩花,ayaka.sato@example.com,ST03
2432,加藤 陽菜,hina.kato@example.com,ST03
2433,田中 彩花,ayaka.tanaka@example.com,ST03
2434,佐藤 健太,kenta.sato@example.com,ST01
2435,山田 葵,aoi.yamada@example.com,ST01
2436,佐藤 健太,kenta.sato@example.com,ST03
2437,山本 彩花,ayaka.yamamoto@example.com,ST04
2438,田中 翔,sho.tanaka@example.com,ST02
2439,山田 葵,aoi.yamada@example.com,ST03
2440,鈴木 健太,kenta.suzuki@example.com,ST02
2441,佐藤 彩花,ayaka.sato@example.com,ST03
2442,渡辺 陽菜,hina.watanabe@example.com,ST01
2443,山本 美咲,misaki.yamamoto@example.com,ST02
2444,佐藤 結衣,yui.sato@example.com,ST02
2445,小林 美咲,misaki.kobayashi@example.com,ST04
2446,中村 拓海,takumi.nakamura@example.com,ST03
2447,山本 大輔,daisuke.yamamoto@example.com,ST03
2448,伊藤 大輔,daisuke.ito@example.com,ST04
2449,田中 蓮,ren.tanaka@example.com,ST03
2450,加藤 陽菜,hina.kato@example.com,ST03
2451,鈴木 葵,aoi.suzuki@example.com,ST02
2452,田中 悠斗,yuto.tanaka@example.com,ST04
2453,吉田 蓮,ren.yoshida@example.com,ST02
2454,中村 太郎,taro.nakamura@example.com,ST04
2455,吉田 健太,kenta.yoshida@example.com,ST01
2456,中村 悠斗,yuto.nakamura@example.com,ST02
2457,佐藤 結衣,yui.sato@example.com,ST02
2458,山田 蓮,ren.yamada@example.com,ST03
2459,小林 結衣,yui.kobayashi@example.com,ST01
2460,佐藤 葵,aoi.sato@example.com,ST02
2461,山本 大輔,daisuke.yamamoto@example.com,ST03
2462,山本 大輔,daisuke.yamamoto@example.com,ST03
2463,伊藤 葵,aoi.ito@example.com,ST04
2464,加藤 葵,aoi.kato@example.com,ST03
2465,高橋 陽菜,hina.takahashi@example.com,ST01
2466,渡辺 陽菜,hina.watanabe@example.com,ST01
2467,小林 彩花,ayaka.kobayashi@example.com,ST03
2468,伊藤 拓海,takumi.ito@example.com,ST03
2469,加藤 拓海,takumi.kato@example.com,ST02
2470,吉田 健太,kenta.yoshida@example.com,ST03
2471,加藤 美咲,misaki.kato@example.com,ST01
2472,小林 陽菜,hina.kobayashi@example.com,ST02
2473,佐藤 葵,aoi.sato@example.com,ST02
2474,田中 葵,aoi.tanaka@example.com,ST02
2475,山田 結衣,yui.yamada@example.com,ST04
2476,渡辺 美咲,misaki.watanabe@example.com,ST04
2477,吉田 彩花,ayaka.yoshida@example.com,ST03
2478,加藤 陽菜,hina.kato@example.com,ST01
2479,佐藤 健太,kenta.sato@example.com,ST01
2480,中村 大輔,daisuke.nakamura@example.com,ST01
2481,伊藤 蓮,ren.ito@example.com,ST02
2482,高橋 太郎,taro.takahashi@example.com,ST02
2483,吉田 葵,aoi.yoshida@example.com,ST04
2484,鈴木 悠斗,yuto.suzuki@example.com,ST03
2485,吉田 結衣,yui.yoshida@example.com,ST01
2486,渡辺 陽菜,hina.watanabe@example.com,ST04
2487,田中 健太,kenta.tanaka@example.com,ST02
2488,小林 拓海,takumi.kobayashi@example.com,ST03
2489,渡辺 美咲,misaki.watanabe@example.com,ST04
2490,高橋 拓海,takumi.takahashi@example.com,ST02
2491,山本 葵,aoi.yamamoto@example.com,ST03
2492,小林 翔,sho.kobayashi@example.com,ST02
2493,田中 美咲,misaki.tanaka@example.com,ST04
2494,加藤 彩花,ayaka.kato@example.com,ST01
2495,鈴木 健太,kenta.suzuki@example.com,ST04
2496,加藤 悠斗,yuto.kato@example.com,ST04
2497,中村 美咲,misaki.nakamura@example.com,ST01
2498,中村 太郎,taro.nakamura@example.com,ST03
2499,山田 悠斗,yuto.yamada@example.com,ST04
2500,山田 葵,aoi.yamada@example.com,ST01
2501,田中 拓海,takumi.tanaka@example.com,ST04
2502,小林 彩花,ayaka.kobayashi@example.com,ST01
2503,渡辺 陽菜,hina.watanabe@example.com,ST02
2504,小林 拓海,takumi.kobayashi@example.com,ST02
2505,山田 結衣,yui.yamada@example.com,ST01
2506,山本 悠斗,yuto.yamamoto@example.com,ST02
2507,加藤 拓海,takumi.kato@example.com,ST01
2508,伊藤 蓮,ren.ito@example.com,ST01
2509,鈴木 結衣,yui.suzuki@example.com,ST03
2510,小林 結衣,yui.kobayashi@example.com,ST02
2511,鈴木 結衣,yui.suzuki@example.com,ST02
2512,伊藤 大輔,daisuke.ito@example.com,ST02
2513,高橋 太郎,taro.takahashi@example.com,ST01
2514,山本 大輔,daisuke.yamamoto@example.com,ST02
2515,中村 悠斗,yuto.nakamura@example.com,ST01
2516,伊藤 健太,kenta.ito@example.com,ST01
2517,小林 結衣,yui.kobayashi@example.com,ST04
2518,小林 拓海,takumi.kobayashi@example.com,ST01
2519,小林 悠斗,yuto.kobayashi@example.com,ST01
2520,鈴木 蓮,ren.suzuki@example.com,ST04
2521,吉田 蓮,ren.yoshida@example.com,ST03
2522,伊藤 彩花,ayaka.ito@example.com,ST02
2523,鈴木 結衣,yui.suzuki@example.com,ST02
2524,鈴木 陽菜,hina.suzuki@example.com,ST04
2525,高橋 結衣,yui.takahashi@example.com,ST04
2526,渡辺 陽菜,hina.watanabe@example.com,ST03
2527,小林 蓮,ren.kobayashi@example.com,ST03
2528,山田 美咲,misaki.yamada@example.com,ST01
2529,高橋 蓮,ren.takahashi@example.com,ST02
2530,加藤 大輔,daisuke.kato@example.com,ST02
2531,山田 健太,kenta.yamada@example.com,ST02
2532,中村 陽菜,hina.nakamura@example.com,ST04
2533,渡辺 美咲,misaki.watanabe@example.com,ST01
2534,高橋 太郎,taro.takahashi@example.com,ST03
2535,高橋 拓海,takumi.takahashi@example.com,ST04
2536,鈴木 翔,sho.suzuki@example.com,ST02
2537,佐藤 陽菜,hina.sato@example.com,ST03
2538,吉田 彩花,ayaka.yoshida@example.com,ST03
2539,山本 太郎,taro.yamamoto@example.com,ST01
2540,山田 太郎,taro.yamada@example.com,ST04
2541,山田 健太,kenta.yamada@example.com,ST02
2542,吉田 結衣,yui.yoshida@example.com,ST02
2543,鈴木 結衣,yui.suzuki@example.com,ST04
2544,中村 翔,sho.nakamura@example.com,ST02
2545,吉田 悠斗,yuto.yoshida@example.com,ST04
2546,高橋 拓海,takumi.takahashi@example.com,ST02
2547,伊藤 葵,aoi.ito@example.com,ST04
2548,渡辺 美咲,misaki.watanabe@example.com,ST02
2549,渡辺 陽菜,hina.watanabe@example.com,ST04
2550,中村 結衣,yui.nakamura@example.com,ST03
2551,加藤 葵,aoi.kato@example.com,ST04
2552,伊藤 陽菜,hina.ito@example.com,ST02
2553,加藤 太郎,taro.kato@example.com,ST03
2554,吉田 太郎,taro.yoshida@example.com,ST01
2555,渡辺 陽菜,hina.watanabe@example.com,ST01
2556,中村 彩花,ayaka.nakamura@example.com,ST04
2557,伊藤 蓮,ren.ito@example.com,ST01
2558,小林 翔,sho.kobayashi@example.com,ST03
2559,佐藤 結衣,yui.sato@example.com,ST03
2560,鈴木 翔,sho.suzuki@example.com,ST02
2561,加藤 拓海,takumi.kato@example.com,ST01
2562,吉田 葵,aoi.yoshida@example.com,ST02
2563,高橋 悠斗,yuto.takahashi@example.com,ST04
2564,鈴木 彩花,ayaka.suzuki@example.com,ST03
2565,田中 陽菜,hina.tanaka@example.com,ST02
2566,山田 結衣,yui.yamada@example.com,ST04
2567,佐藤 美咲,misaki.sato@example.com,ST02
2568,田中 美咲,misaki.tanaka@example.com,ST02
2569,加藤 彩花,ayaka.kato@example.com,ST01
2570,加藤 健太,kenta.kato@example.com,ST03
2571,渡辺 陽菜,hina.watanabe@example.com,ST04
2572,渡辺 拓海,takumi.watanabe@example.com,ST02
2573,小林 悠斗,yuto.kobayashi@example.com,ST03
2574,山田 翔,sho.yamada@example.com,ST02
2575,加藤 彩花,ayaka.kato@example.com,ST04
2576,加藤 美咲,misaki.kato@example.com,ST01
2577,鈴木 健太,kenta.suzuki@example.com,ST03
2578,高橋 健太,kenta.takahashi@example.com,ST02
2579,佐藤 結衣,yui.sato@example.com,ST01
2580,佐藤 結衣,yui.sato@example.com,ST02
2581,山田 大輔,daisuke.yamada@example.com,ST01
2582,鈴木 拓海,takumi.suzuki@example.com,ST01
2583,山本 悠斗,yuto.yamamoto@example.com,ST04
2584,吉田 彩花,ayaka.yoshida@example.com,ST03
2585,小林 彩花,ayaka.kobayashi@example.com,ST01
2586,加藤 健太,kenta.kato@example.com,ST04
2587,中村 彩花,ayaka.nakamura@example.com,ST01
2588,佐藤 翔,sho.sato@example.com,ST04
2589,鈴木 彩花,ayaka.suzuki@example.com,ST03
2590,加藤 陽菜,hina.kato@example.com,ST01
2591,鈴木 悠斗,yuto.suzuki@example.com,ST03
2592,田中 陽菜,hina.tanaka@example.com,ST01
2593,加藤 蓮,ren.kato@example.com,ST03
2594,山本 美咲,misaki.yamamoto@example.com,ST01
2595,渡辺 蓮,ren.watanabe@example.com,ST03
2596,高橋 拓海,takumi.takahashi@example.com,ST03
2597,鈴木 悠斗,yuto.suzuki@example.com,ST03
2598,中村 彩花,ayaka.nakamura@example.com,ST02
2599,小林 結衣,yui.kobayashi@example.com,ST01
2600,加藤 翔,sho.kato@example.com,ST02
2601,山田 陽菜,hina.yamada@example.com,ST01
2602,渡辺 太郎,taro.watanabe@example.com,ST01
2603,伊藤 結衣,yui.ito@example.com,ST04
2604,山本 拓海,takumi.yamamoto@example.com,ST03
2605,山本 悠斗,yuto.yamamoto@example.com,ST04
2606,小林 拓海,takumi.kobayashi@example.com,ST04
2607,伊藤 拓海,takumi.ito@example.com,ST02
2608,吉田 翔,sho.yoshida@example.com,ST02
2609,田中 太郎,taro.tanaka@example.com,ST03
2610,吉田 陽菜,hina.yoshida@example.com,ST04
2611,渡辺 蓮,ren.watanabe@example.com,ST04
2612,鈴木 陽菜,hina.suzuki@example.com,ST01
2613,伊藤 悠斗,yuto.ito@example.com,ST01
2614,中村 拓海,takumi.nakamura@example.com,ST03
2615,加藤 彩花,ayaka.kato@example.com,ST02
2616,加藤 彩花,ayaka.kato@example.com,ST03
2617,小林 陽菜,hina.kobayashi@example.com,ST03
2618,吉田 美咲,misaki.yoshida@example.com,ST04
2619,山本 蓮,ren.yamamoto@example.com,ST03
2620,鈴木 美咲,misaki.suzuki@example.com,ST01
2621,山本 拓海,takumi.yamamoto@example.com,ST04
2622,加藤 結衣,yui.kato@example.com,ST01
2623,佐藤 葵,aoi.sato@example.com,ST01
2624,渡辺 蓮,ren.watanabe@example.com,ST01
2625,渡辺 結衣,yui.watanabe@example.com,ST01
2626,吉田 太郎,taro.yoshida@example.com,ST02
2627,加藤 翔,sho.kato@example.com,ST04
2628,小林 大輔,daisuke.kobayashi@example.com,ST01
2629,小林 拓海,takumi.kobayashi@example.com,ST01
2630,山本 結衣,yui.yamamoto@example.com,ST01
2631,鈴木 拓海,takumi.suzuki@example.com,ST01
2632,山田 彩花,ayaka.yamada@example.com,ST02
2633,小林 結衣,yui.kobayashi@example.com,ST04
2634,中村 悠斗,yuto.nakamura@example.com,ST03
2635,山田 美咲,misaki.yamada@example.com,ST03
2636,加藤 太郎,taro.kato@example.com,ST03
2637,渡辺 翔,sho.watanabe@example.com,ST01
2638,伊藤 結衣,yui.ito@example.com,ST04
2639,佐藤 彩花,ayaka.sato@example.com,ST04
2640,高橋 悠斗,yuto.takahashi@example.com,ST03
2641,田中 結衣,yui.tanaka@example.com,ST04
2642,山本 翔,sho.yamamoto@example.com,ST02
2643,渡辺 太郎,taro.watanabe@example.com,ST01
2644,吉田 蓮,ren.yoshida@example.com,ST02
2645,山田 結衣,yui.yamada@example.com,ST01
2646,田中 陽菜,hina.tanaka@example.com,ST03
2647,高橋 悠斗,yuto.takahashi@example.com,ST03
2648,伊藤 太郎,taro.ito@example.com,ST01
2649,山田 結衣,yui.yamada@example.com,ST01
2650,加藤 太郎,taro.kato@example.com,ST01
2651,加藤 彩花,ayaka.kato@example.com,ST04
2652,鈴木 葵,aoi.suzuki@example.com,ST01
2653,佐藤 葵,aoi.sato@example.com,ST02
2654,山本 蓮,ren.yamamoto@example.com,ST04
2655,吉田 彩花,ayaka.yoshida@example.com,ST01
2656,田中 蓮,ren.tanaka@example.com,ST04
2657,山本 悠斗,yuto.yamamoto@example.com,ST04
2658,加藤 健太,kenta.kato@example.com,ST04
2659,山本 拓海,takumi.yamamoto@example.com,ST04
2660,山本 陽菜,hina.yamamoto@example.com,ST04
2661,加藤 美咲,misaki.kato@example.com,ST01
2662,小林 蓮,ren.kobayashi@example.com,ST03
2663,山田 陽菜,hina.yamada@example.com,ST01
2664,伊藤 美咲,misaki.ito@example.com,ST02
2665,小林 大輔,daisuke.kobayashi@example.com,ST01
2666,佐藤 彩花,ayaka.sato@example.com,ST03
2667,山本 悠斗,yuto.yamamoto@example.com,ST01
2668,小林 大輔,daisuke.kobayashi@example.com,ST03
2669,山本 翔,sho.yamamoto@example.com,ST04
2670,中村 蓮,ren.nakamura@example.com,ST04
2671,渡辺 葵,aoi.watanabe@example.com,ST01
2672,中村 健太,kenta.nakamura@example.com,ST02
2673,加藤 太郎,taro.kato@example.com,ST02
2674,小林 悠斗,yuto.kobayashi@example.com,ST01
2675,山田 蓮,ren.yamada@example.com,ST02
2676,高橋 蓮,ren.takahashi@example.com,ST02
2677,佐藤 大輔,daisuke.sato@example.com,ST02
2678,高橋 蓮,ren.takahashi@example.com,ST04
2679,山田 悠斗,yuto.yamada@example.com,ST02
2680,鈴木 悠斗,yuto.suzuki@example.com,ST03
2681,小林 彩花,ayaka.kobayashi@example.com,ST03
2682,小林 悠斗,yuto.kobayashi@example.com,ST04
2683,渡辺 大輔,daisuke.watanabe@example.com,ST03
2684,加藤 結衣,yui.kato@example.com,ST04
2685,高橋 悠斗,yuto.takahashi@example.com,ST02
2686,鈴木 大輔,daisuke.suzuki@example.com,ST02
2687,中村 結衣,yui.nakamura@example.com,ST02
2688,中村 結衣,yui.nakamura@example.com,ST03
2689,渡辺 悠斗,yuto.watanabe@example.com,ST01
2690,加藤 太郎,taro.kato@example.com,ST03
2691,中村 悠斗,yuto.nakamura@example.com,ST03
2692,高橋 蓮,ren.takahashi@example.com,ST01
2693,田中 結衣,yui.tanaka@example.com,ST01
2694,吉田 結衣,yui.yoshida@example.com,ST03
2695,伊藤 彩花,ayaka.ito@example.com,ST04
2696,小林 結衣,yui.kobayashi@example.com,ST01
2697,中村 太郎,taro.nakamura@example.com,ST03
2698,山田 拓海,takumi.yamada@example.com,ST02
2699,田中 悠斗,yuto.tanaka@example.com,ST02
2700,田中 蓮,ren.tanaka@example.com,ST01
2701,伊藤 葵,aoi.ito@example.com,ST02
2702,吉田 彩花,ayaka.yoshida@example.com,ST03
2703,鈴木 美咲,misaki.suzuki@example.com,ST03
2704,中村 蓮,ren.nakamura@example.com,ST04
2705,小林 拓海,takumi.kobayashi@example.com,ST01
2706,小林 拓海,takumi.kobayashi@example.com,ST04
2707,山田 結衣,yui.yamada@example.com,ST04
2708,山田 結衣,yui.yamada@example.com,ST04
2709,山田 彩花,ayaka.yamada@example.com,ST03
2710,田中 美咲,misaki.tanaka@example.com,ST04
2711,渡辺 太郎,taro.watanabe@example.com,ST02
2712,加藤 蓮,ren.kato@example.com,ST02
2713,田中 太郎,taro.tanaka@example.com,ST04
2714,鈴木 結衣,yui.suzuki@example.com,ST04
2715,中村 太郎,taro.nakamura@example.com,ST03
2716,小林 葵,aoi.kobayashi@example.com,ST01
2717,渡辺 翔,sho.watanabe@example.com,ST01
2718,伊藤 葵,aoi.ito@example.com,ST03
2719,小林 彩花,ayaka.kobayashi@example.com,ST01
2720,山本 結衣,yui.yamamoto@example.com,ST04
2721,渡辺 太郎,taro.watanabe@example.com,ST03
2722,加藤 太郎,taro.kato@example.com,ST03
2723,鈴木 悠斗,yuto.suzuki@example.com,ST02
2724,佐藤 蓮,ren.sato@example.com,ST01
2725,鈴木 彩花,ayaka.suzuki@example.com,ST03
2726,山田 彩花,ayaka.yamada@example.com,ST02
2727,田中 結衣,yui.tanaka@example.com,ST04
2728,山本 健太,kenta.yamamoto@example.com,ST01
2729,田中 美咲,misaki.tanaka@example.com,ST04
2730,加藤 大輔,daisuke.kato@example.com,ST03
2731,伊藤 結衣,yui.ito@example.com,ST03
2732,佐藤 健太,kenta.sato@example.com,ST02
2733,加藤 彩花,ayaka.kato@example.com,ST03
2734,山本 太郎,taro.yamamoto@example.com,ST03
2735,渡辺 蓮,ren.watanabe@example.com,ST01
2736,佐藤 拓海,takumi.sato@example.com,ST01
2737,田中 悠斗,yuto.tanaka@example.com,ST02
2738,佐藤 大輔,daisuke.sato@example.com,ST03
2739,渡辺 陽菜,hina.watanabe@example.com,ST04
2740,鈴木 悠斗,yuto.suzuki@example.com,ST01
2741,中村 葵,aoi.nakamura@example.com,ST02
2742,田中 葵,aoi.tanaka@example.com,ST01
2743,佐藤 大輔,daisuke.sato@example.com,ST03
2744,加藤 翔,sho.kato@example.com,ST04
2745,鈴木 蓮,ren.suzuki@example.com,ST01
2746,渡辺 彩花,ayaka.watanabe@example.com,ST04
2747,鈴木 大輔,daisuke.suzuki@example.com,ST02
2748,小林 美咲,misaki.kobayashi@example.com,ST03
2749,田中 翔,sho.tanaka@example.com,ST04
2750,渡辺 彩花,ayaka.watanabe@example.com,ST01
2751,高橋 拓海,takumi.takahashi@example.com,ST03
2752,加藤 拓海,takumi.kato@example.com,ST01
2753,鈴木 葵,aoi.suzuki@example.com,ST02
2754,佐藤 悠斗,yuto.sato@example.com,ST03
2755,鈴木 大輔,daisuke.suzuki@example.com,ST03
2756,田中 彩花,ayaka.tanaka@example.com,ST02
2757,山田 結衣,yui.yamada@example.com,ST04
2758,渡辺 拓海,takumi.watanabe@example.com,ST03
2759,鈴木 陽菜,hina.suzuki@example.com,ST04
2760,伊藤 太郎,taro.ito@example.com,ST03
2761,小林 葵,aoi.kobayashi@example.com,ST01
2762,加藤 陽菜,hina.kato@example.com,ST01
2763,渡辺 翔,sho.watanabe@example.com,ST01
2764,伊藤 葵,aoi.ito@example.com,ST03
2765,高橋 拓海,takumi.takahashi@example.com,ST03
2766,田中 太郎,taro.tanaka@example.com,ST04
2767,中村 蓮,ren.nakamura@example.com,ST03
2768,高橋 葵,aoi.takahashi@example.com,ST01
2769,佐藤 結衣,yui.sato@example.com,ST02
2770,山田 結衣,yui.yamada@example.com,ST01
2771,吉田 結衣,yui.yoshida@example.com,ST04
2772,田中 彩花,ayaka.tanaka@example.com,ST02
2773,佐藤 拓海,takumi.sato@example.com,ST01
2774,小林 拓海,takumi.kobayashi@example.com,ST04
2775,山田 太郎,taro.yamada@example.com,ST01
2776,高橋 拓海,takumi.takahashi@example.com,ST03
2777,加藤 健太,kenta.kato@example.com,ST04
2778,山本 拓海,takumi.yamamoto@example.com,ST03
2779,加藤 美咲,misaki.kato@example.com,ST03
2780,山本 陽菜,hina.yamamoto@example.com,ST01
2781,山本 陽菜,hina.yamamoto@example.com,ST02
2782,鈴木 健太,kenta.suzuki@example.com,ST03
2783,山本 悠斗,yuto.yamamoto@example.com,ST02
2784,山田 彩花,ayaka.yamada@example.com,ST01
2785,山本 美咲,misaki.yamamoto@example.com,ST03
2786,高橋 健太,kenta.takahashi@example.com,ST01
2787,伊藤 結衣,yui.ito@example.com,ST01
2788,加藤 蓮,ren.kato@example.com,ST01
2789,山田 大輔,daisuke.yamada@example.com,ST03
2790,鈴木 大輔,daisuke.suzuki@example.com,ST03
2791,伊藤 太郎,taro.ito@example.com,ST04
2792,鈴木 彩花,ayaka.suzuki@example.com,ST01
2793,伊藤 美咲,misaki.ito@example.com,ST02
2794,吉田 葵,aoi.yoshida@example.com,ST04
2795,伊藤 大輔,daisuke.ito@example.com,ST03
2796,高橋 彩花,ayaka.takahashi@example.com,ST01
2797,高橋 陽菜,hina.takahashi@example.com,ST03
2798,渡辺 悠斗,yuto.watanabe@example.com,ST02
2799,田中 彩花,ayaka.tanaka@example.com,ST02
2800,佐藤 拓海,takumi.sato@example.com,ST03
2801,山本 彩花,ayaka.yamamoto@example.com,ST01
2802,中村 拓海,takumi.nakamura@example.com,ST02
2803,田中 健太,kenta.tanaka@example.com,ST03
2804,加藤 陽菜,hina.kato@example.com,ST02
2805,吉田 彩花,ayaka.yoshida@example.com,ST01
2806,吉田 葵,aoi.yoshida@example.com,ST04
2807,鈴木 太郎,taro.suzuki@example.com,ST04
2808,小林 葵,aoi.kobayashi@example.com,ST02
2809,佐藤 美咲,misaki.sato@example.com,ST04
2810,加藤 拓海,takumi.kato@example.com,ST02
2811,渡辺 美咲,misaki.watanabe@example.com,ST03
2812,伊藤 大輔,daisuke.ito@example.com,ST03
2813,山本 蓮,ren.yamamoto@example.com,ST03
2814,渡辺 彩花,ayaka.watanabe@example.com,ST02
2815,高橋 拓海,takumi.takahashi@example.com,ST04
2816,高橋 陽菜,hina.takahashi@example.com,ST01
2817,田中 葵,aoi.tanaka@example.com,ST03
2818,山田 葵,aoi.yamada@example.com,ST02
2819,山田 葵,aoi.yamada@example.com,ST02
2820,山田 翔,sho.yamada@example.com,ST02
2821,山本 拓海,takumi.yamamoto@example.com,ST04
2822,中村 悠斗,yuto.nakamura@example.com,ST04
2823,伊藤 悠斗,yuto.ito@example.com,ST02
2824,伊藤 太郎,taro.ito@example.com,ST01
2825,山田 健太,kenta.yamada@example.com,ST03
2826,伊藤 葵,aoi.ito@example.com,ST02
2827,鈴木 太郎,taro.suzuki@example.com,ST04
2828,佐藤 蓮,ren.sato@example.com,ST03
2829,渡辺 結衣,yui.watanabe@example.com,ST04
2830,田中 翔,sho.tanaka@example.com,ST01
2831,伊藤 蓮,ren.ito@example.com,ST02
2832,山田 結衣,yui.yamada@example.com,ST03
2833,高橋 健太,kenta.takahashi@example.com,ST04
2834,伊藤 葵,aoi.ito@example.com,ST04
2835,山本 太郎,taro.yamamoto@example.com,ST02
2836,山田 悠斗,yuto.yamada@example.com,ST03
2837,中村 拓海,takumi.nakamura@example.com,ST01
2838,小林 結衣,yui.kobayashi@example.com,ST01
2839,佐藤 彩花,ayaka.sato@example.com,ST03
2840,吉田 悠斗,yuto.yoshida@example.com,ST02
2841,中村 太郎,taro.nakamura@example.com,ST03
2842,吉田 結衣,yui.yoshida@example.com,ST02
2843,中村 大輔,daisuke.nakamura@example.com,ST02
2844,田中 大輔,daisuke.tanaka@example.com,ST01
2845,鈴木 太郎,taro.suzuki@example.com,ST03
2846,佐藤 彩花,ayaka.sato@example.com,ST01
2847,伊藤 悠斗,yuto.ito@example.com,ST03
2848,佐藤 太郎,taro.sato@example.com,ST04
2849,中村 葵,aoi.nakamura@example.com,ST03
2850,佐藤 葵,aoi.sato@example.com,ST02
2851,吉田 美咲,misaki.yoshida@example.com,ST03
2852,田中 彩花,ayaka.tanaka@example.com,ST01
2853,鈴木 葵,aoi.suzuki@example.com,ST01
2854,加藤 葵,aoi.kato@example.com,ST03
2855,加藤 翔,sho.kato@example.com,ST03
2856,中村 健太,kenta.nakamura@example.com,ST01
2857,高橋 拓海,takumi.takahashi@example.com,ST03
2858,中村 美咲,misaki.nakamura@example.com,ST02
2859,山本 陽菜,hina.yamamoto@example.com,ST03
2860,鈴木 大輔,daisuke.suzuki@example.com,ST01
2861,佐藤 拓海,takumi.sato@example.com,ST01
2862,渡辺 翔,sho.watanabe@example.com,ST04
2863,鈴木 陽菜,hina.suzuki@example.com,ST01
2864,山田 悠斗,yuto.yamada@example.com,ST03
2865,高橋 太郎,taro.takahashi@example.com,ST03
2866,小林 大輔,daisuke.kobayashi@example.com,ST02
2867,高橋 大輔,daisuke.takahashi@example.com,ST03
2868,鈴木 陽菜,hina.suzuki@example.com,ST01
2869,山田 翔,sho.yamada@example.com,ST03
2870,高橋 悠斗,yuto.takahashi@example.com,ST02
2871,加藤 葵,aoi.kato@example.com,ST02
2872,加藤 拓海,takumi.kato@example.com,ST02
2873,高橋 陽菜,hina.takahashi@example.com,ST04
2874,高橋 悠斗,yuto.takahashi@example.com,ST02
2875,高橋 陽菜,hina.takahashi@example.com,ST02
2876,加藤 陽菜,hina.kato@example.com,ST03
2877,高橋 蓮,ren.takahashi@example.com,ST03
2878,伊藤 太郎,taro.ito@example.com,ST03
2879,加藤 悠斗,yuto.kato@example.com,ST03
2880,渡辺 葵,aoi.watanabe@example.com,ST02
2881,鈴木 美咲,misaki.suzuki@example.com,ST01
2882,鈴木 拓海,takumi.suzuki@example.com,ST01
2883,佐藤 蓮,ren.sato@example.com,ST01
2884,山田 陽菜,hina.yamada@example.com,ST04
2885,加藤 悠斗,yuto.kato@example.com,ST03
2886,渡辺 健太,kenta.watanabe@example.com,ST02
2887,山本 彩花,ayaka.yamamoto@example.com,ST01
2888,田中 彩花,ayaka.tanaka@example.com,ST03
2889,田中 彩花,ayaka.tanaka@example.com,ST01
2890,山本 悠斗,yuto.yamamoto@example.com,ST04
2891,伊藤 蓮,ren.ito@example.com,ST02
2892,山本 結衣,yui.yamamoto@example.com,ST01
2893,佐藤 彩花,ayaka.sato@example.com,ST04
2894,山田 陽菜,hina.yamada@example.com,ST03
2895,鈴木 結衣,yui.suzuki@example.com,ST03
2896,鈴木 太郎,taro.suzuki@example.com,ST04
2897,小林 悠斗,yuto.kobayashi@example.com,ST03
2898,山本 悠斗,yuto.yamamoto@example.com,ST02
2899,伊藤 結衣,yui.ito@example.com,ST03
2900,佐藤 悠斗,yuto.sato@example.com,ST02
2901,吉田 大輔,daisuke.yoshida@example.com,ST04
2902,山田 陽菜,hina.yamada@example.com,ST03
2903,佐藤 結衣,yui.sato@example.com,ST03
2904,伊藤 健太,kenta.ito@example.com,ST03
2905,吉田 健太,kenta.yoshida@example.com,ST01
2906,佐藤 美咲,misaki.sato@example.com,ST01
2907,田中 拓海,takumi.tanaka@example.com,ST01
2908,佐藤 大輔,daisuke.sato@example.com,ST02
2909,山本 葵,aoi.yamamoto@example.com,ST03
2910,佐藤 翔,sho.sato@example.com,ST03
2911,山田 美咲,misaki.yamada@example.com,ST03
2912,中村 蓮,ren.nakamura@example.com,ST01
2913,加藤 蓮,ren.kato@example.com,ST03
2914,吉田 美咲,misaki.yoshida@example.com,ST03
2915,山田 悠斗,yuto.yamada@example.com,ST02
2916,鈴木 彩花,ayaka.suzuki@example.com,ST02
2917,山本 陽菜,hina.yamamoto@example.com,ST01
2918,佐藤 太郎,taro.sato@example.com,ST01
2919,佐藤 葵,aoi.sato@example.com,ST02
2920,高橋 大輔,daisuke.takahashi@example.com,ST03
2921,佐藤 陽菜,hina.sato@example.com,ST02
2922,加藤 悠斗,yuto.kato@example.com,ST04
2923,小林 陽菜,hina.kobayashi@example.com,ST02
2924,渡辺 美咲,misaki.watanabe@example.com,ST03
2925,佐藤 悠斗,yuto.sato@example.com,ST02
2926,渡辺 結衣,yui.watanabe@example.com,ST01
2927,山本 彩花,ayaka.yamamoto@example.com,ST02
2928,加藤 蓮,ren.kato@example.com,ST03
2929,渡辺 陽菜,hina.watanabe@example.com,ST03
2930,加藤 葵,aoi.kato@example.com,ST01
2931,山田 葵,aoi.yamada@example.com,ST02
2932,山田 蓮,ren.yamada@example.com,ST01
2933,田中 翔,sho.tanaka@example.com,ST03
2934,鈴木 結衣,yui.suzuki@example.com,ST03
2935,山本 蓮,ren.yamamoto@example.com,ST01
2936,山本 葵,aoi.yamamoto@example.com,ST04
2937,中村 拓海,takumi.nakamura@example.com,ST02
2938,伊藤 彩花,ayaka.ito@example.com,ST01
2939,山田 大輔,daisuke.yamada@example.com,ST01
2940,山本 結衣,yui.yamamoto@example.com,ST02
2941,佐藤 太郎,taro.sato@example.com,ST01
2942,加藤 葵,aoi.kato@example.com,ST03
2943,吉田 陽菜,hina.yoshida@example.com,ST03
2944,高橋 翔,sho.takahashi@example.com,ST02
2945,高橋 美咲,misaki.takahashi@example.com,ST03
2946,佐藤 悠斗,yuto.sato@example.com,ST03
2947,加藤 結衣,yui.kato@example.com,ST03
2948,加藤 健太,kenta.kato@example.com,ST02
2949,山本 彩花,ayaka.yamamoto@example.com,ST03
2950,吉田 結衣,yui.yoshida@example.com,ST03
2951,伊藤 葵,aoi.ito@example.com,ST01
2952,鈴木 蓮,ren.suzuki@example.com,ST04
2953,鈴木 悠斗,yuto.suzuki@example.com,ST03
2954,鈴木 美咲,misaki.suzuki@example.com,ST02
2955,高橋 葵,aoi.takahashi@example.com,ST02
2956,伊藤 陽菜,hina.ito@example.com,ST04
2957,吉田 美咲,misaki.yoshida@example.com,ST01
2958,高橋 大輔,daisuke.takahashi@example.com,ST03
2959,高橋 美咲,misaki.takahashi@example.com,ST01
2960,佐藤 美咲,misaki.sato@example.com,ST04
2961,鈴木 太郎,taro.suzuki@example.com,ST01
2962,山田 葵,aoi.yamada@example.com,ST01
2963,田中 結衣,yui.tanaka@example.com,ST01
2964,小林 蓮,ren.kobayashi@example.com,ST02
2965,田中 悠斗,yuto.tanaka@example.com,ST04
2966,伊藤 彩花,ayaka.ito@example.com,ST01
2967,小林 結衣,yui.kobayashi@example.com,ST01
2968,佐藤 太郎,taro.sato@example.com,ST01
2969,山本 美咲,misaki.yamamoto@example.com,ST01
2970,小林 彩花,ayaka.kobayashi@example.com,ST01
2971,鈴木 悠斗,yuto.suzuki@example.com,ST03
2972,中村 蓮,ren.nakamura@example.com,ST01
2973,中村 葵,aoi.nakamura@example.com,ST02
2974,佐藤 拓海,takumi.sato@example.com,ST03
2975,渡辺 翔,sho.watanabe@example.com,ST01
2976,佐藤 拓海,takumi.sato@example.com,ST01
2977,伊藤 悠斗,yuto.ito@example.com,ST03
2978,渡辺 拓海,takumi.watanabe@example.com,ST01
2979,伊藤 太郎,taro.ito@example.com,ST03
2980,吉田 蓮,ren.yoshida@example.com,ST03
2981,田中 彩花,ayaka.tanaka@example.com,ST01
2982,高橋 結衣,yui.takahashi@example.com,ST01
2983,田中 葵,aoi.tanaka@example.com,ST04
2984,山本 翔,sho.yamamoto@example.com,ST02
2985,小林 翔,sho.kobayashi@example.com,ST01
2986,高橋 翔,sho.takahashi@example.com,ST02
2987,佐藤 陽菜,hina.sato@example.com,ST01
2988,小林 美咲,misaki.kobayashi@example.com,ST03
2989,吉田 健太,kenta.yoshida@example.com,ST02
2990,山田 彩花,ayaka.yamada@example.com,ST03
2991,小林 翔,sho.kobayashi@example.com,ST04
2992,加藤 彩花,ayaka.kato@example.com,ST02
2993,山田 拓海,takumi.yamada@example.com,ST02
2994,渡辺 太郎,taro.watanabe@example.com,ST02
2995,山田 蓮,ren.yamada@example.com,ST02
2996,山本 拓海,takumi.yamamoto@example.com,ST04
2997,田中 彩花,ayaka.tanaka@example.com,ST02
2998,渡辺 大輔,daisuke.watanabe@example.com,ST01
2999,山田 蓮,ren.yamada@example.com,ST02
3000,高橋 結衣,yui.takahashi@example.com,ST03
3001,小林 健太,kenta.kobayashi@example.com,ST01
3002,佐藤 翔,sho.sato@example.com,ST02
3003,鈴木 健太,kenta.suzuki@example.com,ST01
3004,田中 彩花,ayaka.tanaka@example.com,ST01
3005,中村 悠斗,yuto.nakamura@example.com,ST02
3006,小林 翔,sho.kobayashi@example.com,ST01
3007,佐藤 結衣,yui.sato@example.com,ST01
3008,伊藤 葵,aoi.ito@example.com,ST01
3009,山田 翔,sho.yamada@example.com,ST01
3010,伊藤 太郎,taro.ito@example.com,ST01
3011,高橋 太郎,taro.takahashi@example.com,ST01
3012,高橋 葵,aoi.takahashi@example.com,ST02
3013,渡辺 翔,sho.watanabe@example.com,ST04
3014,渡辺 彩花,ayaka.watanabe@example.com,ST03
3015,田中 彩花,ayaka.tanaka@example.com,ST03
3016,渡辺 葵,aoi.watanabe@example.com,ST03
3017,小林 太郎,taro.kobayashi@example.com,ST04
3018,中村 拓海,takumi.nakamura@example.com,ST04
3019,加藤 翔,sho.kato@example.com,ST02
3020,高橋 大輔,daisuke.takahashi@example.com,ST03
3021,中村 蓮,ren.nakamura@example.com,ST01
3022,中村 陽菜,hina.nakamura@example.com,ST03
3023,高橋 陽菜,hina.takahashi@example.com,ST02
3024,高橋 彩花,ayaka.takahashi@example.com,ST04
3025,山田 結衣,yui.yamada@example.com,ST01
3026,中村 葵,aoi.nakamura@example.com,ST02
3027,鈴木 健太,kenta.suzuki@example.com,ST01
3028,加藤 陽菜,hina.kato@example.com,ST01
3029,渡辺 健太,kenta.watanabe@example.com,ST04
3030,伊藤 大輔,daisuke.ito@example.com,ST01
3031,山本 健太,kenta.yamamoto@example.com,ST01
3032,中村 健太,kenta.nakamura@example.com,ST01
3033,山田 結衣,yui.yamada@example.com,ST01
3034,鈴木 太郎,taro.suzuki@example.com,ST02
3035,中村 悠斗,yuto.nakamura@example.com,ST03
3036,加藤 健太,kenta.kato@example.com,ST01
3037,田中 蓮,ren.tanaka@example.com,ST04
3038,加藤 美咲,misaki.kato@example.com,ST04
3039,山本 健太,kenta.yamamoto@example.com,ST02
3040,田中 彩花,ayaka.tanaka@example.com,ST04
3041,小林 結衣,yui.kobayashi@example.com,ST02
3042,渡辺 大輔,daisuke.watanabe@example.com,ST04
3043,伊藤 蓮,ren.ito@example.com,ST03
3044,田中 葵,aoi.tanaka@example.com,ST04
3045,小林 太郎,taro.kobayashi@example.com,ST02
3046,吉田 結衣,yui.yoshida@example.com,ST03
3047,渡辺 美咲,misaki.watanabe@example.com,ST03
3048,鈴木 拓海,takumi.suzuki@example.com,ST01
3049,渡辺 太郎,taro.watanabe@example.com,ST04
3050,田中 大輔,daisuke.tanaka@example.com,ST04
3051,中村 結衣,yui.nakamura@example.com,ST01
3052,加藤 悠斗,yuto.kato@example.com,ST04
3053,山田 結衣,yui.yamada@example.com,ST02
3054,山田 翔,sho.yamada@example.com,ST01
3055,渡辺 陽菜,hina.watanabe@example.com,ST02
3056,田中 拓海,takumi.tanaka@example.com,ST03
3057,渡辺 拓海,takumi.watanabe@example.com,ST02
3058,伊藤 葵,aoi.ito@example.com,ST03
3059,小林 悠斗,yuto.kobayashi@example.com,ST03
3060,高橋 拓海,takumi.takahashi@example.com,ST04
3061,中村 大輔,daisuke.nakamura@example.com,ST01
3062,渡辺 翔,sho.watanabe@example.com,ST02
3063,佐藤 結衣,yui.sato@example.com,ST04
3064,山本 陽菜,hina.yamamoto@example.com,ST01
3065,山田 蓮,ren.yamada@example.com,ST01
3066,佐藤 彩花,ayaka.sato@example.com,ST04
3067,中村 拓海,takumi.nakamura@example.com,ST02
3068,高橋 大輔,daisuke.takahashi@example.com,ST03
3069,伊藤 健太,kenta.ito@example.com,ST01
3070,田中 陽菜,hina.tanaka@example.com,ST01
3071,山本 結衣,yui.yamamoto@example.com,ST04
3072,渡辺 彩花,ayaka.watanabe@example.com,ST04
3073,吉田 健太,kenta.yoshida@example.com,ST04
3074,高橋 拓海,takumi.takahashi@example.com,ST04
3075,山本 大輔,daisuke.yamamoto@example.com,ST04
3076,吉田 翔,sho.yoshida@example.com,ST02
3077,吉田 悠斗,yuto.yoshida@example.com,ST04
3078,伊藤 健太,kenta.ito@example.com,ST03
3079,山田 陽菜,hina.yamada@example.com,ST03
3080,佐藤 翔,sho.sato@example.com,ST01
3081,吉田 結衣,yui.yoshida@example.com,ST03
3082,佐藤 蓮,ren.sato@example.com,ST01
3083,小林 陽菜,hina.kobayashi@example.com,ST03
3084,中村 葵,aoi.nakamura@example.com,ST02
3085,田中 大輔,daisuke.tanaka@example.com,ST04
3086,高橋 彩花,ayaka.takahashi@example.com,ST02
3087,渡辺 健太,kenta.watanabe@example.com,ST02
3088,渡辺 健太,kenta.watanabe@example.com,ST03
3089,加藤 太郎,taro.kato@example.com,ST04
3090,山本 太郎,taro.yamamoto@example.com,ST02
3091,田中 美咲,misaki.tanaka@example.com,ST02
3092,渡辺 彩花,ayaka.watanabe@example.com,ST04
3093,田中 健太,kenta.tanaka@example.com,ST04
3094,山田 悠斗,yuto.yamada@example.com,ST03
3095,加藤 太郎,taro.kato@example.com,ST04
3096,中村 蓮,ren.nakamura@example.com,ST03
3097,吉田 拓海,takumi.yoshida@example.com,ST04
3098,伊藤 拓海,takumi.ito@example.com,ST01
3099,山田 拓海,takumi.yamada@example.com,ST02
3100,渡辺 拓海,takumi.watanabe@example.com,ST04
3101,伊藤 美咲,misaki.ito@example.com,ST04
3102,高橋 結衣,yui.takahashi@example.com,ST04
3103,田中 彩花,ayaka.tanaka@example.com,ST01
3104,鈴木 葵,aoi.suzuki@example.com,ST03
3105,佐藤 蓮,ren.sato@example.com,ST01
3106,鈴木 悠斗,yuto.suzuki@example.com,ST04
3107,中村 翔,sho.nakamura@example.com,ST01
3108,小林 太郎,taro.kobayashi@example.com,ST02
3109,高橋 拓海,takumi.takahashi@example.com,ST04
3110,吉田 結衣,yui.yoshida@example.com,ST03
3111,中村 彩花,ayaka.nakamura@example.com,ST02
3112,佐藤 美咲,misaki.sato@example.com,ST01
3113,田中 美咲,misaki.tanaka@example.com,ST03
3114,田中 悠斗,yuto.tanaka@example.com,ST04
3115,佐藤 葵,aoi.sato@example.com,ST02
3116,山田 彩花,ayaka.yamada@example.com,ST02
3117,伊藤 彩花,ayaka.ito@example.com,ST02
3118,山田 悠斗,yuto.yamada@example.com,ST03
3119,高橋 陽菜,hina.takahashi@example.com,ST04
3120,鈴木 葵,aoi.suzuki@example.com,ST04
3121,鈴木 悠斗,yuto.suzuki@example.com,ST03
3122,鈴木 葵,aoi.suzuki@example.com,ST02
3123,山田 彩花,ayaka.yamada@example.com,ST03
3124,中村 陽菜,hina.nakamura@example.com,ST04
3125,加藤 葵,aoi.kato@example.com,ST01
3126,高橋 葵,aoi.takahashi@example.com,ST03
3127,中村 美咲,misaki.nakamura@example.com,ST02
3128,山本 彩花,ayaka.yamamoto@example.com,ST01
3129,小林 美咲,misaki.kobayashi@example.com,ST01
3130,加藤 美咲,misaki.kato@example.com,ST03
3131,鈴木 葵,aoi.suzuki@example.com,ST02
3132,山田 陽菜,hina.yamada@example.com,ST02
3133,田中 美咲,misaki.tanaka@example.com,ST02
3134,加藤 翔,sho.kato@example.com,ST03
3135,吉田 太郎,taro.yoshida@example.com,ST02
3136,高橋 葵,aoi.takahashi@example.com,ST02
3137,田中 悠斗,yuto.tanaka@example.com,ST04
3138,伊藤 健太,kenta.ito@example.com,ST03
3139,吉田 大輔,daisuke.yoshida@example.com,ST03
3140,山本 葵,aoi.yamamoto@example.com,ST02
3141,渡辺 太郎,taro.watanabe@example.com,ST04
3142,渡辺 結衣,yui.watanabe@example.com,ST03
3143,加藤 翔,sho.kato@example.com,ST04
3144,山田 太郎,taro.yamada@example.com,ST01
3145,伊藤 悠斗,yuto.ito@example.com,ST04
3146,高橋 翔,sho.takahashi@example.com,ST04
3147,田中 翔,sho.tanaka@example.com,ST04
3148,吉田 彩花,ayaka.yoshida@example.com,ST03
3149,吉田 健太,kenta.yoshida@example.com,ST04
3150,小林 翔,sho.kobayashi@example.com,ST04
3151,渡辺 蓮,ren.watanabe@example.com,ST03
3152,小林 大輔,daisuke.kobayashi@example.com,ST02
3153,佐藤 大輔,daisuke.sato@example.com,ST02
3154,小林 拓海,takumi.kobayashi@example.com,ST03
3155,高橋 拓海,takumi.takahashi@example.com,ST03
3156,山本 太郎,taro.yamamoto@example.com,ST04
3157,吉田 陽菜,hina.yoshida@example.com,ST03
3158,佐藤 悠斗,yuto.sato@example.com,ST03
3159,山本 健太,kenta.yamamoto@example.com,ST03
3160,加藤 太郎,taro.kato@example.com,ST01
3161,伊藤 彩花,ayaka.ito@example.com,ST03
3162,山田 結衣,yui.yamada@example.com,ST02
3163,山本 翔,sho.yamamoto@example.com,ST02
3164,小林 拓海,takumi.kobayashi@example.com,ST03
3165,伊藤 大輔,daisuke.ito@example.com,ST04
3166,山田 健太,kenta.yamada@example.com,ST03
3167,鈴木 葵,aoi.suzuki@example.com,ST03
3168,山本 結衣,yui.yamamoto@example.com,ST04
3169,伊藤 拓海,takumi.ito@example.com,ST01
3170,伊藤 彩花,ayaka.ito@example.com,ST03
3171,高橋 翔,sho.takahashi@example.com,ST02
3172,吉田 結衣,yui.yoshida@example.com,ST04
3173,田中 美咲,misaki.tanaka@example.com,ST02
3174,吉田 拓海,takumi.yoshida@example.com,ST01
3175,鈴木 太郎,taro.suzuki@example.com,ST02
3176,佐藤 陽菜,hina.sato@example.com,ST03
3177,田中 葵,aoi.tanaka@example.com,ST01
3178,渡辺 翔,sho.watanabe@example.com,ST04
3179,吉田 陽菜,hina.yoshida@example.com,ST01
3180,鈴木 悠斗,yuto.suzuki@example.com,ST02
3181,小林 翔,sho.kobayashi@example.com,ST01
3182,山本 陽菜,hina.yamamoto@example.com,ST04
3183,田中 太郎,taro.tanaka@example.com,ST04
3184,吉田 彩花,ayaka.yoshida@example.com,ST04
3185,加藤 葵,aoi.kato@example.com,ST04
3186,鈴木 美咲,misaki.suzuki@example.com,ST01
3187,山本 悠斗,yuto.yamamoto@example.com,ST04
3188,田中 陽菜,hina.tanaka@example.com,ST01
3189,渡辺 拓海,takumi.watanabe@example.com,ST02
3190,加藤 彩花,ayaka.kato@example.com,ST04
3191,渡辺 大輔,daisuke.watanabe@example.com,ST02
3192,中村 結衣,yui.nakamura@example.com,ST02
3193,田中 太郎,taro.tanaka@example.com,ST02
3194,中村 拓海,takumi.nakamura@example.com,ST04
3195,吉田 太郎,taro.yoshida@example.com,ST03
3196,渡辺 太郎,taro.watanabe@example.com,ST01
3197,山田 葵,aoi.yamada@example.com,ST04
3198,加藤 太郎,taro.kato@example.com,ST01
3199,鈴木 美咲,misaki.suzuki@example.com,ST04
3200,伊藤 健太,kenta.ito@example.com,ST01
3201,渡辺 太郎,taro.watanabe@example.com,ST01
3202,高橋 健太,kenta.takahashi@example.com,ST01
3203,小林 結衣,yui.kobayashi@example.com,ST02
3204,中村 蓮,ren.nakamura@example.com,ST04
3205,中村 大輔,daisuke.nakamura@example.com,ST03
3206,田中 悠斗,yuto.tanaka@example.com,ST04
3207,中村 拓海,takumi.nakamura@example.com,ST04
3208,高橋 太郎,taro.takahashi@example.com,ST01
3209,鈴木 健太,kenta.suzuki@example.com,ST02
3210,渡辺 健太,kenta.watanabe@example.com,ST03
3211,吉田 健太,kenta.yoshida@example.com,ST04
3212,山田 翔,sho.yamada@example.com,ST03
3213,加藤 悠斗,yuto.kato@example.com,ST02
3214,高橋 葵,aoi.takahashi@example.com,ST01
3215,山本 彩花,ayaka.yamamoto@example.com,ST03
3216,田中 拓海,takumi.tanaka@example.com,ST04
3217,吉田 翔,sho.yoshida@example.com,ST04
3218,佐藤 葵,aoi.sato@example.com,ST02
3219,渡辺 翔,sho.watanabe@example.com,ST01
3220,渡辺 陽菜,hina.watanabe@example.com,ST01
3221,田中 彩花,ayaka.tanaka@example.com,ST04
3222,加藤 太郎,taro.kato@example.com,ST04
3223,吉田 太郎,taro.yoshida@example.com,ST01
3224,伊藤 美咲,misaki.ito@example.com,ST01
3225,田中 悠斗,yuto.tanaka@example.com,ST04
3226,山田 蓮,ren.yamada@example.com,ST02
3227,山本 蓮,ren.yamamoto@example.com,ST02
3228,吉田 美咲,misaki.yoshida@example.com,ST02
3229,佐藤 大輔,daisuke.sato@example.com,ST04
3230,山田 陽菜,hina.yamada@example.com,ST03
3231,山田 蓮,ren.yamada@example.com,ST01
3232,小林 陽菜,hina.kobayashi@example.com,ST03
3233,中村 翔,sho.nakamura@example.com,ST02
3234,山本 悠斗,yuto.yamamoto@example.com,ST02
3235,伊藤 陽菜,hina.ito@example.com,ST03
3236,小林 結衣,yui.kobayashi@example.com,ST03
3237,佐藤 悠斗,yuto.sato@example.com,ST03
3238,佐藤 翔,sho.sato@example.com,ST01
3239,高橋 結衣,yui.takahashi@example.com,ST04
3240,佐藤 健太,kenta.sato@example.com,ST04
3241,鈴木 彩花,ayaka.suzuki@example.com,ST01
3242,高橋 太郎,taro.takahashi@example.com,ST04
3243,伊藤 葵,aoi.ito@example.com,ST01
3244,佐藤 拓海,takumi.sato@example.com,ST01
3245,高橋 蓮,ren.takahashi@example.com,ST01
3246,中村 悠斗,yuto.nakamura@example.com,ST04
3247,渡辺 拓海,takumi.watanabe@example.com,ST02
3248,伊藤 蓮,ren.ito@example.com,ST03
3249,高橋 美咲,misaki.takahashi@example.com,ST04
3250,中村 美咲,misaki.nakamura@example.com,ST02
3251,中村 彩花,ayaka.nakamura@example.com,ST01
3252,山本 結衣,yui.yamamoto@example.com,ST01
3253,渡辺 美咲,misaki.watanabe@example.com,ST03
3254,小林 大輔,daisuke.kobayashi@example.com,ST01
3255,吉田 健太,kenta.yoshida@example.com,ST03
3256,中村 蓮,ren.nakamura@example.com,ST02
3257,鈴木 健太,kenta.suzuki@example.com,ST02
3258,田中 悠斗,yuto.tanaka@example.com,ST03
3259,佐藤 太郎,taro.sato@example.com,ST04
3260,伊藤 悠斗,yuto.ito@example.com,ST04
3261,高橋 彩花,ayaka.takahashi@example.com,ST03
3262,小林 太郎,taro.kobayashi@example.com,ST04
3263,渡辺 大輔,daisuke.watanabe@example.com,ST02
3264,吉田 翔,sho.yoshida@example.com,ST03
3265,渡辺 美咲,misaki.watanabe@example.com,ST02
3266,加藤 美咲,misaki.kato@example.com,ST01
3267,伊藤 翔,sho.ito@example.com,ST02
3268,山本 健太,kenta.yamamoto@example.com,ST02
3269,山田 翔,sho.yamada@example.com,ST03
3270,加藤 蓮,ren.kato@example.com,ST01
3271,鈴木 葵,aoi.suzuki@example.com,ST04
3272,高橋 大輔,daisuke.takahashi@example.com,ST03
3273,山田 拓海,takumi.yamada@example.com,ST04
3274,田中 彩花,ayaka.tanaka@example.com,ST02
3275,佐藤 美咲,misaki.sato@example.com,ST02
3276,鈴木 翔,sho.suzuki@example.com,ST02
3277,田中 大輔,daisuke.tanaka@example.com,ST01
3278,加藤 葵,aoi.kato@example.com,ST02
3279,高橋 彩花,ayaka.takahashi@example.com,ST02
3280,伊藤 美咲,misaki.ito@example.com,ST02
3281,中村 悠斗,yuto.nakamura@example.com,ST01
3282,吉田 蓮,ren.yoshida@example.com,ST01
3283,高橋 彩花,ayaka.takahashi@example.com,ST01
3284,鈴木 結衣,yui.suzuki@example.com,ST02
3285,山本 翔,sho.yamamoto@example.com,ST03
3286,伊藤 葵,aoi.ito@example.com,ST01
3287,田中 陽菜,hina.tanaka@example.com,ST03
3288,伊藤 彩花,ayaka.ito@example.com,ST02
3289,佐藤 翔,sho.sato@example.com,ST02
3290,小林 拓海,takumi.kobayashi@example.com,ST03
3291,山田 蓮,ren.yamada@example.com,ST01
3292,小林 拓海,takumi.kobayashi@example.com,ST03
3293,山田 蓮,ren.yamada@example.com,ST02
3294,渡辺 健太,kenta.watanabe@example.com,ST04
3295,伊藤 健太,kenta.ito@example.com,ST04
3296,鈴木 葵,aoi.suzuki@example.com,ST01
3297,加藤 彩花,ayaka.kato@example.com,ST04
3298,鈴木 陽菜,hina.suzuki@example.com,ST02
3299,田中 翔,sho.tanaka@example.com,ST01
3300,山本 拓海,takumi.yamamoto@example.com,ST02
3301,吉田 結衣,yui.yoshida@example.com,ST03
3302,佐藤 葵,aoi.sato@example.com,ST02
3303,伊藤 陽菜,hina.ito@example.com,ST02
3304,山田 悠斗,yuto.yamada@example.com,ST01
3305,中村 彩花,ayaka.nakamura@example.com,ST01
3306,田中 蓮,ren.tanaka@example.com,ST03
3307,山本 悠斗,yuto.yamamoto@example.com,ST01
3308,高橋 彩花,ayaka.takahashi@example.com,ST03
3309,山本 蓮,ren.yamamoto@example.com,ST02
3310,鈴木 健太,kenta.suzuki@example.com,ST02
3311,伊藤 大輔,daisuke.ito@example.com,ST04
3312,高橋 健太,kenta.takahashi@example.com,ST03
3313,鈴木 健太,kenta.suzuki@example.com,ST03
3314,田中 太郎,taro.tanaka@example.com,ST01
3315,山本 大輔,daisuke.yamamoto@example.com,ST03
3316,佐藤 美咲,misaki.sato@example.com,ST02
3317,中村 結衣,yui.nakamura@example.com,ST01
3318,佐藤 結衣,yui.sato@example.com,ST03
3319,山本 健太,kenta.yamamoto@example.com,ST02
3320,加藤 大輔,daisuke.kato@example.com,ST01
3321,高橋 悠斗,yuto.takahashi@example.com,ST01
3322,田中 葵,aoi.tanaka@example.com,ST03
3323,高橋 陽菜,hina.takahashi@example.com,ST01
3324,山本 蓮,ren.yamamoto@example.com,ST02
3325,加藤 蓮,ren.kato@example.com,ST02
3326,佐藤 悠斗,yuto.sato@example.com,ST04
3327,田中 蓮,ren.tanaka@example.com,ST04
3328,伊藤 拓海,takumi.ito@example.com,ST04
3329,渡辺 彩花,ayaka.watanabe@example.com,ST02
3330,伊藤 彩花,ayaka.ito@example.com,ST02
3331,山田 健太,kenta.yamada@example.com,ST01
3332,吉田 悠斗,yuto.yoshida@example.com,ST02
3333,中村 健太,kenta.nakamura@example.com,ST03
3334,山田 陽菜,hina.yamada@example.com,ST04
3335,伊藤 悠斗,yuto.ito@example.com,ST02
3336,吉田 翔,sho.yoshida@example.com,ST01
3337,山田 健太,kenta.yamada@example.com,ST03
3338,伊藤 陽菜,hina.ito@example.com,ST04
3339,小林 美咲,misaki.kobayashi@example.com,ST01
3340,中村 結衣,yui.nakamura@example.com,ST01
3341,鈴木 健太,kenta.suzuki@example.com,ST03
3342,加藤 美咲,misaki.kato@example.com,ST04
3343,渡辺 翔,sho.watanabe@example.com,ST01
3344,鈴木 拓海,takumi.suzuki@example.com,ST01
3345,加藤 拓海,takumi.kato@example.com,ST04
3346,吉田 彩花,ayaka.yoshida@example.com,ST03
3347,小林 彩花,ayaka.kobayashi@example.com,ST01
3348,佐藤 大輔,daisuke.sato@example.com,ST03
3349,山本 美咲,misaki.yamamoto@example.com,ST04
3350,渡辺 葵,aoi.watanabe@example.com,ST01
3351,鈴木 翔,sho.suzuki@example.com,ST03
3352,山田 美咲,misaki.yamada@example.com,ST01
3353,田中 太郎,taro.tanaka@example.com,ST02
3354,山田 大輔,daisuke.yamada@example.com,ST01
3355,伊藤 悠斗,yuto.ito@example.com,ST02
3356,渡辺 美咲,misaki.watanabe@example.com,ST01
3357,加藤 蓮,ren.kato@example.com,ST01
3358,中村 結衣,yui.nakamura@example.com,ST01
3359,中村 陽菜,hina.nakamura@example.com,ST04
3360,中村 陽菜,hina.nakamura@example.com,ST03
3361,加藤 美咲,misaki.kato@example.com,ST04
3362,山田 大輔,daisuke.yamada@example.com,ST02
3363,渡辺 健太,kenta.watanabe@example.com,ST02
3364,鈴木 葵,aoi.suzuki@example.com,ST02
3365,田中 蓮,ren.tanaka@example.com,ST02
3366,鈴木 蓮,ren.suzuki@example.com,ST01
3367,鈴木 健太,kenta.suzuki@example.com,ST03
3368,伊藤 太郎,taro.ito@example.com,ST03
3369,伊藤 結衣,yui.ito@example.com,ST02
3370,伊藤 彩花,ayaka.ito@example.com,ST01
3371,山本 陽菜,hina.yamamoto@example.com,ST03
3372,吉田 葵,aoi.yoshida@example.com,ST03
3373,吉田 翔,sho.yoshida@example.com,ST04
3374,鈴木 美咲,misaki.suzuki@example.com,ST04
3375,高橋 美咲,misaki.takahashi@example.com,ST03
3376,高橋 結衣,yui.takahashi@example.com,ST01
3377,伊藤 彩花,ayaka.ito@example.com,ST02
3378,高橋 健太,kenta.takahashi@example.com,ST02
3379,田中 拓海,takumi.tanaka@example.com,ST01
3380,鈴木 健太,kenta.suzuki@example.com,ST01
3381,山本 結衣,yui.yamamoto@example.com,ST02
3382,佐藤 彩花,ayaka.sato@example.com,ST01
3383,山田 蓮,ren.yamada@example.com,ST04
3384,伊藤 結衣,yui.ito@example.com,ST04
3385,鈴木 悠斗,yuto.suzuki@example.com,ST01
3386,佐藤 健太,kenta.sato@example.com,ST03
3387,山田 太郎,taro.yamada@example.com,ST04
3388,吉田 彩花,ayaka.yoshida@example.com,ST02
3389,伊藤 陽菜,hina.ito@example.com,ST04
3390,中村 美咲,misaki.nakamura@example.com,ST01
3391,伊藤 陽菜,hina.ito@example.com,ST01
3392,中村 蓮,ren.nakamura@example.com,ST02
3393,中村 悠斗,yuto.nakamura@example.com,ST02
3394,佐藤 陽菜,hina.sato@example.com,ST01
3395,吉田 彩花,ayaka.yoshida@example.com,ST01
3396,吉田 陽菜,hina.yoshida@example.com,ST02
3397,佐藤 葵,aoi.sato@example.com,ST02
3398,田中 翔,sho.tanaka@example.com,ST04
3399,山本 蓮,ren.yamamoto@example.com,ST02
3400,伊藤 翔,sho.ito@example.com,ST01
3401,山田 太郎,taro.yamada@example.com,ST03
3402,佐藤 大輔,daisuke.sato@example.com,ST04
3403,田中 彩花,ayaka.tanaka@example.com,ST04
3404,伊藤 悠斗,yuto.ito@example.com,ST04
3405,山本 太郎,taro.yamamoto@example.com,ST03
3406,小林 太郎,taro.kobayashi@example.com,ST02
3407,高橋 陽菜,hina.takahashi@example.com,ST01
3408,吉田 拓海,takumi.yoshida@example.com,ST03
3409,吉田 大輔,daisuke.yoshida@example.com,ST04
3410,山田 美咲,misaki.yamada@example.com,ST04
3411,小林 陽菜,hina.kobayashi@example.com,ST03
3412,高橋 陽菜,hina.takahashi@example.com,ST03
3413,渡辺 翔,sho.watanabe@example.com,ST03
3414,田中 陽菜,hina.tanaka@example.com,ST01
3415,佐藤 結衣,yui.sato@example.com,ST03
3416,吉田 健太,kenta.yoshida@example.com,ST02
3417,小林 翔,sho.kobayashi@example.com,ST03
3418,加藤 美咲,misaki.kato@example.com,ST04
3419,小林 大輔,daisuke.kobayashi@example.com,ST04
3420,田中 結衣,yui.tanaka@example.com,ST04
3421,山田 彩花,ayaka.yamada@example.com,ST04
3422,鈴木 健太,kenta.suzuki@example.com,ST03
3423,山本 大輔,daisuke.yamamoto@example.com,ST04
3424,渡辺 大輔,daisuke.watanabe@example.com,ST03
3425,吉田 結衣,yui.yoshida@example.com,ST04
3426,吉田 蓮,ren.yoshida@example.com,ST02
3427,小林 翔,sho.kobayashi@example.com,ST02
3428,小林 悠斗,yuto.kobayashi@example.com,ST03
3429,高橋 陽菜,hina.takahashi@example.com,ST02
3430,渡辺 美咲,misaki.watanabe@example.com,ST03
3431,山田 美咲,misaki.yamada@example.com,ST04
3432,加藤 翔,sho.kato@example.com,ST04
3433,伊藤 美咲,misaki.ito@example.com,ST04
3434,山田 蓮,ren.yamada@example.com,ST04
3435,渡辺 陽菜,hina.watanabe@example.com,ST03
3436,山田 健太,kenta.yamada@example.com,ST01
3437,山田 健太,kenta.yamada@example.com,ST02
3438,吉田 葵,aoi.yoshida@example.com,ST01
3439,伊藤 健太,kenta.ito@example.com,ST04
3440,伊藤 蓮,ren.ito@example.com,ST01
3441,加藤 蓮,ren.kato@example.com,ST01
3442,田中 陽菜,hina.tanaka@example.com,ST03
3443,鈴木 悠斗,yuto.suzuki@example.com,ST03
3444,吉田 拓海,takumi.yoshida@example.com,ST01
3445,中村 健太,kenta.nakamura@example.com,ST02
3446,山本 大輔,daisuke.yamamoto@example.com,ST03
3447,吉田 拓海,takumi.yoshida@example.com,ST02
3448,中村 美咲,misaki.nakamura@example.com,ST04
3449,田中 健太,kenta.tanaka@example.com,ST02
3450,加藤 彩花,ayaka.kato@example.com,ST02
3451,伊藤 太郎,taro.ito@example.com,ST03
3452,吉田 美咲,misaki.yoshida@example.com,ST04
3453,中村 彩花,ayaka.nakamura@example.com,ST01
3454,山田 太郎,taro.yamada@example.com,ST02
3455,田中 健太,kenta.tanaka@example.com,ST02
3456,山田 陽菜,hina.yamada@example.com,ST01
3457,山本 拓海,takumi.yamamoto@example.com,ST04
3458,山田 結衣,yui.yamada@example.com,ST01
3459,佐藤 美咲,misaki.sato@example.com,ST04
3460,中村 彩花,ayaka.nakamura@example.com,ST04
3461,吉田 結衣,yui.yoshida@example.com,ST01
3462,田中 葵,aoi.tanaka@example.com,ST03
3463,佐藤 彩花,ayaka.sato@example.com,ST04
3464,小林 葵,aoi.kobayashi@example.com,ST04
3465,渡辺 葵,aoi.watanabe@example.com,ST03
3466,田中 葵,aoi.tanaka@example.com,ST02
3467,山田 大輔,daisuke.yamada@example.com,ST03
3468,渡辺 美咲,misaki.watanabe@example.com,ST02
3469,吉田 悠斗,yuto.yoshida@example.com,ST02
3470,渡辺 拓海,takumi.watanabe@example.com,ST01
3471,山田 悠斗,yuto.yamada@example.com,ST03
3472,高橋 大輔,daisuke.takahashi@example.com,ST03
3473,小林 美咲,misaki.kobayashi@example.com,ST03
3474,加藤 葵,aoi.kato@example.com,ST03
3475,山田 蓮,ren.yamada@example.com,ST03
3476,山田 大輔,daisuke.yamada@example.com,ST02
3477,鈴木 大輔,daisuke.suzuki@example.com,ST04
3478,吉田 葵,aoi.yoshida@example.com,ST04
3479,鈴木 太郎,taro.suzuki@example.com,ST03
3480,鈴木 陽菜,hina.suzuki@example.com,ST02
3481,吉田 美咲,misaki.yoshida@example.com,ST02
3482,佐藤 美咲,misaki.sato@example.com,ST02
3483,山本 陽菜,hina.yamamoto@example.com,ST02
3484,佐藤 大輔,daisuke.sato@example.com,ST02
3485,渡辺 健太,kenta.watanabe@example.com,ST01
3486,山田 美咲,misaki.yamada@example.com,ST01
3487,小林 蓮,ren.kobayashi@example.com,ST03
3488,佐藤 蓮,ren.sato@example.com,ST01
3489,伊藤 蓮,ren.ito@example.com,ST04
3490,高橋 美咲,misaki.takahashi@example.com,ST03
3491,山本 葵,aoi.yamamoto@example.com,ST01
3492,山田 翔,sho.yamada@example.com,ST03
3493,田中 悠斗,yuto.tanaka@example.com,ST03
3494,吉田 大輔,daisuke.yoshida@example.com,ST02
3495,伊藤 美咲,misaki.ito@example.com,ST01
3496,中村 葵,aoi.nakamura@example.com,ST04
3497,佐藤 健太,kenta.sato@example.com,ST02
3498,佐藤 大輔,daisuke.sato@example.com,ST01
3499,小林 大輔,daisuke.kobayashi@example.com,ST01
3500,加藤 葵,aoi.kato@example.com,ST03
3501,佐藤 拓海,takumi.sato@example.com,ST02
3502,中村 太郎,taro.nakamura@example.com,ST02
3503,高橋 陽菜,hina.takahashi@example.com,ST04
3504,加藤 結衣,yui.kato@example.com,ST01
3505,山田 翔,sho.yamada@example.com,ST04
3506,高橋 太郎,taro.takahashi@example.com,ST04
3507,吉田 健太,kenta.yoshida@example.com,ST01
3508,田中 蓮,ren.tanaka@example.com,ST03
3509,田中 拓海,takumi.tanaka@example.com,ST03
3510,伊藤 彩花,ayaka.ito@example.com,ST02
3511,佐藤 彩花,ayaka.sato@example.com,ST02
3512,山田 彩花,ayaka.yamada@example.com,ST01
3513,佐藤 拓海,takumi.sato@example.com,ST03
3514,高橋 健太,kenta.takahashi@example.com,ST01
3515,伊藤 拓海,takumi.ito@example.com,ST02
3516,加藤 彩花,ayaka.kato@example.com,ST04
3517,吉田 美咲,misaki.yoshida@example.com,ST03
3518,吉田 健太,kenta.yoshida@example.com,ST02
3519,中村 蓮,ren.nakamura@example.com,ST04
3520,吉田 陽菜,hina.yoshida@example.com,ST02
3521,高橋 悠斗,yuto.takahashi@example.com,ST04
3522,小林 葵,aoi.kobayashi@example.com,ST04
3523,渡辺 彩花,ayaka.watanabe@example.com,ST04
3524,加藤 大輔,daisuke.kato@example.com,ST01
3525,田中 翔,sho.tanaka@example.com,ST02
3526,山田 翔,sho.yamada@example.com,ST04
3527,佐藤 陽菜,hina.sato@example.com,ST01
3528,鈴木 美咲,misaki.suzuki@example.com,ST01
3529,中村 美咲,misaki.nakamura@example.com,ST01
3530,田中 翔,sho.tanaka@example.com,ST04
3531,中村 陽菜,hina.nakamura@example.com,ST01
3532,中村 陽菜,hina.nakamura@example.com,ST04
3533,田中 陽菜,hina.tanaka@example.com,ST03
3534,田中 葵,aoi.tanaka@example.com,ST03
3535,佐藤 彩花,ayaka.sato@example.com,ST02
3536,田中 蓮,ren.tanaka@example.com,ST02
3537,高橋 太郎,taro.takahashi@example.com,ST04
3538,山田 美咲,misaki.yamada@example.com,ST03
3539,高橋 結衣,yui.takahashi@example.com,ST02
3540,伊藤 悠斗,yuto.ito@example.com,ST02
3541,高橋 翔,sho.takahashi@example.com,ST01
3542,吉田 健太,kenta.yoshida@example.com,ST04
3543,田中 蓮,ren.tanaka@example.com,ST01
3544,渡辺 太郎,taro.watanabe@example.com,ST01
3545,渡辺 美咲,misaki.watanabe@example.com,ST04
3546,伊藤 拓海,takumi.ito@example.com,ST01
3547,山本 美咲,misaki.yamamoto@example.com,ST01
3548,高橋 葵,aoi.takahashi@example.com,ST03
3549,中村 陽菜,hina.nakamura@example.com,ST02
3550,中村 悠斗,yuto.nakamura@example.com,ST04
3551,加藤 葵,aoi.kato@example.com,ST02
3552,加藤 蓮,ren.kato@example.com,ST04
3553,鈴木 彩花,ayaka.suzuki@example.com,ST04
3554,渡辺 蓮,ren.watanabe@example.com,ST02
3555,山田 結衣,yui.yamada@example.com,ST03
3556,伊藤 拓海,takumi.ito@example.com,ST04
3557,山本 拓海,takumi.yamamoto@example.com,ST04
3558,鈴木 結衣,yui.suzuki@example.com,ST02
3559,佐藤 結衣,yui.sato@example.com,ST03
3560,渡辺 美咲,misaki.watanabe@example.com,ST03
3561,山本 拓海,takumi.yamamoto@example.com,ST02
3562,鈴木 結衣,yui.suzuki@example.com,ST04
3563,渡辺 大輔,daisuke.watanabe@example.com,ST04
3564,鈴木 美咲,misaki.suzuki@example.com,ST02
3565,佐藤 拓海,takumi.sato@example.com,ST04
3566,田中 大輔,daisuke.tanaka@example.com,ST01
3567,吉田 葵,aoi.yoshida@example.com,ST02
3568,渡辺 蓮,ren.watanabe@example.com,ST01
3569,伊藤 彩花,ayaka.ito@example.com,ST02
3570,小林 蓮,ren.kobayashi@example.com,ST04
3571,吉田 陽菜,hina.yoshida@example.com,ST01
3572,山本 悠斗,yuto.yamamoto@example.com,ST01
3573,小林 健太,kenta.kobayashi@example.com,ST02
3574,伊藤 陽菜,hina.ito@example.com,ST02
3575,佐藤 美咲,misaki.sato@example.com,ST01
3576,山本 拓海,takumi.yamamoto@example.com,ST02
3577,山本 結衣,yui.yamamoto@example.com,ST02
3578,渡辺 結衣,yui.watanabe@example.com,ST01
3579,山本 悠斗,yuto.yamamoto@example.com,ST02
3580,山田 蓮,ren.yamada@example.com,ST02
3581,吉田 大輔,daisuke.yoshida@example.com,ST02
3582,中村 悠斗,yuto.nakamura@example.com,ST01
3583,佐藤 美咲,misaki.sato@example.com,ST01
3584,渡辺 陽菜,hina.watanabe@example.com,ST01
3585,佐藤 蓮,ren.sato@example.com,ST04
3586,佐藤 陽菜,hina.sato@example.com,ST03
3587,中村 美咲,misaki.nakamura@example.com,ST03
3588,伊藤 拓海,takumi.ito@example.com,ST04
3589,山田 大輔,daisuke.yamada@example.com,ST04
3590,佐藤 蓮,ren.sato@example.com,ST04
3591,小林 結衣,yui.kobayashi@example.com,ST01
3592,小林 結衣,yui.kobayashi@example.com,ST02
3593,加藤 陽菜,hina.kato@example.com,ST04
3594,山田 翔,sho.yamada@example.com,ST01
3595,田中 拓海,takumi.tanaka@example.com,ST03
3596,鈴木 葵,aoi.suzuki@example.com,ST01
3597,山田 健太,kenta.yamada@example.com,ST02
3598,中村 陽菜,hina.nakamura@example.com,ST01
3599,田中 陽菜,hina.tanaka@example.com,ST03
3600,加藤 健太,kenta.kato@example.com,ST01
3601,中村 陽菜,hina.nakamura@example.com,ST02
3602,小林 陽菜,hina.kobayashi@example.com,ST04
3603,山本 太郎,taro.yamamoto@example.com,ST01
3604,山田 大輔,daisuke.yamada@example.com,ST03
3605,吉田 美咲,misaki.yoshida@example.com,ST04
3606,吉田 健太,kenta.yoshida@example.com,ST04
3607,山田 彩花,ayaka.yamada@example.com,ST03
3608,山本 大輔,daisuke.yamamoto@example.com,ST04
3609,渡辺 蓮,ren.watanabe@example.com,ST02
3610,佐藤 翔,sho.sato@example.com,ST02
3611,田中 結衣,yui.tanaka@example.com,ST03
3612,小林 結衣,yui.kobayashi@example.com,ST04
3613,鈴木 大輔,daisuke.suzuki@example.com,ST01
3614,田中 健太,kenta.tanaka@example.com,ST02
3615,山田 翔,sho.yamada@example.com,ST04
3616,中村 蓮,ren.nakamura@example.com,ST01
3617,山本 悠斗,yuto.yamamoto@example.com,ST01
3618,吉田 結衣,yui.yoshida@example.com,ST02
3619,中村 翔,sho.nakamura@example.com,ST02
3620,佐藤 彩花,ayaka.sato@example.com,ST01
3621,佐藤 陽菜,hina.sato@example.com,ST03
3622,渡辺 葵,aoi.watanabe@example.com,ST03
3623,吉田 美咲,misaki.yoshida@example.com,ST04
3624,田中 拓海,takumi.tanaka@example.com,ST04
3625,田中 太郎,taro.tanaka@example.com,ST01
3626,伊藤 美咲,misaki.ito@example.com,ST03
3627,鈴木 蓮,ren.suzuki@example.com,ST04
3628,山本 結衣,yui.yamamoto@example.com,ST03
3629,加藤 彩花,ayaka.kato@example.com,ST04
3630,田中 蓮,ren.tanaka@example.com,ST04
3631,吉田 太郎,taro.yoshida@example.com,ST02
3632,加藤 大輔,daisuke.kato@example.com,ST01
3633,伊藤 結衣,yui.ito@example.com,ST01
3634,山本 葵,aoi.yamamoto@example.com,ST02
3635,小林 蓮,ren.kobayashi@example.com,ST04
3636,鈴木 陽菜,hina.suzuki@example.com,ST03
3637,渡辺 悠斗,yuto.watanabe@example.com,ST01
3638,高橋 健太,kenta.takahashi@example.com,ST01
3639,佐藤 健太,kenta.sato@example.com,ST03
3640,田中 陽菜,hina.tanaka@example.com,ST01
3641,佐藤 結衣,yui.sato@example.com,ST01
3642,鈴木 陽菜,hina.suzuki@example.com,ST04
3643,小林 悠斗,yuto.kobayashi@example.com,ST04
3644,伊藤 彩花,ayaka.ito@example.com,ST04
3645,佐藤 蓮,ren.sato@example.com,ST02
3646,加藤 太郎,taro.kato@example.com,ST03
3647,山田 翔,sho.yamada@example.com,ST02
3648,鈴木 太郎,taro.suzuki@example.com,ST02
3649,吉田 蓮,ren.yoshida@example.com,ST02
3650,渡辺 葵,aoi.watanabe@example.com,ST04
3651,伊藤 結衣,yui.ito@example.com,ST04
3652,山田 結衣,yui.yamada@example.com,ST02
3653,高橋 拓海,takumi.takahashi@example.com,ST01
3654,田中 健太,kenta.tanaka@example.com,ST01
3655,伊藤 悠斗,yuto.ito@example.com,ST04
3656,山田 蓮,ren.yamada@example.com,ST02
3657,鈴木 美咲,misaki.suzuki@example.com,ST03
3658,佐藤 美咲,misaki.sato@example.com,ST02
3659,中村 結衣,yui.nakamura@example.com,ST01
3660,鈴木 太郎,taro.suzuki@example.com,ST04
3661,小林 太郎,taro.kobayashi@example.com,ST01
3662,田中 翔,sho.tanaka@example.com,ST04
3663,山本 美咲,misaki.yamamoto@example.com,ST03
3664,伊藤 陽菜,hina.ito@example.com,ST02
3665,伊藤 彩花,ayaka.ito@example.com,ST04
3666,山本 美咲,misaki.yamamoto@example.com,ST04
3667,山本 悠斗,yuto.yamamoto@example.com,ST02
3668,吉田 彩花,ayaka.yoshida@example.com,ST03
3669,田中 翔,sho.tanaka@example.com,ST04
3670,小林 陽菜,hina.kobayashi@example.com,ST03
3671,渡辺 悠斗,yuto.watanabe@example.com,ST01
3672,鈴木 翔,sho.suzuki@example.com,ST04
3673,佐藤 拓海,takumi.sato@example.com,ST04
3674,山田 悠斗,yuto.yamada@example.com,ST04
3675,高橋 健太,kenta.takahashi@example.com,ST04
3676,中村 結衣,yui.nakamura@example.com,ST03
3677,加藤 彩花,ayaka.kato@example.com,ST02
3678,吉田 健太,kenta.yoshida@example.com,ST02
3679,小林 蓮,ren.kobayashi@example.com,ST03
3680,佐藤 健太,kenta.sato@example.com,ST01
3681,田中 大輔,daisuke.tanaka@example.com,ST03
3682,佐藤 悠斗,yuto.sato@example.com,ST04
3683,小林 葵,aoi.kobayashi@example.com,ST03
3684,山本 悠斗,yuto.yamamoto@example.com,ST04
3685,中村 翔,sho.nakamura@example.com,ST02
3686,高橋 大輔,daisuke.takahashi@example.com,ST04
3687,田中 葵,aoi.tanaka@example.com,ST04
3688,山田 悠斗,yuto.yamada@example.com,ST01
3689,伊藤 悠斗,yuto.ito@example.com,ST01
3690,加藤 蓮,ren.kato@example.com,ST04
3691,山本 結衣,yui.yamamoto@example.com,ST04
3692,山田 美咲,misaki.yamada@example.com,ST01
3693,鈴木 美咲,misaki.suzuki@example.com,ST01
3694,高橋 太郎,taro.takahashi@example.com,ST02
3695,伊藤 大輔,daisuke.ito@example.com,ST03
3696,高橋 蓮,ren.takahashi@example.com,ST02
3697,山田 翔,sho.yamada@example.com,ST02
3698,田中 美咲,misaki.tanaka@example.com,ST02
3699,田中 彩花,ayaka.tanaka@example.com,ST01
3700,高橋 悠斗,yuto.takahashi@example.com,ST04
3701,高橋 太郎,taro.takahashi@example.com,ST04
3702,吉田 悠斗,yuto.yoshida@example.com,ST04
3703,加藤 陽菜,hina.kato@example.com,ST04
3704,加藤 陽菜,hina.kato@example.com,ST02
3705,加藤 彩花,ayaka.kato@example.com,ST03
3706,鈴木 翔,sho.suzuki@example.com,ST04
3707,中村 拓海,takumi.nakamura@example.com,ST03
3708,伊藤 健太,kenta.ito@example.com,ST04
3709,鈴木 蓮,ren.suzuki@example.com,ST02
3710,佐藤 彩花,ayaka.sato@example.com,ST03
3711,田中 大輔,daisuke.tanaka@example.com,ST04
3712,鈴木 葵,aoi.suzuki@example.com,ST01
3713,中村 大輔,daisuke.nakamura@example.com,ST01
3714,小林 大輔,daisuke.kobayashi@example.com,ST02
3715,小林 彩花,ayaka.kobayashi@example.com,ST03
3716,佐藤 悠斗,yuto.sato@example.com,ST03
3717,佐藤 翔,sho.sato@example.com,ST04
3718,渡辺 翔,sho.watanabe@example.com,ST03
3719,伊藤 悠斗,yuto.ito@example.com,ST02
3720,高橋 陽菜,hina.takahashi@example.com,ST01
3721,山本 蓮,ren.yamamoto@example.com,ST01
3722,中村 陽菜,hina.nakamura@example.com,ST04
3723,伊藤 健太,kenta.ito@example.com,ST02
3724,中村 陽菜,hina.nakamura@example.com,ST01
3725,鈴木 美咲,misaki.suzuki@example.com,ST01
3726,吉田 蓮,ren.yoshida@example.com,ST03
3727,小林 大輔,daisuke.kobayashi@example.com,ST02
3728,中村 葵,aoi.nakamura@example.com,ST04
3729,高橋 悠斗,yuto.takahashi@example.com,ST03
3730,中村 健太,kenta.nakamura@example.com,ST04
3731,伊藤 結衣,yui.ito@example.com,ST03
3732,小林 彩花,ayaka.kobayashi@example.com,ST03
3733,高橋 拓海,takumi.takahashi@example.com,ST01
3734,加藤 陽菜,hina.kato@example.com,ST03
3735,佐藤 結衣,yui.sato@example.com,ST04
3736,田中 翔,sho.tanaka@example.com,ST01
3737,加藤 太郎,taro.kato@example.com,ST01
3738,鈴木 悠斗,yuto.suzuki@example.com,ST03
3739,渡辺 悠斗,yuto.watanabe@example.com,ST03
3740,渡辺 陽菜,hina.watanabe@example.com,ST04
3741,中村 拓海,takumi.nakamura@example.com,ST04
3742,吉田 悠斗,yuto.yoshida@example.com,ST03
3743,伊藤 悠斗,yuto.ito@example.com,ST03
3744,山田 翔,sho.yamada@example.com,ST02
3745,吉田 健太,kenta.yoshida@example.com,ST03
3746,加藤 美咲,misaki.kato@example.com,ST03
3747,佐藤 拓海,takumi.sato@example.com,ST04
3748,加藤 彩花,ayaka.kato@example.com,ST01
3749,山田 悠斗,yuto.yamada@example.com,ST03
3750,小林 悠斗,yuto.kobayashi@example.com,ST02
3751,田中 太郎,taro.tanaka@example.com,ST04
3752,加藤 健太,kenta.kato@example.com,ST01
3753,渡辺 彩花,ayaka.watanabe@example.com,ST04
3754,高橋 蓮,ren.takahashi@example.com,ST03
3755,渡辺 太郎,taro.watanabe@example.com,ST03
3756,鈴木 大輔,daisuke.suzuki@example.com,ST03
3757,佐藤 彩花,ayaka.sato@example.com,ST04
3758,山本 美咲,misaki.yamamoto@example.com,ST04
3759,高橋 陽菜,hina.takahashi@example.com,ST01
3760,中村 翔,sho.nakamura@example.com,ST04
3761,田中 美咲,misaki.tanaka@example.com,ST04
3762,佐藤 太郎,taro.sato@example.com,ST01
3763,佐藤 葵,aoi.sato@example.com,ST02
3764,渡辺 大輔,daisuke.watanabe@example.com,ST03
3765,佐藤 拓海,takumi.sato@example.com,ST01
3766,佐藤 美咲,misaki.sato@example.com,ST01
3767,山本 結衣,yui.yamamoto@example.com,ST04
3768,渡辺 結衣,yui.watanabe@example.com,ST01
3769,田中 悠斗,yuto.tanaka@example.com,ST03
3770,佐藤 彩花,ayaka.sato@example.com,ST04
3771,山田 翔,sho.yamada@example.com,ST02
3772,小林 拓海,takumi.kobayashi@example.com,ST03
3773,加藤 大輔,daisuke.kato@example.com,ST04
3774,渡辺 美咲,misaki.watanabe@example.com,ST02
3775,加藤 美咲,misaki.kato@example.com,ST01
3776,高橋 陽菜,hina.takahashi@example.com,ST04
3777,山本 悠斗,yuto.yamamoto@example.com,ST04
3778,吉田 翔,sho.yoshida@example.com,ST03
3779,小林 葵,aoi.kobayashi@example.com,ST04
3780,加藤 蓮,ren.kato@example.com,ST03
3781,山本 太郎,taro.yamamoto@example.com,ST04
3782,山田 太郎,taro.yamada@example.com,ST04
3783,加藤 大輔,daisuke.kato@example.com,ST04
3784,伊藤 彩花,ayaka.ito@example.com,ST01
3785,佐藤 美咲,misaki.sato@example.com,ST01
3786,高橋 健太,kenta.takahashi@example.com,ST04
3787,中村 大輔,daisuke.nakamura@example.com,ST01
3788,渡辺 大輔,daisuke.watanabe@example.com,ST04
3789,小林 結衣,yui.kobayashi@example.com,ST02
3790,佐藤 拓海,takumi.sato@example.com,ST04
3791,佐藤 健太,kenta.sato@example.com,ST02
3792,山本 陽菜,hina.yamamoto@example.com,ST03
3793,吉田 太郎,taro.yoshida@example.com,ST01
3794,山本 彩花,ayaka.yamamoto@example.com,ST01
3795,鈴木 大輔,daisuke.suzuki@example.com,ST02
3796,加藤 悠斗,yuto.kato@example.com,ST03
3797,鈴木 悠斗,yuto.suzuki@example.com,ST03
3798,小林 彩花,ayaka.kobayashi@example.com,ST04
3799,渡辺 美咲,misaki.watanabe@example.com,ST03
3800,山田 結衣,yui.yamada@example.com,ST02
3801,加藤 美咲,misaki.kato@example.com,ST01
3802,山本 太郎,taro.yamamoto@example.com,ST04
3803,加藤 太郎,taro.kato@example.com,ST03
3804,中村 葵,aoi.nakamura@example.com,ST04
3805,伊藤 太郎,taro.ito@example.com,ST02
3806,中村 大輔,daisuke.nakamura@example.com,ST01
3807,吉田 蓮,ren.yoshida@example.com,ST03
3808,加藤 彩花,ayaka.kato@example.com,ST01
3809,山田 悠斗,yuto.yamada@example.com,ST04
3810,山田 悠斗,yuto.yamada@example.com,ST01
3811,田中 美咲,misaki.tanaka@example.com,ST01
3812,中村 葵,aoi.nakamura@example.com,ST04
3813,田中 陽菜,hina.tanaka@example.com,ST03
3814,佐藤 結衣,yui.sato@example.com,ST04
3815,佐藤 葵,aoi.sato@example.com,ST02
3816,高橋 蓮,ren.takahashi@example.com,ST04
3817,小林 拓海,takumi.kobayashi@example.com,ST04
3818,山田 拓海,takumi.yamada@example.com,ST01
3819,渡辺 陽菜,hina.watanabe@example.com,ST02
3820,高橋 翔,sho.takahashi@example.com,ST01
3821,小林 彩花,ayaka.kobayashi@example.com,ST01
3822,高橋 彩花,ayaka.takahashi@example.com,ST03
3823,伊藤 彩花,ayaka.ito@example.com,ST03
3824,鈴木 結衣,yui.suzuki@example.com,ST02
3825,山本 翔,sho.yamamoto@example.com,ST02
3826,中村 翔,sho.nakamura@example.com,ST04
3827,鈴木 蓮,ren.suzuki@example.com,ST02
3828,渡辺 蓮,ren.watanabe@example.com,ST04
3829,中村 美咲,misaki.nakamura@example.com,ST04
3830,小林 太郎,taro.kobayashi@example.com,ST02
3831,吉田 結衣,yui.yoshida@example.com,ST02
3832,加藤 拓海,takumi.kato@example.com,ST04
3833,小林 蓮,ren.kobayashi@example.com,ST01
3834,佐藤 拓海,takumi.sato@example.com,ST04
3835,山田 健太,kenta.yamada@example.com,ST04
3836,高橋 健太,kenta.takahashi@example.com,ST04
3837,佐藤 彩花,ayaka.sato@example.com,ST01
3838,鈴木 結衣,yui.suzuki@example.com,ST04
3839,渡辺 拓海,takumi.watanabe@example.com,ST01
3840,小林 陽菜,hina.kobayashi@example.com,ST04
3841,佐藤 結衣,yui.sato@example.com,ST04
3842,吉田 翔,sho.yoshida@example.com,ST01
3843,加藤 結衣,yui.kato@example.com,ST02
3844,伊藤 葵,aoi.ito@example.com,ST04
3845,山田 健太,kenta.yamada@example.com,ST01
3846,加藤 大輔,daisuke.kato@example.com,ST01
3847,山田 彩花,ayaka.yamada@example.com,ST03
3848,中村 悠斗,yuto.nakamura@example.com,ST03
3849,鈴木 健太,kenta.suzuki@example.com,ST03
3850,伊藤 美咲,misaki.ito@example.com,ST01
3851,鈴木 美咲,misaki.suzuki@example.com,ST04
3852,中村 悠斗,yuto.nakamura@example.com,ST04
3853,加藤 美咲,misaki.kato@example.com,ST03
3854,山田 蓮,ren.yamada@example.com,ST02
3855,小林 悠斗,yuto.kobayashi@example.com,ST03
3856,伊藤 陽菜,hina.ito@example.com,ST03
3857,田中 葵,aoi.tanaka@example.com,ST01
3858,伊藤 悠斗,yuto.ito@example.com,ST03
3859,山本 彩花,ayaka.yamamoto@example.com,ST02
3860,吉田 健太,kenta.yoshida@example.com,ST04
3861,渡辺 美咲,misaki.watanabe@example.com,ST01
3862,小林 結衣,yui.kobayashi@example.com,ST03
3863,加藤 翔,sho.kato@example.com,ST02
3864,山田 拓海,takumi.yamada@example.com,ST03
3865,佐藤 結衣,yui.sato@example.com,ST02
3866,山本 健太,kenta.yamamoto@example.com,ST02
3867,小林 結衣,yui.kobayashi@example.com,ST02
3868,高橋 陽菜,hina.takahashi@example.com,ST01
3869,高橋 翔,sho.takahashi@example.com,ST03
3870,伊藤 結衣,yui.ito@example.com,ST04
3871,小林 拓海,takumi.kobayashi@example.com,ST03
3872,佐藤 結衣,yui.sato@example.com,ST01
3873,加藤 葵,aoi.kato@example.com,ST03
3874,中村 美咲,misaki.nakamura@example.com,ST02
3875,伊藤 翔,sho.ito@example.com,ST04
3876,佐藤 美咲,misaki.sato@example.com,ST03
3877,吉田 太郎,taro.yoshida@example.com,ST04
3878,小林 葵,aoi.kobayashi@example.com,ST02
3879,山田 健太,kenta.yamada@example.com,ST01
3880,田中 健太,kenta.tanaka@example.com,ST04
3881,吉田 蓮,ren.yoshida@example.com,ST02
3882,加藤 陽菜,hina.kato@example.com,ST04
3883,渡辺 蓮,ren.watanabe@example.com,ST02
3884,山本 陽菜,hina.yamamoto@example.com,ST02
3885,山本 大輔,daisuke.yamamoto@example.com,ST03
3886,伊藤 拓海,takumi.ito@example.com,ST03
3887,山本 葵,aoi.yamamoto@example.com,ST02
3888,渡辺 悠斗,yuto.watanabe@example.com,ST04
3889,中村 悠斗,yuto.nakamura@example.com,ST04
3890,田中 陽菜,hina.tanaka@example.com,ST04
3891,小林 彩花,ayaka.kobayashi@example.com,ST03
3892,佐藤 悠斗,yuto.sato@example.com,ST02
3893,小林 結衣,yui.kobayashi@example.com,ST02
3894,加藤 悠斗,yuto.kato@example.com,ST01
3895,加藤 拓海,takumi.kato@example.com,ST04
3896,佐藤 陽菜,hina.sato@example.com,ST04
3897,山田 結衣,yui.yamada@example.com,ST04
3898,加藤 結衣,yui.kato@example.com,ST04
3899,山本 翔,sho.yamamoto@example.com,ST03
3900,中村 大輔,daisuke.nakamura@example.com,ST02
3901,高橋 葵,aoi.takahashi@example.com,ST02
3902,加藤 葵,aoi.kato@example.com,ST02
3903,山田 悠斗,yuto.yamada@example.com,ST02
3904,山本 太郎,taro.yamamoto@example.com,ST04
3905,田中 結衣,yui.tanaka@example.com,ST04
3906,鈴木 蓮,ren.suzuki@example.com,ST03
3907,吉田 大輔,daisuke.yoshida@example.com,ST01
3908,田中 陽菜,hina.tanaka@example.com,ST03
3909,加藤 美咲,misaki.kato@example.com,ST03
3910,渡辺 美咲,misaki.watanabe@example.com,ST01
3911,渡辺 美咲,misaki.watanabe@example.com,ST01
3912,山本 美咲,misaki.yamamoto@example.com,ST01
3913,中村 蓮,ren.nakamura@example.com,ST04
3914,佐藤 悠斗,yuto.sato@example.com,ST04
3915,山田 太郎,taro.yamada@example.com,ST01
3916,鈴木 陽菜,hina.suzuki@example.com,ST04
3917,山本 葵,aoi.yamamoto@example.com,ST03
3918,伊藤 健太,kenta.ito@example.com,ST04
3919,山田 翔,sho.yamada@example.com,ST04
3920,山本 大輔,daisuke.yamamoto@example.com,ST03
3921,山田 大輔,daisuke.yamada@example.com,ST03
3922,山本 太郎,taro.yamamoto@example.com,ST04
3923,渡辺 大輔,daisuke.watanabe@example.com,ST03
3924,中村 陽菜,hina.nakamura@example.com,ST03
3925,山田 翔,sho.yamada@example.com,ST02
3926,吉田 健太,kenta.yoshida@example.com,ST03
3927,中村 陽菜,hina.nakamura@example.com,ST04
3928,高橋 拓海,takumi.takahashi@example.com,ST01
3929,中村 美咲,misaki.nakamura@example.com,ST02
3930,佐藤 大輔,daisuke.sato@example.com,ST01
3931,小林 陽菜,hina.kobayashi@example.com,ST03
3932,小林 翔,sho.kobayashi@example.com,ST04
3933,山本 葵,aoi.yamamoto@example.com,ST03
3934,高橋 太郎,taro.takahashi@example.com,ST04
3935,山田 大輔,daisuke.yamada@example.com,ST04
3936,田中 葵,aoi.tanaka@example.com,ST04
3937,加藤 悠斗,yuto.kato@example.com,ST04
3938,鈴木 葵,aoi.suzuki@example.com,ST04
3939,中村 悠斗,yuto.nakamura@example.com,ST03
3940,渡辺 葵,aoi.watanabe@example.com,ST03
3941,渡辺 彩花,ayaka.watanabe@example.com,ST01
3942,佐藤 美咲,misaki.sato@example.com,ST01
3943,田中 彩花,ayaka.tanaka@example.com,ST04
3944,中村 健太,kenta.nakamura@example.com,ST01
3945,田中 美咲,misaki.tanaka@example.com,ST01
3946,渡辺 健太,kenta.watanabe@example.com,ST01
3947,加藤 拓海,takumi.kato@example.com,ST01
3948,中村 彩花,ayaka.nakamura@example.com,ST04
3949,吉田 大輔,daisuke.yoshida@example.com,ST02
3950,中村 太郎,taro.nakamura@example.com,ST02
3951,山田 美咲,misaki.yamada@example.com,ST04
3952,鈴木 美咲,misaki.suzuki@example.com,ST04
3953,山本 陽菜,hina.yamamoto@example.com,ST01
3954,山本 翔,sho.yamamoto@example.com,ST01
3955,伊藤 翔,sho.ito@example.com,ST02
3956,田中 結衣,yui.tanaka@example.com,ST01
3957,鈴木 拓海,takumi.suzuki@example.com,ST04
3958,田中 蓮,ren.tanaka@example.com,ST03
3959,高橋 結衣,yui.takahashi@example.com,ST03
3960,加藤 翔,sho.kato@example.com,ST03
3961,山本 拓海,takumi.yamamoto@example.com,ST04
3962,伊藤 太郎,taro.ito@example.com,ST01
3963,吉田 陽菜,hina.yoshida@example.com,ST02
3964,伊藤 健太,kenta.ito@example.com,ST01
3965,高橋 彩花,ayaka.takahashi@example.com,ST04
3966,山本 美咲,misaki.yamamoto@example.com,ST01
3967,吉田 美咲,misaki.yoshida@example.com,ST03
3968,伊藤 葵,aoi.ito@example.com,ST03
3969,高橋 陽菜,hina.takahashi@example.com,ST01
3970,鈴木 悠斗,yuto.suzuki@example.com,ST04
3971,伊藤 蓮,ren.ito@example.com,ST02
3972,中村 彩花,ayaka.nakamura@example.com,ST02
3973,加藤 陽菜,hina.kato@example.com,ST02
3974,佐藤 結衣,yui.sato@example.com,ST04
3975,山本 葵,aoi.yamamoto@example.com,ST02
3976,中村 大輔,daisuke.nakamura@example.com,ST03
3977,加藤 美咲,misaki.kato@example.com,ST02
3978,小林 悠斗,yuto.kobayashi@example.com,ST03
3979,田中 大輔,daisuke.tanaka@example.com,ST02
3980,渡辺 彩花,ayaka.watanabe@example.com,ST03
3981,吉田 美咲,misaki.yoshida@example.com,ST01
3982,吉田 健太,kenta.yoshida@example.com,ST04
3983,中村 美咲,misaki.nakamura@example.com,ST02
3984,吉田 太郎,taro.yoshida@example.com,ST03
3985,山田 美咲,misaki.yamada@example.com,ST04
3986,山本 悠斗,yuto.yamamoto@example.com,ST04
3987,中村 大輔,daisuke.nakamura@example.com,ST02
3988,中村 大輔,daisuke.nakamura@example.com,ST03
3989,山本 彩花,ayaka.yamamoto@example.com,ST01
3990,伊藤 拓海,takumi.ito@example.com,ST02
3991,加藤 太郎,taro.kato@example.com,ST04
3992,鈴木 陽菜,hina.suzuki@example.com,ST01
3993,高橋 陽菜,hina.takahashi@example.com,ST04
3994,鈴木 陽菜,hina.suzuki@example.com,ST01
3995,山本 悠斗,yuto.yamamoto@example.com,ST03
3996,中村 陽菜,hina.nakamura@example.com,ST03
3997,小林 悠斗,yuto.kobayashi@example.com,ST03
3998,加藤 健太,kenta.kato@example.com,ST01
3999,小林 葵,aoi.kobayashi@example.com,ST02
4000,田中 葵,aoi.tanaka@example.com,ST03
4001,山本 結衣,yui.yamamoto@example.com,ST03
4002,吉田 翔,sho.yoshida@example.com,ST04
4003,高橋 陽菜,hina.takahashi@example.com,ST01
4004,鈴木 結衣,yui.suzuki@example.com,ST02
4005,高橋 蓮,ren.takahashi@example.com,ST03
4006,田中 太郎,taro.tanaka@example.com,ST04
4007,佐藤 悠斗,yuto.sato@example.com,ST04
4008,加藤 葵,aoi.kato@example.com,ST03
4009,中村 悠斗,yuto.nakamura@example.com,ST04
4010,伊藤 陽菜,hina.ito@example.com,ST03
4011,高橋 美咲,misaki.takahashi@example.com,ST03
4012,小林 蓮,ren.kobayashi@example.com,ST04
4013,吉田 拓海,takumi.yoshida@example.com,ST03
4014,中村 美咲,misaki.nakamura@example.com,ST01
4015,中村 大輔,daisuke.nakamura@example.com,ST02
4016,加藤 悠斗,yuto.kato@example.com,ST02
4017,吉田 太郎,taro.yoshida@example.com,ST01
4018,伊藤 大輔,daisuke.ito@example.com,ST04
4019,加藤 陽菜,hina.kato@example.com,ST03
4020,加藤 陽菜,hina.kato@example.com,ST03
4021,渡辺 健太,kenta.watanabe@example.com,ST03
4022,佐藤 葵,aoi.sato@example.com,ST01
4023,鈴木 太郎,taro.suzuki@example.com,ST01
4024,伊藤 大輔,daisuke.ito@example.com,ST03
4025,山本 葵,aoi.yamamoto@example.com,ST03
4026,山本 翔,sho.yamamoto@example.com,ST04
4027,渡辺 結衣,yui.watanabe@example.com,ST03
4028,中村 彩花,ayaka.nakamura@example.com,ST01
4029,田中 悠斗,yuto.tanaka@example.com,ST01
4030,小林 翔,sho.kobayashi@example.com,ST02
4031,吉田 健太,kenta.yoshida@example.com,ST01
4032,山田 健太,kenta.yamada@example.com,ST03
4033,伊藤 葵,aoi.ito@example.com,ST04
4034,鈴木 結衣,yui.suzuki@example.com,ST02
4035,小林 蓮,ren.kobayashi@example.com,ST02
4036,伊藤 健太,kenta.ito@example.com,ST03
4037,中村 結衣,yui.nakamura@example.com,ST02
4038,佐藤 大輔,daisuke.sato@example.com,ST01
4039,小林 太郎,taro.kobayashi@example.com,ST02
4040,吉田 蓮,ren.yoshida@example.com,ST01
4041,渡辺 太郎,taro.watanabe@example.com,ST02
4042,吉田 拓海,takumi.yoshida@example.com,ST02
4043,山田 大輔,daisuke.yamada@example.com,ST02
4044,山田 葵,aoi.yamada@example.com,ST01
4045,鈴木 蓮,ren.suzuki@example.com,ST02
4046,田中 美咲,misaki.tanaka@example.com,ST02
4047,小林 彩花,ayaka.kobayashi@example.com,ST02
4048,田中 翔,sho.tanaka@example.com,ST01
4049,加藤 太郎,taro.kato@example.com,ST02
4050,加藤 結衣,yui.kato@example.com,ST01
4051,加藤 彩花,ayaka.kato@example.com,ST01
4052,佐藤 葵,aoi.sato@example.com,ST02
4053,中村 拓海,takumi.nakamura@example.com,ST01
4054,鈴木 蓮,ren.suzuki@example.com,ST02
4055,伊藤 悠斗,yuto.ito@example.com,ST02
4056,加藤 太郎,taro.kato@example.com,ST01
4057,中村 葵,aoi.nakamura@example.com,ST02
4058,加藤 結衣,yui.kato@example.com,ST01
4059,佐藤 美咲,misaki.sato@example.com,ST01
4060,中村 翔,sho.nakamura@example.com,ST01
4061,山本 蓮,ren.yamamoto@example.com,ST04
4062,渡辺 大輔,daisuke.watanabe@example.com,ST01
4063,伊藤 陽菜,hina.ito@example.com,ST04
4064,渡辺 大輔,daisuke.watanabe@example.com,ST04
4065,渡辺 拓海,takumi.watanabe@example.com,ST03
4066,吉田 彩花,ayaka.yoshida@example.com,ST04
4067,小林 葵,aoi.kobayashi@example.com,ST01
4068,中村 悠斗,yuto.nakamura@example.com,ST04
4069,山本 拓海,takumi.yamamoto@example.com,ST04
4070,高橋 葵,aoi.takahashi@example.com,ST03
4071,中村 彩花,ayaka.nakamura@example.com,ST03
4072,田中 蓮,ren.tanaka@example.com,ST03
4073,吉田 拓海,takumi.yoshida@example.com,ST03
4074,山本 結衣,yui.yamamoto@example.com,ST03
4075,渡辺 彩花,ayaka.watanabe@example.com,ST01
4076,鈴木 翔,sho.suzuki@example.com,ST02
4077,吉田 健太,kenta.yoshida@example.com,ST02
4078,鈴木 蓮,ren.suzuki@example.com,ST03
4079,山本 陽菜,hina.yamamoto@example.com,ST03
4080,山本 葵,aoi.yamamoto@example.com,ST04
4081,佐藤 蓮,ren.sato@example.com,ST02
4082,鈴木 健太,kenta.suzuki@example.com,ST04
4083,山田 葵,aoi.yamada@example.com,ST01
4084,中村 太郎,taro.nakamura@example.com,ST04
4085,吉田 大輔,daisuke.yoshida@example.com,ST03
4086,伊藤 結衣,yui.ito@example.com,ST02
4087,鈴木 蓮,ren.suzuki@example.com,ST01
4088,山田 悠斗,yuto.yamada@example.com,ST02
4089,山田 悠斗,yuto.yamada@example.com,ST04
4090,加藤 結衣,yui.kato@example.com,ST02
4091,加藤 悠斗,yuto.kato@example.com,ST01
4092,山田 陽菜,hina.yamada@example.com,ST04
4093,加藤 拓海,takumi.kato@example.com,ST04
4094,中村 太郎,taro.nakamura@example.com,ST01
4095,鈴木 大輔,daisuke.suzuki@example.com,ST03
4096,山田 結衣,yui.yamada@example.com,ST02
4097,伊藤 葵,aoi.ito@example.com,ST02
4098,小林 陽菜,hina.kobayashi@example.com,ST01
4099,中村 大輔,daisuke.nakamura@example.com,ST01
4100,高橋 翔,sho.takahashi@example.com,ST01
4101,伊藤 美咲,misaki.ito@example.com,ST04
4102,佐藤 彩花,ayaka.sato@example.com,ST01
4103,田中 太郎,taro.tanaka@example.com,ST01
4104,鈴木 美咲,misaki.suzuki@example.com,ST03
4105,高橋 葵,aoi.takahashi@example.com,ST02
4106,小林 陽菜,hina.kobayashi@example.com,ST03
4107,吉田 拓海,takumi.yoshida@example.com,ST03
4108,高橋 悠斗,yuto.takahashi@example.com,ST02
4109,佐藤 太郎,taro.sato@example.com,ST03
4110,中村 翔,sho.nakamura@example.com,ST04
4111,渡辺 翔,sho.watanabe@example.com,ST04
4112,加藤 太郎,taro.kato@example.com,ST04
4113,鈴木 悠斗,yuto.suzuki@example.com,ST03
4114,高橋 美咲,misaki.takahashi@example.com,ST02
4115,渡辺 結衣,yui.watanabe@example.com,ST02
4116,高橋 蓮,ren.takahashi@example.com,ST01
4117,中村 陽菜,hina.nakamura@example.com,ST04
4118,吉田 翔,sho.yoshida@example.com,ST02
4119,中村 結衣,yui.nakamura@example.com,ST01
4120,鈴木 結衣,yui.suzuki@example.com,ST03
4121,中村 太郎,taro.nakamura@example.com,ST02
4122,鈴木 陽菜,hina.suzuki@example.com,ST03
4123,山田 美咲,misaki.yamada@example.com,ST01
4124,田中 拓海,takumi.tanaka@example.com,ST03
4125,小林 翔,sho.kobayashi@example.com,ST01
4126,渡辺 太郎,taro.watanabe@example.com,ST04
4127,渡辺 結衣,yui.watanabe@example.com,ST02
4128,鈴木 彩花,ayaka.suzuki@example.com,ST03
4129,吉田 大輔,daisuke.yoshida@example.com,ST04
4130,伊藤 翔,sho.ito@example.com,ST03
4131,吉田 大輔,daisuke.yoshida@example.com,ST01
4132,加藤 結衣,yui.kato@example.com,ST04
4133,山本 健太,kenta.yamamoto@example.com,ST03
4134,渡辺 彩花,ayaka.watanabe@example.com,ST03
4135,吉田 拓海,takumi.yoshida@example.com,ST03
4136,中村 陽菜,hina.nakamura@example.com,ST01
4137,渡辺 大輔,daisuke.watanabe@example.com,ST02
4138,伊藤 悠斗,yuto.ito@example.com,ST03
4139,小林 蓮,ren.kobayashi@example.com,ST03
4140,伊藤 葵,aoi.ito@example.com,ST03
4141,田中 健太,kenta.tanaka@example.com,ST04
4142,鈴木 蓮,ren.suzuki@example.com,ST01
4143,渡辺 美咲,misaki.watanabe@example.com,ST04
4144,加藤 大輔,daisuke.kato@example.com,ST01
4145,加藤 大輔,daisuke.kato@example.com,ST04
4146,加藤 陽菜,hina.kato@example.com,ST01
4147,伊藤 悠斗,yuto.ito@example.com,ST01
4148,吉田 陽菜,hina.yoshida@example.com,ST04
4149,中村 拓海,takumi.nakamura@example.com,ST03
4150,吉田 健太,kenta.yoshida@example.com,ST01
4151,伊藤 拓海,takumi.ito@example.com,ST03
4152,田中 美咲,misaki.tanaka@example.com,ST01
4153,山本 陽菜,hina.yamamoto@example.com,ST03
4154,佐藤 太郎,taro.sato@example.com,ST04
4155,中村 彩花,ayaka.nakamura@example.com,ST03
4156,山田 拓海,takumi.yamada@example.com,ST04
4157,山田 翔,sho.yamada@example.com,ST03
4158,渡辺 彩花,ayaka.watanabe@example.com,ST01
4159,高橋 結衣,yui.takahashi@example.com,ST03
4160,田中 葵,aoi.tanaka@example.com,ST01
4161,高橋 彩花,ayaka.takahashi@example.com,ST04
4162,山本 悠斗,yuto.yamamoto@example.com,ST03
4163,吉田 陽菜,hina.yoshida@example.com,ST01
4164,山本 葵,aoi.yamamoto@example.com,ST04
4165,佐藤 蓮,ren.sato@example.com,ST04
4166,鈴木 陽菜,hina.suzuki@example.com,ST04
4167,田中 健太,kenta.tanaka@example.com,ST04
4168,山田 彩花,ayaka.yamada@example.com,ST04
4169,佐藤 健太,kenta.sato@example.com,ST01
4170,渡辺 陽菜,hina.watanabe@example.com,ST03
4171,鈴木 大輔,daisuke.suzuki@example.com,ST03
4172,田中 翔,sho.tanaka@example.com,ST01
4173,渡辺 大輔,daisuke.watanabe@example.com,ST04
4174,加藤 美咲,misaki.kato@example.com,ST01
4175,鈴木 悠斗,yuto.suzuki@example.com,ST01
4176,高橋 悠斗,yuto.takahashi@example.com,ST03
4177,渡辺 彩花,ayaka.watanabe@example.com,ST01
4178,佐藤 翔,sho.sato@example.com,ST02
4179,吉田 結衣,yui.yoshida@example.com,ST02
4180,渡辺 翔,sho.watanabe@example.com,ST04
4181,山本 翔,sho.yamamoto@example.com,ST01
4182,山田 結衣,yui.yamada@example.com,ST04
4183,加藤 美咲,misaki.kato@example.com,ST03
4184,山田 拓海,takumi.yamada@example.com,ST01
4185,高橋 健太,kenta.takahashi@example.com,ST04
4186,佐藤 健太,kenta.sato@example.com,ST03
4187,田中 拓海,takumi.tanaka@example.com,ST04
4188,小林 健太,kenta.kobayashi@example.com,ST02
4189,佐藤 葵,aoi.sato@example.com,ST02
4190,吉田 健太,kenta.yoshida@example.com,ST03
4191,中村 健太,kenta.nakamura@example.com,ST01
4192,小林 葵,aoi.kobayashi@example.com,ST01
4193,中村 大輔,daisuke.nakamura@example.com,ST01
4194,小林 結衣,yui.kobayashi@example.com,ST02
4195,中村 陽菜,hina.nakamura@example.com,ST04
4196,山田 美咲,misaki.yamada@example.com,ST03
4197,吉田 結衣,yui.yoshida@example.com,ST03
4198,渡辺 大輔,daisuke.watanabe@example.com,ST02
4199,渡辺 太郎,taro.watanabe@example.com,ST01
4200,吉田 蓮,ren.yoshida@example.com,ST02
4201,渡辺 結衣,yui.watanabe@example.com,ST03
4202,小林 美咲,misaki.kobayashi@example.com,ST02
4203,田中 葵,aoi.tanaka@example.com,ST02
4204,鈴木 悠斗,yuto.suzuki@example.com,ST02
4205,中村 大輔,daisuke.nakamura@example.com,ST01
4206,高橋 大輔,daisuke.takahashi@example.com,ST01
4207,加藤 葵,aoi.kato@example.com,ST02
4208,中村 拓海,takumi.nakamura@example.com,ST03
4209,高橋 翔,sho.takahashi@example.com,ST04
4210,鈴木 翔,sho.suzuki@example.com,ST02
4211,山本 太郎,taro.yamamoto@example.com,ST01
4212,佐藤 彩花,ayaka.sato@example.com,ST04
4213,伊藤 蓮,ren.ito@example.com,ST01
4214,高橋 葵,aoi.takahashi@example.com,ST03
4215,中村 大輔,daisuke.nakamura@example.com,ST02
4216,加藤 太郎,taro.kato@example.com,ST04
4217,吉田 美咲,misaki.yoshida@example.com,ST02
4218,小林 拓海,takumi.kobayashi@example.com,ST02
4219,伊藤 翔,sho.ito@example.com,ST01
4220,田中 陽菜,hina.tanaka@example.com,ST01
4221,山本 翔,sho.yamamoto@example.com,ST02
4222,山本 美咲,misaki.yamamoto@example.com,ST02
4223,山本 拓海,takumi.yamamoto@example.com,ST03
4224,田中 美咲,misaki.tanaka@example.com,ST02
4225,中村 大輔,daisuke.nakamura@example.com,ST02
4226,小林 悠斗,yuto.kobayashi@example.com,ST01
4227,高橋 葵,aoi.takahashi@example.com,ST02
4228,山田 悠斗,yuto.yamada@example.com,ST01
4229,高橋 葵,aoi.takahashi@example.com,ST03
4230,小林 蓮,ren.kobayashi@example.com,ST02
4231,吉田 拓海,takumi.yoshida@example.com,ST01
4232,高橋 彩花,ayaka.takahashi@example.com,ST01
4233,中村 健太,kenta.nakamura@example.com,ST02
4234,小林 蓮,ren.kobayashi@example.com,ST01
4235,鈴木 太郎,taro.suzuki@example.com,ST04
4236,渡辺 悠斗,yuto.watanabe@example.com,ST02
4237,渡辺 大輔,daisuke.watanabe@example.com,ST03
4238,佐藤 結衣,yui.sato@example.com,ST04
4239,田中 健太,kenta.tanaka@example.com,ST01
4240,吉田 太郎,taro.yoshida@example.com,ST02
4241,小林 大輔,daisuke.kobayashi@example.com,ST03
4242,中村 太郎,taro.nakamura@example.com,ST03
4243,佐藤 翔,sho.sato@example.com,ST03
4244,中村 太郎,taro.nakamura@example.com,ST03
4245,加藤 大輔,daisuke.kato@example.com,ST02
4246,中村 拓海,takumi.nakamura@example.com,ST03
4247,高橋 彩花,ayaka.takahashi@example.com,ST01
4248,小林 蓮,ren.kobayashi@example.com,ST03
4249,鈴木 陽菜,hina.suzuki@example.com,ST04
4250,伊藤 翔,sho.ito@example.com,ST03
4251,吉田 拓海,takumi.yoshida@example.com,ST04
4252,加藤 太郎,taro.kato@example.com,ST03
4253,小林 彩花,ayaka.kobayashi@example.com,ST03
4254,渡辺 拓海,takumi.watanabe@example.com,ST03
4255,小林 彩花,ayaka.kobayashi@example.com,ST01
4256,小林 大輔,daisuke.kobayashi@example.com,ST02
4257,渡辺 美咲,misaki.watanabe@example.com,ST04
4258,吉田 陽菜,hina.yoshida@example.com,ST02
4259,山田 太郎,taro.yamada@example.com,ST01
4260,渡辺 美咲,misaki.watanabe@example.com,ST02
4261,中村 健太,kenta.nakamura@example.com,ST04
4262,高橋 悠斗,yuto.takahashi@example.com,ST04
4263,吉田 悠斗,yuto.yoshida@example.com,ST02
4264,山本 美咲,misaki.yamamoto@example.com,ST04
4265,山田 葵,aoi.yamada@example.com,ST02
4266,山田 蓮,ren.yamada@example.com,ST03
4267,高橋 美咲,misaki.takahashi@example.com,ST04
4268,加藤 悠斗,yuto.kato@example.com,ST04
4269,伊藤 太郎,taro.ito@example.com,ST02
4270,加藤 大輔,daisuke.kato@example.com,ST04
4271,吉田 大輔,daisuke.yoshida@example.com,ST01
4272,渡辺 大輔,daisuke.watanabe@example.com,ST04
4273,加藤 蓮,ren.kato@example.com,ST03
4274,鈴木 太郎,taro.suzuki@example.com,ST01
4275,加藤 美咲,misaki.kato@example.com,ST02
4276,小林 大輔,daisuke.kobayashi@example.com,ST01
4277,高橋 健太,kenta.takahashi@example.com,ST02
4278,中村 彩花,ayaka.nakamura@example.com,ST04
4279,佐藤 葵,aoi.sato@example.com,ST04
4280,小林 太郎,taro.kobayashi@example.com,ST01
4281,中村 拓海,takumi.nakamura@example.com,ST01
4282,加藤 太郎,taro.kato@example.com,ST01
4283,加藤 彩花,ayaka.kato@example.com,ST01
4284,渡辺 彩花,ayaka.watanabe@example.com,ST04
4285,山本 美咲,misaki.yamamoto@example.com,ST01
4286,吉田 拓海,takumi.yoshida@example.com,ST03
4287,中村 彩花,ayaka.nakamura@example.com,ST01
4288,加藤 大輔,daisuke.kato@example.com,ST02
4289,佐藤 翔,sho.sato@example.com,ST02
4290,鈴木 葵,aoi.suzuki@example.com,ST03
4291,伊藤 翔,sho.ito@example.com,ST04
4292,鈴木 彩花,ayaka.suzuki@example.com,ST03
4293,山田 悠斗,yuto.yamada@example.com,ST01
4294,加藤 彩花,ayaka.kato@example.com,ST04
4295,田中 蓮,ren.tanaka@example.com,ST04
4296,山田 健太,kenta.yamada@example.com,ST03
4297,高橋 美咲,misaki.takahashi@example.com,ST02
4298,吉田 陽菜,hina.yoshida@example.com,ST02
4299,田中 悠斗,yuto.tanaka@example.com,ST02
4300,吉田 太郎,taro.yoshida@example.com,ST02
4301,鈴木 大輔,daisuke.suzuki@example.com,ST02
4302,山本 陽菜,hina.yamamoto@example.com,ST03
4303,山田 美咲,misaki.yamada@example.com,ST03
4304,山本 拓海,takumi.yamamoto@example.com,ST01
4305,伊藤 翔,sho.ito@example.com,ST02
4306,加藤 翔,sho.kato@example.com,ST01
4307,中村 結衣,yui.nakamura@example.com,ST01
4308,山本 翔,sho.yamamoto@example.com,ST04
4309,吉田 葵,aoi.yoshida@example.com,ST04
4310,吉田 彩花,ayaka.yoshida@example.com,ST04
4311,山田 健太,kenta.yamada@example.com,ST03
4312,小林 拓海,takumi.kobayashi@example.com,ST01
4313,吉田 大輔,daisuke.yoshida@example.com,ST02
4314,吉田 大輔,daisuke.yoshida@example.com,ST02
4315,鈴木 美咲,misaki.suzuki@example.com,ST02
4316,佐藤 悠斗,yuto.sato@example.com,ST02
4317,吉田 悠斗,yuto.yoshida@example.com,ST02
4318,山田 大輔,daisuke.yamada@example.com,ST01
4319,中村 陽菜,hina.nakamura@example.com,ST02
4320,小林 拓海,takumi.kobayashi@example.com,ST04
4321,山本 葵,aoi.yamamoto@example.com,ST01
4322,渡辺 美咲,misaki.watanabe@example.com,ST04
4323,吉田 美咲,misaki.yoshida@example.com,ST04
4324,渡辺 翔,sho.watanabe@example.com,ST03
4325,山田 蓮,ren.yamada@example.com,ST01
4326,佐藤 陽菜,hina.sato@example.com,ST01
4327,中村 悠斗,yuto.nakamura@example.com,ST04
4328,高橋 大輔,daisuke.takahashi@example.com,ST03
4329,中村 蓮,ren.nakamura@example.com,ST01
4330,中村 結衣,yui.nakamura@example.com,ST03
4331,高橋 大輔,daisuke.takahashi@example.com,ST04
4332,伊藤 彩花,ayaka.ito@example.com,ST03
4333,田中 葵,aoi.tanaka@example.com,ST03
4334,渡辺 翔,sho.watanabe@example.com,ST01
4335,中村 健太,kenta.nakamura@example.com,ST02
4336,佐藤 健太,kenta.sato@example.com,ST02
4337,吉田 美咲,misaki.yoshida@example.com,ST01
4338,鈴木 彩花,ayaka.suzuki@example.com,ST04
4339,鈴木 蓮,ren.suzuki@example.com,ST02
4340,伊藤 太郎,taro.ito@example.com,ST01
4341,高橋 蓮,ren.takahashi@example.com,ST01
4342,山田 陽菜,hina.yamada@example.com,ST04
4343,山本 陽菜,hina.yamamoto@example.com,ST01
4344,高橋 太郎,taro.takahashi@example.com,ST04
4345,鈴木 陽菜,hina.suzuki@example.com,ST04
4346,鈴木 結衣,yui.suzuki@example.com,ST04
4347,山田 葵,aoi.yamada@example.com,ST03
4348,渡辺 太郎,taro.watanabe@example.com,ST02
4349,吉田 結衣,yui.yoshida@example.com,ST01
4350,田中 美咲,misaki.tanaka@example.com,ST04
4351,伊藤 美咲,misaki.ito@example.com,ST03
4352,吉田 健太,kenta.yoshida@example.com,ST02
4353,山田 太郎,taro.yamada@example.com,ST04
4354,小林 翔,sho.kobayashi@example.com,ST02
4355,加藤 蓮,ren.kato@example.com,ST04
4356,佐藤 彩花,ayaka.sato@example.com,ST02
4357,山田 大輔,daisuke.yamada@example.com,ST04
4358,鈴木 太郎,taro.suzuki@example.com,ST01
4359,吉田 翔,sho.yoshida@example.com,ST01
4360,山田 太郎,taro.yamada@example.com,ST04
4361,小林 拓海,takumi.kobayashi@example.com,ST02
4362,吉田 結衣,yui.yoshida@example.com,ST03
4363,小林 悠斗,yuto.kobayashi@example.com,ST01
4364,田中 結衣,yui.tanaka@example.com,ST03
4365,高橋 健太,kenta.takahashi@example.com,ST04
4366,高橋 悠斗,yuto.takahashi@example.com,ST01
4367,山田 蓮,ren.yamada@example.com,ST02
4368,伊藤 陽菜,hina.ito@example.com,ST04
4369,山本 美咲,misaki.yamamoto@example.com,ST01
4370,渡辺 葵,aoi.watanabe@example.com,ST01
4371,山本 結衣,yui.yamamoto@example.com,ST04
4372,中村 大輔,daisuke.nakamura@example.com,ST02
4373,中村 太郎,taro.nakamura@example.com,ST03
4374,高橋 葵,aoi.takahashi@example.com,ST04
4375,加藤 結衣,yui.kato@example.com,ST01
4376,吉田 大輔,daisuke.yoshida@example.com,ST02
4377,吉田 陽菜,hina.yoshida@example.com,ST02
4378,鈴木 太郎,taro.suzuki@example.com,ST03
4379,佐藤 太郎,taro.sato@example.com,ST02
4380,高橋 葵,aoi.takahashi@example.com,ST01
4381,中村 結衣,yui.nakamura@example.com,ST03
4382,伊藤 陽菜,hina.ito@example.com,ST04
4383,伊藤 彩花,ayaka.ito@example.com,ST04
4384,中村 翔,sho.nakamura@example.com,ST01
4385,中村 美咲,misaki.nakamura@example.com,ST03
4386,加藤 翔,sho.kato@example.com,ST02
4387,鈴木 悠斗,yuto.suzuki@example.com,ST02
4388,田中 彩花,ayaka.tanaka@example.com,ST03
4389,渡辺 蓮,ren.watanabe@example.com,ST03
4390,山田 拓海,takumi.yamada@example.com,ST03
4391,伊藤 陽菜,hina.ito@example.com,ST01
4392,小林 陽菜,hina.kobayashi@example.com,ST02
4393,中村 陽菜,hina.nakamura@example.com,ST04
4394,小林 大輔,daisuke.kobayashi@example.com,ST03
4395,渡辺 太郎,taro.watanabe@example.com,ST01
4396,山本 翔,sho.yamamoto@example.com,ST03
4397,高橋 葵,aoi.takahashi@example.com,ST01
4398,加藤 蓮,ren.kato@example.com,ST02
4399,吉田 美咲,misaki.yoshida@example.com,ST01
4400,田中 彩花,ayaka.tanaka@example.com,ST01
4401,渡辺 健太,kenta.watanabe@example.com,ST03
4402,田中 健太,kenta.tanaka@example.com,ST03
4403,中村 結衣,yui.nakamura@example.com,ST02
4404,山田 陽菜,hina.yamada@example.com,ST01
4405,加藤 健太,kenta.kato@example.com,ST02
4406,中村 太郎,taro.nakamura@example.com,ST04
4407,中村 陽菜,hina.nakamura@example.com,ST02
4408,高橋 結衣,yui.takahashi@example.com,ST02
4409,中村 美咲,misaki.nakamura@example.com,ST04
4410,高橋 陽菜,hina.takahashi@example.com,ST03
4411,山田 翔,sho.yamada@example.com,ST03
4412,山田 美咲,misaki.yamada@example.com,ST04
4413,佐藤 健太,kenta.sato@example.com,ST02
4414,加藤 結衣,yui.kato@example.com,ST04
4415,加藤 彩花,ayaka.kato@example.com,ST02
4416,高橋 悠斗,yuto.takahashi@example.com,ST02
4417,山田 悠斗,yuto.yamada@example.com,ST01
4418,加藤 悠斗,yuto.kato@example.com,ST04
4419,小林 悠斗,yuto.kobayashi@example.com,ST02
4420,山本 彩花,ayaka.yamamoto@example.com,ST04
4421,渡辺 葵,aoi.watanabe@example.com,ST01
4422,鈴木 健太,kenta.suzuki@example.com,ST01
4423,加藤 太郎,taro.kato@example.com,ST01
4424,山本 結衣,yui.yamamoto@example.com,ST04
4425,高橋 美咲,misaki.takahashi@example.com,ST01
4426,鈴木 蓮,ren.suzuki@example.com,ST01
4427,佐藤 陽菜,hina.sato@example.com,ST01
4428,高橋 美咲,misaki.takahashi@example.com,ST02
4429,佐藤 太郎,taro.sato@example.com,ST04
4430,渡辺 健太,kenta.watanabe@example.com,ST02
4431,鈴木 美咲,misaki.suzuki@example.com,ST01
4432,田中 翔,sho.tanaka@example.com,ST01
4433,渡辺 葵,aoi.watanabe@example.com,ST01
4434,山田 結衣,yui.yamada@example.com,ST01
4435,山本 大輔,daisuke.yamamoto@example.com,ST04
4436,山本 陽菜,hina.yamamoto@example.com,ST01
4437,山本 健太,kenta.yamamoto@example.com,ST01
4438,鈴木 大輔,daisuke.suzuki@example.com,ST04
4439,山田 蓮,ren.yamada@example.com,ST01
4440,渡辺 蓮,ren.watanabe@example.com,ST03
4441,小林 翔,sho.kobayashi@example.com,ST02
4442,吉田 蓮,ren.yoshida@example.com,ST02
4443,山本 拓海,takumi.yamamoto@example.com,ST01
4444,佐藤 蓮,ren.sato@example.com,ST03
4445,鈴木 太郎,taro.suzuki@example.com,ST03
4446,加藤 陽菜,hina.kato@example.com,ST03
4447,山本 大輔,daisuke.yamamoto@example.com,ST03
4448,加藤 悠斗,yuto.kato@example.com,ST04
4449,田中 翔,sho.tanaka@example.com,ST03
4450,山田 拓海,takumi.yamada@example.com,ST04
4451,吉田 拓海,takumi.yoshida@example.com,ST04
4452,山田 大輔,daisuke.yamada@example.com,ST02
4453,鈴木 美咲,misaki.suzuki@example.com,ST02
4454,高橋 大輔,daisuke.takahashi@example.com,ST02
4455,中村 悠斗,yuto.nakamura@example.com,ST04
4456,渡辺 悠斗,yuto.watanabe@example.com,ST03
4457,田中 大輔,daisuke.tanaka@example.com,ST04
4458,中村 陽菜,hina.nakamura@example.com,ST02
4459,鈴木 美咲,misaki.suzuki@example.com,ST01
4460,山田 太郎,taro.yamada@example.com,ST01
4461,鈴木 陽菜,hina.suzuki@example.com,ST01
4462,鈴木 葵,aoi.suzuki@example.com,ST02
4463,佐藤 美咲,misaki.sato@example.com,ST04
4464,吉田 蓮,ren.yoshida@example.com,ST02
4465,渡辺 悠斗,yuto.watanabe@example.com,ST01
4466,山田 太郎,taro.yamada@example.com,ST03
4467,中村 美咲,misaki.nakamura@example.com,ST02
4468,中村 美咲,misaki.nakamura@example.com,ST04
4469,山本 翔,sho.yamamoto@example.com,ST03
4470,中村 大輔,daisuke.nakamura@example.com,ST02
4471,山田 陽菜,hina.yamada@example.com,ST03
4472,鈴木 健太,kenta.suzuki@example.com,ST01
4473,中村 蓮,ren.nakamura@example.com,ST04
4474,吉田 拓海,takumi.yoshida@example.com,ST03
4475,吉田 蓮,ren.yoshida@example.com,ST01
4476,山本 健太,kenta.yamamoto@example.com,ST02
4477,山本 結衣,yui.yamamoto@example.com,ST03
4478,山田 翔,sho.yamada@example.com,ST03
4479,山田 蓮,ren.yamada@example.com,ST04
4480,山田 陽菜,hina.yamada@example.com,ST02
4481,山田 健太,kenta.yamada@example.com,ST01
4482,渡辺 拓海,takumi.watanabe@example.com,ST02
4483,佐藤 彩花,ayaka.sato@example.com,ST01
4484,山本 拓海,takumi.yamamoto@example.com,ST04
4485,佐藤 美咲,misaki.sato@example.com,ST04
4486,中村 悠斗,yuto.nakamura@example.com,ST03
4487,佐藤 健太,kenta.sato@example.com,ST04
4488,山本 結衣,yui.yamamoto@example.com,ST02
4489,吉田 葵,aoi.yoshida@example.com,ST02
4490,山本 太郎,taro.yamamoto@example.com,ST03
4491,吉田 陽菜,hina.yoshida@example.com,ST03
4492,小林 大輔,daisuke.kobayashi@example.com,ST03
4493,田中 拓海,takumi.tanaka@example.com,ST03
4494,佐藤 太郎,taro.sato@example.com,ST02
4495,吉田 拓海,takumi.yoshida@example.com,ST03
4496,高橋 大輔,daisuke.takahashi@example.com,ST01
4497,小林 翔,sho.kobayashi@example.com,ST01
4498,吉田 健太,kenta.yoshida@example.com,ST03
4499,中村 葵,aoi.nakamura@example.com,ST01
4500,伊藤 翔,sho.ito@example.com,ST01
4501,山田 彩花,ayaka.yamada@example.com,ST01
4502,小林 結衣,yui.kobayashi@example.com,ST01
4503,加藤 拓海,takumi.kato@example.com,ST04
4504,伊藤 健太,kenta.ito@example.com,ST04
4505,佐藤 大輔,daisuke.sato@example.com,ST03
4506,佐藤 拓海,takumi.sato@example.com,ST03
4507,小林 大輔,daisuke.kobayashi@example.com,ST01
4508,高橋 彩花,ayaka.takahashi@example.com,ST03
4509,中村 大輔,daisuke.nakamura@example.com,ST02
4510,鈴木 大輔,daisuke.suzuki@example.com,ST01
4511,伊藤 結衣,yui.ito@example.com,ST03
4512,小林 拓海,takumi.kobayashi@example.com,ST04
4513,佐藤 彩花,ayaka.sato@example.com,ST03
4514,山本 健太,kenta.yamamoto@example.com,ST02
4515,中村 葵,aoi.nakamura@example.com,ST01
4516,鈴木 彩花,ayaka.suzuki@example.com,ST03
4517,加藤 葵,aoi.kato@example.com,ST04
4518,山本 葵,aoi.yamamoto@example.com,ST02
4519,佐藤 陽菜,hina.sato@example.com,ST04
4520,山田 太郎,taro.yamada@example.com,ST04
4521,吉田 結衣,yui.yoshida@example.com,ST02
4522,中村 陽菜,hina.nakamura@example.com,ST01
4523,伊藤 彩花,ayaka.ito@example.com,ST02
4524,渡辺 健太,kenta.watanabe@example.com,ST04
4525,伊藤 彩花,ayaka.ito@example.com,ST01
4526,渡辺 翔,sho.watanabe@example.com,ST01
4527,佐藤 美咲,misaki.sato@example.com,ST01
4528,高橋 健太,kenta.takahashi@example.com,ST04
4529,鈴木 健太,kenta.suzuki@example.com,ST02
4530,山田 健太,kenta.yamada@example.com,ST03
4531,田中 翔,sho.tanaka@example.com,ST04
4532,伊藤 蓮,ren.ito@example.com,ST03
4533,田中 拓海,takumi.tanaka@example.com,ST04
4534,鈴木 結衣,yui.suzuki@example.com,ST03
4535,小林 彩花,ayaka.kobayashi@example.com,ST02
4536,小林 彩花,ayaka.kobayashi@example.com,ST04
4537,高橋 結衣,yui.takahashi@example.com,ST03
4538,渡辺 結衣,yui.watanabe@example.com,ST04
4539,渡辺 翔,sho.watanabe@example.com,ST04
4540,伊藤 陽菜,hina.ito@example.com,ST01
4541,小林 拓海,takumi.kobayashi@example.com,ST02
4542,佐藤 太郎,taro.sato@example.com,ST04
4543,渡辺 葵,aoi.watanabe@example.com,ST04
4544,鈴木 彩花,ayaka.suzuki@example.com,ST03
4545,山本 彩花,ayaka.yamamoto@example.com,ST01
4546,山田 彩花,ayaka.yamada@example.com,ST02
4547,加藤 翔,sho.kato@example.com,ST02
4548,高橋 健太,kenta.takahashi@example.com,ST02
4549,鈴木 彩花,ayaka.suzuki@example.com,ST01
4550,加藤 翔,sho.kato@example.com,ST02
4551,鈴木 太郎,taro.suzuki@example.com,ST03
4552,中村 拓海,takumi.nakamura@example.com,ST04
4553,加藤 結衣,yui.kato@example.com,ST04
4554,田中 太郎,taro.tanaka@example.com,ST02
4555,鈴木 健太,kenta.suzuki@example.com,ST03
4556,山田 葵,aoi.yamada@example.com,ST02
4557,渡辺 葵,aoi.watanabe@example.com,ST01
4558,小林 拓海,takumi.kobayashi@example.com,ST01
4559,吉田 大輔,daisuke.yoshida@example.com,ST01
4560,高橋 結衣,yui.takahashi@example.com,ST02
4561,佐藤 太郎,taro.sato@example.com,ST01
4562,田中 翔,sho.tanaka@example.com,ST04
4563,中村 結衣,yui.nakamura@example.com,ST03
4564,鈴木 葵,aoi.suzuki@example.com,ST04
4565,加藤 結衣,yui.kato@example.com,ST04
4566,田中 彩花,ayaka.tanaka@example.com,ST02
4567,伊藤 美咲,misaki.ito@example.com,ST04
4568,田中 健太,kenta.tanaka@example.com,ST04
4569,鈴木 健太,kenta.suzuki@example.com,ST01
4570,渡辺 彩花,ayaka.watanabe@example.com,ST02
4571,吉田 健太,kenta.yoshida@example.com,ST04
4572,吉田 陽菜,hina.yoshida@example.com,ST02
4573,吉田 健太,kenta.yoshida@example.com,ST01
4574,小林 陽菜,hina.kobayashi@example.com,ST04
4575,高橋 蓮,ren.takahashi@example.com,ST02
4576,中村 葵,aoi.nakamura@example.com,ST02
4577,加藤 健太,kenta.kato@example.com,ST04
4578,加藤 葵,aoi.kato@example.com,ST01
4579,中村 拓海,takumi.nakamura@example.com,ST03
4580,高橋 彩花,ayaka.takahashi@example.com,ST04
4581,加藤 大輔,daisuke.kato@example.com,ST01
4582,中村 健太,kenta.nakamura@example.com,ST02
4583,山本 陽菜,hina.yamamoto@example.com,ST04
4584,渡辺 葵,aoi.watanabe@example.com,ST04
4585,加藤 太郎,taro.kato@example.com,ST01
4586,山本 蓮,ren.yamamoto@example.com,ST03
4587,田中 太郎,taro.tanaka@example.com,ST03
4588,佐藤 太郎,taro.sato@example.com,ST03
4589,佐藤 陽菜,hina.sato@example.com,ST03
4590,鈴木 大輔,daisuke.suzuki@example.com,ST02
4591,鈴木 美咲,misaki.suzuki@example.com,ST01
4592,佐藤 悠斗,yuto.sato@example.com,ST04
4593,佐藤 太郎,taro.sato@example.com,ST04
4594,渡辺 葵,aoi.watanabe@example.com,ST03
4595,加藤 蓮,ren.kato@example.com,ST02
4596,伊藤 陽菜,hina.ito@example.com,ST02
4597,田中 葵,aoi.tanaka@example.com,ST02
4598,加藤 蓮,ren.kato@example.com,ST04
4599,加藤 健太,kenta.kato@example.com,ST04
4600,小林 美咲,misaki.kobayashi@example.com,ST04
4601,山本 大輔,daisuke.yamamoto@example.com,ST04
4602,高橋 結衣,yui.takahashi@example.com,ST01
4603,渡辺 陽菜,hina.watanabe@example.com,ST03
4604,吉田 葵,aoi.yoshida@example.com,ST03
4605,中村 葵,aoi.nakamura@example.com,ST01
4606,山田 大輔,daisuke.yamada@example.com,ST03
4607,山田 結衣,yui.yamada@example.com,ST02
4608,加藤 蓮,ren.kato@example.com,ST03
4609,吉田 葵,aoi.yoshida@example.com,ST04
4610,加藤 拓海,takumi.kato@example.com,ST04
4611,山田 陽菜,hina.yamada@example.com,ST04
4612,伊藤 翔,sho.ito@example.com,ST02
4613,佐藤 拓海,takumi.sato@example.com,ST01
4614,佐藤 拓海,takumi.sato@example.com,ST03
4615,渡辺 結衣,yui.watanabe@example.com,ST03
4616,山田 結衣,yui.yamada@example.com,ST02
4617,鈴木 悠斗,yuto.suzuki@example.com,ST02
4618,伊藤 太郎,taro.ito@example.com,ST02
4619,小林 太郎,taro.kobayashi@example.com,ST03
4620,高橋 葵,aoi.takahashi@example.com,ST02
4621,山本 蓮,ren.yamamoto@example.com,ST03
4622,鈴木 翔,sho.suzuki@example.com,ST04
4623,田中 彩花,ayaka.tanaka@example.com,ST02
4624,吉田 悠斗,yuto.yoshida@example.com,ST02
4625,加藤 大輔,daisuke.kato@example.com,ST03
4626,小林 拓海,takumi.kobayashi@example.com,ST03
4627,加藤 太郎,taro.kato@example.com,ST03
4628,中村 翔,sho.nakamura@example.com,ST04
4629,中村 蓮,ren.nakamura@example.com,ST01
4630,佐藤 蓮,ren.sato@example.com,ST04
4631,佐藤 陽菜,hina.sato@example.com,ST01
4632,小林 悠斗,yuto.kobayashi@example.com,ST01
4633,山田 拓海,takumi.yamada@example.com,ST01
4634,高橋 拓海,takumi.takahashi@example.com,ST03
4635,渡辺 拓海,takumi.watanabe@example.com,ST02
4636,伊藤 蓮,ren.ito@example.com,ST01
4637,田中 葵,aoi.tanaka@example.com,ST04
4638,佐藤 彩花,ayaka.sato@example.com,ST03
4639,鈴木 彩花,ayaka.suzuki@example.com,ST03
4640,吉田 葵,aoi.yoshida@example.com,ST02
4641,山本 葵,aoi.yamamoto@example.com,ST02
4642,伊藤 拓海,takumi.ito@example.com,ST02
4643,佐藤 悠斗,yuto.sato@example.com,ST02
4644,吉田 彩花,ayaka.yoshida@example.com,ST03
4645,渡辺 健太,kenta.watanabe@example.com,ST02
4646,加藤 結衣,yui.kato@example.com,ST01
4647,中村 美咲,misaki.nakamura@example.com,ST04
4648,田中 陽菜,hina.tanaka@example.com,ST01
4649,鈴木 翔,sho.suzuki@example.com,ST02
4650,田中 葵,aoi.tanaka@example.com,ST03
4651,高橋 美咲,misaki.takahashi@example.com,ST03
4652,佐藤 美咲,misaki.sato@example.com,ST04
4653,中村 拓海,takumi.nakamura@example.com,ST01
4654,中村 健太,kenta.nakamura@example.com,ST04
4655,小林 悠斗,yuto.kobayashi@example.com,ST03
4656,中村 悠斗,yuto.nakamura@example.com,ST02
4657,加藤 太郎,taro.kato@example.com,ST02
4658,伊藤 太郎,taro.ito@example.com,ST04
4659,伊藤 葵,aoi.ito@example.com,ST03
4660,高橋 健太,kenta.takahashi@example.com,ST04
4661,中村 美咲,misaki.nakamura@example.com,ST03
4662,小林 健太,kenta.kobayashi@example.com,ST02
4663,吉田 悠斗,yuto.yoshida@example.com,ST02
4664,中村 美咲,misaki.nakamura@example.com,ST01
4665,加藤 葵,aoi.kato@example.com,ST03
4666,渡辺 陽菜,hina.watanabe@example.com,ST01
4667,鈴木 結衣,yui.suzuki@example.com,ST04
4668,吉田 美咲,misaki.yoshida@example.com,ST02
4669,吉田 太郎,taro.yoshida@example.com,ST04
4670,鈴木 悠斗,yuto.suzuki@example.com,ST02
4671,吉田 健太,kenta.yoshida@example.com,ST01
4672,加藤 葵,aoi.kato@example.com,ST01
4673,中村 太郎,taro.nakamura@example.com,ST01
4674,小林 蓮,ren.kobayashi@example.com,ST02
4675,山田 拓海,takumi.yamada@example.com,ST01
4676,中村 翔,sho.nakamura@example.com,ST04
4677,加藤 翔,sho.kato@example.com,ST01
4678,佐藤 結衣,yui.sato@example.com,ST02
4679,山田 悠斗,yuto.yamada@example.com,ST03
4680,小林 悠斗,yuto.kobayashi@example.com,ST02
4681,山本 拓海,takumi.yamamoto@example.com,ST04
4682,佐藤 健太,kenta.sato@example.com,ST04
4683,山本 葵,aoi.yamamoto@example.com,ST03
4684,山本 結衣,yui.yamamoto@example.com,ST04
4685,山田 蓮,ren.yamada@example.com,ST04
4686,小林 健太,kenta.kobayashi@example.com,ST02
4687,山田 拓海,takumi.yamada@example.com,ST01
4688,山田 悠斗,yuto.yamada@example.com,ST04
4689,小林 美咲,misaki.kobayashi@example.com,ST02
4690,吉田 陽菜,hina.yoshida@example.com,ST02
4691,加藤 彩花,ayaka.kato@example.com,ST01
4692,山田 翔,sho.yamada@example.com,ST04
4693,加藤 陽菜,hina.kato@example.com,ST04
4694,加藤 陽菜,hina.kato@example.com,ST01
4695,吉田 陽菜,hina.yoshida@example.com,ST03
4696,加藤 翔,sho.kato@example.com,ST03
4697,渡辺 大輔,daisuke.watanabe@example.com,ST04
4698,田中 美咲,misaki.tanaka@example.com,ST03
4699,吉田 翔,sho.yoshida@example.com,ST03
4700,小林 大輔,daisuke.kobayashi@example.com,ST04
4701,加藤 健太,kenta.kato@example.com,ST04
4702,加藤 拓海,takumi.kato@example.com,ST01
4703,加藤 美咲,misaki.kato@example.com,ST04
4704,田中 彩花,ayaka.tanaka@example.com,ST04
4705,田中 大輔,daisuke.tanaka@example.com,ST04
4706,吉田 蓮,ren.yoshida@example.com,ST03
4707,佐藤 拓海,takumi.sato@example.com,ST04
4708,山田 蓮,ren.yamada@example.com,ST01
4709,吉田 彩花,ayaka.yoshida@example.com,ST02
4710,山田 健太,kenta.yamada@example.com,ST03
4711,山本 結衣,yui.yamamoto@example.com,ST01
4712,佐藤 結衣,yui.sato@example.com,ST01
4713,中村 太郎,taro.nakamura@example.com,ST04
4714,佐藤 葵,aoi.sato@example.com,ST01
4715,佐藤 結衣,yui.sato@example.com,ST02
4716,鈴木 彩花,ayaka.suzuki@example.com,ST03
4717,佐藤 葵,aoi.sato@example.com,ST02
4718,渡辺 拓海,takumi.watanabe@example.com,ST01
4719,渡辺 彩花,ayaka.watanabe@example.com,ST04
4720,吉田 太郎,taro.yoshida@example.com,ST03
4721,鈴木 葵,aoi.suzuki@example.com,ST03
4722,鈴木 葵,aoi.suzuki@example.com,ST01
4723,田中 陽菜,hina.tanaka@example.com,ST03
4724,高橋 健太,kenta.takahashi@example.com,ST01
4725,高橋 美咲,misaki.takahashi@example.com,ST03
4726,山本 彩花,ayaka.yamamoto@example.com,ST03
4727,山田 結衣,yui.yamada@example.com,ST04
4728,吉田 蓮,ren.yoshida@example.com,ST03
4729,渡辺 結衣,yui.watanabe@example.com,ST01
4730,渡辺 結衣,yui.watanabe@example.com,ST03
4731,加藤 拓海,takumi.kato@example.com,ST03
4732,中村 結衣,yui.nakamura@example.com,ST02
4733,田中 蓮,ren.tanaka@example.com,ST04
4734,佐藤 悠斗,yuto.sato@example.com,ST03
4735,田中 拓海,takumi.tanaka@example.com,ST03
4736,伊藤 美咲,misaki.ito@example.com,ST02
4737,小林 美咲,misaki.kobayashi@example.com,ST04
4738,加藤 美咲,misaki.kato@example.com,ST04
4739,山本 葵,aoi.yamamoto@example.com,ST01
4740,渡辺 陽菜,hina.watanabe@example.com,ST02
4741,田中 彩花,ayaka.tanaka@example.com,ST01
4742,山本 拓海,takumi.yamamoto@example.com,ST03
4743,山本 陽菜,hina.yamamoto@example.com,ST03
4744,小林 結衣,yui.kobayashi@example.com,ST02
4745,山田 彩花,ayaka.yamada@example.com,ST01
4746,高橋 翔,sho.takahashi@example.com,ST02
4747,加藤 拓海,takumi.kato@example.com,ST03
4748,鈴木 蓮,ren.suzuki@example.com,ST04
4749,小林 陽菜,hina.kobayashi@example.com,ST03
4750,山本 蓮,ren.yamamoto@example.com,ST02
4751,吉田 陽菜,hina.yoshida@example.com,ST02
4752,中村 陽菜,hina.nakamura@example.com,ST02
4753,吉田 美咲,misaki.yoshida@example.com,ST02
4754,山田 彩花,ayaka.yamada@example.com,ST01
4755,中村 蓮,ren.nakamura@example.com,ST04
4756,渡辺 太郎,taro.watanabe@example.com,ST02
4757,鈴木 翔,sho.suzuki@example.com,ST02
4758,山田 葵,aoi.yamada@example.com,ST04
4759,中村 拓海,takumi.nakamura@example.com,ST01
4760,小林 大輔,daisuke.kobayashi@example.com,ST04
4761,吉田 美咲,misaki.yoshida@example.com,ST02
4762,山本 陽菜,hina.yamamoto@example.com,ST01
4763,山田 美咲,misaki.yamada@example.com,ST03
4764,吉田 悠斗,yuto.yoshida@example.com,ST04
4765,中村 結衣,yui.nakamura@example.com,ST04
4766,渡辺 太郎,taro.watanabe@example.com,ST03
4767,小林 蓮,ren.kobayashi@example.com,ST03
4768,伊藤 結衣,yui.ito@example.com,ST02
4769,小林 悠斗,yuto.kobayashi@example.com,ST04
4770,渡辺 葵,aoi.watanabe@example.com,ST01
4771,高橋 悠斗,yuto.takahashi@example.com,ST02
4772,山田 翔,sho.yamada@example.com,ST01
4773,佐藤 健太,kenta.sato@example.com,ST03
4774,山本 太郎,taro.yamamoto@example.com,ST01
4775,鈴木 美咲,misaki.suzuki@example.com,ST02
4776,吉田 太郎,taro.yoshida@example.com,ST04
4777,小林 結衣,yui.kobayashi@example.com,ST02
4778,吉田 翔,sho.yoshida@example.com,ST01
4779,小林 翔,sho.kobayashi@example.com,ST04
4780,山田 彩花,ayaka.yamada@example.com,ST04
4781,小林 陽菜,hina.kobayashi@example.com,ST04
4782,小林 大輔,daisuke.kobayashi@example.com,ST02
4783,佐藤 陽菜,hina.sato@example.com,ST01
4784,伊藤 蓮,ren.ito@example.com,ST02
4785,佐藤 彩花,ayaka.sato@example.com,ST02
4786,小林 大輔,daisuke.kobayashi@example.com,ST04
4787,鈴木 彩花,ayaka.suzuki@example.com,ST01
4788,渡辺 悠斗,yuto.watanabe@example.com,ST01
4789,小林 結衣,yui.kobayashi@example.com,ST01
4790,山田 美咲,misaki.yamada@example.com,ST04
4791,山田 彩花,ayaka.yamada@example.com,ST02
4792,鈴木 美咲,misaki.suzuki@example.com,ST04
4793,渡辺 彩花,ayaka.watanabe@example.com,ST03
4794,小林 美咲,misaki.kobayashi@example.com,ST01
4795,吉田 葵,aoi.yoshida@example.com,ST04
4796,吉田 拓海,takumi.yoshida@example.com,ST04
4797,田中 美咲,misaki.tanaka@example.com,ST01
4798,田中 結衣,yui.tanaka@example.com,ST02
4799,伊藤 蓮,ren.ito@example.com,ST04
4800,伊藤 健太,kenta.ito@example.com,ST04
4801,佐藤 葵,aoi.sato@example.com,ST01
4802,中村 大輔,daisuke.nakamura@example.com,ST01
4803,伊藤 翔,sho.ito@example.com,ST03
4804,小林 蓮,ren.kobayashi@example.com,ST01
4805,田中 翔,sho.tanaka@example.com,ST02
4806,小林 美咲,misaki.kobayashi@example.com,ST02
4807,吉田 美咲,misaki.yoshida@example.com,ST02
4808,中村 彩花,ayaka.nakamura@example.com,ST02
4809,吉田 翔,sho.yoshida@example.com,ST04
4810,加藤 蓮,ren.kato@example.com,ST01
4811,高橋 太郎,taro.takahashi@example.com,ST03
4812,田中 葵,aoi.tanaka@example.com,ST03
4813,加藤 彩花,ayaka.kato@example.com,ST04
4814,伊藤 蓮,ren.ito@example.com,ST04
4815,高橋 悠斗,yuto.takahashi@example.com,ST03
4816,田中 美咲,misaki.tanaka@example.com,ST01
4817,小林 拓海,takumi.kobayashi@example.com,ST01
4818,中村 結衣,yui.nakamura@example.com,ST01
4819,山田 葵,aoi.yamada@example.com,ST02
4820,山本 健太,kenta.yamamoto@example.com,ST04
4821,高橋 拓海,takumi.takahashi@example.com,ST04
4822,高橋 彩花,ayaka.takahashi@example.com,ST04
4823,伊藤 彩花,ayaka.ito@example.com,ST04
4824,山本 悠斗,yuto.yamamoto@example.com,ST04
4825,加藤 健太,kenta.kato@example.com,ST04
4826,吉田 陽菜,hina.yoshida@example.com,ST03
4827,高橋 拓海,takumi.takahashi@example.com,ST01
4828,吉田 結衣,yui.yoshida@example.com,ST03
4829,伊藤 葵,aoi.ito@example.com,ST04
4830,小林 大輔,daisuke.kobayashi@example.com,ST04
4831,鈴木 太郎,taro.suzuki@example.com,ST03
4832,山本 彩花,ayaka.yamamoto@example.com,ST01
4833,中村 結衣,yui.nakamura@example.com,ST02
4834,山本 太郎,taro.yamamoto@example.com,ST03
4835,渡辺 陽菜,hina.watanabe@example.com,ST01
4836,小林 健太,kenta.kobayashi@example.com,ST03
4837,山本 美咲,misaki.yamamoto@example.com,ST04
4838,小林 彩花,ayaka.kobayashi@example.com,ST04
4839,山本 葵,aoi.yamamoto@example.com,ST02
4840,鈴木 翔,sho.suzuki@example.com,ST03
4841,山本 太郎,taro.yamamoto@example.com,ST01
4842,吉田 結衣,yui.yoshida@example.com,ST04
4843,高橋 健太,kenta.takahashi@example.com,ST03
4844,山本 結衣,yui.yamamoto@example.com,ST01
4845,加藤 美咲,misaki.kato@example.com,ST03
4846,中村 翔,sho.nakamura@example.com,ST01
4847,田中 結衣,yui.tanaka@example.com,ST04
4848,田中 葵,aoi.tanaka@example.com,ST02
4849,小林 美咲,misaki.kobayashi@example.com,ST04
4850,伊藤 拓海,takumi.ito@example.com,ST01
4851,山田 結衣,yui.yamada@example.com,ST02
4852,加藤 陽菜,hina.kato@example.com,ST04
4853,山田 健太,kenta.yamada@example.com,ST04
4854,山田 結衣,yui.yamada@example.com,ST04
4855,渡辺 陽菜,hina.watanabe@example.com,ST03
4856,佐藤 翔,sho.sato@example.com,ST01
4857,小林 陽菜,hina.kobayashi@example.com,ST03
4858,山田 美咲,misaki.yamada@example.com,ST01
4859,吉田 健太,kenta.yoshida@example.com,ST01
4860,吉田 美咲,misaki.yoshida@example.com,ST02
4861,高橋 陽菜,hina.takahashi@example.com,ST03
4862,中村 翔,sho.nakamura@example.com,ST02
4863,高橋 太郎,taro.takahashi@example.com,ST04
4864,鈴木 美咲,misaki.suzuki@example.com,ST04
4865,鈴木 悠斗,yuto.suzuki@example.com,ST01
4866,高橋 蓮,ren.takahashi@example.com,ST04
4867,伊藤 拓海,takumi.ito@example.com,ST02
4868,伊藤 大輔,daisuke.ito@example.com,ST04
4869,渡辺 翔,sho.watanabe@example.com,ST03
4870,鈴木 結衣,yui.suzuki@example.com,ST01
4871,渡辺 彩花,ayaka.watanabe@example.com,ST02
4872,鈴木 蓮,ren.suzuki@example.com,ST04
4873,佐藤 彩花,ayaka.sato@example.com,ST04
4874,小林 結衣,yui.kobayashi@example.com,ST01
4875,小林 大輔,daisuke.kobayashi@example.com,ST03
4876,鈴木 結衣,yui.suzuki@example.com,ST03
4877,佐藤 太郎,taro.sato@example.com,ST02
4878,中村 悠斗,yuto.nakamura@example.com,ST04
4879,小林 美咲,misaki.kobayashi@example.com,ST04
4880,中村 彩花,ayaka.nakamura@example.com,ST03
4881,中村 悠斗,yuto.nakamura@example.com,ST01
4882,吉田 美咲,misaki.yoshida@example.com,ST03
4883,中村 美咲,misaki.nakamura@example.com,ST04
4884,佐藤 太郎,taro.sato@example.com,ST01
4885,田中 悠斗,yuto.tanaka@example.com,ST04
4886,田中 陽菜,hina.tanaka@example.com,ST04
4887,小林 結衣,yui.kobayashi@example.com,ST03
4888,渡辺 陽菜,hina.watanabe@example.com,ST03
4889,中村 健太,kenta.nakamura@example.com,ST04
4890,渡辺 彩花,ayaka.watanabe@example.com,ST02
4891,小林 翔,sho.kobayashi@example.com,ST01
4892,渡辺 悠斗,yuto.watanabe@example.com,ST03
4893,小林 拓海,takumi.kobayashi@example.com,ST01
4894,鈴木 彩花,ayaka.suzuki@example.com,ST01
4895,加藤 蓮,ren.kato@example.com,ST03
4896,伊藤 太郎,taro.ito@example.com,ST03
4897,加藤 蓮,ren.kato@example.com,ST02
4898,山田 悠斗,yuto.yamada@example.com,ST04
4899,山田 大輔,daisuke.yamada@example.com,ST04
4900,中村 翔,sho.nakamura@example.com,ST02
4901,小林 太郎,taro.kobayashi@example.com,ST02
4902,伊藤 健太,kenta.ito@example.com,ST01
4903,田中 彩花,ayaka.tanaka@example.com,ST04
4904,小林 翔,sho.kobayashi@example.com,ST01
4905,山本 陽菜,hina.yamamoto@example.com,ST04
4906,小林 葵,aoi.kobayashi@example.com,ST03
4907,鈴木 悠斗,yuto.suzuki@example.com,ST01
4908,高橋 葵,aoi.takahashi@example.com,ST04
4909,小林 葵,aoi.kobayashi@example.com,ST04
4910,高橋 葵,aoi.takahashi@example.com,ST02
4911,山本 陽菜,hina.yamamoto@example.com,ST02
4912,吉田 太郎,taro.yoshida@example.com,ST03
4913,山田 悠斗,yuto.yamada@example.com,ST03
4914,中村 陽菜,hina.nakamura@example.com,ST03
4915,加藤 太郎,taro.kato@example.com,ST01
4916,鈴木 蓮,ren.suzuki@example.com,ST01
4917,小林 葵,aoi.kobayashi@example.com,ST01
4918,中村 太郎,taro.nakamura@example.com,ST02
4919,山田 結衣,yui.yamada@example.com,ST03
4920,渡辺 葵,aoi.watanabe@example.com,ST02
4921,伊藤 翔,sho.ito@example.com,ST02
4922,鈴木 悠斗,yuto.suzuki@example.com,ST01
4923,佐藤 拓海,takumi.sato@example.com,ST03
4924,加藤 翔,sho.kato@example.com,ST03
4925,中村 健太,kenta.nakamura@example.com,ST04
4926,吉田 翔,sho.yoshida@example.com,ST02
4927,田中 翔,sho.tanaka@example.com,ST04
4928,山田 彩花,ayaka.yamada@example.com,ST03
4929,田中 彩花,ayaka.tanaka@example.com,ST01
4930,加藤 葵,aoi.kato@example.com,ST03
4931,加藤 蓮,ren.kato@example.com,ST03
4932,山本 美咲,misaki.yamamoto@example.com,ST01
4933,加藤 彩花,ayaka.kato@example.com,ST04
4934,吉田 結衣,yui.yoshida@example.com,ST03
4935,山田 太郎,taro.yamada@example.com,ST03
4936,田中 翔,sho.tanaka@example.com,ST03
4937,中村 葵,aoi.nakamura@example.com,ST04
4938,中村 葵,aoi.nakamura@example.com,ST01
4939,渡辺 健太,kenta.watanabe@example.com,ST02
4940,渡辺 健太,kenta.watanabe@example.com,ST04
4941,山田 陽菜,hina.yamada@example.com,ST04
4942,山田 太郎,taro.yamada@example.com,ST03
4943,中村 悠斗,yuto.nakamura@example.com,ST01
4944,吉田 健太,kenta.yoshida@example.com,ST01
4945,中村 拓海,takumi.nakamura@example.com,ST04
4946,小林 彩花,ayaka.kobayashi@example.com,ST02
4947,加藤 彩花,ayaka.kato@example.com,ST04
4948,山本 結衣,yui.yamamoto@example.com,ST04
4949,高橋 健太,kenta.takahashi@example.com,ST04
4950,加藤 陽菜,hina.kato@example.com,ST03
4951,高橋 大輔,daisuke.takahashi@example.com,ST03
4952,加藤 悠斗,yuto.kato@example.com,ST02
4953,鈴木 健太,kenta.suzuki@example.com,ST04
4954,鈴木 陽菜,hina.suzuki@example.com,ST02
4955,渡辺 健太,kenta.watanabe@example.com,ST02
4956,加藤 悠斗,yuto.kato@example.com,ST01
4957,中村 結衣,yui.nakamura@example.com,ST01
4958,田中 蓮,ren.tanaka@example.com,ST04
4959,伊藤 陽菜,hina.ito@example.com,ST03
4960,渡辺 健太,kenta.watanabe@example.com,ST03
4961,渡辺 太郎,taro.watanabe@example.com,ST02
4962,小林 健太,kenta.kobayashi@example.com,ST03
4963,田中 陽菜,hina.tanaka@example.com,ST01
4964,加藤 葵,aoi.kato@example.com,ST01
4965,山本 太郎,taro.yamamoto@example.com,ST03
4966,加藤 翔,sho.kato@example.com,ST02
4967,中村 彩花,ayaka.nakamura@example.com,ST04
4968,山本 葵,aoi.yamamoto@example.com,ST03
4969,鈴木 拓海,takumi.suzuki@example.com,ST01
4970,小林 太郎,taro.kobayashi@example.com,ST01
4971,小林 陽菜,hina.kobayashi@example.com,ST03
4972,田中 蓮,ren.tanaka@example.com,ST04
4973,山田 陽菜,hina.yamada@example.com,ST03
4974,加藤 健太,kenta.kato@example.com,ST04
4975,鈴木 翔,sho.suzuki@example.com,ST04
4976,高橋 美咲,misaki.takahashi@example.com,ST03
4977,伊藤 拓海,takumi.ito@example.com,ST03
4978,渡辺 大輔,daisuke.watanabe@example.com,ST02
4979,渡辺 蓮,ren.watanabe@example.com,ST04
4980,中村 陽菜,hina.nakamura@example.com,ST03
4981,高橋 拓海,takumi.takahashi@example.com,ST04
4982,鈴木 蓮,ren.suzuki@example.com,ST03
4983,高橋 彩花,ayaka.takahashi@example.com,ST02
4984,山本 彩花,ayaka.yamamoto@example.com,ST02
4985,渡辺 彩花,ayaka.watanabe@example.com,ST01
4986,渡辺 翔,sho.watanabe@example.com,ST03
4987,高橋 蓮,ren.takahashi@example.com,ST02
4988,佐藤 太郎,taro.sato@example.com,ST02
4989,渡辺 翔,sho.watanabe@example.com,ST04
4990,加藤 結衣,yui.kato@example.com,ST04
4991,鈴木 蓮,ren.suzuki@example.com,ST02
4992,山田 結衣,yui.yamada@example.com,ST01
4993,佐藤 健太,kenta.sato@example.com,ST04
4994,高橋 陽菜,hina.takahashi@example.com,ST02
4995,伊藤 大輔,daisuke.ito@example.com,ST04
4996,吉田 翔,sho.yoshida@example.com,ST02
4997,吉田 拓海,takumi.yoshida@example.com,ST03
4998,高橋 美咲,misaki.takahashi@example.com,ST02
4999,高橋 悠斗,yuto.takahashi@example.com,ST01
5000,鈴木 美咲,misaki.suzuki@example.com,ST03
5001,佐藤 拓海,takumi.sato@example.com,ST02
5002,伊藤 太郎,taro.ito@example.com,ST02
5003,小林 翔,sho.kobayashi@example.com,ST01
5004,山田 拓海,takumi.yamada@example.com,ST03
5005,山田 結衣,yui.yamada@example.com,ST02
5006,鈴木 葵,aoi.suzuki@example.com,ST04
5007,山本 彩花,ayaka.yamamoto@example.com,ST01
5008,吉田 拓海,takumi.yoshida@example.com,ST01
5009,吉田 蓮,ren.yoshida@example.com,ST03
5010,山田 葵,aoi.yamada@example.com,ST04
5011,伊藤 葵,aoi.ito@example.com,ST04
5012,山本 健太,kenta.yamamoto@example.com,ST02
5013,伊藤 蓮,ren.ito@example.com,ST04
5014,伊藤 悠斗,yuto.ito@example.com,ST03
5015,高橋 翔,sho.takahashi@example.com,ST01
5016,吉田 拓海,takumi.yoshida@example.com,ST03
5017,小林 陽菜,hina.kobayashi@example.com,ST03
5018,渡辺 太郎,taro.watanabe@example.com,ST01
5019,伊藤 結衣,yui.ito@example.com,ST02
5020,佐藤 結衣,yui.sato@example.com,ST04
5021,加藤 拓海,takumi.kato@example.com,ST03
5022,山田 葵,aoi.yamada@example.com,ST03
5023,中村 結衣,yui.nakamura@example.com,ST04
5024,吉田 太郎,taro.yoshida@example.com,ST02
5025,小林 悠斗,yuto.kobayashi@example.com,ST02
5026,高橋 健太,kenta.takahashi@example.com,ST03
5027,中村 翔,sho.nakamura@example.com,ST03
5028,伊藤 翔,sho.ito@example.com,ST04
5029,高橋 太郎,taro.takahashi@example.com,ST02
5030,山本 拓海,takumi.yamamoto@example.com,ST01
5031,佐藤 健太,kenta.sato@example.com,ST03
5032,吉田 健太,kenta.yoshida@example.com,ST02
5033,鈴木 翔,sho.suzuki@example.com,ST04
5034,吉田 悠斗,yuto.yoshida@example.com,ST03
5035,高橋 彩花,ayaka.takahashi@example.com,ST04
5036,鈴木 彩花,ayaka.suzuki@example.com,ST04
5037,中村 拓海,takumi.nakamura@example.com,ST02
5038,山本 悠斗,yuto.yamamoto@example.com,ST01
5039,渡辺 健太,kenta.watanabe@example.com,ST01
5040,中村 健太,kenta.nakamura@example.com,ST03
5041,小林 拓海,takumi.kobayashi@example.com,ST01
5042,高橋 翔,sho.takahashi@example.com,ST04
5043,高橋 彩花,ayaka.takahashi@example.com,ST01
5044,加藤 悠斗,yuto.kato@example.com,ST03
5045,渡辺 翔,sho.watanabe@example.com,ST02
5046,加藤 葵,aoi.kato@example.com,ST03
5047,吉田 葵,aoi.yoshida@example.com,ST03
5048,渡辺 悠斗,yuto.watanabe@example.com,ST04
5049,吉田 拓海,takumi.yoshida@example.com,ST03
5050,小林 太郎,taro.kobayashi@example.com,ST03
5051,吉田 美咲,misaki.yoshida@example.com,ST04
5052,小林 美咲,misaki.kobayashi@example.com,ST01
5053,田中 葵,aoi.tanaka@example.com,ST01
5054,田中 蓮,ren.tanaka@example.com,ST02
5055,山田 葵,aoi.yamada@example.com,ST04
5056,吉田 健太,kenta.yoshida@example.com,ST02
5057,加藤 拓海,takumi.kato@example.com,ST02
5058,山田 結衣,yui.yamada@example.com,ST01
5059,高橋 悠斗,yuto.takahashi@example.com,ST01
5060,高橋 陽菜,hina.takahashi@example.com,ST03
5061,加藤 健太,kenta.kato@example.com,ST02
5062,鈴木 悠斗,yuto.suzuki@example.com,ST01
5063,加藤 健太,kenta.kato@example.com,ST04
5064,山田 大輔,daisuke.yamada@example.com,ST01
5065,鈴木 健太,kenta.suzuki@example.com,ST01
5066,高橋 大輔,daisuke.takahashi@example.com,ST02
5067,鈴木 蓮,ren.suzuki@example.com,ST02
5068,小林 健太,kenta.kobayashi@example.com,ST04
5069,佐藤 太郎,taro.sato@example.com,ST04
5070,山田 彩花,ayaka.yamada@example.com,ST04
5071,伊藤 太郎,taro.ito@example.com,ST04
5072,吉田 美咲,misaki.yoshida@example.com,ST02
5073,加藤 陽菜,hina.kato@example.com,ST02
5074,小林 太郎,taro.kobayashi@example.com,ST03
5075,田中 結衣,yui.tanaka@example.com,ST01
5076,伊藤 葵,aoi.ito@example.com,ST03
5077,小林 翔,sho.kobayashi@example.com,ST01
5078,伊藤 美咲,misaki.ito@example.com,ST04
5079,渡辺 太郎,taro.watanabe@example.com,ST01
5080,田中 健太,kenta.tanaka@example.com,ST03
5081,山田 美咲,misaki.yamada@example.com,ST04
5082,吉田 悠斗,yuto.yoshida@example.com,ST02
5083,中村 美咲,misaki.nakamura@example.com,ST04
5084,渡辺 彩花,ayaka.watanabe@example.com,ST03
5085,小林 結衣,yui.kobayashi@example.com,ST04
5086,渡辺 彩花,ayaka.watanabe@example.com,ST01
5087,山本 美咲,misaki.yamamoto@example.com,ST04
5088,吉田 翔,sho.yoshida@example.com,ST01
5089,渡辺 結衣,yui.watanabe@example.com,ST04
5090,高橋 陽菜,hina.takahashi@example.com,ST04
5091,鈴木 悠斗,yuto.suzuki@example.com,ST04
5092,小林 結衣,yui.kobayashi@example.com,ST04
5093,加藤 結衣,yui.kato@example.com,ST02
5094,高橋 彩花,ayaka.takahashi@example.com,ST02
5095,山田 翔,sho.yamada@example.com,ST02
5096,高橋 拓海,takumi.takahashi@example.com,ST04
5097,加藤 翔,sho.kato@example.com,ST03
5098,田中 結衣,yui.tanaka@example.com,ST04
5099,吉田 健太,kenta.yoshida@example.com,ST01
5100,渡辺 太郎,taro.watanabe@example.com,ST03
5101,山本 太郎,taro.yamamoto@example.com,ST04
5102,山本 葵,aoi.yamamoto@example.com,ST04
5103,渡辺 葵,aoi.watanabe@example.com,ST02
5104,加藤 悠斗,yuto.kato@example.com,ST04
5105,山田 美咲,misaki.yamada@example.com,ST01
5106,吉田 陽菜,hina.yoshida@example.com,ST03
5107,吉田 美咲,misaki.yoshida@example.com,ST02
5108,鈴木 大輔,daisuke.suzuki@example.com,ST03
5109,渡辺 大輔,daisuke.watanabe@example.com,ST02
5110,佐藤 太郎,taro.sato@example.com,ST04
5111,加藤 蓮,ren.kato@example.com,ST02
5112,伊藤 悠斗,yuto.ito@example.com,ST03
5113,田中 悠斗,yuto.tanaka@example.com,ST02
5114,伊藤 翔,sho.ito@example.com,ST03
5115,山田 悠斗,yuto.yamada@example.com,ST01
5116,佐藤 悠斗,yuto.sato@example.com,ST04
5117,高橋 葵,aoi.takahashi@example.com,ST04
5118,田中 彩花,ayaka.tanaka@example.com,ST03
5119,山本 結衣,yui.yamamoto@example.com,ST02
5120,鈴木 太郎,taro.suzuki@example.com,ST04
5121,高橋 翔,sho.takahashi@example.com,ST04
5122,鈴木 葵,aoi.suzuki@example.com,ST04
5123,加藤 葵,aoi.kato@example.com,ST03
5124,加藤 陽菜,hina.kato@example.com,ST03
5125,吉田 蓮,ren.yoshida@example.com,ST04
5126,山田 悠斗,yuto.yamada@example.com,ST01
5127,高橋 蓮,ren.takahashi@example.com,ST01
5128,高橋 美咲,misaki.takahashi@example.com,ST01
5129,渡辺 彩花,ayaka.watanabe@example.com,ST02
5130,山田 彩花,ayaka.yamada@example.com,ST04
5131,吉田 悠斗,yuto.yoshida@example.com,ST02
5132,中村 太郎,taro.nakamura@example.com,ST04
5133,鈴木 結衣,yui.suzuki@example.com,ST01
5134,小林 結衣,yui.kobayashi@example.com,ST04
5135,中村 美咲,misaki.nakamura@example.com,ST04
5136,中村 蓮,ren.nakamura@example.com,ST04
5137,伊藤 健太,kenta.ito@example.com,ST03
5138,加藤 大輔,daisuke.kato@example.com,ST04
5139,吉田 葵,aoi.yoshida@example.com,ST01
5140,高橋 葵,aoi.takahashi@example.com,ST03
5141,高橋 大輔,daisuke.takahashi@example.com,ST04
5142,伊藤 悠斗,yuto.ito@example.com,ST01
5143,田中 美咲,misaki.tanaka@example.com,ST03
5144,吉田 大輔,daisuke.yoshida@example.com,ST04
5145,佐藤 彩花,ayaka.sato@example.com,ST03
5146,高橋 蓮,ren.takahashi@example.com,ST03
5147,加藤 葵,aoi.kato@example.com,ST02
5148,吉田 太郎,taro.yoshida@example.com,ST04
5149,高橋 結衣,yui.takahashi@example.com,ST04
5150,吉田 健太,kenta.yoshida@example.com,ST01
5151,佐藤 美咲,misaki.sato@example.com,ST03
5152,佐藤 大輔,daisuke.sato@example.com,ST01
5153,伊藤 太郎,taro.ito@example.com,ST02
5154,渡辺 翔,sho.watanabe@example.com,ST01
5155,伊藤 陽菜,hina.ito@example.com,ST03
5156,佐藤 陽菜,hina.sato@example.com,ST02
5157,伊藤 美咲,misaki.ito@example.com,ST03
5158,加藤 拓海,takumi.kato@example.com,ST03
5159,高橋 太郎,taro.takahashi@example.com,ST02
5160,伊藤 葵,aoi.ito@example.com,ST02
5161,中村 彩花,ayaka.nakamura@example.com,ST04
5162,伊藤 蓮,ren.ito@example.com,ST03
5163,鈴木 蓮,ren.suzuki@example.com,ST03
5164,山本 大輔,daisuke.yamamoto@example.com,ST02
5165,田中 美咲,misaki.tanaka@example.com,ST02
5166,高橋 健太,kenta.takahashi@example.com,ST03
5167,伊藤 翔,sho.ito@example.com,ST02
5168,渡辺 大輔,daisuke.watanabe@example.com,ST04
5169,高橋 陽菜,hina.takahashi@example.com,ST03
5170,中村 葵,aoi.nakamura@example.com,ST02
5171,渡辺 陽菜,hina.watanabe@example.com,ST02
5172,小林 翔,sho.kobayashi@example.com,ST03
5173,山田 翔,sho.yamada@example.com,ST04
5174,山本 健太,kenta.yamamoto@example.com,ST02
5175,山田 拓海,takumi.yamada@example.com,ST04
5176,中村 翔,sho.nakamura@example.com,ST01
5177,伊藤 蓮,ren.ito@example.com,ST01
5178,伊藤 翔,sho.ito@example.com,ST04
5179,中村 彩花,ayaka.nakamura@example.com,ST02
5180,鈴木 太郎,taro.suzuki@example.com,ST01
5181,山田 太郎,taro.yamada@example.com,ST02
5182,伊藤 結衣,yui.ito@example.com,ST01
5183,加藤 健太,kenta.kato@example.com,ST03
5184,小林 拓海,takumi.kobayashi@example.com,ST02
5185,田中 大輔,daisuke.tanaka@example.com,ST02
5186,小林 彩花,ayaka.kobayashi@example.com,ST03
5187,吉田 陽菜,hina.yoshida@example.com,ST03
5188,山田 悠斗,yuto.yamada@example.com,ST04
5189,山田 葵,aoi.yamada@example.com,ST04
5190,小林 美咲,misaki.kobayashi@example.com,ST01
5191,田中 陽菜,hina.tanaka@example.com,ST01
5192,鈴木 陽菜,hina.suzuki@example.com,ST03
5193,山本 大輔,daisuke.yamamoto@example.com,ST01
5194,伊藤 拓海,takumi.ito@example.com,ST04
5195,田中 大輔,daisuke.tanaka@example.com,ST01
5196,高橋 拓海,takumi.takahashi@example.com,ST02
5197,伊藤 大輔,daisuke.ito@example.com,ST04
5198,渡辺 拓海,takumi.watanabe@example.com,ST02
5199,鈴木 悠斗,yuto.suzuki@example.com,ST01
5200,高橋 結衣,yui.takahashi@example.com,ST02
5201,小林 葵,aoi.kobayashi@example.com,ST04
5202,中村 美咲,misaki.nakamura@example.com,ST01
5203,吉田 葵,aoi.yoshida@example.com,ST04
5204,伊藤 健太,kenta.ito@example.com,ST02
5205,吉田 葵,aoi.yoshida@example.com,ST01
5206,高橋 健太,kenta.takahashi@example.com,ST01
5207,高橋 健太,kenta.takahashi@example.com,ST02
5208,吉田 太郎,taro.yoshida@example.com,ST01
5209,田中 蓮,ren.tanaka@example.com,ST03
5210,山本 陽菜,hina.yamamoto@example.com,ST02
5211,小林 結衣,yui.kobayashi@example.com,ST01
5212,山本 蓮,ren.yamamoto@example.com,ST02
5213,佐藤 美咲,misaki.sato@example.com,ST01
5214,中村 結衣,yui.nakamura@example.com,ST02
5215,田中 翔,sho.tanaka@example.com,ST02
5216,山田 悠斗,yuto.yamada@example.com,ST02
5217,渡辺 大輔,daisuke.watanabe@example.com,ST04
5218,加藤 彩花,ayaka.kato@example.com,ST02
5219,中村 悠斗,yuto.nakamura@example.com,ST03
5220,田中 陽菜,hina.tanaka@example.com,ST01
5221,伊藤 大輔,daisuke.ito@example.com,ST02
5222,鈴木 美咲,misaki.suzuki@example.com,ST02
5223,加藤 健太,kenta.kato@example.com,ST01
5224,田中 拓海,takumi.tanaka@example.com,ST01
5225,高橋 太郎,taro.takahashi@example.com,ST02
5226,中村 健太,kenta.nakamura@example.com,ST01
5227,中村 陽菜,hina.nakamura@example.com,ST03
5228,吉田 大輔,daisuke.yoshida@example.com,ST02
5229,加藤 葵,aoi.kato@example.com,ST01
5230,小林 蓮,ren.kobayashi@example.com,ST03
5231,高橋 悠斗,yuto.takahashi@example.com,ST01
5232,伊藤 葵,aoi.ito@example.com,ST02
5233,高橋 健太,kenta.takahashi@example.com,ST03
5234,伊藤 健太,kenta.ito@example.com,ST01
5235,山本 彩花,ayaka.yamamoto@example.com,ST01
5236,田中 拓海,takumi.tanaka@example.com,ST02
5237,伊藤 葵,aoi.ito@example.com,ST01
5238,吉田 翔,sho.yoshida@example.com,ST02
5239,山本 健太,kenta.yamamoto@example.com,ST04
5240,佐藤 彩花,ayaka.sato@example.com,ST03
5241,吉田 美咲,misaki.yoshida@example.com,ST04
5242,山本 結衣,yui.yamamoto@example.com,ST01
5243,伊藤 結衣,yui.ito@example.com,ST03
5244,小林 太郎,taro.kobayashi@example.com,ST03
5245,伊藤 翔,sho.ito@example.com,ST04
5246,伊藤 美咲,misaki.ito@example.com,ST01
5247,中村 太郎,taro.nakamura@example.com,ST04
5248,吉田 翔,sho.yoshida@example.com,ST01
5249,小林 悠斗,yuto.kobayashi@example.com,ST03
5250,吉田 健太,kenta.yoshida@example.com,ST01
5251,伊藤 蓮,ren.ito@example.com,ST02
5252,伊藤 悠斗,yuto.ito@example.com,ST03
5253,佐藤 大輔,daisuke.sato@example.com,ST02
5254,田中 葵,aoi.tanaka@example.com,ST01
5255,山田 大輔,daisuke.yamada@example.com,ST04
5256,鈴木 悠斗,yuto.suzuki@example.com,ST01
5257,高橋 太郎,taro.takahashi@example.com,ST04
5258,吉田 陽菜,hina.yoshida@example.com,ST04
5259,田中 太郎,taro.tanaka@example.com,ST02
5260,小林 陽菜,hina.kobayashi@example.com,ST04
5261,山本 葵,aoi.yamamoto@example.com,ST02
5262,田中 拓海,takumi.tanaka@example.com,ST03
5263,山田 健太,kenta.yamada@example.com,ST01
5264,小林 翔,sho.kobayashi@example.com,ST01
5265,佐藤 彩花,ayaka.sato@example.com,ST03
5266,伊藤 結衣,yui.ito@example.com,ST01
5267,山本 彩花,ayaka.yamamoto@example.com,ST02
5268,鈴木 結衣,yui.suzuki@example.com,ST03
5269,高橋 彩花,ayaka.takahashi@example.com,ST04
5270,高橋 美咲,misaki.takahashi@example.com,ST01
5271,山本 彩花,ayaka.yamamoto@example.com,ST01
5272,吉田 蓮,ren.yoshida@example.com,ST01
5273,田中 拓海,takumi.tanaka@example.com,ST02
5274,吉田 陽菜,hina.yoshida@example.com,ST04
5275,鈴木 美咲,misaki.suzuki@example.com,ST01
5276,渡辺 大輔,daisuke.watanabe@example.com,ST01
5277,伊藤 結衣,yui.ito@example.com,ST03
5278,鈴木 拓海,takumi.suzuki@example.com,ST04
5279,鈴木 翔,sho.suzuki@example.com,ST02
5280,中村 美咲,misaki.nakamura@example.com,ST02
5281,山田 葵,aoi.yamada@example.com,ST01
5282,山本 葵,aoi.yamamoto@example.com,ST01
5283,渡辺 美咲,misaki.watanabe@example.com,ST03
5284,加藤 結衣,yui.kato@example.com,ST02
5285,伊藤 美咲,misaki.ito@example.com,ST01
5286,中村 蓮,ren.nakamura@example.com,ST02
5287,佐藤 拓海,takumi.sato@example.com,ST01
5288,山田 蓮,ren.yamada@example.com,ST04
5289,渡辺 葵,aoi.watanabe@example.com,ST03
5290,渡辺 悠斗,yuto.watanabe@example.com,ST02
5291,山本 葵,aoi.yamamoto@example.com,ST03
5292,高橋 結衣,yui.takahashi@example.com,ST03
5293,渡辺 結衣,yui.watanabe@example.com,ST01
5294,山本 美咲,misaki.yamamoto@example.com,ST01
5295,吉田 葵,aoi.yoshida@example.com,ST01
5296,高橋 健太,kenta.takahashi@example.com,ST04
5297,田中 太郎,taro.tanaka@example.com,ST04
5298,山田 蓮,ren.yamada@example.com,ST03
5299,山田 陽菜,hina.yamada@example.com,ST02
5300,田中 蓮,ren.tanaka@example.com,ST04
5301,田中 彩花,ayaka.tanaka@example.com,ST03
5302,加藤 大輔,daisuke.kato@example.com,ST01
5303,佐藤 陽菜,hina.sato@example.com,ST04
5304,山本 蓮,ren.yamamoto@example.com,ST04
5305,小林 彩花,ayaka.kobayashi@example.com,ST04
5306,伊藤 美咲,misaki.ito@example.com,ST04
5307,山田 健太,kenta.yamada@example.com,ST02
5308,伊藤 美咲,misaki.ito@example.com,ST01
5309,吉田 翔,sho.yoshida@example.com,ST03
5310,山本 悠斗,yuto.yamamoto@example.com,ST04
5311,加藤 健太,kenta.kato@example.com,ST02
5312,渡辺 彩花,ayaka.watanabe@example.com,ST03
5313,小林 太郎,taro.kobayashi@example.com,ST02
5314,山本 太郎,taro.yamamoto@example.com,ST02
5315,田中 葵,aoi.tanaka@example.com,ST04
5316,山田 健太,kenta.yamada@example.com,ST01
5317,渡辺 陽菜,hina.watanabe@example.com,ST03
5318,伊藤 葵,aoi.ito@example.com,ST04
5319,伊藤 美咲,misaki.ito@example.com,ST02
5320,鈴木 翔,sho.suzuki@example.com,ST01
5321,高橋 大輔,daisuke.takahashi@example.com,ST04
5322,伊藤 葵,aoi.ito@example.com,ST01
5323,中村 陽菜,hina.nakamura@example.com,ST01
5324,渡辺 彩花,ayaka.watanabe@example.com,ST02
5325,伊藤 美咲,misaki.ito@example.com,ST03
5326,山田 悠斗,yuto.yamada@example.com,ST01
5327,吉田 葵,aoi.yoshida@example.com,ST04
5328,加藤 結衣,yui.kato@example.com,ST01
5329,山本 彩花,ayaka.yamamoto@example.com,ST04
5330,佐藤 太郎,taro.sato@example.com,ST04
5331,渡辺 健太,kenta.watanabe@example.com,ST01
5332,高橋 蓮,ren.takahashi@example.com,ST04
5333,吉田 健太,kenta.yoshida@example.com,ST02
5334,山田 太郎,taro.yamada@example.com,ST03
5335,伊藤 陽菜,hina.ito@example.com,ST03
5336,伊藤 翔,sho.ito@example.com,ST01
5337,田中 拓海,takumi.tanaka@example.com,ST02
5338,吉田 拓海,takumi.yoshida@example.com,ST03
5339,山本 美咲,misaki.yamamoto@example.com,ST01
5340,山田 翔,sho.yamada@example.com,ST01
5341,吉田 結衣,yui.yoshida@example.com,ST04
5342,山本 美咲,misaki.yamamoto@example.com,ST01
5343,加藤 陽菜,hina.kato@example.com,ST02
5344,山田 彩花,ayaka.yamada@example.com,ST02
5345,田中 大輔,daisuke.tanaka@example.com,ST01
5346,加藤 結衣,yui.kato@example.com,ST04
5347,吉田 結衣,yui.yoshida@example.com,ST03
5348,山田 美咲,misaki.yamada@example.com,ST04
5349,中村 蓮,ren.nakamura@example.com,ST01
5350,佐藤 翔,sho.sato@example.com,ST03
5351,渡辺 翔,sho.watanabe@example.com,ST01
5352,鈴木 悠斗,yuto.suzuki@example.com,ST04
5353,山田 翔,sho.yamada@example.com,ST04
5354,山田 拓海,takumi.yamada@example.com,ST03
5355,渡辺 結衣,yui.watanabe@example.com,ST04
5356,山本 蓮,ren.yamamoto@example.com,ST03
5357,渡辺 蓮,ren.watanabe@example.com,ST01
5358,中村 大輔,daisuke.nakamura@example.com,ST01
5359,高橋 健太,kenta.takahashi@example.com,ST02
5360,鈴木 蓮,ren.suzuki@example.com,ST02
5361,高橋 翔,sho.takahashi@example.com,ST03
5362,渡辺 蓮,ren.watanabe@example.com,ST02
5363,吉田 健太,kenta.yoshida@example.com,ST01
5364,中村 太郎,taro.nakamura@example.com,ST02
5365,伊藤 拓海,takumi.ito@example.com,ST01
5366,鈴木 大輔,daisuke.suzuki@example.com,ST03
5367,鈴木 陽菜,hina.suzuki@example.com,ST02
5368,加藤 美咲,misaki.kato@example.com,ST03
5369,田中 翔,sho.tanaka@example.com,ST04
5370,山田 翔,sho.yamada@example.com,ST02
5371,高橋 悠斗,yuto.takahashi@example.com,ST03
5372,佐藤 結衣,yui.sato@example.com,ST04
5373,吉田 彩花,ayaka.yoshida@example.com,ST01
5374,高橋 悠斗,yuto.takahashi@example.com,ST02
5375,伊藤 悠斗,yuto.ito@example.com,ST03
5376,吉田 健太,kenta.yoshida@example.com,ST04
5377,佐藤 拓海,takumi.sato@example.com,ST03
5378,吉田 拓海,takumi.yoshida@example.com,ST04
5379,吉田 太郎,taro.yoshida@example.com,ST03
5380,渡辺 大輔,daisuke.watanabe@example.com,ST02
5381,田中 葵,aoi.tanaka@example.com,ST02
5382,山本 太郎,taro.yamamoto@example.com,ST03
5383,吉田 太郎,taro.yoshida@example.com,ST03
5384,加藤 結衣,yui.kato@example.com,ST02
5385,鈴木 太郎,taro.suzuki@example.com,ST04
5386,山本 翔,sho.yamamoto@example.com,ST02
5387,山本 悠斗,yuto.yamamoto@example.com,ST02
5388,小林 結衣,yui.kobayashi@example.com,ST04
5389,伊藤 健太,kenta.ito@example.com,ST01
5390,渡辺 結衣,yui.watanabe@example.com,ST01
5391,中村 太郎,taro.nakamura@example.com,ST03
5392,田中 拓海,takumi.tanaka@example.com,ST04
5393,小林 結衣,yui.kobayashi@example.com,ST02
5394,加藤 悠斗,yuto.kato@example.com,ST04
5395,山本 大輔,daisuke.yamamoto@example.com,ST01
5396,鈴木 拓海,takumi.suzuki@example.com,ST01
5397,鈴木 陽菜,hina.suzuki@example.com,ST01
5398,田中 陽菜,hina.tanaka@example.com,ST02
5399,佐藤 翔,sho.sato@example.com,ST03
5400,鈴木 拓海,takumi.suzuki@example.com,ST04
5401,小林 葵,aoi.kobayashi@example.com,ST03
5402,中村 葵,aoi.nakamura@example.com,ST03
5403,田中 彩花,ayaka.tanaka@example.com,ST01
5404,吉田 美咲,misaki.yoshida@example.com,ST01
5405,佐藤 蓮,ren.sato@example.com,ST01
5406,渡辺 陽菜,hina.watanabe@example.com,ST03
5407,佐藤 陽菜,hina.sato@example.com,ST02
5408,渡辺 美咲,misaki.watanabe@example.com,ST02
5409,吉田 健太,kenta.yoshida@example.com,ST03
5410,吉田 陽菜,hina.yoshida@example.com,ST01
5411,小林 大輔,daisuke.kobayashi@example.com,ST04
5412,伊藤 蓮,ren.ito@example.com,ST04
5413,加藤 陽菜,hina.kato@example.com,ST04
5414,高橋 翔,sho.takahashi@example.com,ST04
5415,佐藤 太郎,taro.sato@example.com,ST01
5416,小林 陽菜,hina.kobayashi@example.com,ST03
5417,高橋 悠斗,yuto.takahashi@example.com,ST03
5418,吉田 悠斗,yuto.yoshida@example.com,ST02
5419,小林 拓海,takumi.kobayashi@example.com,ST04
5420,佐藤 大輔,daisuke.sato@example.com,ST01
5421,小林 陽菜,hina.kobayashi@example.com,ST04
5422,伊藤 美咲,misaki.ito@example.com,ST03
5423,山田 蓮,ren.yamada@example.com,ST02
5424,渡辺 陽菜,hina.watanabe@example.com,ST01
5425,田中 大輔,daisuke.tanaka@example.com,ST04
5426,高橋 彩花,ayaka.takahashi@example.com,ST04
5427,鈴木 拓海,takumi.suzuki@example.com,ST01
5428,渡辺 蓮,ren.watanabe@example.com,ST02
5429,鈴木 蓮,ren.suzuki@example.com,ST02
5430,高橋 美咲,misaki.takahashi@example.com,ST01
5431,吉田 蓮,ren.yoshida@example.com,ST02
5432,伊藤 拓海,takumi.ito@example.com,ST04
5433,高橋 大輔,daisuke.takahashi@example.com,ST03
5434,山本 陽菜,hina.yamamoto@example.com,ST03
5435,田中 拓海,takumi.tanaka@example.com,ST03
5436,佐藤 結衣,yui.sato@example.com,ST01
5437,山田 悠斗,yuto.yamada@example.com,ST01
5438,鈴木 蓮,ren.suzuki@example.com,ST03
5439,伊藤 美咲,misaki.ito@example.com,ST03
5440,山田 大輔,daisuke.yamada@example.com,ST04
5441,渡辺 彩花,ayaka.watanabe@example.com,ST04
5442,渡辺 陽菜,hina.watanabe@example.com,ST04
5443,田中 葵,aoi.tanaka@example.com,ST02
5444,山田 美咲,misaki.yamada@example.com,ST04
5445,中村 太郎,taro.nakamura@example.com,ST01
5446,吉田 悠斗,yuto.yoshida@example.com,ST04
5447,山田 陽菜,hina.yamada@example.com,ST01
5448,伊藤 葵,aoi.ito@example.com,ST02
5449,渡辺 蓮,ren.watanabe@example.com,ST03
5450,吉田 蓮,ren.yoshida@example.com,ST01
5451,渡辺 健太,kenta.watanabe@example.com,ST04
5452,吉田 葵,aoi.yoshida@example.com,ST03
5453,渡辺 健太,kenta.watanabe@example.com,ST02
5454,田中 蓮,ren.tanaka@example.com,ST03
5455,高橋 蓮,ren.takahashi@example.com,ST03
5456,中村 葵,aoi.nakamura@example.com,ST04
5457,中村 蓮,ren.nakamura@example.com,ST04
5458,中村 彩花,ayaka.nakamura@example.com,ST01
5459,山田 彩花,ayaka.yamada@example.com,ST01
5460,山田 大輔,daisuke.yamada@example.com,ST01
5461,伊藤 太郎,taro.ito@example.com,ST03
5462,高橋 健太,kenta.takahashi@example.com,ST04
5463,山本 結衣,yui.yamamoto@example.com,ST04
5464,高橋 悠斗,yuto.takahashi@example.com,ST03
5465,佐藤 翔,sho.sato@example.com,ST02
5466,吉田 蓮,ren.yoshida@example.com,ST01
5467,田中 拓海,takumi.tanaka@example.com,ST04
5468,中村 健太,kenta.nakamura@example.com,ST04
5469,山田 太郎,taro.yamada@example.com,ST02
5470,鈴木 蓮,ren.suzuki@example.com,ST03
5471,佐藤 陽菜,hina.sato@example.com,ST03
5472,鈴木 結衣,yui.suzuki@example.com,ST01
5473,高橋 葵,aoi.takahashi@example.com,ST02
5474,小林 葵,aoi.kobayashi@example.com,ST04
5475,佐藤 蓮,ren.sato@example.com,ST03
5476,山本 結衣,yui.yamamoto@example.com,ST04
5477,加藤 大輔,daisuke.kato@example.com,ST01
5478,田中 彩花,ayaka.tanaka@example.com,ST04
5479,中村 拓海,takumi.nakamura@example.com,ST02
5480,山田 太郎,taro.yamada@example.com,ST03
5481,田中 陽菜,hina.tanaka@example.com,ST03
5482,山本 太郎,taro.yamamoto@example.com,ST01
5483,加藤 太郎,taro.kato@example.com,ST01
5484,鈴木 美咲,misaki.suzuki@example.com,ST04
5485,渡辺 悠斗,yuto.watanabe@example.com,ST03
5486,高橋 悠斗,yuto.takahashi@example.com,ST01
5487,伊藤 拓海,takumi.ito@example.com,ST02
5488,中村 蓮,ren.nakamura@example.com,ST03
5489,伊藤 太郎,taro.ito@example.com,ST02
5490,鈴木 健太,kenta.suzuki@example.com,ST01
5491,中村 太郎,taro.nakamura@example.com,ST02
5492,田中 彩花,ayaka.tanaka@example.com,ST03
5493,中村 陽菜,hina.nakamura@example.com,ST03
5494,吉田 太郎,taro.yoshida@example.com,ST02
5495,鈴木 蓮,ren.suzuki@example.com,ST01
5496,渡辺 蓮,ren.watanabe@example.com,ST04
5497,鈴木 結衣,yui.suzuki@example.com,ST02
5498,渡辺 健太,kenta.watanabe@example.com,ST03
5499,山本 陽菜,hina.yamamoto@example.com,ST03
5500,渡辺 大輔,daisuke.watanabe@example.com,ST02
5501,小林 拓海,takumi.kobayashi@example.com,ST03
5502,中村 悠斗,yuto.nakamura@example.com,ST02
5503,加藤 蓮,ren.kato@example.com,ST02
5504,山田 翔,sho.yamada@example.com,ST02
5505,山田 葵,aoi.yamada@example.com,ST03
5506,山田 蓮,ren.yamada@example.com,ST02
5507,加藤 結衣,yui.kato@example.com,ST03
5508,中村 蓮,ren.nakamura@example.com,ST04
5509,佐藤 陽菜,hina.sato@example.com,ST02
5510,吉田 陽菜,hina.yoshida@example.com,ST04
5511,山本 結衣,yui.yamamoto@example.com,ST02
5512,吉田 蓮,ren.yoshida@example.com,ST03
5513,鈴木 美咲,misaki.suzuki@example.com,ST04
5514,佐藤 陽菜,hina.sato@example.com,ST02
5515,中村 陽菜,hina.nakamura@example.com,ST02
5516,山本 美咲,misaki.yamamoto@example.com,ST04
5517,鈴木 大輔,daisuke.suzuki@example.com,ST03
5518,伊藤 大輔,daisuke.ito@example.com,ST01
5519,佐藤 葵,aoi.sato@example.com,ST04
5520,加藤 蓮,ren.kato@example.com,ST03
5521,高橋 陽菜,hina.takahashi@example.com,ST03
5522,田中 太郎,taro.tanaka@example.com,ST02
5523,中村 陽菜,hina.nakamura@example.com,ST02
5524,中村 結衣,yui.nakamura@example.com,ST01
5525,田中 拓海,takumi.tanaka@example.com,ST02
5526,鈴木 健太,kenta.suzuki@example.com,ST04
5527,伊藤 結衣,yui.ito@example.com,ST01
5528,伊藤 蓮,ren.ito@example.com,ST03
5529,中村 翔,sho.nakamura@example.com,ST03
5530,鈴木 大輔,daisuke.suzuki@example.com,ST03
5531,渡辺 陽菜,hina.watanabe@example.com,ST01
5532,田中 蓮,ren.tanaka@example.com,ST04
5533,中村 翔,sho.nakamura@example.com,ST02
5534,田中 蓮,ren.tanaka@example.com,ST04
5535,山田 拓海,takumi.yamada@example.com,ST04
5536,伊藤 健太,kenta.ito@example.com,ST02
5537,佐藤 翔,sho.sato@example.com,ST02
5538,伊藤 大輔,daisuke.ito@example.com,ST04
5539,吉田 結衣,yui.yoshida@example.com,ST04
5540,田中 葵,aoi.tanaka@example.com,ST03
5541,山田 蓮,ren.yamada@example.com,ST03
5542,小林 結衣,yui.kobayashi@example.com,ST03
5543,佐藤 陽菜,hina.sato@example.com,ST03
5544,鈴木 翔,sho.suzuki@example.com,ST03
5545,高橋 太郎,taro.takahashi@example.com,ST02
5546,中村 葵,aoi.nakamura@example.com,ST04
5547,山田 翔,sho.yamada@example.com,ST01
5548,山田 悠斗,yuto.yamada@example.com,ST04
5549,吉田 結衣,yui.yoshida@example.com,ST03
5550,加藤 拓海,takumi.kato@example.com,ST02
5551,田中 拓海,takumi.tanaka@example.com,ST03
5552,佐藤 太郎,taro.sato@example.com,ST03
5553,佐藤 結衣,yui.sato@example.com,ST01
5554,佐藤 悠斗,yuto.sato@example.com,ST04
5555,山田 葵,aoi.yamada@example.com,ST01
5556,吉田 太郎,taro.yoshida@example.com,ST04
5557,山田 健太,kenta.yamada@example.com,ST04
5558,山田 大輔,daisuke.yamada@example.com,ST02
5559,中村 美咲,misaki.nakamura@example.com,ST02
5560,鈴木 結衣,yui.suzuki@example.com,ST04
5561,田中 翔,sho.tanaka@example.com,ST03
5562,田中 彩花,ayaka.tanaka@example.com,ST02
5563,山田 陽菜,hina.yamada@example.com,ST04
5564,小林 彩花,ayaka.kobayashi@example.com,ST01
5565,高橋 翔,sho.takahashi@example.com,ST04
5566,田中 大輔,daisuke.tanaka@example.com,ST04
5567,田中 美咲,misaki.tanaka@example.com,ST03
5568,田中 蓮,ren.tanaka@example.com,ST01
5569,吉田 健太,kenta.yoshida@example.com,ST03
5570,佐藤 大輔,daisuke.sato@example.com,ST03
5571,小林 太郎,taro.kobayashi@example.com,ST04
5572,小林 葵,aoi.kobayashi@example.com,ST03
5573,山田 大輔,daisuke.yamada@example.com,ST03
5574,高橋 結衣,yui.takahashi@example.com,ST01
5575,鈴木 大輔,daisuke.suzuki@example.com,ST01
5576,伊藤 悠斗,yuto.ito@example.com,ST03
5577,中村 悠斗,yuto.nakamura@example.com,ST01
5578,中村 結衣,yui.nakamura@example.com,ST03
5579,山本 彩花,ayaka.yamamoto@example.com,ST01
5580,中村 悠斗,yuto.nakamura@example.com,ST04
5581,加藤 彩花,ayaka.kato@example.com,ST03
5582,渡辺 健太,kenta.watanabe@example.com,ST03
5583,加藤 結衣,yui.kato@example.com,ST03
5584,田中 健太,kenta.tanaka@example.com,ST01
5585,佐藤 美咲,misaki.sato@example.com,ST04
5586,伊藤 太郎,taro.ito@example.com,ST03
5587,小林 翔,sho.kobayashi@example.com,ST02
5588,田中 彩花,ayaka.tanaka@example.com,ST04
5589,佐藤 彩花,ayaka.sato@example.com,ST01
5590,伊藤 結衣,yui.ito@example.com,ST03
5591,加藤 結衣,yui.kato@example.com,ST04
5592,佐藤 蓮,ren.sato@example.com,ST02
5593,山本 太郎,taro.yamamoto@example.com,ST03
5594,渡辺 悠斗,yuto.watanabe@example.com,ST04
5595,中村 葵,aoi.nakamura@example.com,ST04
5596,中村 健太,kenta.nakamura@example.com,ST03
5597,田中 悠斗,yuto.tanaka@example.com,ST01
5598,吉田 彩花,ayaka.yoshida@example.com,ST04
5599,佐藤 拓海,takumi.sato@example.com,ST01
5600,鈴木 結衣,yui.suzuki@example.com,ST01
5601,吉田 陽菜,hina.yoshida@example.com,ST01
5602,伊藤 翔,sho.ito@example.com,ST04
5603,田中 陽菜,hina.tanaka@example.com,ST03
5604,山田 美咲,misaki.yamada@example.com,ST04
5605,高橋 陽菜,hina.takahashi@example.com,ST03
5606,加藤 葵,aoi.kato@example.com,ST02
5607,高橋 拓海,takumi.takahashi@example.com,ST01
5608,吉田 彩花,ayaka.yoshida@example.com,ST01
5609,田中 蓮,ren.tanaka@example.com,ST03
5610,中村 陽菜,hina.nakamura@example.com,ST02
5611,鈴木 悠斗,yuto.suzuki@example.com,ST02
5612,渡辺 蓮,ren.watanabe@example.com,ST03
5613,山田 美咲,misaki.yamada@example.com,ST01
5614,佐藤 太郎,taro.sato@example.com,ST02
5615,小林 拓海,takumi.kobayashi@example.com,ST01
5616,加藤 結衣,yui.kato@example.com,ST03
5617,小林 結衣,yui.kobayashi@example.com,ST01
5618,鈴木 翔,sho.suzuki@example.com,ST03
5619,田中 葵,aoi.tanaka@example.com,ST01
5620,山本 太郎,taro.yamamoto@example.com,ST01
5621,吉田 結衣,yui.yoshida@example.com,ST02
5622,高橋 健太,kenta.takahashi@example.com,ST03
5623,高橋 彩花,ayaka.takahashi@example.com,ST01
5624,小林 悠斗,yuto.kobayashi@example.com,ST01
5625,山本 蓮,ren.yamamoto@example.com,ST02
5626,山本 蓮,ren.yamamoto@example.com,ST04
5627,田中 拓海,takumi.tanaka@example.com,ST04
5628,吉田 陽菜,hina.yoshida@example.com,ST04
5629,吉田 翔,sho.yoshida@example.com,ST02
5630,小林 大輔,daisuke.kobayashi@example.com,ST01
5631,渡辺 蓮,ren.watanabe@example.com,ST02
5632,伊藤 大輔,daisuke.ito@example.com,ST02
5633,吉田 太郎,taro.yoshida@example.com,ST02
5634,伊藤 拓海,takumi.ito@example.com,ST04
5635,田中 悠斗,yuto.tanaka@example.com,ST04
5636,伊藤 蓮,ren.ito@example.com,ST03
5637,渡辺 結衣,yui.watanabe@example.com,ST04
5638,佐藤 悠斗,yuto.sato@example.com,ST03
5639,伊藤 悠斗,yuto.ito@example.com,ST01
5640,鈴木 葵,aoi.suzuki@example.com,ST01
5641,佐藤 健太,kenta.sato@example.com,ST04
5642,小林 悠斗,yuto.kobayashi@example.com,ST02
5643,鈴木 陽菜,hina.suzuki@example.com,ST02
5644,山田 健太,kenta.yamada@example.com,ST01
5645,伊藤 葵,aoi.ito@example.com,ST01
5646,田中 悠斗,yuto.tanaka@example.com,ST02
5647,中村 葵,aoi.nakamura@example.com,ST02
5648,小林 蓮,ren.kobayashi@example.com,ST04
5649,中村 悠斗,yuto.nakamura@example.com,ST02
5650,山本 悠斗,yuto.yamamoto@example.com,ST01
5651,加藤 太郎,taro.kato@example.com,ST02
5652,小林 悠斗,yuto.kobayashi@example.com,ST01
5653,山田 蓮,ren.yamada@example.com,ST03
5654,鈴木 彩花,ayaka.suzuki@example.com,ST04
5655,佐藤 陽菜,hina.sato@example.com,ST01
5656,小林 美咲,misaki.kobayashi@example.com,ST01
5657,伊藤 結衣,yui.ito@example.com,ST04
5658,中村 拓海,takumi.nakamura@example.com,ST01
5659,山田 彩花,ayaka.yamada@example.com,ST01
5660,田中 悠斗,yuto.tanaka@example.com,ST04
5661,山本 彩花,ayaka.yamamoto@example.com,ST03
5662,渡辺 美咲,misaki.watanabe@example.com,ST01
5663,山本 大輔,daisuke.yamamoto@example.com,ST01
5664,渡辺 悠斗,yuto.watanabe@example.com,ST04
5665,佐藤 蓮,ren.sato@example.com,ST04
5666,山田 美咲,misaki.yamada@example.com,ST03
5667,伊藤 健太,kenta.ito@example.com,ST04
5668,田中 大輔,daisuke.tanaka@example.com,ST02
5669,小林 拓海,takumi.kobayashi@example.com,ST01
5670,佐藤 大輔,daisuke.sato@example.com,ST04
5671,佐藤 拓海,takumi.sato@example.com,ST03
5672,小林 蓮,ren.kobayashi@example.com,ST01
5673,田中 陽菜,hina.tanaka@example.com,ST02
5674,加藤 陽菜,hina.kato@example.com,ST04
5675,伊藤 大輔,daisuke.ito@example.com,ST02
5676,田中 大輔,daisuke.tanaka@example.com,ST01
5677,中村 悠斗,yuto.nakamura@example.com,ST04
5678,伊藤 拓海,takumi.ito@example.com,ST04
5679,渡辺 大輔,daisuke.watanabe@example.com,ST03
5680,田中 健太,kenta.tanaka@example.com,ST01
5681,山田 美咲,misaki.yamada@example.com,ST04
5682,伊藤 葵,aoi.ito@example.com,ST04
5683,高橋 美咲,misaki.takahashi@example.com,ST01
5684,中村 蓮,ren.nakamura@example.com,ST01
5685,鈴木 陽菜,hina.suzuki@example.com,ST04
5686,鈴木 葵,aoi.suzuki@example.com,ST03
5687,中村 美咲,misaki.nakamura@example.com,ST03
5688,中村 彩花,ayaka.nakamura@example.com,ST03
5689,伊藤 太郎,taro.ito@example.com,ST01
5690,渡辺 大輔,daisuke.watanabe@example.com,ST01
5691,山本 健太,kenta.yamamoto@example.com,ST03
5692,田中 大輔,daisuke.tanaka@example.com,ST04
5693,高橋 彩花,ayaka.takahashi@example.com,ST03
5694,小林 悠斗,yuto.kobayashi@example.com,ST04
5695,鈴木 彩花,ayaka.suzuki@example.com,ST02
5696,中村 結衣,yui.nakamura@example.com,ST01
5697,中村 健太,kenta.nakamura@example.com,ST03
5698,田中 大輔,daisuke.tanaka@example.com,ST04
5699,吉田 葵,aoi.yoshida@example.com,ST04
5700,伊藤 大輔,daisuke.ito@example.com,ST01
5701,佐藤 結衣,yui.sato@example.com,ST04
5702,山田 健太,kenta.yamada@example.com,ST02
5703,山本 彩花,ayaka.yamamoto@example.com,ST03
5704,山田 太郎,taro.yamada@example.com,ST02
5705,伊藤 太郎,taro.ito@example.com,ST04
5706,高橋 蓮,ren.takahashi@example.com,ST02
5707,山田 彩花,ayaka.yamada@example.com,ST02
5708,高橋 彩花,ayaka.takahashi@example.com,ST04
5709,小林 健太,kenta.kobayashi@example.com,ST02
5710,伊藤 大輔,daisuke.ito@example.com,ST03
5711,小林 大輔,daisuke.kobayashi@example.com,ST04
5712,鈴木 陽菜,hina.suzuki@example.com,ST02
5713,田中 健太,kenta.tanaka@example.com,ST04
5714,中村 陽菜,hina.nakamura@example.com,ST02
5715,鈴木 彩花,ayaka.suzuki@example.com,ST04
5716,山田 陽菜,hina.yamada@example.com,ST03
5717,高橋 蓮,ren.takahashi@example.com,ST03
5718,山田 翔,sho.yamada@example.com,ST03
5719,吉田 葵,aoi.yoshida@example.com,ST03
5720,佐藤 陽菜,hina.sato@example.com,ST02
5721,田中 悠斗,yuto.tanaka@example.com,ST01
5722,佐藤 葵,aoi.sato@example.com,ST03
5723,山本 拓海,takumi.yamamoto@example.com,ST01
5724,鈴木 悠斗,yuto.suzuki@example.com,ST02
5725,渡辺 結衣,yui.watanabe@example.com,ST01
5726,鈴木 翔,sho.suzuki@example.com,ST02
5727,山田 陽菜,hina.yamada@example.com,ST04
5728,山本 彩花,ayaka.yamamoto@example.com,ST02
5729,佐藤 彩花,ayaka.sato@example.com,ST01
5730,高橋 葵,aoi.takahashi@example.com,ST01
5731,高橋 結衣,yui.takahashi@example.com,ST02
5732,吉田 太郎,taro.yoshida@example.com,ST02
5733,伊藤 蓮,ren.ito@example.com,ST02
5734,高橋 蓮,ren.takahashi@example.com,ST03
5735,山本 健太,kenta.yamamoto@example.com,ST04
5736,田中 翔,sho.tanaka@example.com,ST01
5737,佐藤 悠斗,yuto.sato@example.com,ST03
5738,田中 蓮,ren.tanaka@example.com,ST03
5739,吉田 彩花,ayaka.yoshida@example.com,ST01
5740,田中 彩花,ayaka.tanaka@example.com,ST03
5741,小林 蓮,ren.kobayashi@example.com,ST02
5742,加藤 陽菜,hina.kato@example.com,ST02
5743,伊藤 陽菜,hina.ito@example.com,ST04
5744,鈴木 健太,kenta.suzuki@example.com,ST02
5745,田中 大輔,daisuke.tanaka@example.com,ST02
5746,小林 陽菜,hina.kobayashi@example.com,ST02
5747,加藤 葵,aoi.kato@example.com,ST03
5748,鈴木 蓮,ren.suzuki@example.com,ST04
5749,吉田 翔,sho.yoshida@example.com,ST02
5750,山田 美咲,misaki.yamada@example.com,ST01
5751,中村 美咲,misaki.nakamura@example.com,ST03
5752,山本 悠斗,yuto.yamamoto@example.com,ST02
5753,佐藤 結衣,yui.sato@example.com,ST04
5754,山田 翔,sho.yamada@example.com,ST01
5755,鈴木 蓮,ren.suzuki@example.com,ST02
5756,小林 悠斗,yuto.kobayashi@example.com,ST04
5757,鈴木 葵,aoi.suzuki@example.com,ST01
5758,伊藤 大輔,daisuke.ito@example.com,ST03
5759,加藤 葵,aoi.kato@example.com,ST04
5760,吉田 蓮,ren.yoshida@example.com,ST02
5761,鈴木 大輔,daisuke.suzuki@example.com,ST02
5762,加藤 拓海,takumi.kato@example.com,ST03
5763,吉田 翔,sho.yoshida@example.com,ST04
5764,田中 蓮,ren.tanaka@example.com,ST01
5765,高橋 健太,kenta.takahashi@example.com,ST04
5766,小林 太郎,taro.kobayashi@example.com,ST03
5767,加藤 拓海,takumi.kato@example.com,ST01
5768,吉田 翔,sho.yoshida@example.com,ST03
5769,山田 葵,aoi.yamada@example.com,ST03
5770,中村 健太,kenta.nakamura@example.com,ST02
5771,吉田 健太,kenta.yoshida@example.com,ST04
5772,伊藤 大輔,daisuke.ito@example.com,ST02
5773,小林 陽菜,hina.kobayashi@example.com,ST04
5774,加藤 太郎,taro.kato@example.com,ST03
5775,佐藤 陽菜,hina.sato@example.com,ST02
5776,佐藤 悠斗,yuto.sato@example.com,ST01
5777,中村 拓海,takumi.nakamura@example.com,ST03
5778,吉田 拓海,takumi.yoshida@example.com,ST02
5779,渡辺 太郎,taro.watanabe@example.com,ST03
5780,田中 拓海,takumi.tanaka@example.com,ST02
5781,高橋 太郎,taro.takahashi@example.com,ST01
5782,中村 健太,kenta.nakamura@example.com,ST04
5783,山田 悠斗,yuto.yamada@example.com,ST02
5784,吉田 太郎,taro.yoshida@example.com,ST03
5785,渡辺 大輔,daisuke.watanabe@example.com,ST01
5786,高橋 彩花,ayaka.takahashi@example.com,ST03
5787,鈴木 健太,kenta.suzuki@example.com,ST03
5788,田中 太郎,taro.tanaka@example.com,ST04
5789,高橋 健太,kenta.takahashi@example.com,ST02
5790,吉田 拓海,takumi.yoshida@example.com,ST03
5791,鈴木 美咲,misaki.suzuki@example.com,ST02
5792,加藤 太郎,taro.kato@example.com,ST04
5793,高橋 葵,aoi.takahashi@example.com,ST02
5794,高橋 健太,kenta.takahashi@example.com,ST01
5795,山田 大輔,daisuke.yamada@example.com,ST01
5796,吉田 蓮,ren.yoshida@example.com,ST01
5797,渡辺 太郎,taro.watanabe@example.com,ST03
5798,山田 葵,aoi.yamada@example.com,ST03
5799,中村 彩花,ayaka.nakamura@example.com,ST01
5800,高橋 拓海,takumi.takahashi@example.com,ST04
5801,山本 悠斗,yuto.yamamoto@example.com,ST03
5802,渡辺 悠斗,yuto.watanabe@example.com,ST01
5803,田中 太郎,taro.tanaka@example.com,ST01
5804,佐藤 結衣,yui.sato@example.com,ST03
5805,小林 彩花,ayaka.kobayashi@example.com,ST02
5806,中村 陽菜,hina.nakamura@example.com,ST02
5807,伊藤 拓海,takumi.ito@example.com,ST01
5808,渡辺 悠斗,yuto.watanabe@example.com,ST03
5809,高橋 美咲,misaki.takahashi@example.com,ST02
5810,田中 健太,kenta.tanaka@example.com,ST02
5811,高橋 拓海,takumi.takahashi@example.com,ST04
5812,加藤 陽菜,hina.kato@example.com,ST03
5813,渡辺 陽菜,hina.watanabe@example.com,ST01
5814,鈴木 翔,sho.suzuki@example.com,ST01
5815,山本 陽菜,hina.yamamoto@example.com,ST01
5816,鈴木 健太,kenta.suzuki@example.com,ST03
5817,田中 大輔,daisuke.tanaka@example.com,ST03
5818,山本 美咲,misaki.yamamoto@example.com,ST01
5819,鈴木 結衣,yui.suzuki@example.com,ST04
5820,吉田 翔,sho.yoshida@example.com,ST02
5821,吉田 蓮,ren.yoshida@example.com,ST01
5822,佐藤 太郎,taro.sato@example.com,ST03
5823,鈴木 翔,sho.suzuki@example.com,ST04
5824,加藤 拓海,takumi.kato@example.com,ST04
5825,加藤 葵,aoi.kato@example.com,ST02
5826,伊藤 葵,aoi.ito@example.com,ST04
5827,山田 蓮,ren.yamada@example.com,ST03
5828,山本 大輔,daisuke.yamamoto@example.com,ST01
5829,吉田 葵,aoi.yoshida@example.com,ST04
5830,山田 拓海,takumi.yamada@example.com,ST01
5831,高橋 翔,sho.takahashi@example.com,ST03
5832,高橋 拓海,takumi.takahashi@example.com,ST04
5833,佐藤 健太,kenta.sato@example.com,ST02
5834,渡辺 悠斗,yuto.watanabe@example.com,ST02
5835,鈴木 陽菜,hina.suzuki@example.com,ST03
5836,佐藤 翔,sho.sato@example.com,ST02
5837,小林 陽菜,hina.kobayashi@example.com,ST03
5838,山田 太郎,taro.yamada@example.com,ST02
5839,田中 太郎,taro.tanaka@example.com,ST02
5840,渡辺 蓮,ren.watanabe@example.com,ST03
5841,佐藤 太郎,taro.sato@example.com,ST04
5842,小林 彩花,ayaka.kobayashi@example.com,ST04
5843,山田 拓海,takumi.yamada@example.com,ST03
5844,渡辺 蓮,ren.watanabe@example.com,ST01
5845,山本 拓海,takumi.yamamoto@example.com,ST03
5846,山本 葵,aoi.yamamoto@example.com,ST03
5847,渡辺 大輔,daisuke.watanabe@example.com,ST04
5848,中村 太郎,taro.nakamura@example.com,ST01
5849,吉田 葵,aoi.yoshida@example.com,ST01
5850,伊藤 拓海,takumi.ito@example.com,ST01
5851,伊藤 蓮,ren.ito@example.com,ST03
5852,高橋 拓海,takumi.takahashi@example.com,ST02
5853,田中 太郎,taro.tanaka@example.com,ST01
5854,小林 彩花,ayaka.kobayashi@example.com,ST04
5855,高橋 蓮,ren.takahashi@example.com,ST02
5856,加藤 蓮,ren.kato@example.com,ST01
5857,高橋 健太,kenta.takahashi@example.com,ST04
5858,伊藤 翔,sho.ito@example.com,ST02
5859,吉田 悠斗,yuto.yoshida@example.com,ST02
5860,鈴木 太郎,taro.suzuki@example.com,ST01
5861,山田 健太,kenta.yamada@example.com,ST02
5862,伊藤 悠斗,yuto.ito@example.com,ST03
5863,小林 彩花,ayaka.kobayashi@example.com,ST01
5864,佐藤 結衣,yui.sato@example.com,ST03
5865,鈴木 葵,aoi.suzuki@example.com,ST01
5866,山本 美咲,misaki.yamamoto@example.com,ST03
5867,山田 美咲,misaki.yamada@example.com,ST01
5868,山田 健太,kenta.yamada@example.com,ST03
5869,渡辺 蓮,ren.watanabe@example.com,ST04
5870,渡辺 悠斗,yuto.watanabe@example.com,ST01
5871,渡辺 拓海,takumi.watanabe@example.com,ST04
5872,吉田 美咲,misaki.yoshida@example.com,ST01
5873,小林 大輔,daisuke.kobayashi@example.com,ST01
5874,中村 蓮,ren.nakamura@example.com,ST02
5875,伊藤 美咲,misaki.ito@example.com,ST01
5876,小林 健太,kenta.kobayashi@example.com,ST03
5877,加藤 大輔,daisuke.kato@example.com,ST03
5878,山本 悠斗,yuto.yamamoto@example.com,ST03
5879,高橋 蓮,ren.takahashi@example.com,ST04
5880,渡辺 陽菜,hina.watanabe@example.com,ST03
5881,中村 健太,kenta.nakamura@example.com,ST01
5882,加藤 健太,kenta.kato@example.com,ST04
5883,渡辺 葵,aoi.watanabe@example.com,ST04
5884,山本 健太,kenta.yamamoto@example.com,ST01
5885,山田 太郎,taro.yamada@example.com,ST04
5886,伊藤 拓海,takumi.ito@example.com,ST04
5887,加藤 翔,sho.kato@example.com,ST01
5888,伊藤 悠斗,yuto.ito@example.com,ST01
5889,伊藤 結衣,yui.ito@example.com,ST04
5890,渡辺 大輔,daisuke.watanabe@example.com,ST03
5891,佐藤 蓮,ren.sato@example.com,ST02
5892,吉田 拓海,takumi.yoshida@example.com,ST04
5893,高橋 陽菜,hina.takahashi@example.com,ST01
5894,山田 健太,kenta.yamada@example.com,ST02
5895,加藤 拓海,takumi.kato@example.com,ST04
5896,小林 陽菜,hina.kobayashi@example.com,ST02
5897,伊藤 彩花,ayaka.ito@example.com,ST04
5898,小林 健太,kenta.kobayashi@example.com,ST01
5899,高橋 彩花,ayaka.takahashi@example.com,ST03
5900,佐藤 健太,kenta.sato@example.com,ST03
5901,佐藤 悠斗,yuto.sato@example.com,ST03
5902,鈴木 彩花,ayaka.suzuki@example.com,ST02
5903,伊藤 陽菜,hina.ito@example.com,ST03
5904,加藤 太郎,taro.kato@example.com,ST02
5905,鈴木 太郎,taro.suzuki@example.com,ST01
5906,伊藤 彩花,ayaka.ito@example.com,ST03
5907,鈴木 健太,kenta.suzuki@example.com,ST01
5908,渡辺 結衣,yui.watanabe@example.com,ST01
5909,田中 太郎,taro.tanaka@example.com,ST03
5910,田中 翔,sho.tanaka@example.com,ST01
5911,加藤 結衣,yui.kato@example.com,ST02
5912,山本 美咲,misaki.yamamoto@example.com,ST01
5913,加藤 翔,sho.kato@example.com,ST04
5914,田中 翔,sho.tanaka@example.com,ST01
5915,加藤 大輔,daisuke.kato@example.com,ST02
5916,高橋 結衣,yui.takahashi@example.com,ST04
5917,高橋 大輔,daisuke.takahashi@example.com,ST02
5918,渡辺 美咲,misaki.watanabe@example.com,ST01
5919,渡辺 結衣,yui.watanabe@example.com,ST03
5920,吉田 結衣,yui.yoshida@example.com,ST03
5921,佐藤 太郎,taro.sato@example.com,ST03
5922,鈴木 大輔,daisuke.suzuki@example.com,ST02
5923,山田 葵,aoi.yamada@example.com,ST04
5924,山本 陽菜,hina.yamamoto@example.com,ST03
5925,加藤 大輔,daisuke.kato@example.com,ST03
5926,吉田 拓海,takumi.yoshida@example.com,ST01
5927,加藤 悠斗,yuto.kato@example.com,ST02
5928,渡辺 葵,aoi.watanabe@example.com,ST02
5929,伊藤 悠斗,yuto.ito@example.com,ST04
5930,山本 蓮,ren.yamamoto@example.com,ST02
5931,山本 健太,kenta.yamamoto@example.com,ST01
5932,高橋 大輔,daisuke.takahashi@example.com,ST04
5933,渡辺 健太,kenta.watanabe@example.com,ST02
5934,高橋 拓海,takumi.takahashi@example.com,ST04
5935,吉田 翔,sho.yoshida@example.com,ST01
5936,山田 葵,aoi.yamada@example.com,ST01
5937,佐藤 葵,aoi.sato@example.com,ST03
5938,田中 翔,sho.tanaka@example.com,ST03
5939,渡辺 美咲,misaki.watanabe@example.com,ST04
5940,渡辺 美咲,misaki.watanabe@example.com,ST03
5941,佐藤 美咲,misaki.sato@example.com,ST02
5942,伊藤 拓海,takumi.ito@example.com,ST01
5943,山田 美咲,misaki.yamada@example.com,ST01
5944,佐藤 拓海,takumi.sato@example.com,ST02
5945,鈴木 結衣,yui.suzuki@example.com,ST02
5946,吉田 結衣,yui.yoshida@example.com,ST01
5947,佐藤 葵,aoi.sato@example.com,ST04
5948,山田 葵,aoi.yamada@example.com,ST03
5949,伊藤 蓮,ren.ito@example.com,ST04
5950,山本 健太,kenta.yamamoto@example.com,ST04
5951,小林 美咲,misaki.kobayashi@example.com,ST03
5952,鈴木 彩花,ayaka.suzuki@example.com,ST01
5953,山本 拓海,takumi.yamamoto@example.com,ST01
5954,渡辺 大輔,daisuke.watanabe@example.com,ST03
5955,佐藤 大輔,daisuke.sato@example.com,ST04
5956,吉田 悠斗,yuto.yoshida@example.com,ST01
5957,佐藤 太郎,taro.sato@example.com,ST01
5958,加藤 拓海,takumi.kato@example.com,ST03
5959,伊藤 結衣,yui.ito@example.com,ST02
5960,加藤 彩花,ayaka.kato@example.com,ST02
5961,中村 翔,sho.nakamura@example.com,ST03
5962,小林 悠斗,yuto.kobayashi@example.com,ST04
5963,佐藤 大輔,daisuke.sato@example.com,ST01
5964,鈴木 健太,kenta.suzuki@example.com,ST01
5965,佐藤 健太,kenta.sato@example.com,ST01
5966,小林 太郎,taro.kobayashi@example.com,ST01
5967,山田 健太,kenta.yamada@example.com,ST03
5968,鈴木 拓海,takumi.suzuki@example.com,ST01
5969,中村 陽菜,hina.nakamura@example.com,ST02
5970,渡辺 美咲,misaki.watanabe@example.com,ST04
5971,高橋 葵,aoi.takahashi@example.com,ST04
5972,佐藤 拓海,takumi.sato@example.com,ST04
5973,山本 陽菜,hina.yamamoto@example.com,ST03
5974,佐藤 結衣,yui.sato@example.com,ST01
5975,田中 拓海,takumi.tanaka@example.com,ST04
5976,小林 陽菜,hina.kobayashi@example.com,ST03
5977,高橋 健太,kenta.takahashi@example.com,ST01
5978,佐藤 結衣,yui.sato@example.com,ST04
5979,山本 拓海,takumi.yamamoto@example.com,ST01
5980,中村 悠斗,yuto.nakamura@example.com,ST02
5981,加藤 彩花,ayaka.kato@example.com,ST04
5982,中村 太郎,taro.nakamura@example.com,ST01
5983,田中 結衣,yui.tanaka@example.com,ST02
5984,吉田 大輔,daisuke.yoshida@example.com,ST01
5985,伊藤 陽菜,hina.ito@example.com,ST04
5986,伊藤 悠斗,yuto.ito@example.com,ST03
5987,小林 彩花,ayaka.kobayashi@example.com,ST04
5988,佐藤 美咲,misaki.sato@example.com,ST01
5989,山本 健太,kenta.yamamoto@example.com,ST03
5990,渡辺 翔,sho.watanabe@example.com,ST03
5991,中村 拓海,takumi.nakamura@example.com,ST04
5992,山本 彩花,ayaka.yamamoto@example.com,ST03
5993,加藤 大輔,daisuke.kato@example.com,ST02
5994,中村 葵,aoi.nakamura@example.com,ST02
5995,鈴木 健太,kenta.suzuki@example.com,ST02
5996,中村 健太,kenta.nakamura@example.com,ST02
5997,山本 大輔,daisuke.yamamoto@example.com,ST02
5998,吉田 美咲,misaki.yoshida@example.com,ST01
5999,田中 陽菜,hina.tanaka@example.com,ST03
6000,田中 蓮,ren.tanaka@example.com,ST03
6001,渡辺 拓海,takumi.watanabe@example.com,ST02
6002,中村 悠斗,yuto.nakamura@example.com,ST01
6003,佐藤 彩花,ayaka.sato@example.com,ST02
6004,山田 葵,aoi.yamada@example.com,ST04
6005,加藤 健太,kenta.kato@example.com,ST04
6006,田中 葵,aoi.tanaka@example.com,ST02
6007,中村 葵,aoi.nakamura@example.com,ST04
6008,小林 悠斗,yuto.kobayashi@example.com,ST02
6009,山本 悠斗,yuto.yamamoto@example.com,ST02
6010,渡辺 太郎,taro.watanabe@example.com,ST02
6011,鈴木 翔,sho.suzuki@example.com,ST04
6012,山田 結衣,yui.yamada@example.com,ST03
6013,高橋 彩花,ayaka.takahashi@example.com,ST01
6014,伊藤 健太,kenta.ito@example.com,ST03
6015,伊藤 拓海,takumi.ito@example.com,ST02
6016,中村 葵,aoi.nakamura@example.com,ST01
6017,山田 結衣,yui.yamada@example.com,ST03
6018,加藤 拓海,takumi.kato@example.com,ST04
6019,山本 彩花,ayaka.yamamoto@example.com,ST04
6020,山本 美咲,misaki.yamamoto@example.com,ST02
6021,田中 大輔,daisuke.tanaka@example.com,ST02
6022,渡辺 彩花,ayaka.watanabe@example.com,ST03
6023,吉田 美咲,misaki.yoshida@example.com,ST04
6024,伊藤 彩花,ayaka.ito@example.com,ST03
6025,渡辺 健太,kenta.watanabe@example.com,ST04
6026,山本 悠斗,yuto.yamamoto@example.com,ST04
6027,渡辺 蓮,ren.watanabe@example.com,ST03
6028,伊藤 翔,sho.ito@example.com,ST01
6029,伊藤 蓮,ren.ito@example.com,ST04
6030,吉田 翔,sho.yoshida@example.com,ST04
6031,田中 陽菜,hina.tanaka@example.com,ST02
6032,伊藤 彩花,ayaka.ito@example.com,ST02
6033,鈴木 太郎,taro.suzuki@example.com,ST03
6034,山田 結衣,yui.yamada@example.com,ST01
6035,中村 翔,sho.nakamura@example.com,ST04
6036,田中 美咲,misaki.tanaka@example.com,ST02
6037,加藤 大輔,daisuke.kato@example.com,ST02
6038,小林 大輔,daisuke.kobayashi@example.com,ST02
6039,中村 蓮,ren.nakamura@example.com,ST03
6040,高橋 彩花,ayaka.takahashi@example.com,ST02
6041,渡辺 美咲,misaki.watanabe@example.com,ST03
6042,伊藤 陽菜,hina.ito@example.com,ST01
6043,伊藤 美咲,misaki.ito@example.com,ST02
6044,鈴木 健太,kenta.suzuki@example.com,ST02
6045,中村 悠斗,yuto.nakamura@example.com,ST01
6046,佐藤 陽菜,hina.sato@example.com,ST02
6047,渡辺 悠斗,yuto.watanabe@example.com,ST02
6048,山田 葵,aoi.yamada@example.com,ST02
6049,山田 大輔,daisuke.yamada@example.com,ST03
6050,山田 結衣,yui.yamada@example.com,ST02
6051,中村 陽菜,hina.nakamura@example.com,ST02
6052,伊藤 陽菜,hina.ito@example.com,ST01
6053,山本 美咲,misaki.yamamoto@example.com,ST02
6054,小林 陽菜,hina.kobayashi@example.com,ST02
6055,田中 蓮,ren.tanaka@example.com,ST03
6056,山田 彩花,ayaka.yamada@example.com,ST02
6057,佐藤 陽菜,hina.sato@example.com,ST04
6058,小林 蓮,ren.kobayashi@example.com,ST04
6059,伊藤 彩花,ayaka.ito@example.com,ST02
6060,加藤 結衣,yui.kato@example.com,ST01
6061,山田 翔,sho.yamada@example.com,ST03
6062,佐藤 葵,aoi.sato@example.com,ST04
6063,高橋 太郎,taro.takahashi@example.com,ST01
6064,中村 葵,aoi.nakamura@example.com,ST02
6065,山本 陽菜,hina.yamamoto@example.com,ST04
6066,加藤 太郎,taro.kato@example.com,ST04
6067,渡辺 陽菜,hina.watanabe@example.com,ST03
6068,中村 美咲,misaki.nakamura@example.com,ST03
6069,山田 健太,kenta.yamada@example.com,ST01
6070,鈴木 美咲,misaki.suzuki@example.com,ST03
6071,田中 翔,sho.tanaka@example.com,ST02
6072,佐藤 美咲,misaki.sato@example.com,ST04
6073,鈴木 拓海,takumi.suzuki@example.com,ST01
6074,山本 結衣,yui.yamamoto@example.com,ST01
6075,加藤 拓海,takumi.kato@example.com,ST02
6076,加藤 美咲,misaki.kato@example.com,ST04
6077,渡辺 太郎,taro.watanabe@example.com,ST02
6078,小林 大輔,daisuke.kobayashi@example.com,ST04
6079,山田 彩花,ayaka.yamada@example.com,ST02
6080,吉田 結衣,yui.yoshida@example.com,ST03
6081,中村 悠斗,yuto.nakamura@example.com,ST03
6082,佐藤 葵,aoi.sato@example.com,ST04
6083,田中 結衣,yui.tanaka@example.com,ST02
6084,伊藤 彩花,ayaka.ito@example.com,ST01
6085,吉田 翔,sho.yoshida@example.com,ST04
6086,加藤 太郎,taro.kato@example.com,ST03
6087,伊藤 健太,kenta.ito@example.com,ST04
6088,伊藤 大輔,daisuke.ito@example.com,ST02
6089,渡辺 大輔,daisuke.watanabe@example.com,ST04
6090,小林 美咲,misaki.kobayashi@example.com,ST03
6091,吉田 太郎,taro.yoshida@example.com,ST01
6092,鈴木 彩花,ayaka.suzuki@example.com,ST03
6093,山本 陽菜,hina.yamamoto@example.com,ST01
6094,吉田 美咲,misaki.yoshida@example.com,ST03
6095,田中 蓮,ren.tanaka@example.com,ST01
6096,山田 拓海,takumi.yamada@example.com,ST02
6097,高橋 葵,aoi.takahashi@example.com,ST02
6098,渡辺 蓮,ren.watanabe@example.com,ST02
6099,山田 太郎,taro.yamada@example.com,ST03
6100,佐藤 美咲,misaki.sato@example.com,ST02
6101,中村 美咲,misaki.nakamura@example.com,ST01
6102,山本 結衣,yui.yamamoto@example.com,ST01
6103,中村 蓮,ren.nakamura@example.com,ST02
6104,山本 陽菜,hina.yamamoto@example.com,ST01
6105,佐藤 翔,sho.sato@example.com,ST04
6106,山田 大輔,daisuke.yamada@example.com,ST02
6107,山田 結衣,yui.yamada@example.com,ST04
6108,渡辺 太郎,taro.watanabe@example.com,ST03
6109,渡辺 葵,aoi.watanabe@example.com,ST04
6110,伊藤 結衣,yui.ito@example.com,ST01
6111,田中 蓮,ren.tanaka@example.com,ST03
6112,伊藤 健太,kenta.ito@example.com,ST02
6113,田中 太郎,taro.tanaka@example.com,ST03
6114,伊藤 翔,sho.ito@example.com,ST02
6115,田中 陽菜,hina.tanaka@example.com,ST01
6116,加藤 結衣,yui.kato@example.com,ST03
6117,高橋 結衣,yui.takahashi@example.com,ST02
6118,渡辺 悠斗,yuto.watanabe@example.com,ST03
6119,山田 翔,sho.yamada@example.com,ST01
6120,渡辺 美咲,misaki.watanabe@example.com,ST04
6121,小林 悠斗,yuto.kobayashi@example.com,ST02
6122,山本 太郎,taro.yamamoto@example.com,ST02
6123,加藤 陽菜,hina.kato@example.com,ST04
6124,小林 拓海,takumi.kobayashi@example.com,ST03
6125,吉田 拓海,takumi.yoshida@example.com,ST03
6126,伊藤 彩花,ayaka.ito@example.com,ST03
6127,加藤 蓮,ren.kato@example.com,ST03
6128,田中 健太,kenta.tanaka@example.com,ST04
6129,田中 翔,sho.tanaka@example.com,ST01
6130,田中 蓮,ren.tanaka@example.com,ST04
6131,鈴木 彩花,ayaka.suzuki@example.com,ST02
6132,伊藤 拓海,takumi.ito@example.com,ST01
6133,吉田 彩花,ayaka.yoshida@example.com,ST04
6134,吉田 美咲,misaki.yoshida@example.com,ST03
6135,小林 太郎,taro.kobayashi@example.com,ST03
6136,高橋 拓海,takumi.takahashi@example.com,ST01
6137,中村 悠斗,yuto.nakamura@example.com,ST03
6138,山田 美咲,misaki.yamada@example.com,ST02
6139,高橋 健太,kenta.takahashi@example.com,ST01
6140,吉田 悠斗,yuto.yoshida@example.com,ST04
6141,佐藤 太郎,taro.sato@example.com,ST02
6142,中村 葵,aoi.nakamura@example.com,ST04
6143,鈴木 太郎,taro.suzuki@example.com,ST03
6144,田中 美咲,misaki.tanaka@example.com,ST03
6145,高橋 結衣,yui.takahashi@example.com,ST03
6146,小林 翔,sho.kobayashi@example.com,ST02
6147,小林 結衣,yui.kobayashi@example.com,ST02
6148,小林 美咲,misaki.kobayashi@example.com,ST04
6149,小林 健太,kenta.kobayashi@example.com,ST04
6150,加藤 大輔,daisuke.kato@example.com,ST04
6151,渡辺 悠斗,yuto.watanabe@example.com,ST02
6152,中村 葵,aoi.nakamura@example.com,ST03
6153,山田 彩花,ayaka.yamada@example.com,ST01
6154,田中 彩花,ayaka.tanaka@example.com,ST04
6155,中村 拓海,takumi.nakamura@example.com,ST03
6156,鈴木 悠斗,yuto.suzuki@example.com,ST02
6157,加藤 拓海,takumi.kato@example.com,ST04
6158,山田 大輔,daisuke.yamada@example.com,ST02
6159,中村 悠斗,yuto.nakamura@example.com,ST01
6160,加藤 蓮,ren.kato@example.com,ST03
6161,加藤 拓海,takumi.kato@example.com,ST03
6162,小林 拓海,takumi.kobayashi@example.com,ST04
6163,渡辺 大輔,daisuke.watanabe@example.com,ST02
6164,鈴木 悠斗,yuto.suzuki@example.com,ST02
6165,田中 結衣,yui.tanaka@example.com,ST01
6166,中村 太郎,taro.nakamura@example.com,ST04
6167,田中 翔,sho.tanaka@example.com,ST01
6168,小林 悠斗,yuto.kobayashi@example.com,ST04
6169,渡辺 美咲,misaki.watanabe@example.com,ST01
6170,伊藤 彩花,ayaka.ito@example.com,ST04
6171,高橋 悠斗,yuto.takahashi@example.com,ST03
6172,田中 大輔,daisuke.tanaka@example.com,ST01
6173,渡辺 大輔,daisuke.watanabe@example.com,ST03
6174,加藤 翔,sho.kato@example.com,ST02
6175,鈴木 太郎,taro.suzuki@example.com,ST02
6176,田中 大輔,daisuke.tanaka@example.com,ST04
6177,田中 悠斗,yuto.tanaka@example.com,ST01
6178,小林 陽菜,hina.kobayashi@example.com,ST02
6179,小林 悠斗,yuto.kobayashi@example.com,ST03
6180,加藤 健太,kenta.kato@example.com,ST04
6181,田中 健太,kenta.tanaka@example.com,ST01
6182,小林 美咲,misaki.kobayashi@example.com,ST04
6183,伊藤 健太,kenta.ito@example.com,ST03
6184,伊藤 太郎,taro.ito@example.com,ST02
6185,伊藤 健太,kenta.ito@example.com,ST02
6186,山田 美咲,misaki.yamada@example.com,ST02
6187,鈴木 陽菜,hina.suzuki@example.com,ST03
6188,小林 太郎,taro.kobayashi@example.com,ST03
6189,小林 健太,kenta.kobayashi@example.com,ST04
6190,伊藤 悠斗,yuto.ito@example.com,ST02
6191,山本 陽菜,hina.yamamoto@example.com,ST04
6192,佐藤 悠斗,yuto.sato@example.com,ST03
6193,加藤 葵,aoi.kato@example.com,ST03
6194,吉田 拓海,takumi.yoshida@example.com,ST03
6195,吉田 陽菜,hina.yoshida@example.com,ST02
6196,田中 大輔,daisuke.tanaka@example.com,ST04
6197,渡辺 健太,kenta.watanabe@example.com,ST01
6198,渡辺 拓海,takumi.watanabe@example.com,ST01
6199,山田 彩花,ayaka.yamada@example.com,ST04
6200,佐藤 蓮,ren.sato@example.com,ST01
6201,渡辺 葵,aoi.watanabe@example.com,ST01
6202,鈴木 葵,aoi.suzuki@example.com,ST02
6203,吉田 結衣,yui.yoshida@example.com,ST03
6204,加藤 美咲,misaki.kato@example.com,ST04
6205,吉田 葵,aoi.yoshida@example.com,ST01
6206,山田 彩花,ayaka.yamada@example.com,ST02
6207,山田 葵,aoi.yamada@example.com,ST03
6208,吉田 美咲,misaki.yoshida@example.com,ST01
6209,渡辺 太郎,taro.watanabe@example.com,ST04
6210,伊藤 大輔,daisuke.ito@example.com,ST03
6211,鈴木 太郎,taro.suzuki@example.com,ST01
6212,加藤 大輔,daisuke.kato@example.com,ST04
6213,小林 大輔,daisuke.kobayashi@example.com,ST04
6214,中村 拓海,takumi.nakamura@example.com,ST01
6215,小林 結衣,yui.kobayashi@example.com,ST02
6216,鈴木 葵,aoi.suzuki@example.com,ST03
6217,中村 葵,aoi.nakamura@example.com,ST01
6218,鈴木 彩花,ayaka.suzuki@example.com,ST03
6219,中村 太郎,taro.nakamura@example.com,ST01
6220,佐藤 結衣,yui.sato@example.com,ST02
6221,田中 大輔,daisuke.tanaka@example.com,ST01
6222,山田 陽菜,hina.yamada@example.com,ST04
6223,山田 太郎,taro.yamada@example.com,ST03
6224,渡辺 葵,aoi.watanabe@example.com,ST03
6225,中村 拓海,takumi.nakamura@example.com,ST04
6226,田中 拓海,takumi.tanaka@example.com,ST02
6227,鈴木 蓮,ren.suzuki@example.com,ST01
6228,高橋 拓海,takumi.takahashi@example.com,ST04
6229,吉田 翔,sho.yoshida@example.com,ST03
6230,鈴木 陽菜,hina.suzuki@example.com,ST03
6231,小林 太郎,taro.kobayashi@example.com,ST01
6232,加藤 悠斗,yuto.kato@example.com,ST02
6233,佐藤 翔,sho.sato@example.com,ST02
6234,中村 翔,sho.nakamura@example.com,ST01
6235,山田 健太,kenta.yamada@example.com,ST02
6236,山田 結衣,yui.yamada@example.com,ST04
6237,山田 翔,sho.yamada@example.com,ST01
6238,吉田 翔,sho.yoshida@example.com,ST03
6239,佐藤 陽菜,hina.sato@example.com,ST03
6240,小林 悠斗,yuto.kobayashi@example.com,ST02
6241,小林 太郎,taro.kobayashi@example.com,ST03
6242,田中 美咲,misaki.tanaka@example.com,ST02
6243,田中 蓮,ren.tanaka@example.com,ST01
6244,吉田 蓮,ren.yoshida@example.com,ST02
6245,山田 太郎,taro.yamada@example.com,ST02
6246,佐藤 翔,sho.sato@example.com,ST04
6247,中村 結衣,yui.nakamura@example.com,ST04
6248,鈴木 彩花,ayaka.suzuki@example.com,ST01
6249,渡辺 葵,aoi.watanabe@example.com,ST01
6250,高橋 翔,sho.takahashi@example.com,ST04
6251,鈴木 太郎,taro.suzuki@example.com,ST04
6252,渡辺 彩花,ayaka.watanabe@example.com,ST01
6253,山田 蓮,ren.yamada@example.com,ST04
6254,佐藤 彩花,ayaka.sato@example.com,ST01
6255,田中 大輔,daisuke.tanaka@example.com,ST03
6256,加藤 陽菜,hina.kato@example.com,ST01
6257,山本 結衣,yui.yamamoto@example.com,ST04
6258,田中 太郎,taro.tanaka@example.com,ST01
6259,中村 大輔,daisuke.nakamura@example.com,ST03
6260,山本 彩花,ayaka.yamamoto@example.com,ST01
6261,鈴木 彩花,ayaka.suzuki@example.com,ST04
6262,高橋 彩花,ayaka.takahashi@example.com,ST02
6263,中村 美咲,misaki.nakamura@example.com,ST03
6264,山本 大輔,daisuke.yamamoto@example.com,ST04
6265,加藤 悠斗,yuto.kato@example.com,ST02
6266,鈴木 翔,sho.suzuki@example.com,ST01
6267,中村 大輔,daisuke.nakamura@example.com,ST04
6268,山本 悠斗,yuto.yamamoto@example.com,ST02
6269,山本 大輔,daisuke.yamamoto@example.com,ST01
6270,渡辺 彩花,ayaka.watanabe@example.com,ST01
6271,加藤 悠斗,yuto.kato@example.com,ST02
6272,加藤 大輔,daisuke.kato@example.com,ST03
6273,渡辺 彩花,ayaka.watanabe@example.com,ST02
6274,高橋 拓海,takumi.takahashi@example.com,ST03
6275,鈴木 結衣,yui.suzuki@example.com,ST02
6276,佐藤 美咲,misaki.sato@example.com,ST04
6277,吉田 葵,aoi.yoshida@example.com,ST02
6278,渡辺 彩花,ayaka.watanabe@example.com,ST04
6279,小林 陽菜,hina.kobayashi@example.com,ST04
6280,加藤 健太,kenta.kato@example.com,ST04
6281,佐藤 大輔,daisuke.sato@example.com,ST02
6282,山本 彩花,ayaka.yamamoto@example.com,ST03
6283,鈴木 蓮,ren.suzuki@example.com,ST01
6284,鈴木 大輔,daisuke.suzuki@example.com,ST02
6285,田中 葵,aoi.tanaka@example.com,ST01
6286,鈴木 葵,aoi.suzuki@example.com,ST03
6287,伊藤 翔,sho.ito@example.com,ST04
6288,加藤 美咲,misaki.kato@example.com,ST02
6289,加藤 拓海,takumi.kato@example.com,ST01
6290,中村 拓海,takumi.nakamura@example.com,ST02
6291,佐藤 美咲,misaki.sato@example.com,ST03
6292,吉田 葵,aoi.yoshida@example.com,ST02
6293,山本 大輔,daisuke.yamamoto@example.com,ST01
6294,山田 太郎,taro.yamada@example.com,ST01
6295,山田 健太,kenta.yamada@example.com,ST04
6296,中村 美咲,misaki.nakamura@example.com,ST01
6297,小林 拓海,takumi.kobayashi@example.com,ST02
6298,加藤 太郎,taro.kato@example.com,ST01
6299,鈴木 蓮,ren.suzuki@example.com,ST04
6300,小林 大輔,daisuke.kobayashi@example.com,ST02
6301,加藤 陽菜,hina.kato@example.com,ST04
6302,小林 美咲,misaki.kobayashi@example.com,ST02
6303,渡辺 健太,kenta.watanabe@example.com,ST03
6304,山本 葵,aoi.yamamoto@example.com,ST04
6305,田中 健太,kenta.tanaka@example.com,ST03
6306,伊藤 太郎,taro.ito@example.com,ST01
6307,山田 葵,aoi.yamada@example.com,ST01
6308,山田 葵,aoi.yamada@example.com,ST02
6309,山田 彩花,ayaka.yamada@example.com,ST04
6310,渡辺 悠斗,yuto.watanabe@example.com,ST02
6311,田中 翔,sho.tanaka@example.com,ST03
6312,吉田 彩花,ayaka.yoshida@example.com,ST02
6313,山本 拓海,takumi.yamamoto@example.com,ST03
6314,伊藤 美咲,misaki.ito@example.com,ST04
6315,小林 翔,sho.kobayashi@example.com,ST04
6316,伊藤 結衣,yui.ito@example.com,ST03
6317,小林 陽菜,hina.kobayashi@example.com,ST04
6318,鈴木 悠斗,yuto.suzuki@example.com,ST03
6319,田中 陽菜,hina.tanaka@example.com,ST02
6320,山田 翔,sho.yamada@example.com,ST03
6321,渡辺 葵,aoi.watanabe@example.com,ST04
6322,佐藤 太郎,taro.sato@example.com,ST01
6323,伊藤 悠斗,yuto.ito@example.com,ST03
6324,鈴木 健太,kenta.suzuki@example.com,ST03
6325,中村 大輔,daisuke.nakamura@example.com,ST03
6326,渡辺 大輔,daisuke.watanabe@example.com,ST02
6327,小林 翔,sho.kobayashi@example.com,ST04
6328,山本 健太,kenta.yamamoto@example.com,ST01
6329,山本 太郎,taro.yamamoto@example.com,ST03
6330,山本 結衣,yui.yamamoto@example.com,ST03
6331,佐藤 蓮,ren.sato@example.com,ST04
6332,渡辺 大輔,daisuke.watanabe@example.com,ST03
6333,田中 翔,sho.tanaka@example.com,ST03
6334,高橋 美咲,misaki.takahashi@example.com,ST02
6335,加藤 彩花,ayaka.kato@example.com,ST01
6336,山田 太郎,taro.yamada@example.com,ST01
6337,伊藤 悠斗,yuto.ito@example.com,ST01
6338,伊藤 結衣,yui.ito@example.com,ST03
6339,田中 翔,sho.tanaka@example.com,ST03
6340,山田 蓮,ren.yamada@example.com,ST03
6341,山本 健太,kenta.yamamoto@example.com,ST03
6342,高橋 彩花,ayaka.takahashi@example.com,ST02
6343,鈴木 陽菜,hina.suzuki@example.com,ST04
6344,中村 結衣,yui.nakamura@example.com,ST02
6345,加藤 葵,aoi.kato@example.com,ST04
6346,小林 葵,aoi.kobayashi@example.com,ST01
6347,小林 美咲,misaki.kobayashi@example.com,ST03
6348,田中 陽菜,hina.tanaka@example.com,ST04
6349,高橋 蓮,ren.takahashi@example.com,ST04
6350,吉田 健太,kenta.yoshida@example.com,ST02
6351,鈴木 太郎,taro.suzuki@example.com,ST04
6352,山本 健太,kenta.yamamoto@example.com,ST03
6353,鈴木 大輔,daisuke.suzuki@example.com,ST03
6354,伊藤 美咲,misaki.ito@example.com,ST03
6355,高橋 蓮,ren.takahashi@example.com,ST02
6356,鈴木 太郎,taro.suzuki@example.com,ST01
6357,吉田 健太,kenta.yoshida@example.com,ST04
6358,山田 結衣,yui.yamada@example.com,ST03
6359,田中 蓮,ren.tanaka@example.com,ST03
6360,渡辺 太郎,taro.watanabe@example.com,ST03
6361,伊藤 太郎,taro.ito@example.com,ST02
6362,鈴木 翔,sho.suzuki@example.com,ST01
6363,山田 翔,sho.yamada@example.com,ST03
6364,田中 美咲,misaki.tanaka@example.com,ST02
6365,高橋 拓海,takumi.takahashi@example.com,ST01
6366,山本 翔,sho.yamamoto@example.com,ST01
6367,小林 陽菜,hina.kobayashi@example.com,ST04
6368,鈴木 結衣,yui.suzuki@example.com,ST04
6369,伊藤 大輔,daisuke.ito@example.com,ST03
6370,渡辺 大輔,daisuke.watanabe@example.com,ST03
6371,高橋 太郎,taro.takahashi@example.com,ST02
6372,渡辺 大輔,daisuke.watanabe@example.com,ST03
6373,加藤 陽菜,hina.kato@example.com,ST03
6374,渡辺 結衣,yui.watanabe@example.com,ST01
6375,吉田 陽菜,hina.yoshida@example.com,ST01
6376,高橋 健太,kenta.takahashi@example.com,ST01
6377,山田 彩花,ayaka.yamada@example.com,ST04
6378,田中 葵,aoi.tanaka@example.com,ST03
6379,小林 健太,kenta.kobayashi@example.com,ST04
6380,山本 彩花,ayaka.yamamoto@example.com,ST03
6381,高橋 健太,kenta.takahashi@example.com,ST02
6382,山田 拓海,takumi.yamada@example.com,ST03
6383,佐藤 太郎,taro.sato@example.com,ST01
6384,田中 結衣,yui.tanaka@example.com,ST01
6385,渡辺 悠斗,yuto.watanabe@example.com,ST02
6386,鈴木 葵,aoi.suzuki@example.com,ST01
6387,中村 陽菜,hina.nakamura@example.com,ST04
6388,渡辺 翔,sho.watanabe@example.com,ST03
6389,山本 翔,sho.yamamoto@example.com,ST03
6390,渡辺 悠斗,yuto.watanabe@example.com,ST01
6391,中村 彩花,ayaka.nakamura@example.com,ST04
6392,加藤 大輔,daisuke.kato@example.com,ST04
6393,加藤 葵,aoi.kato@example.com,ST02
6394,中村 美咲,misaki.nakamura@example.com,ST02
6395,田中 大輔,daisuke.tanaka@example.com,ST04
6396,鈴木 大輔,daisuke.suzuki@example.com,ST04
6397,鈴木 健太,kenta.suzuki@example.com,ST03
6398,中村 陽菜,hina.nakamura@example.com,ST04
6399,渡辺 翔,sho.watanabe@example.com,ST03
6400,渡辺 悠斗,yuto.watanabe@example.com,ST04
6401,小林 拓海,takumi.kobayashi@example.com,ST03
6402,高橋 大輔,daisuke.takahashi@example.com,ST03
6403,佐藤 大輔,daisuke.sato@example.com,ST01
6404,吉田 彩花,ayaka.yoshida@example.com,ST04
6405,鈴木 彩花,ayaka.suzuki@example.com,ST02
6406,中村 彩花,ayaka.nakamura@example.com,ST01
6407,高橋 拓海,takumi.takahashi@example.com,ST03
6408,佐藤 蓮,ren.sato@example.com,ST02
6409,田中 結衣,yui.tanaka@example.com,ST04
6410,吉田 拓海,takumi.yoshida@example.com,ST02
6411,伊藤 拓海,takumi.ito@example.com,ST04
6412,吉田 結衣,yui.yoshida@example.com,ST03
6413,伊藤 美咲,misaki.ito@example.com,ST02
6414,吉田 美咲,misaki.yoshida@example.com,ST03
6415,高橋 大輔,daisuke.takahashi@example.com,ST04
6416,山本 拓海,takumi.yamamoto@example.com,ST02
6417,山田 悠斗,yuto.yamada@example.com,ST03
6418,佐藤 蓮,ren.sato@example.com,ST01
6419,高橋 拓海,takumi.takahashi@example.com,ST03
6420,山本 大輔,daisuke.yamamoto@example.com,ST04
6421,山田 結衣,yui.yamada@example.com,ST01
6422,山本 太郎,taro.yamamoto@example.com,ST02
6423,鈴木 蓮,ren.suzuki@example.com,ST02
6424,田中 美咲,misaki.tanaka@example.com,ST02
6425,山本 拓海,takumi.yamamoto@example.com,ST01
6426,小林 陽菜,hina.kobayashi@example.com,ST02
6427,吉田 健太,kenta.yoshida@example.com,ST03
6428,山田 結衣,yui.yamada@example.com,ST01
6429,伊藤 彩花,ayaka.ito@example.com,ST03
6430,加藤 翔,sho.kato@example.com,ST02
6431,山田 翔,sho.yamada@example.com,ST04
6432,山田 美咲,misaki.yamada@example.com,ST04
6433,高橋 翔,sho.takahashi@example.com,ST03
6434,小林 太郎,taro.kobayashi@example.com,ST02
6435,中村 健太,kenta.nakamura@example.com,ST03
6436,高橋 悠斗,yuto.takahashi@example.com,ST03
6437,渡辺 葵,aoi.watanabe@example.com,ST03
6438,鈴木 葵,aoi.suzuki@example.com,ST04
6439,小林 彩花,ayaka.kobayashi@example.com,ST01
6440,伊藤 蓮,ren.ito@example.com,ST01
6441,中村 太郎,taro.nakamura@example.com,ST02
6442,小林 大輔,daisuke.kobayashi@example.com,ST04
6443,山本 大輔,daisuke.yamamoto@example.com,ST04
6444,吉田 大輔,daisuke.yoshida@example.com,ST01
6445,山本 陽菜,hina.yamamoto@example.com,ST04
6446,渡辺 翔,sho.watanabe@example.com,ST02
6447,伊藤 健太,kenta.ito@example.com,ST04
6448,加藤 陽菜,hina.kato@example.com,ST02
6449,吉田 美咲,misaki.yoshida@example.com,ST03
6450,吉田 翔,sho.yoshida@example.com,ST02
6451,山田 拓海,takumi.yamada@example.com,ST02
6452,高橋 美咲,misaki.takahashi@example.com,ST02
6453,山本 健太,kenta.yamamoto@example.com,ST04
6454,中村 悠斗,yuto.nakamura@example.com,ST02
6455,加藤 蓮,ren.kato@example.com,ST04
6456,小林 翔,sho.kobayashi@example.com,ST03
6457,伊藤 拓海,takumi.ito@example.com,ST01
6458,佐藤 翔,sho.sato@example.com,ST04
6459,佐藤 美咲,misaki.sato@example.com,ST02
6460,山本 結衣,yui.yamamoto@example.com,ST01
6461,伊藤 蓮,ren.ito@example.com,ST01
6462,田中 彩花,ayaka.tanaka@example.com,ST01
6463,佐藤 健太,kenta.sato@example.com,ST03
6464,鈴木 蓮,ren.suzuki@example.com,ST01
6465,伊藤 結衣,yui.ito@example.com,ST02
6466,加藤 彩花,ayaka.kato@example.com,ST04
6467,高橋 悠斗,yuto.takahashi@example.com,ST03
6468,渡辺 葵,aoi.watanabe@example.com,ST04
6469,伊藤 大輔,daisuke.ito@example.com,ST02
6470,鈴木 陽菜,hina.suzuki@example.com,ST01
6471,山本 彩花,ayaka.yamamoto@example.com,ST03
6472,鈴木 太郎,taro.suzuki@example.com,ST02
6473,加藤 太郎,taro.kato@example.com,ST02
6474,渡辺 大輔,daisuke.watanabe@example.com,ST01
6475,田中 翔,sho.tanaka@example.com,ST01
6476,高橋 拓海,takumi.takahashi@example.com,ST01
6477,伊藤 美咲,misaki.ito@example.com,ST03
6478,佐藤 陽菜,hina.sato@example.com,ST02
6479,山本 葵,aoi.yamamoto@example.com,ST01
6480,高橋 彩花,ayaka.takahashi@example.com,ST03
6481,山本 大輔,daisuke.yamamoto@example.com,ST01
6482,加藤 美咲,misaki.kato@example.com,ST02
6483,渡辺 悠斗,yuto.watanabe@example.com,ST03
6484,佐藤 結衣,yui.sato@example.com,ST03
6485,伊藤 健太,kenta.ito@example.com,ST04
6486,佐藤 拓海,takumi.sato@example.com,ST01
6487,中村 彩花,ayaka.nakamura@example.com,ST01
6488,伊藤 太郎,taro.ito@example.com,ST03
6489,加藤 大輔,daisuke.kato@example.com,ST01
6490,山田 葵,aoi.yamada@example.com,ST04
6491,渡辺 陽菜,hina.watanabe@example.com,ST02
6492,山田 翔,sho.yamada@example.com,ST01
6493,山本 拓海,takumi.yamamoto@example.com,ST01
6494,吉田 悠斗,yuto.yoshida@example.com,ST01
6495,加藤 蓮,ren.kato@example.com,ST01
6496,渡辺 陽菜,hina.watanabe@example.com,ST02
6497,渡辺 蓮,ren.watanabe@example.com,ST03
6498,加藤 葵,aoi.kato@example.com,ST02
6499,鈴木 美咲,misaki.suzuki@example.com,ST01
6500,伊藤 拓海,takumi.ito@example.com,ST02
6501,田中 健太,kenta.tanaka@example.com,ST01
6502,田中 葵,aoi.tanaka@example.com,ST03
6503,吉田 悠斗,yuto.yoshida@example.com,ST01
6504,吉田 悠斗,yuto.yoshida@example.com,ST01
6505,佐藤 悠斗,yuto.sato@example.com,ST04
6506,鈴木 結衣,yui.suzuki@example.com,ST03
6507,伊藤 結衣,yui.ito@example.com,ST04
6508,小林 拓海,takumi.kobayashi@example.com,ST03
6509,渡辺 彩花,ayaka.watanabe@example.com,ST03
6510,高橋 蓮,ren.takahashi@example.com,ST01
6511,高橋 太郎,taro.takahashi@example.com,ST03
6512,田中 拓海,takumi.tanaka@example.com,ST04
6513,小林 蓮,ren.kobayashi@example.com,ST03
6514,山本 陽菜,hina.yamamoto@example.com,ST01
6515,中村 陽菜,hina.nakamura@example.com,ST04
6516,伊藤 葵,aoi.ito@example.com,ST03
6517,吉田 悠斗,yuto.yoshida@example.com,ST03
6518,鈴木 美咲,misaki.suzuki@example.com,ST04
6519,鈴木 葵,aoi.suzuki@example.com,ST01
6520,中村 蓮,ren.nakamura@example.com,ST02
6521,渡辺 陽菜,hina.watanabe@example.com,ST04
6522,小林 太郎,taro.kobayashi@example.com,ST03
6523,渡辺 健太,kenta.watanabe@example.com,ST04
6524,吉田 美咲,misaki.yoshida@example.com,ST02
6525,渡辺 美咲,misaki.watanabe@example.com,ST03
6526,田中 拓海,takumi.tanaka@example.com,ST03
6527,鈴木 彩花,ayaka.suzuki@example.com,ST01
6528,渡辺 大輔,daisuke.watanabe@example.com,ST02
6529,佐藤 陽菜,hina.sato@example.com,ST04
6530,鈴木 蓮,ren.suzuki@example.com,ST01
6531,伊藤 彩花,ayaka.ito@example.com,ST01
6532,中村 陽菜,hina.nakamura@example.com,ST03
6533,渡辺 陽菜,hina.watanabe@example.com,ST01
6534,山田 陽菜,hina.yamada@example.com,ST01
6535,渡辺 葵,aoi.watanabe@example.com,ST04
6536,吉田 拓海,takumi.yoshida@example.com,ST02
6537,伊藤 悠斗,yuto.ito@example.com,ST04
6538,高橋 大輔,daisuke.takahashi@example.com,ST03
6539,山田 拓海,takumi.yamada@example.com,ST03
6540,佐藤 太郎,taro.sato@example.com,ST02
6541,鈴木 健太,kenta.suzuki@example.com,ST03
6542,加藤 拓海,takumi.kato@example.com,ST01
6543,山本 葵,aoi.yamamoto@example.com,ST02
6544,佐藤 蓮,ren.sato@example.com,ST02
6545,吉田 太郎,taro.yoshida@example.com,ST03
6546,伊藤 葵,aoi.ito@example.com,ST02
6547,山田 拓海,takumi.yamada@example.com,ST04
6548,小林 美咲,misaki.kobayashi@example.com,ST04
6549,山田 蓮,ren.yamada@example.com,ST04
6550,佐藤 大輔,daisuke.sato@example.com,ST01
6551,中村 翔,sho.nakamura@example.com,ST01
6552,高橋 陽菜,hina.takahashi@example.com,ST04
6553,山田 陽菜,hina.yamada@example.com,ST01
6554,小林 葵,aoi.kobayashi@example.com,ST02
6555,山田 健太,kenta.yamada@example.com,ST03
6556,佐藤 翔,sho.sato@example.com,ST01
6557,吉田 葵,aoi.yoshida@example.com,ST03
6558,小林 結衣,yui.kobayashi@example.com,ST04
6559,山田 翔,sho.yamada@example.com,ST02
6560,鈴木 拓海,takumi.suzuki@example.com,ST01
6561,伊藤 葵,aoi.ito@example.com,ST01
6562,高橋 悠斗,yuto.takahashi@example.com,ST02
6563,佐藤 結衣,yui.sato@example.com,ST02
6564,渡辺 美咲,misaki.watanabe@example.com,ST02
6565,佐藤 健太,kenta.sato@example.com,ST04
6566,田中 拓海,takumi.tanaka@example.com,ST04
6567,高橋 太郎,taro.takahashi@example.com,ST03
6568,田中 葵,aoi.tanaka@example.com,ST02
6569,山本 拓海,takumi.yamamoto@example.com,ST04
6570,佐藤 結衣,yui.sato@example.com,ST01
6571,吉田 太郎,taro.yoshida@example.com,ST03
6572,中村 拓海,takumi.nakamura@example.com,ST04
6573,田中 葵,aoi.tanaka@example.com,ST01
6574,山本 健太,kenta.yamamoto@example.com,ST02
6575,鈴木 健太,kenta.suzuki@example.com,ST03
6576,加藤 翔,sho.kato@example.com,ST04
6577,小林 悠斗,yuto.kobayashi@example.com,ST03
6578,田中 美咲,misaki.tanaka@example.com,ST01
6579,伊藤 拓海,takumi.ito@example.com,ST02
6580,佐藤 陽菜,hina.sato@example.com,ST01
6581,田中 彩花,ayaka.tanaka@example.com,ST01
6582,山田 悠斗,yuto.yamada@example.com,ST02
6583,山本 美咲,misaki.yamamoto@example.com,ST01
6584,佐藤 陽菜,hina.sato@example.com,ST02
6585,伊藤 結衣,yui.ito@example.com,ST02
6586,加藤 彩花,ayaka.kato@example.com,ST02
6587,田中 美咲,misaki.tanaka@example.com,ST04
6588,小林 美咲,misaki.kobayashi@example.com,ST03
6589,鈴木 蓮,ren.suzuki@example.com,ST02
6590,小林 葵,aoi.kobayashi@example.com,ST03
6591,加藤 健太,kenta.kato@example.com,ST04
6592,吉田 健太,kenta.yoshida@example.com,ST03
6593,加藤 葵,aoi.kato@example.com,ST03
6594,吉田 美咲,misaki.yoshida@example.com,ST04
6595,渡辺 悠斗,yuto.watanabe@example.com,ST04
6596,加藤 大輔,daisuke.kato@example.com,ST04
6597,中村 陽菜,hina.nakamura@example.com,ST03
6598,高橋 美咲,misaki.takahashi@example.com,ST01
6599,伊藤 翔,sho.ito@example.com,ST03
6600,小林 翔,sho.kobayashi@example.com,ST03
6601,伊藤 翔,sho.ito@example.com,ST04
6602,加藤 美咲,misaki.kato@example.com,ST03
6603,加藤 結衣,yui.kato@example.com,ST03
6604,中村 美咲,misaki.nakamura@example.com,ST03
6605,伊藤 陽菜,hina.ito@example.com,ST01
6606,渡辺 健太,kenta.watanabe@example.com,ST03
6607,佐藤 美咲,misaki.sato@example.com,ST02
6608,小林 蓮,ren.kobayashi@example.com,ST03
6609,吉田 大輔,daisuke.yoshida@example.com,ST04
6610,渡辺 陽菜,hina.watanabe@example.com,ST04
6611,中村 美咲,misaki.nakamura@example.com,ST01
6612,山田 拓海,takumi.yamada@example.com,ST04
6613,小林 蓮,ren.kobayashi@example.com,ST01
6614,山本 翔,sho.yamamoto@example.com,ST01
6615,渡辺 結衣,yui.watanabe@example.com,ST04
6616,吉田 悠斗,yuto.yoshida@example.com,ST02
6617,渡辺 悠斗,yuto.watanabe@example.com,ST01
6618,中村 悠斗,yuto.nakamura@example.com,ST04
6619,吉田 結衣,yui.yoshida@example.com,ST03
6620,吉田 蓮,ren.yoshida@example.com,ST04
6621,山田 結衣,yui.yamada@example.com,ST04
6622,田中 葵,aoi.tanaka@example.com,ST03
6623,小林 葵,aoi.kobayashi@example.com,ST01
6624,田中 太郎,taro.tanaka@example.com,ST03
6625,中村 太郎,taro.nakamura@example.com,ST03
6626,渡辺 葵,aoi.watanabe@example.com,ST04
6627,加藤 太郎,taro.kato@example.com,ST04
6628,山本 太郎,taro.yamamoto@example.com,ST03
6629,小林 彩花,ayaka.kobayashi@example.com,ST02
6630,山本 葵,aoi.yamamoto@example.com,ST01
6631,山田 美咲,misaki.yamada@example.com,ST04
6632,吉田 美咲,misaki.yoshida@example.com,ST01
6633,吉田 翔,sho.yoshida@example.com,ST02
6634,加藤 大輔,daisuke.kato@example.com,ST03
6635,鈴木 大輔,daisuke.suzuki@example.com,ST03
6636,吉田 葵,aoi.yoshida@example.com,ST01
6637,小林 彩花,ayaka.kobayashi@example.com,ST01
6638,鈴木 健太,kenta.suzuki@example.com,ST02
6639,小林 結衣,yui.kobayashi@example.com,ST02
6640,佐藤 彩花,ayaka.sato@example.com,ST01
6641,高橋 葵,aoi.takahashi@example.com,ST02
6642,加藤 大輔,daisuke.kato@example.com,ST04
6643,吉田 蓮,ren.yoshida@example.com,ST01
6644,山本 葵,aoi.yamamoto@example.com,ST01
6645,田中 結衣,yui.tanaka@example.com,ST01
6646,田中 結衣,yui.tanaka@example.com,ST01
6647,佐藤 健太,kenta.sato@example.com,ST02
6648,鈴木 陽菜,hina.suzuki@example.com,ST03
6649,小林 悠斗,yuto.kobayashi@example.com,ST02
6650,佐藤 美咲,misaki.sato@example.com,ST02
6651,吉田 太郎,taro.yoshida@example.com,ST04
6652,佐藤 結衣,yui.sato@example.com,ST02
6653,山田 大輔,daisuke.yamada@example.com,ST03
6654,山本 美咲,misaki.yamamoto@example.com,ST04
6655,伊藤 大輔,daisuke.ito@example.com,ST03
6656,伊藤 陽菜,hina.ito@example.com,ST01
6657,中村 健太,kenta.nakamura@example.com,ST03
6658,小林 蓮,ren.kobayashi@example.com,ST03
6659,加藤 美咲,misaki.kato@example.com,ST03
6660,田中 拓海,takumi.tanaka@example.com,ST04
6661,佐藤 悠斗,yuto.sato@example.com,ST04
6662,田中 彩花,ayaka.tanaka@example.com,ST03
6663,伊藤 太郎,taro.ito@example.com,ST03
6664,加藤 太郎,taro.kato@example.com,ST03
6665,山本 美咲,misaki.yamamoto@example.com,ST01
6666,加藤 拓海,takumi.kato@example.com,ST03
6667,吉田 健太,kenta.yoshida@example.com,ST01
6668,吉田 健太,kenta.yoshida@example.com,ST04
6669,山本 美咲,misaki.yamamoto@example.com,ST04
6670,田中 翔,sho.tanaka@example.com,ST01
6671,小林 太郎,taro.kobayashi@example.com,ST04
6672,田中 結衣,yui.tanaka@example.com,ST02
6673,佐藤 健太,kenta.sato@example.com,ST04
6674,伊藤 翔,sho.ito@example.com,ST04
6675,吉田 美咲,misaki.yoshida@example.com,ST01
6676,渡辺 美咲,misaki.watanabe@example.com,ST02
6677,伊藤 陽菜,hina.ito@example.com,ST02
6678,渡辺 彩花,ayaka.watanabe@example.com,ST03
6679,吉田 蓮,ren.yoshida@example.com,ST04
6680,吉田 陽菜,hina.yoshida@example.com,ST03
6681,加藤 美咲,misaki.kato@example.com,ST03
6682,高橋 翔,sho.takahashi@example.com,ST04
6683,加藤 健太,kenta.kato@example.com,ST04
6684,鈴木 結衣,yui.suzuki@example.com,ST02
6685,伊藤 葵,aoi.ito@example.com,ST03
6686,鈴木 大輔,daisuke.suzuki@example.com,ST04
6687,佐藤 蓮,ren.sato@example.com,ST01
6688,小林 拓海,takumi.kobayashi@example.com,ST04
6689,渡辺 悠斗,yuto.watanabe@example.com,ST01
6690,小林 美咲,misaki.kobayashi@example.com,ST03
6691,小林 結衣,yui.kobayashi@example.com,ST02
6692,渡辺 蓮,ren.watanabe@example.com,ST02
6693,田中 美咲,misaki.tanaka@example.com,ST04
6694,渡辺 拓海,takumi.watanabe@example.com,ST04
6695,山田 悠斗,yuto.yamada@example.com,ST03
6696,吉田 翔,sho.yoshida@example.com,ST02
6697,山田 彩花,ayaka.yamada@example.com,ST02
6698,山本 陽菜,hina.yamamoto@example.com,ST04
6699,中村 彩花,ayaka.nakamura@example.com,ST01
6700,渡辺 翔,sho.watanabe@example.com,ST03
6701,山本 彩花,ayaka.yamamoto@example.com,ST02
6702,吉田 翔,sho.yoshida@example.com,ST04
6703,高橋 翔,sho.takahashi@example.com,ST01
6704,吉田 彩花,ayaka.yoshida@example.com,ST01
6705,吉田 葵,aoi.yoshida@example.com,ST03
6706,渡辺 陽菜,hina.watanabe@example.com,ST04
6707,山田 葵,aoi.yamada@example.com,ST04
6708,渡辺 蓮,ren.watanabe@example.com,ST03
6709,吉田 拓海,takumi.yoshida@example.com,ST04
6710,山田 美咲,misaki.yamada@example.com,ST04
6711,山田 翔,sho.yamada@example.com,ST04
6712,吉田 葵,aoi.yoshida@example.com,ST03
6713,山田 蓮,ren.yamada@example.com,ST04
6714,小林 彩花,ayaka.kobayashi@example.com,ST01
6715,中村 蓮,ren.nakamura@example.com,ST01
6716,伊藤 翔,sho.ito@example.com,ST02
6717,鈴木 葵,aoi.suzuki@example.com,ST01
6718,鈴木 大輔,daisuke.suzuki@example.com,ST03
6719,山田 悠斗,yuto.yamada@example.com,ST03
6720,中村 健太,kenta.nakamura@example.com,ST04
6721,高橋 葵,aoi.takahashi@example.com,ST01
6722,渡辺 蓮,ren.watanabe@example.com,ST02
6723,佐藤 陽菜,hina.sato@example.com,ST02
6724,田中 結衣,yui.tanaka@example.com,ST03
6725,田中 健太,kenta.tanaka@example.com,ST03
6726,鈴木 翔,sho.suzuki@example.com,ST02
6727,佐藤 大輔,daisuke.sato@example.com,ST01
6728,小林 悠斗,yuto.kobayashi@example.com,ST01
6729,鈴木 美咲,misaki.suzuki@example.com,ST04
6730,渡辺 陽菜,hina.watanabe@example.com,ST03
6731,田中 蓮,ren.tanaka@example.com,ST04
6732,高橋 結衣,yui.takahashi@example.com,ST04
6733,田中 美咲,misaki.tanaka@example.com,ST03
6734,渡辺 美咲,misaki.watanabe@example.com,ST03
6735,山田 大輔,daisuke.yamada@example.com,ST02
6736,山本 太郎,taro.yamamoto@example.com,ST02
6737,高橋 陽菜,hina.takahashi@example.com,ST02
6738,小林 美咲,misaki.kobayashi@example.com,ST02
6739,吉田 美咲,misaki.yoshida@example.com,ST04
6740,田中 彩花,ayaka.tanaka@example.com,ST02
6741,佐藤 拓海,takumi.sato@example.com,ST03
6742,小林 健太,kenta.kobayashi@example.com,ST01
6743,高橋 翔,sho.takahashi@example.com,ST01
6744,渡辺 翔,sho.watanabe@example.com,ST01
6745,吉田 彩花,ayaka.yoshida@example.com,ST02
6746,佐藤 美咲,misaki.sato@example.com,ST01
6747,高橋 太郎,taro.takahashi@example.com,ST03
6748,小林 葵,aoi.kobayashi@example.com,ST02
6749,佐藤 翔,sho.sato@example.com,ST04
6750,山田 葵,aoi.yamada@example.com,ST04
6751,高橋 葵,aoi.takahashi@example.com,ST01
6752,山本 拓海,takumi.yamamoto@example.com,ST02
6753,吉田 蓮,ren.yoshida@example.com,ST01
6754,中村 悠斗,yuto.nakamura@example.com,ST01
6755,山田 結衣,yui.yamada@example.com,ST04
6756,田中 美咲,misaki.tanaka@example.com,ST04
6757,鈴木 悠斗,yuto.suzuki@example.com,ST03
6758,小林 健太,kenta.kobayashi@example.com,ST01
6759,山田 彩花,ayaka.yamada@example.com,ST04
6760,伊藤 拓海,takumi.ito@example.com,ST01
6761,渡辺 太郎,taro.watanabe@example.com,ST01
6762,渡辺 太郎,taro.watanabe@example.com,ST03
6763,高橋 陽菜,hina.takahashi@example.com,ST02
6764,渡辺 葵,aoi.watanabe@example.com,ST01
6765,吉田 拓海,takumi.yoshida@example.com,ST01
6766,渡辺 結衣,yui.watanabe@example.com,ST02
6767,佐藤 陽菜,hina.sato@example.com,ST03
6768,山本 健太,kenta.yamamoto@example.com,ST04
6769,吉田 蓮,ren.yoshida@example.com,ST02
6770,中村 大輔,daisuke.nakamura@example.com,ST01
6771,佐藤 拓海,takumi.sato@example.com,ST04
6772,小林 健太,kenta.kobayashi@example.com,ST04
6773,伊藤 蓮,ren.ito@example.com,ST02
6774,加藤 拓海,takumi.kato@example.com,ST04
6775,小林 悠斗,yuto.kobayashi@example.com,ST01
6776,高橋 翔,sho.takahashi@example.com,ST01
6777,小林 彩花,ayaka.kobayashi@example.com,ST02
6778,加藤 葵,aoi.kato@example.com,ST02
6779,中村 太郎,taro.nakamura@example.com,ST02
6780,渡辺 悠斗,yuto.watanabe@example.com,ST03
6781,加藤 葵,aoi.kato@example.com,ST04
6782,小林 結衣,yui.kobayashi@example.com,ST03
6783,佐藤 拓海,takumi.sato@example.com,ST01
6784,小林 拓海,takumi.kobayashi@example.com,ST04
6785,鈴木 結衣,yui.suzuki@example.com,ST01
6786,山本 結衣,yui.yamamoto@example.com,ST03
6787,山本 拓海,takumi.yamamoto@example.com,ST04
6788,中村 結衣,yui.nakamura@example.com,ST02
6789,鈴木 太郎,taro.suzuki@example.com,ST01
6790,山田 太郎,taro.yamada@example.com,ST03
6791,伊藤 拓海,takumi.ito@example.com,ST01
6792,山本 美咲,misaki.yamamoto@example.com,ST04
6793,加藤 翔,sho.kato@example.com,ST01
6794,佐藤 蓮,ren.sato@example.com,ST03
6795,加藤 蓮,ren.kato@example.com,ST04
6796,高橋 陽菜,hina.takahashi@example.com,ST04
6797,佐藤 彩花,ayaka.sato@example.com,ST03
6798,鈴木 結衣,yui.suzuki@example.com,ST04
6799,中村 美咲,misaki.nakamura@example.com,ST02
6800,小林 蓮,ren.kobayashi@example.com,ST01
6801,山田 彩花,ayaka.yamada@example.com,ST04
6802,伊藤 蓮,ren.ito@example.com,ST03
6803,田中 大輔,daisuke.tanaka@example.com,ST02
6804,吉田 悠斗,yuto.yoshida@example.com,ST04
6805,田中 陽菜,hina.tanaka@example.com,ST04
6806,中村 葵,aoi.nakamura@example.com,ST04
6807,山田 健太,kenta.yamada@example.com,ST03
6808,小林 彩花,ayaka.kobayashi@example.com,ST02
6809,高橋 大輔,daisuke.takahashi@example.com,ST01
6810,伊藤 翔,sho.ito@example.com,ST02
6811,佐藤 大輔,daisuke.sato@example.com,ST01
6812,鈴木 美咲,misaki.suzuki@example.com,ST01
6813,小林 翔,sho.kobayashi@example.com,ST03
6814,高橋 陽菜,hina.takahashi@example.com,ST04
6815,高橋 結衣,yui.takahashi@example.com,ST02
6816,鈴木 翔,sho.suzuki@example.com,ST03
6817,中村 悠斗,yuto.nakamura@example.com,ST04
6818,伊藤 蓮,ren.ito@example.com,ST03
6819,田中 葵,aoi.tanaka@example.com,ST03
6820,渡辺 太郎,taro.watanabe@example.com,ST02
6821,田中 美咲,misaki.tanaka@example.com,ST04
6822,中村 悠斗,yuto.nakamura@example.com,ST01
6823,田中 健太,kenta.tanaka@example.com,ST01
6824,鈴木 翔,sho.suzuki@example.com,ST03
6825,吉田 悠斗,yuto.yoshida@example.com,ST04
6826,山田 健太,kenta.yamada@example.com,ST04
6827,中村 悠斗,yuto.nakamura@example.com,ST04
6828,佐藤 悠斗,yuto.sato@example.com,ST03
6829,山本 太郎,taro.yamamoto@example.com,ST04
6830,鈴木 彩花,ayaka.suzuki@example.com,ST03
6831,山本 美咲,misaki.yamamoto@example.com,ST04
6832,伊藤 葵,aoi.ito@example.com,ST01
6833,渡辺 陽菜,hina.watanabe@example.com,ST02
6834,中村 結衣,yui.nakamura@example.com,ST01
6835,田中 美咲,misaki.tanaka@example.com,ST01
6836,山本 美咲,misaki.yamamoto@example.com,ST01
6837,加藤 結衣,yui.kato@example.com,ST04
6838,鈴木 太郎,taro.suzuki@example.com,ST03
6839,高橋 結衣,yui.takahashi@example.com,ST04
6840,佐藤 悠斗,yuto.sato@example.com,ST02
6841,加藤 陽菜,hina.kato@example.com,ST02
6842,加藤 葵,aoi.kato@example.com,ST04
6843,小林 拓海,takumi.kobayashi@example.com,ST04
6844,渡辺 拓海,takumi.watanabe@example.com,ST01
6845,渡辺 彩花,ayaka.watanabe@example.com,ST04
6846,渡辺 拓海,takumi.watanabe@example.com,ST02
6847,加藤 彩花,ayaka.kato@example.com,ST04
6848,鈴木 美咲,misaki.suzuki@example.com,ST03
6849,田中 結衣,yui.tanaka@example.com,ST02
6850,山田 結衣,yui.yamada@example.com,ST04
6851,高橋 拓海,takumi.takahashi@example.com,ST03
6852,中村 大輔,daisuke.nakamura@example.com,ST04
6853,伊藤 大輔,daisuke.ito@example.com,ST04
6854,鈴木 太郎,taro.suzuki@example.com,ST01
6855,渡辺 美咲,misaki.watanabe@example.com,ST04
6856,加藤 結衣,yui.kato@example.com,ST03
6857,中村 蓮,ren.nakamura@example.com,ST04
6858,高橋 健太,kenta.takahashi@example.com,ST01
6859,鈴木 陽菜,hina.suzuki@example.com,ST02
6860,佐藤 陽菜,hina.sato@example.com,ST02
6861,吉田 悠斗,yuto.yoshida@example.com,ST02
6862,佐藤 悠斗,yuto.sato@example.com,ST04
6863,中村 美咲,misaki.nakamura@example.com,ST03
6864,渡辺 拓海,takumi.watanabe@example.com,ST01
6865,山本 美咲,misaki.yamamoto@example.com,ST02
6866,山田 翔,sho.yamada@example.com,ST02
6867,加藤 結衣,yui.kato@example.com,ST02
6868,渡辺 大輔,daisuke.watanabe@example.com,ST04
6869,吉田 健太,kenta.yoshida@example.com,ST02
6870,鈴木 翔,sho.suzuki@example.com,ST01
6871,加藤 美咲,misaki.kato@example.com,ST04
6872,中村 美咲,misaki.nakamura@example.com,ST03
6873,山田 翔,sho.yamada@example.com,ST03
6874,吉田 彩花,ayaka.yoshida@example.com,ST01
6875,伊藤 結衣,yui.ito@example.com,ST01
6876,鈴木 翔,sho.suzuki@example.com,ST04
6877,高橋 健太,kenta.takahashi@example.com,ST02
6878,山本 葵,aoi.yamamoto@example.com,ST02
6879,伊藤 悠斗,yuto.ito@example.com,ST02
6880,加藤 太郎,taro.kato@example.com,ST01
6881,佐藤 悠斗,yuto.sato@example.com,ST03
6882,加藤 結衣,yui.kato@example.com,ST04
6883,鈴木 悠斗,yuto.suzuki@example.com,ST03
6884,鈴木 葵,aoi.suzuki@example.com,ST01
6885,山本 悠斗,yuto.yamamoto@example.com,ST04
6886,加藤 蓮,ren.kato@example.com,ST03
6887,中村 美咲,misaki.nakamura@example.com,ST03
6888,佐藤 葵,aoi.sato@example.com,ST04
6889,高橋 拓海,takumi.takahashi@example.com,ST03
6890,伊藤 太郎,taro.ito@example.com,ST02
6891,吉田 結衣,yui.yoshida@example.com,ST02
6892,中村 健太,kenta.nakamura@example.com,ST01
6893,鈴木 太郎,taro.suzuki@example.com,ST03
6894,伊藤 蓮,ren.ito@example.com,ST02
6895,吉田 葵,aoi.yoshida@example.com,ST04
6896,田中 健太,kenta.tanaka@example.com,ST01
6897,山田 悠斗,yuto.yamada@example.com,ST02
6898,高橋 大輔,daisuke.takahashi@example.com,ST04
6899,小林 翔,sho.kobayashi@example.com,ST03
6900,加藤 葵,aoi.kato@example.com,ST03
6901,山本 葵,aoi.yamamoto@example.com,ST04
6902,鈴木 蓮,ren.suzuki@example.com,ST04
6903,田中 大輔,daisuke.tanaka@example.com,ST04
6904,山本 健太,kenta.yamamoto@example.com,ST01
6905,渡辺 大輔,daisuke.watanabe@example.com,ST02
6906,加藤 悠斗,yuto.kato@example.com,ST04
6907,鈴木 太郎,taro.suzuki@example.com,ST01
6908,鈴木 結衣,yui.suzuki@example.com,ST03
6909,佐藤 大輔,daisuke.sato@example.com,ST01
6910,山本 葵,aoi.yamamoto@example.com,ST02
6911,伊藤 結衣,yui.ito@example.com,ST02
6912,渡辺 健太,kenta.watanabe@example.com,ST02
6913,渡辺 拓海,takumi.watanabe@example.com,ST04
6914,田中 拓海,takumi.tanaka@example.com,ST01
6915,山本 健太,kenta.yamamoto@example.com,ST03
6916,吉田 健太,kenta.yoshida@example.com,ST01
6917,伊藤 拓海,takumi.ito@example.com,ST02
6918,小林 翔,sho.kobayashi@example.com,ST03
6919,渡辺 太郎,taro.watanabe@example.com,ST02
6920,渡辺 蓮,ren.watanabe@example.com,ST02
6921,田中 葵,aoi.tanaka@example.com,ST04
6922,鈴木 陽菜,hina.suzuki@example.com,ST01
6923,山本 翔,sho.yamamoto@example.com,ST01
6924,山田 彩花,ayaka.yamada@example.com,ST04
6925,小林 健太,kenta.kobayashi@example.com,ST02
6926,佐藤 太郎,taro.sato@example.com,ST01
6927,加藤 健太,kenta.kato@example.com,ST02
6928,佐藤 葵,aoi.sato@example.com,ST04
6929,小林 美咲,misaki.kobayashi@example.com,ST03
6930,高橋 結衣,yui.takahashi@example.com,ST04
6931,高橋 太郎,taro.takahashi@example.com,ST02
6932,加藤 陽菜,hina.kato@example.com,ST03
6933,田中 大輔,daisuke.tanaka@example.com,ST01
6934,加藤 拓海,takumi.kato@example.com,ST03
6935,田中 翔,sho.tanaka@example.com,ST02
6936,高橋 翔,sho.takahashi@example.com,ST04
6937,中村 彩花,ayaka.nakamura@example.com,ST03
6938,佐藤 蓮,ren.sato@example.com,ST03
6939,鈴木 陽菜,hina.suzuki@example.com,ST03
6940,佐藤 蓮,ren.sato@example.com,ST02
6941,吉田 結衣,yui.yoshida@example.com,ST03
6942,高橋 彩花,ayaka.takahashi@example.com,ST02
6943,山田 陽菜,hina.yamada@example.com,ST02
6944,高橋 彩花,ayaka.takahashi@example.com,ST01
6945,伊藤 陽菜,hina.ito@example.com,ST03
6946,山本 大輔,daisuke.yamamoto@example.com,ST01
6947,鈴木 彩花,ayaka.suzuki@example.com,ST02
6948,吉田 大輔,daisuke.yoshida@example.com,ST01
6949,佐藤 結衣,yui.sato@example.com,ST01
6950,小林 葵,aoi.kobayashi@example.com,ST02
6951,小林 太郎,taro.kobayashi@example.com,ST02
6952,小林 美咲,misaki.kobayashi@example.com,ST01
6953,山田 結衣,yui.yamada@example.com,ST02
6954,佐藤 結衣,yui.sato@example.com,ST01
6955,山本 美咲,misaki.yamamoto@example.com,ST02
6956,渡辺 翔,sho.watanabe@example.com,ST02
6957,田中 陽菜,hina.tanaka@example.com,ST02
6958,佐藤 健太,kenta.sato@example.com,ST03
6959,小林 太郎,taro.kobayashi@example.com,ST02
6960,高橋 大輔,daisuke.takahashi@example.com,ST04
6961,佐藤 拓海,takumi.sato@example.com,ST01
6962,渡辺 太郎,taro.watanabe@example.com,ST03
6963,伊藤 彩花,ayaka.ito@example.com,ST03
6964,加藤 翔,sho.kato@example.com,ST02
6965,高橋 翔,sho.takahashi@example.com,ST04
6966,小林 蓮,ren.kobayashi@example.com,ST02
6967,高橋 美咲,misaki.takahashi@example.com,ST04
6968,山本 彩花,ayaka.yamamoto@example.com,ST03
6969,渡辺 彩花,ayaka.watanabe@example.com,ST02
6970,高橋 陽菜,hina.takahashi@example.com,ST03
6971,中村 悠斗,yuto.nakamura@example.com,ST02
6972,山本 悠斗,yuto.yamamoto@example.com,ST04
6973,高橋 拓海,takumi.takahashi@example.com,ST01
6974,加藤 葵,aoi.kato@example.com,ST02
6975,山田 彩花,ayaka.yamada@example.com,ST02
6976,小林 陽菜,hina.kobayashi@example.com,ST02
6977,高橋 拓海,takumi.takahashi@example.com,ST02
6978,鈴木 健太,kenta.suzuki@example.com,ST01
6979,山田 蓮,ren.yamada@example.com,ST04
6980,小林 蓮,ren.kobayashi@example.com,ST04
6981,鈴木 拓海,takumi.suzuki@example.com,ST03
6982,加藤 太郎,taro.kato@example.com,ST02
6983,加藤 健太,kenta.kato@example.com,ST02
6984,佐藤 陽菜,hina.sato@example.com,ST04
6985,山田 彩花,ayaka.yamada@example.com,ST01
6986,吉田 悠斗,yuto.yoshida@example.com,ST04
6987,吉田 美咲,misaki.yoshida@example.com,ST04
6988,佐藤 健太,kenta.sato@example.com,ST01
6989,鈴木 悠斗,yuto.suzuki@example.com,ST02
6990,加藤 蓮,ren.kato@example.com,ST01
6991,吉田 拓海,takumi.yoshida@example.com,ST03
6992,田中 拓海,takumi.tanaka@example.com,ST04
6993,山田 健太,kenta.yamada@example.com,ST04
6994,渡辺 美咲,misaki.watanabe@example.com,ST04
6995,中村 陽菜,hina.nakamura@example.com,ST01
6996,佐藤 陽菜,hina.sato@example.com,ST02
6997,田中 美咲,misaki.tanaka@example.com,ST04
6998,伊藤 健太,kenta.ito@example.com,ST04
6999,山田 蓮,ren.yamada@example.com,ST04
7000,加藤 悠斗,yuto.kato@example.com,ST03
7001,鈴木 拓海,takumi.suzuki@example.com,ST03
7002,鈴木 蓮,ren.suzuki@example.com,ST01
7003,佐藤 拓海,takumi.sato@example.com,ST02
7004,高橋 葵,aoi.takahashi@example.com,ST03
7005,加藤 拓海,takumi.kato@example.com,ST03
7006,加藤 拓海,takumi.kato@example.com,ST03
7007,中村 悠斗,yuto.nakamura@example.com,ST01
7008,佐藤 拓海,takumi.sato@example.com,ST01
7009,伊藤 彩花,ayaka.ito@example.com,ST01
7010,鈴木 葵,aoi.suzuki@example.com,ST01
7011,佐藤 彩花,ayaka.sato@example.com,ST01
7012,加藤 健太,kenta.kato@example.com,ST01
7013,田中 大輔,daisuke.tanaka@example.com,ST03
7014,佐藤 葵,aoi.sato@example.com,ST01
7015,鈴木 結衣,yui.suzuki@example.com,ST04
7016,渡辺 太郎,taro.watanabe@example.com,ST03
7017,佐藤 美咲,misaki.sato@example.com,ST04
7018,小林 大輔,daisuke.kobayashi@example.com,ST02
7019,渡辺 翔,sho.watanabe@example.com,ST03
7020,山本 翔,sho.yamamoto@example.com,ST04
7021,高橋 葵,aoi.takahashi@example.com,ST02
7022,中村 拓海,takumi.nakamura@example.com,ST01
7023,伊藤 陽菜,hina.ito@example.com,ST02
7024,伊藤 彩花,ayaka.ito@example.com,ST02
7025,山田 大輔,daisuke.yamada@example.com,ST01
7026,鈴木 悠斗,yuto.suzuki@example.com,ST04
7027,吉田 健太,kenta.yoshida@example.com,ST03
7028,中村 悠斗,yuto.nakamura@example.com,ST04
7029,中村 大輔,daisuke.nakamura@example.com,ST01
7030,吉田 葵,aoi.yoshida@example.com,ST01
7031,渡辺 葵,aoi.watanabe@example.com,ST01
7032,鈴木 葵,aoi.suzuki@example.com,ST03
7033,山田 翔,sho.yamada@example.com,ST04
7034,山田 拓海,takumi.yamada@example.com,ST02
7035,中村 陽菜,hina.nakamura@example.com,ST04
7036,鈴木 結衣,yui.suzuki@example.com,ST02
7037,田中 翔,sho.tanaka@example.com,ST01
7038,小林 蓮,ren.kobayashi@example.com,ST04
7039,小林 悠斗,yuto.kobayashi@example.com,ST01
7040,加藤 美咲,misaki.kato@example.com,ST02
7041,田中 美咲,misaki.tanaka@example.com,ST04
7042,山田 彩花,ayaka.yamada@example.com,ST03
7043,中村 蓮,ren.nakamura@example.com,ST02
7044,佐藤 結衣,yui.sato@example.com,ST01
7045,高橋 健太,kenta.takahashi@example.com,ST01
7046,高橋 彩花,ayaka.takahashi@example.com,ST03
7047,伊藤 陽菜,hina.ito@example.com,ST03
7048,山田 陽菜,hina.yamada@example.com,ST03
7049,田中 太郎,taro.tanaka@example.com,ST03
7050,田中 翔,sho.tanaka@example.com,ST01
7051,加藤 悠斗,yuto.kato@example.com,ST01
7052,田中 結衣,yui.tanaka@example.com,ST03
7053,山本 太郎,taro.yamamoto@example.com,ST04
7054,加藤 結衣,yui.kato@example.com,ST02
7055,加藤 健太,kenta.kato@example.com,ST04
7056,小林 太郎,taro.kobayashi@example.com,ST01
7057,田中 結衣,yui.tanaka@example.com,ST01
7058,山本 結衣,yui.yamamoto@example.com,ST02
7059,小林 結衣,yui.kobayashi@example.com,ST02
7060,小林 太郎,taro.kobayashi@example.com,ST01
7061,山本 悠斗,yuto.yamamoto@example.com,ST01
7062,吉田 太郎,taro.yoshida@example.com,ST01
7063,加藤 結衣,yui.kato@example.com,ST04
7064,吉田 彩花,ayaka.yoshida@example.com,ST01
7065,山田 結衣,yui.yamada@example.com,ST01
7066,小林 彩花,ayaka.kobayashi@example.com,ST01
7067,高橋 拓海,takumi.takahashi@example.com,ST04
7068,吉田 陽菜,hina.yoshida@example.com,ST03
7069,加藤 蓮,ren.kato@example.com,ST01
7070,吉田 拓海,takumi.yoshida@example.com,ST04
7071,小林 翔,sho.kobayashi@example.com,ST01
7072,小林 太郎,taro.kobayashi@example.com,ST03
7073,小林 翔,sho.kobayashi@example.com,ST04
7074,鈴木 大輔,daisuke.suzuki@example.com,ST02
7075,加藤 陽菜,hina.kato@example.com,ST02
7076,山田 葵,aoi.yamada@example.com,ST01
7077,山田 蓮,ren.yamada@example.com,ST01
7078,田中 翔,sho.tanaka@example.com,ST01
7079,加藤 蓮,ren.kato@example.com,ST04
7080,小林 拓海,takumi.kobayashi@example.com,ST02
7081,吉田 結衣,yui.yoshida@example.com,ST04
7082,高橋 美咲,misaki.takahashi@example.com,ST01
7083,山田 蓮,ren.yamada@example.com,ST01
7084,鈴木 葵,aoi.suzuki@example.com,ST01
7085,田中 蓮,ren.tanaka@example.com,ST04
7086,小林 健太,kenta.kobayashi@example.com,ST04
7087,渡辺 大輔,daisuke.watanabe@example.com,ST03
7088,高橋 結衣,yui.takahashi@example.com,ST01
7089,高橋 蓮,ren.takahashi@example.com,ST01
7090,中村 健太,kenta.nakamura@example.com,ST02
7091,高橋 陽菜,hina.takahashi@example.com,ST03
7092,吉田 蓮,ren.yoshida@example.com,ST02
7093,吉田 拓海,takumi.yoshida@example.com,ST01
7094,吉田 彩花,ayaka.yoshida@example.com,ST03
7095,鈴木 彩花,ayaka.suzuki@example.com,ST04
7096,山田 太郎,taro.yamada@example.com,ST03
7097,山田 拓海,takumi.yamada@example.com,ST01
7098,佐藤 悠斗,yuto.sato@example.com,ST02
7099,加藤 悠斗,yuto.kato@example.com,ST02
7100,伊藤 陽菜,hina.ito@example.com,ST01
7101,吉田 結衣,yui.yoshida@example.com,ST01
7102,佐藤 太郎,taro.sato@example.com,ST02
7103,山田 結衣,yui.yamada@example.com,ST01
7104,小林 拓海,takumi.kobayashi@example.com,ST02
7105,鈴木 拓海,takumi.suzuki@example.com,ST02
7106,渡辺 翔,sho.watanabe@example.com,ST03
7107,田中 葵,aoi.tanaka@example.com,ST01
7108,佐藤 悠斗,yuto.sato@example.com,ST04
7109,高橋 葵,aoi.takahashi@example.com,ST01
7110,加藤 大輔,daisuke.kato@example.com,ST02
7111,渡辺 葵,aoi.watanabe@example.com,ST03
7112,吉田 彩花,ayaka.yoshida@example.com,ST01
7113,佐藤 健太,kenta.sato@example.com,ST04
7114,渡辺 太郎,taro.watanabe@example.com,ST02
7115,佐藤 大輔,daisuke.sato@example.com,ST03
7116,渡辺 葵,aoi.watanabe@example.com,ST02
7117,佐藤 彩花,ayaka.sato@example.com,ST01
7118,佐藤 翔,sho.sato@example.com,ST01
7119,小林 悠斗,yuto.kobayashi@example.com,ST01
7120,田中 蓮,ren.tanaka@example.com,ST04
7121,中村 拓海,takumi.nakamura@example.com,ST03
7122,伊藤 陽菜,hina.ito@example.com,ST03
7123,山田 彩花,ayaka.yamada@example.com,ST04
7124,伊藤 翔,sho.ito@example.com,ST04
7125,佐藤 翔,sho.sato@example.com,ST01
7126,小林 翔,sho.kobayashi@example.com,ST02
7127,小林 陽菜,hina.kobayashi@example.com,ST04
7128,中村 翔,sho.nakamura@example.com,ST03
7129,渡辺 結衣,yui.watanabe@example.com,ST03
7130,加藤 結衣,yui.kato@example.com,ST04
7131,渡辺 彩花,ayaka.watanabe@example.com,ST04
7132,小林 拓海,takumi.kobayashi@example.com,ST03
7133,鈴木 健太,kenta.suzuki@example.com,ST01
7134,佐藤 悠斗,yuto.sato@example.com,ST03
7135,高橋 彩花,ayaka.takahashi@example.com,ST03
7136,中村 大輔,daisuke.nakamura@example.com,ST02
7137,渡辺 健太,kenta.watanabe@example.com,ST03
7138,中村 結衣,yui.nakamura@example.com,ST03
7139,高橋 大輔,daisuke.takahashi@example.com,ST01
7140,吉田 葵,aoi.yoshida@example.com,ST01
7141,吉田 健太,kenta.yoshida@example.com,ST04
7142,吉田 大輔,daisuke.yoshida@example.com,ST01
7143,鈴木 健太,kenta.suzuki@example.com,ST01
7144,山田 太郎,taro.yamada@example.com,ST03
7145,吉田 健太,kenta.yoshida@example.com,ST01
7146,加藤 葵,aoi.kato@example.com,ST01
7147,加藤 翔,sho.kato@example.com,ST01
7148,高橋 大輔,daisuke.takahashi@example.com,ST04
7149,田中 健太,kenta.tanaka@example.com,ST03
7150,渡辺 太郎,taro.watanabe@example.com,ST02
7151,中村 蓮,ren.nakamura@example.com,ST02
7152,小林 健太,kenta.kobayashi@example.com,ST03
7153,伊藤 太郎,taro.ito@example.com,ST04
7154,中村 結衣,yui.nakamura@example.com,ST04
7155,鈴木 蓮,ren.suzuki@example.com,ST01
7156,高橋 太郎,taro.takahashi@example.com,ST03
7157,山本 太郎,taro.yamamoto@example.com,ST03
7158,佐藤 大輔,daisuke.sato@example.com,ST02
7159,加藤 葵,aoi.kato@example.com,ST03
7160,中村 蓮,ren.nakamura@example.com,ST02
7161,高橋 拓海,takumi.takahashi@example.com,ST02
7162,田中 陽菜,hina.tanaka@example.com,ST03
7163,山田 大輔,daisuke.yamada@example.com,ST02
7164,伊藤 健太,kenta.ito@example.com,ST01
7165,山本 結衣,yui.yamamoto@example.com,ST03
7166,小林 大輔,daisuke.kobayashi@example.com,ST02
7167,伊藤 悠斗,yuto.ito@example.com,ST04
7168,鈴木 健太,kenta.suzuki@example.com,ST03
7169,渡辺 陽菜,hina.watanabe@example.com,ST03
7170,小林 翔,sho.kobayashi@example.com,ST02
7171,鈴木 太郎,taro.suzuki@example.com,ST01
7172,山本 彩花,ayaka.yamamoto@example.com,ST02
7173,吉田 翔,sho.yoshida@example.com,ST01
7174,山本 結衣,yui.yamamoto@example.com,ST04
7175,田中 彩花,ayaka.tanaka@example.com,ST04
7176,山本 大輔,daisuke.yamamoto@example.com,ST04
7177,田中 美咲,misaki.tanaka@example.com,ST02
7178,高橋 大輔,daisuke.takahashi@example.com,ST04
7179,山田 大輔,daisuke.yamada@example.com,ST03
7180,吉田 太郎,taro.yoshida@example.com,ST03
7181,山田 美咲,misaki.yamada@example.com,ST02
7182,田中 太郎,taro.tanaka@example.com,ST04
7183,山田 翔,sho.yamada@example.com,ST02
7184,渡辺 悠斗,yuto.watanabe@example.com,ST04
7185,伊藤 拓海,takumi.ito@example.com,ST04
7186,山田 陽菜,hina.yamada@example.com,ST03
7187,佐藤 蓮,ren.sato@example.com,ST02
7188,小林 彩花,ayaka.kobayashi@example.com,ST01
7189,佐藤 拓海,takumi.sato@example.com,ST04
7190,佐藤 翔,sho.sato@example.com,ST03
7191,中村 大輔,daisuke.nakamura@example.com,ST02
7192,山本 大輔,daisuke.yamamoto@example.com,ST04
7193,中村 葵,aoi.nakamura@example.com,ST04
7194,伊藤 蓮,ren.ito@example.com,ST01
7195,田中 彩花,ayaka.tanaka@example.com,ST01
7196,佐藤 葵,aoi.sato@example.com,ST03
7197,田中 結衣,yui.tanaka@example.com,ST04
7198,佐藤 拓海,takumi.sato@example.com,ST04
7199,伊藤 大輔,daisuke.ito@example.com,ST02
7200,小林 太郎,taro.kobayashi@example.com,ST01
7201,吉田 彩花,ayaka.yoshida@example.com,ST04
7202,鈴木 葵,aoi.suzuki@example.com,ST01
7203,高橋 悠斗,yuto.takahashi@example.com,ST03
7204,伊藤 陽菜,hina.ito@example.com,ST04
7205,渡辺 健太,kenta.watanabe@example.com,ST02
7206,渡辺 葵,aoi.watanabe@example.com,ST02
7207,加藤 葵,aoi.kato@example.com,ST03
7208,佐藤 健太,kenta.sato@example.com,ST04
7209,山本 翔,sho.yamamoto@example.com,ST04
7210,吉田 美咲,misaki.yoshida@example.com,ST01
7211,田中 蓮,ren.tanaka@example.com,ST01
7212,伊藤 葵,aoi.ito@example.com,ST02
7213,山田 太郎,taro.yamada@example.com,ST03
7214,渡辺 拓海,takumi.watanabe@example.com,ST01
7215,中村 彩花,ayaka.nakamura@example.com,ST04
7216,小林 葵,aoi.kobayashi@example.com,ST02
7217,高橋 陽菜,hina.takahashi@example.com,ST02
7218,山田 悠斗,yuto.yamada@example.com,ST03
7219,中村 陽菜,hina.nakamura@example.com,ST04
7220,山田 悠斗,yuto.yamada@example.com,ST02
7221,渡辺 陽菜,hina.watanabe@example.com,ST01
7222,鈴木 蓮,ren.suzuki@example.com,ST02
7223,佐藤 美咲,misaki.sato@example.com,ST04
7224,小林 結衣,yui.kobayashi@example.com,ST03
7225,吉田 悠斗,yuto.yoshida@example.com,ST03
7226,田中 悠斗,yuto.tanaka@example.com,ST03
7227,鈴木 葵,aoi.suzuki@example.com,ST02
7228,中村 悠斗,yuto.nakamura@example.com,ST03
7229,渡辺 彩花,ayaka.watanabe@example.com,ST02
7230,山田 彩花,ayaka.yamada@example.com,ST04
7231,加藤 太郎,taro.kato@example.com,ST02
7232,山本 蓮,ren.yamamoto@example.com,ST03
7233,鈴木 結衣,yui.suzuki@example.com,ST02
7234,高橋 美咲,misaki.takahashi@example.com,ST04
7235,高橋 悠斗,yuto.takahashi@example.com,ST01
7236,山本 翔,sho.yamamoto@example.com,ST01
7237,伊藤 翔,sho.ito@example.com,ST03
7238,山田 健太,kenta.yamada@example.com,ST04
7239,田中 大輔,daisuke.tanaka@example.com,ST04
7240,中村 結衣,yui.nakamura@example.com,ST04
7241,高橋 葵,aoi.takahashi@example.com,ST02
7242,山本 健太,kenta.yamamoto@example.com,ST02
7243,田中 彩花,ayaka.tanaka@example.com,ST04
7244,吉田 拓海,takumi.yoshida@example.com,ST02
7245,加藤 蓮,ren.kato@example.com,ST03
7246,吉田 結衣,yui.yoshida@example.com,ST02
7247,吉田 拓海,takumi.yoshida@example.com,ST01
7248,山田 太郎,taro.yamada@example.com,ST04
7249,田中 悠斗,yuto.tanaka@example.com,ST03
7250,吉田 太郎,taro.yoshida@example.com,ST02
7251,伊藤 美咲,misaki.ito@example.com,ST03
7252,中村 葵,aoi.nakamura@example.com,ST03
7253,高橋 太郎,taro.takahashi@example.com,ST04
7254,山本 健太,kenta.yamamoto@example.com,ST02
7255,吉田 葵,aoi.yoshida@example.com,ST03
7256,加藤 太郎,taro.kato@example.com,ST04
7257,高橋 拓海,takumi.takahashi@example.com,ST03
7258,山本 太郎,taro.yamamoto@example.com,ST01
7259,吉田 悠斗,yuto.yoshida@example.com,ST03
7260,渡辺 彩花,ayaka.watanabe@example.com,ST01
7261,高橋 葵,aoi.takahashi@example.com,ST02
7262,小林 太郎,taro.kobayashi@example.com,ST03
7263,鈴木 蓮,ren.suzuki@example.com,ST04
7264,加藤 彩花,ayaka.kato@example.com,ST02
7265,加藤 健太,kenta.kato@example.com,ST03
7266,渡辺 大輔,daisuke.watanabe@example.com,ST03
7267,渡辺 翔,sho.watanabe@example.com,ST03
7268,伊藤 葵,aoi.ito@example.com,ST04
7269,高橋 太郎,taro.takahashi@example.com,ST03
7270,中村 健太,kenta.nakamura@example.com,ST03
7271,高橋 蓮,ren.takahashi@example.com,ST04
7272,小林 拓海,takumi.kobayashi@example.com,ST03
7273,伊藤 葵,aoi.ito@example.com,ST04
7274,山本 美咲,misaki.yamamoto@example.com,ST03
7275,山田 拓海,takumi.yamada@example.com,ST04
7276,山田 健太,kenta.yamada@example.com,ST03
7277,田中 蓮,ren.tanaka@example.com,ST04
7278,渡辺 太郎,taro.watanabe@example.com,ST03
7279,山本 健太,kenta.yamamoto@example.com,ST02
7280,加藤 結衣,yui.kato@example.com,ST02
7281,吉田 美咲,misaki.yoshida@example.com,ST04
7282,高橋 翔,sho.takahashi@example.com,ST04
7283,吉田 彩花,ayaka.yoshida@example.com,ST03
7284,伊藤 健太,kenta.ito@example.com,ST03
7285,渡辺 悠斗,yuto.watanabe@example.com,ST01
7286,高橋 翔,sho.takahashi@example.com,ST01
7287,小林 太郎,taro.kobayashi@example.com,ST01
7288,伊藤 美咲,misaki.ito@example.com,ST04
7289,山田 結衣,yui.yamada@example.com,ST01
7290,小林 彩花,ayaka.kobayashi@example.com,ST04
7291,山田 蓮,ren.yamada@example.com,ST02
7292,鈴木 拓海,takumi.suzuki@example.com,ST02
7293,中村 健太,kenta.nakamura@example.com,ST02
7294,渡辺 拓海,takumi.watanabe@example.com,ST01
7295,渡辺 結衣,yui.watanabe@example.com,ST01
7296,山田 彩花,ayaka.yamada@example.com,ST01
7297,山本 太郎,taro.yamamoto@example.com,ST01
7298,鈴木 健太,kenta.suzuki@example.com,ST03
7299,中村 翔,sho.nakamura@example.com,ST03
7300,鈴木 健太,kenta.suzuki@example.com,ST04
7301,田中 悠斗,yuto.tanaka@example.com,ST03
7302,加藤 翔,sho.kato@example.com,ST01
7303,高橋 彩花,ayaka.takahashi@example.com,ST02
7304,加藤 悠斗,yuto.kato@example.com,ST03
7305,渡辺 太郎,taro.watanabe@example.com,ST01
7306,加藤 大輔,daisuke.kato@example.com,ST02
7307,中村 陽菜,hina.nakamura@example.com,ST03
7308,中村 拓海,takumi.nakamura@example.com,ST01
7309,山田 蓮,ren.yamada@example.com,ST01
7310,渡辺 拓海,takumi.watanabe@example.com,ST01
7311,伊藤 彩花,ayaka.ito@example.com,ST01
7312,中村 蓮,ren.nakamura@example.com,ST02
7313,佐藤 健太,kenta.sato@example.com,ST01
7314,加藤 翔,sho.kato@example.com,ST02
7315,渡辺 彩花,ayaka.watanabe@example.com,ST02
7316,加藤 拓海,takumi.kato@example.com,ST04
7317,高橋 悠斗,yuto.takahashi@example.com,ST02
7318,伊藤 彩花,ayaka.ito@example.com,ST02
7319,加藤 美咲,misaki.kato@example.com,ST04
7320,小林 大輔,daisuke.kobayashi@example.com,ST04
7321,山田 健太,kenta.yamada@example.com,ST02
7322,鈴木 太郎,taro.suzuki@example.com,ST01
7323,佐藤 蓮,ren.sato@example.com,ST02
7324,渡辺 翔,sho.watanabe@example.com,ST02
7325,吉田 太郎,taro.yoshida@example.com,ST04
7326,鈴木 太郎,taro.suzuki@example.com,ST02
7327,加藤 悠斗,yuto.kato@example.com,ST02
7328,小林 悠斗,yuto.kobayashi@example.com,ST02
7329,田中 健太,kenta.tanaka@example.com,ST01
7330,佐藤 大輔,daisuke.sato@example.com,ST04
7331,吉田 翔,sho.yoshida@example.com,ST01
7332,小林 太郎,taro.kobayashi@example.com,ST04
7333,渡辺 陽菜,hina.watanabe@example.com,ST03
7334,高橋 健太,kenta.takahashi@example.com,ST04
7335,佐藤 蓮,ren.sato@example.com,ST03
7336,中村 葵,aoi.nakamura@example.com,ST01
7337,伊藤 大輔,daisuke.ito@example.com,ST03
7338,山田 健太,kenta.yamada@example.com,ST02
7339,田中 蓮,ren.tanaka@example.com,ST02
7340,高橋 美咲,misaki.takahashi@example.com,ST03
7341,吉田 大輔,daisuke.yoshida@example.com,ST02
7342,小林 美咲,misaki.kobayashi@example.com,ST03
7343,伊藤 陽菜,hina.ito@example.com,ST04
7344,鈴木 翔,sho.suzuki@example.com,ST01
7345,吉田 大輔,daisuke.yoshida@example.com,ST02
7346,加藤 健太,kenta.kato@example.com,ST02
7347,山田 悠斗,yuto.yamada@example.com,ST03
7348,田中 翔,sho.tanaka@example.com,ST02
7349,鈴木 悠斗,yuto.suzuki@example.com,ST02
7350,渡辺 悠斗,yuto.watanabe@example.com,ST01
7351,伊藤 太郎,taro.ito@example.com,ST04
7352,伊藤 彩花,ayaka.ito@example.com,ST04
7353,加藤 葵,aoi.kato@example.com,ST01
7354,鈴木 美咲,misaki.suzuki@example.com,ST01
7355,鈴木 悠斗,yuto.suzuki@example.com,ST03
7356,吉田 太郎,taro.yoshida@example.com,ST02
7357,小林 葵,aoi.kobayashi@example.com,ST04
7358,佐藤 翔,sho.sato@example.com,ST03
7359,山本 大輔,daisuke.yamamoto@example.com,ST03
7360,渡辺 結衣,yui.watanabe@example.com,ST04
7361,鈴木 大輔,daisuke.suzuki@example.com,ST01
7362,渡辺 葵,aoi.watanabe@example.com,ST03
7363,加藤 結衣,yui.kato@example.com,ST02
7364,佐藤 翔,sho.sato@example.com,ST03
7365,中村 陽菜,hina.nakamura@example.com,ST02
7366,伊藤 拓海,takumi.ito@example.com,ST01
7367,中村 美咲,misaki.nakamura@example.com,ST01
7368,中村 翔,sho.nakamura@example.com,ST03
7369,中村 蓮,ren.nakamura@example.com,ST04
7370,渡辺 太郎,taro.watanabe@example.com,ST02
7371,伊藤 大輔,daisuke.ito@example.com,ST04
7372,田中 健太,kenta.tanaka@example.com,ST01
7373,吉田 大輔,daisuke.yoshida@example.com,ST02
7374,山本 太郎,taro.yamamoto@example.com,ST03
7375,高橋 結衣,yui.takahashi@example.com,ST03
7376,吉田 結衣,yui.yoshida@example.com,ST02
7377,佐藤 葵,aoi.sato@example.com,ST04
7378,田中 翔,sho.tanaka@example.com,ST04
7379,伊藤 悠斗,yuto.ito@example.com,ST04
7380,吉田 太郎,taro.yoshida@example.com,ST03
7381,小林 蓮,ren.kobayashi@example.com,ST02
7382,小林 大輔,daisuke.kobayashi@example.com,ST04
7383,伊藤 大輔,daisuke.ito@example.com,ST02
7384,小林 悠斗,yuto.kobayashi@example.com,ST04
7385,伊藤 彩花,ayaka.ito@example.com,ST01
7386,小林 大輔,daisuke.kobayashi@example.com,ST02
7387,中村 健太,kenta.nakamura@example.com,ST03
7388,山田 陽菜,hina.yamada@example.com,ST02
7389,渡辺 結衣,yui.watanabe@example.com,ST03
7390,山本 結衣,yui.yamamoto@example.com,ST04
7391,加藤 太郎,taro.kato@example.com,ST02
7392,伊藤 翔,sho.ito@example.com,ST02
7393,伊藤 拓海,takumi.ito@example.com,ST03
7394,吉田 健太,kenta.yoshida@example.com,ST03
7395,中村 美咲,misaki.nakamura@example.com,ST04
7396,渡辺 翔,sho.watanabe@example.com,ST03
7397,小林 葵,aoi.kobayashi@example.com,ST01
7398,伊藤 太郎,taro.ito@example.com,ST03
7399,伊藤 悠斗,yuto.ito@example.com,ST04
7400,小林 結衣,yui.kobayashi@example.com,ST02
7401,佐藤 美咲,misaki.sato@example.com,ST04
7402,吉田 悠斗,yuto.yoshida@example.com,ST04
7403,小林 葵,aoi.kobayashi@example.com,ST02
7404,山本 美咲,misaki.yamamoto@example.com,ST03
7405,吉田 翔,sho.yoshida@example.com,ST01
7406,山田 健太,kenta.yamada@example.com,ST02
7407,吉田 結衣,yui.yoshida@example.com,ST03
7408,山田 美咲,misaki.yamada@example.com,ST03
7409,伊藤 美咲,misaki.ito@example.com,ST03
7410,伊藤 葵,aoi.ito@example.com,ST04
7411,加藤 蓮,ren.kato@example.com,ST02
7412,高橋 結衣,yui.takahashi@example.com,ST04
7413,吉田 健太,kenta.yoshida@example.com,ST02
7414,中村 結衣,yui.nakamura@example.com,ST01
7415,伊藤 美咲,misaki.ito@example.com,ST04
7416,高橋 結衣,yui.takahashi@example.com,ST04
7417,山田 太郎,taro.yamada@example.com,ST04
7418,中村 太郎,taro.nakamura@example.com,ST01
7419,伊藤 拓海,takumi.ito@example.com,ST02
7420,伊藤 葵,aoi.ito@example.com,ST02
7421,山本 結衣,yui.yamamoto@example.com,ST02
7422,鈴木 悠斗,yuto.suzuki@example.com,ST01
7423,鈴木 美咲,misaki.suzuki@example.com,ST03
7424,伊藤 大輔,daisuke.ito@example.com,ST04
7425,田中 葵,aoi.tanaka@example.com,ST03
7426,山田 翔,sho.yamada@example.com,ST03
7427,加藤 太郎,taro.kato@example.com,ST01
7428,中村 悠斗,yuto.nakamura@example.com,ST03
7429,高橋 美咲,misaki.takahashi@example.com,ST01
7430,吉田 拓海,takumi.yoshida@example.com,ST01
7431,山田 大輔,daisuke.yamada@example.com,ST03
7432,山本 翔,sho.yamamoto@example.com,ST01
7433,鈴木 彩花,ayaka.suzuki@example.com,ST04
7434,田中 葵,aoi.tanaka@example.com,ST04
7435,山本 彩花,ayaka.yamamoto@example.com,ST03
7436,鈴木 美咲,misaki.suzuki@example.com,ST01
7437,渡辺 悠斗,yuto.watanabe@example.com,ST04
7438,加藤 健太,kenta.kato@example.com,ST04
7439,加藤 美咲,misaki.kato@example.com,ST02
7440,渡辺 彩花,ayaka.watanabe@example.com,ST03
7441,山本 陽菜,hina.yamamoto@example.com,ST02
7442,山本 結衣,yui.yamamoto@example.com,ST02
7443,伊藤 美咲,misaki.ito@example.com,ST04
7444,佐藤 大輔,daisuke.sato@example.com,ST03
7445,渡辺 翔,sho.watanabe@example.com,ST01
7446,鈴木 結衣,yui.suzuki@example.com,ST03
7447,小林 大輔,daisuke.kobayashi@example.com,ST04
7448,田中 葵,aoi.tanaka@example.com,ST02
7449,田中 健太,kenta.tanaka@example.com,ST01
7450,渡辺 結衣,yui.watanabe@example.com,ST04
7451,鈴木 美咲,misaki.suzuki@example.com,ST03
7452,吉田 結衣,yui.yoshida@example.com,ST04
7453,渡辺 拓海,takumi.watanabe@example.com,ST04
7454,田中 蓮,ren.tanaka@example.com,ST03
7455,小林 彩花,ayaka.kobayashi@example.com,ST02
7456,伊藤 翔,sho.ito@example.com,ST01
7457,高橋 大輔,daisuke.takahashi@example.com,ST01
7458,伊藤 葵,aoi.ito@example.com,ST03
7459,加藤 葵,aoi.kato@example.com,ST02
7460,渡辺 拓海,takumi.watanabe@example.com,ST03
7461,加藤 蓮,ren.kato@example.com,ST03
7462,加藤 蓮,ren.kato@example.com,ST01
7463,中村 彩花,ayaka.nakamura@example.com,ST01
7464,渡辺 健太,kenta.watanabe@example.com,ST02
7465,小林 美咲,misaki.kobayashi@example.com,ST01
7466,渡辺 蓮,ren.watanabe@example.com,ST01
7467,山本 悠斗,yuto.yamamoto@example.com,ST04
7468,田中 葵,aoi.tanaka@example.com,ST02
7469,山田 陽菜,hina.yamada@example.com,ST01
7470,小林 翔,sho.kobayashi@example.com,ST04
7471,佐藤 彩花,ayaka.sato@example.com,ST04
7472,鈴木 陽菜,hina.suzuki@example.com,ST03
7473,加藤 陽菜,hina.kato@example.com,ST02
7474,山本 悠斗,yuto.yamamoto@example.com,ST04
7475,高橋 拓海,takumi.takahashi@example.com,ST03
7476,山田 結衣,yui.yamada@example.com,ST02
7477,加藤 結衣,yui.kato@example.com,ST03
7478,鈴木 拓海,takumi.suzuki@example.com,ST04
7479,加藤 拓海,takumi.kato@example.com,ST04
7480,伊藤 大輔,daisuke.ito@example.com,ST04
7481,渡辺 美咲,misaki.watanabe@example.com,ST03
7482,高橋 葵,aoi.takahashi@example.com,ST02
7483,田中 蓮,ren.tanaka@example.com,ST04
7484,渡辺 美咲,misaki.watanabe@example.com,ST03
7485,中村 太郎,taro.nakamura@example.com,ST04
7486,山田 葵,aoi.yamada@example.com,ST04
7487,小林 美咲,misaki.kobayashi@example.com,ST03
7488,中村 美咲,misaki.nakamura@example.com,ST03
7489,高橋 陽菜,hina.takahashi@example.com,ST02
7490,加藤 太郎,taro.kato@example.com,ST01
7491,吉田 美咲,misaki.yoshida@example.com,ST02
7492,山田 陽菜,hina.yamada@example.com,ST03
7493,佐藤 彩花,ayaka.sato@example.com,ST01
7494,加藤 拓海,takumi.kato@example.com,ST02
7495,加藤 美咲,misaki.kato@example.com,ST04
7496,佐藤 悠斗,yuto.sato@example.com,ST03
7497,山本 健太,kenta.yamamoto@example.com,ST04
7498,小林 拓海,takumi.kobayashi@example.com,ST04
7499,中村 悠斗,yuto.nakamura@example.com,ST01
7500,渡辺 悠斗,yuto.watanabe@example.com,ST03
7501,吉田 翔,sho.yoshida@example.com,ST03
7502,高橋 健太,kenta.takahashi@example.com,ST01
7503,山田 美咲,misaki.yamada@example.com,ST04
7504,田中 葵,aoi.tanaka@example.com,ST01
7505,渡辺 太郎,taro.watanabe@example.com,ST01
7506,小林 彩花,ayaka.kobayashi@example.com,ST03
7507,山田 彩花,ayaka.yamada@example.com,ST04
7508,中村 陽菜,hina.nakamura@example.com,ST01
7509,田中 翔,sho.tanaka@example.com,ST02
7510,山田 蓮,ren.yamada@example.com,ST04
7511,吉田 彩花,ayaka.yoshida@example.com,ST01
7512,吉田 蓮,ren.yoshida@example.com,ST03
7513,田中 彩花,ayaka.tanaka@example.com,ST03
7514,山田 拓海,takumi.yamada@example.com,ST01
7515,中村 美咲,misaki.nakamura@example.com,ST02
7516,鈴木 太郎,taro.suzuki@example.com,ST03
7517,中村 蓮,ren.nakamura@example.com,ST01
7518,小林 葵,aoi.kobayashi@example.com,ST02
7519,加藤 陽菜,hina.kato@example.com,ST04
7520,伊藤 健太,kenta.ito@example.com,ST02
7521,山田 結衣,yui.yamada@example.com,ST02
7522,山本 彩花,ayaka.yamamoto@example.com,ST04
7523,吉田 翔,sho.yoshida@example.com,ST01
7524,山本 彩花,ayaka.yamamoto@example.com,ST02
7525,渡辺 悠斗,yuto.watanabe@example.com,ST02
7526,小林 彩花,ayaka.kobayashi@example.com,ST02
7527,伊藤 彩花,ayaka.ito@example.com,ST03
7528,田中 翔,sho.tanaka@example.com,ST04
7529,小林 陽菜,hina.kobayashi@example.com,ST02
7530,鈴木 拓海,takumi.suzuki@example.com,ST02
7531,山田 彩花,ayaka.yamada@example.com,ST02
7532,山田 彩花,ayaka.yamada@example.com,ST04
7533,高橋 美咲,misaki.takahashi@example.com,ST01
7534,伊藤 太郎,taro.ito@example.com,ST02
7535,小林 結衣,yui.kobayashi@example.com,ST03
7536,佐藤 太郎,taro.sato@example.com,ST04
7537,伊藤 太郎,taro.ito@example.com,ST04
7538,鈴木 結衣,yui.suzuki@example.com,ST03
7539,吉田 蓮,ren.yoshida@example.com,ST02
7540,高橋 大輔,daisuke.takahashi@example.com,ST04
7541,田中 結衣,yui.tanaka@example.com,ST03
7542,中村 悠斗,yuto.nakamura@example.com,ST03
7543,伊藤 悠斗,yuto.ito@example.com,ST03
7544,高橋 健太,kenta.takahashi@example.com,ST01
7545,山田 結衣,yui.yamada@example.com,ST04
7546,佐藤 彩花,ayaka.sato@example.com,ST03
7547,佐藤 拓海,takumi.sato@example.com,ST01
7548,吉田 太郎,taro.yoshida@example.com,ST03
7549,加藤 美咲,misaki.kato@example.com,ST03
7550,小林 翔,sho.kobayashi@example.com,ST04
7551,鈴木 葵,aoi.suzuki@example.com,ST02
7552,山田 翔,sho.yamada@example.com,ST03
7553,小林 太郎,taro.kobayashi@example.com,ST04
7554,鈴木 美咲,misaki.suzuki@example.com,ST02
7555,佐藤 美咲,misaki.sato@example.com,ST02
7556,加藤 大輔,daisuke.kato@example.com,ST04
7557,高橋 葵,aoi.takahashi@example.com,ST03
7558,田中 健太,kenta.tanaka@example.com,ST01
7559,中村 彩花,ayaka.nakamura@example.com,ST03
7560,伊藤 美咲,misaki.ito@example.com,ST03
7561,高橋 拓海,takumi.takahashi@example.com,ST02
7562,中村 葵,aoi.nakamura@example.com,ST02
7563,田中 健太,kenta.tanaka@example.com,ST03
7564,中村 蓮,ren.nakamura@example.com,ST04
7565,田中 陽菜,hina.tanaka@example.com,ST04
7566,伊藤 健太,kenta.ito@example.com,ST04
7567,高橋 彩花,ayaka.takahashi@example.com,ST03
7568,小林 美咲,misaki.kobayashi@example.com,ST01
7569,田中 彩花,ayaka.tanaka@example.com,ST03
7570,吉田 大輔,daisuke.yoshida@example.com,ST01
7571,加藤 蓮,ren.kato@example.com,ST01
7572,佐藤 健太,kenta.sato@example.com,ST01
7573,加藤 拓海,takumi.kato@example.com,ST01
7574,吉田 悠斗,yuto.yoshida@example.com,ST03
7575,渡辺 結衣,yui.watanabe@example.com,ST03
7576,田中 悠斗,yuto.tanaka@example.com,ST01
7577,加藤 悠斗,yuto.kato@example.com,ST03
7578,伊藤 葵,aoi.ito@example.com,ST04
7579,鈴木 太郎,taro.suzuki@example.com,ST03
7580,佐藤 太郎,taro.sato@example.com,ST04
7581,田中 陽菜,hina.tanaka@example.com,ST03
7582,加藤 大輔,daisuke.kato@example.com,ST01
7583,山田 翔,sho.yamada@example.com,ST01
7584,渡辺 彩花,ayaka.watanabe@example.com,ST01
7585,高橋 葵,aoi.takahashi@example.com,ST01
7586,中村 健太,kenta.nakamura@example.com,ST02
7587,小林 美咲,misaki.kobayashi@example.com,ST03
7588,渡辺 陽菜,hina.watanabe@example.com,ST02
7589,加藤 翔,sho.kato@example.com,ST01
7590,吉田 拓海,takumi.yoshida@example.com,ST04
7591,田中 彩花,ayaka.tanaka@example.com,ST03
7592,伊藤 彩花,ayaka.ito@example.com,ST01
7593,渡辺 蓮,ren.watanabe@example.com,ST04
7594,小林 美咲,misaki.kobayashi@example.com,ST04
7595,小林 葵,aoi.kobayashi@example.com,ST03
7596,田中 結衣,yui.tanaka@example.com,ST01
7597,加藤 翔,sho.kato@example.com,ST03
7598,伊藤 悠斗,yuto.ito@example.com,ST01
7599,高橋 悠斗,yuto.takahashi@example.com,ST03
7600,渡辺 翔,sho.watanabe@example.com,ST02
7601,加藤 太郎,taro.kato@example.com,ST03
7602,吉田 美咲,misaki.yoshida@example.com,ST01
7603,加藤 拓海,takumi.kato@example.com,ST03
7604,高橋 拓海,takumi.takahashi@example.com,ST04
7605,吉田 大輔,daisuke.yoshida@example.com,ST03
7606,中村 健太,kenta.nakamura@example.com,ST04
7607,渡辺 結衣,yui.watanabe@example.com,ST04
7608,高橋 結衣,yui.takahashi@example.com,ST01
7609,山本 翔,sho.yamamoto@example.com,ST01
7610,高橋 翔,sho.takahashi@example.com,ST02
7611,渡辺 大輔,daisuke.watanabe@example.com,ST04
7612,山田 蓮,ren.yamada@example.com,ST04
7613,中村 大輔,daisuke.nakamura@example.com,ST03
7614,中村 健太,kenta.nakamura@example.com,ST03
7615,佐藤 太郎,taro.sato@example.com,ST02
7616,高橋 陽菜,hina.takahashi@example.com,ST04
7617,中村 蓮,ren.nakamura@example.com,ST02
7618,佐藤 彩花,ayaka.sato@example.com,ST04
7619,加藤 陽菜,hina.kato@example.com,ST02
7620,吉田 彩花,ayaka.yoshida@example.com,ST04
7621,山本 美咲,misaki.yamamoto@example.com,ST02
7622,伊藤 翔,sho.ito@example.com,ST02
7623,吉田 美咲,misaki.yoshida@example.com,ST01
7624,小林 悠斗,yuto.kobayashi@example.com,ST01
7625,山本 健太,kenta.yamamoto@example.com,ST02
7626,鈴木 拓海,takumi.suzuki@example.com,ST01
7627,加藤 陽菜,hina.kato@example.com,ST04
7628,渡辺 葵,aoi.watanabe@example.com,ST02
7629,鈴木 彩花,ayaka.suzuki@example.com,ST01
7630,渡辺 太郎,taro.watanabe@example.com,ST03
7631,山本 健太,kenta.yamamoto@example.com,ST04
7632,吉田 陽菜,hina.yoshida@example.com,ST04
7633,小林 翔,sho.kobayashi@example.com,ST03
7634,山田 彩花,ayaka.yamada@example.com,ST02
7635,加藤 拓海,takumi.kato@example.com,ST04
7636,小林 太郎,taro.kobayashi@example.com,ST03
7637,吉田 彩花,ayaka.yoshida@example.com,ST04
7638,山本 蓮,ren.yamamoto@example.com,ST03
7639,山田 美咲,misaki.yamada@example.com,ST01
7640,加藤 太郎,taro.kato@example.com,ST01
7641,中村 拓海,takumi.nakamura@example.com,ST04
7642,佐藤 蓮,ren.sato@example.com,ST02
7643,加藤 蓮,ren.kato@example.com,ST01
7644,中村 悠斗,yuto.nakamura@example.com,ST03
7645,高橋 大輔,daisuke.takahashi@example.com,ST02
7646,高橋 健太,kenta.takahashi@example.com,ST01
7647,高橋 蓮,ren.takahashi@example.com,ST03
7648,渡辺 蓮,ren.watanabe@example.com,ST03
7649,吉田 結衣,yui.yoshida@example.com,ST01
7650,中村 翔,sho.nakamura@example.com,ST03
7651,田中 陽菜,hina.tanaka@example.com,ST02
7652,山本 太郎,taro.yamamoto@example.com,ST02
7653,山本 大輔,daisuke.yamamoto@example.com,ST04
7654,伊藤 大輔,daisuke.ito@example.com,ST02
7655,吉田 太郎,taro.yoshida@example.com,ST03
7656,山田 結衣,yui.yamada@example.com,ST03
7657,鈴木 蓮,ren.suzuki@example.com,ST04
7658,渡辺 健太,kenta.watanabe@example.com,ST04
7659,田中 大輔,daisuke.tanaka@example.com,ST03
7660,鈴木 葵,aoi.suzuki@example.com,ST01
7661,山田 悠斗,yuto.yamada@example.com,ST04
7662,田中 結衣,yui.tanaka@example.com,ST03
7663,小林 悠斗,yuto.kobayashi@example.com,ST02
7664,山本 大輔,daisuke.yamamoto@example.com,ST02
7665,渡辺 大輔,daisuke.watanabe@example.com,ST01
7666,加藤 健太,kenta.kato@example.com,ST01
7667,佐藤 美咲,misaki.sato@example.com,ST02
7668,加藤 彩花,ayaka.kato@example.com,ST04
7669,鈴木 葵,aoi.suzuki@example.com,ST03
7670,佐藤 太郎,taro.sato@example.com,ST04
7671,山本 悠斗,yuto.yamamoto@example.com,ST04
7672,吉田 悠斗,yuto.yoshida@example.com,ST02
7673,小林 彩花,ayaka.kobayashi@example.com,ST04
7674,中村 悠斗,yuto.nakamura@example.com,ST01
7675,高橋 葵,aoi.takahashi@example.com,ST01
7676,伊藤 美咲,misaki.ito@example.com,ST02
7677,田中 美咲,misaki.tanaka@example.com,ST02
7678,伊藤 大輔,daisuke.ito@example.com,ST04
7679,佐藤 結衣,yui.sato@example.com,ST03
7680,中村 結衣,yui.nakamura@example.com,ST04
7681,田中 結衣,yui.tanaka@example.com,ST01
7682,加藤 翔,sho.kato@example.com,ST04
7683,佐藤 美咲,misaki.sato@example.com,ST04
7684,吉田 陽菜,hina.yoshida@example.com,ST03
7685,鈴木 太郎,taro.suzuki@example.com,ST04
7686,山田 彩花,ayaka.yamada@example.com,ST01
7687,伊藤 悠斗,yuto.ito@example.com,ST02
7688,加藤 美咲,misaki.kato@example.com,ST02
7689,吉田 蓮,ren.yoshida@example.com,ST02
7690,加藤 悠斗,yuto.kato@example.com,ST01
7691,吉田 翔,sho.yoshida@example.com,ST04
7692,佐藤 美咲,misaki.sato@example.com,ST04
7693,山本 大輔,daisuke.yamamoto@example.com,ST02
7694,中村 彩花,ayaka.nakamura@example.com,ST01
7695,山田 美咲,misaki.yamada@example.com,ST03
7696,中村 悠斗,yuto.nakamura@example.com,ST02
7697,中村 悠斗,yuto.nakamura@example.com,ST04
7698,加藤 葵,aoi.kato@example.com,ST03
7699,佐藤 健太,kenta.sato@example.com,ST03
7700,山本 葵,aoi.yamamoto@example.com,ST01
7701,山本 彩花,ayaka.yamamoto@example.com,ST03
7702,鈴木 陽菜,hina.suzuki@example.com,ST03
7703,鈴木 翔,sho.suzuki@example.com,ST02
7704,伊藤 彩花,ayaka.ito@example.com,ST03
7705,鈴木 翔,sho.suzuki@example.com,ST04
7706,渡辺 美咲,misaki.watanabe@example.com,ST03
7707,吉田 翔,sho.yoshida@example.com,ST02
7708,田中 結衣,yui.tanaka@example.com,ST03
7709,高橋 太郎,taro.takahashi@example.com,ST04
7710,加藤 陽菜,hina.kato@example.com,ST04
7711,渡辺 美咲,misaki.watanabe@example.com,ST01
7712,吉田 大輔,daisuke.yoshida@example.com,ST03
7713,鈴木 太郎,taro.suzuki@example.com,ST02
7714,山本 蓮,ren.yamamoto@example.com,ST02
7715,山本 太郎,taro.yamamoto@example.com,ST02
7716,佐藤 大輔,daisuke.sato@example.com,ST01
7717,中村 陽菜,hina.nakamura@example.com,ST02
7718,渡辺 悠斗,yuto.watanabe@example.com,ST01
7719,伊藤 拓海,takumi.ito@example.com,ST03
7720,山田 健太,kenta.yamada@example.com,ST03
7721,鈴木 翔,sho.suzuki@example.com,ST02
7722,鈴木 美咲,misaki.suzuki@example.com,ST03
7723,中村 悠斗,yuto.nakamura@example.com,ST04
7724,佐藤 拓海,takumi.sato@example.com,ST04
7725,小林 太郎,taro.kobayashi@example.com,ST04
7726,山本 翔,sho.yamamoto@example.com,ST04
7727,中村 拓海,takumi.nakamura@example.com,ST01
7728,加藤 悠斗,yuto.kato@example.com,ST02
7729,吉田 陽菜,hina.yoshida@example.com,ST03
7730,佐藤 拓海,takumi.sato@example.com,ST04
7731,山本 悠斗,yuto.yamamoto@example.com,ST01
7732,中村 健太,kenta.nakamura@example.com,ST02
7733,山本 蓮,ren.yamamoto@example.com,ST01
7734,山田 健太,kenta.yamada@example.com,ST01
7735,佐藤 悠斗,yuto.sato@example.com,ST04
7736,小林 彩花,ayaka.kobayashi@example.com,ST02
7737,小林 美咲,misaki.kobayashi@example.com,ST01
7738,中村 太郎,taro.nakamura@example.com,ST01
7739,小林 健太,kenta.kobayashi@example.com,ST04
7740,伊藤 彩花,ayaka.ito@example.com,ST04
7741,中村 悠斗,yuto.nakamura@example.com,ST03
7742,吉田 拓海,takumi.yoshida@example.com,ST01
7743,山田 陽菜,hina.yamada@example.com,ST02
7744,山田 拓海,takumi.yamada@example.com,ST01
7745,高橋 太郎,taro.takahashi@example.com,ST01
7746,渡辺 彩花,ayaka.watanabe@example.com,ST02
7747,鈴木 拓海,takumi.suzuki@example.com,ST01
7748,渡辺 美咲,misaki.watanabe@example.com,ST03
7749,佐藤 陽菜,hina.sato@example.com,ST03
7750,田中 悠斗,yuto.tanaka@example.com,ST02
7751,山田 大輔,daisuke.yamada@example.com,ST03
7752,高橋 健太,kenta.takahashi@example.com,ST03
7753,伊藤 悠斗,yuto.ito@example.com,ST01
7754,中村 翔,sho.nakamura@example.com,ST01
7755,高橋 美咲,misaki.takahashi@example.com,ST02
7756,渡辺 健太,kenta.watanabe@example.com,ST01
7757,小林 彩花,ayaka.kobayashi@example.com,ST01
7758,中村 健太,kenta.nakamura@example.com,ST02
7759,伊藤 葵,aoi.ito@example.com,ST01
7760,鈴木 結衣,yui.suzuki@example.com,ST04
7761,吉田 蓮,ren.yoshida@example.com,ST03
7762,佐藤 葵,aoi.sato@example.com,ST02
7763,鈴木 翔,sho.suzuki@example.com,ST01
7764,中村 結衣,yui.nakamura@example.com,ST04
7765,加藤 蓮,ren.kato@example.com,ST03
7766,渡辺 蓮,ren.watanabe@example.com,ST01
7767,吉田 彩花,ayaka.yoshida@example.com,ST01
7768,渡辺 健太,kenta.watanabe@example.com,ST02
7769,鈴木 蓮,ren.suzuki@example.com,ST04
7770,中村 葵,aoi.nakamura@example.com,ST02
7771,田中 葵,aoi.tanaka@example.com,ST03
7772,加藤 結衣,yui.kato@example.com,ST02
7773,山本 悠斗,yuto.yamamoto@example.com,ST03
7774,山田 翔,sho.yamada@example.com,ST04
7775,山本 悠斗,yuto.yamamoto@example.com,ST04
7776,吉田 悠斗,yuto.yoshida@example.com,ST03
7777,吉田 結衣,yui.yoshida@example.com,ST01
7778,山田 悠斗,yuto.yamada@example.com,ST04
7779,鈴木 美咲,misaki.suzuki@example.com,ST01
7780,高橋 悠斗,yuto.takahashi@example.com,ST01
7781,佐藤 彩花,ayaka.sato@example.com,ST02
7782,田中 翔,sho.tanaka@example.com,ST02
7783,加藤 陽菜,hina.kato@example.com,ST02
7784,伊藤 翔,sho.ito@example.com,ST04
7785,山田 結衣,yui.yamada@example.com,ST04
7786,鈴木 結衣,yui.suzuki@example.com,ST01
7787,中村 太郎,taro.nakamura@example.com,ST02
7788,渡辺 拓海,takumi.watanabe@example.com,ST03
7789,佐藤 翔,sho.sato@example.com,ST02
7790,鈴木 美咲,misaki.suzuki@example.com,ST02
7791,佐藤 蓮,ren.sato@example.com,ST03
7792,山本 太郎,taro.yamamoto@example.com,ST04
7793,佐藤 太郎,taro.sato@example.com,ST01
7794,小林 太郎,taro.kobayashi@example.com,ST03
7795,加藤 美咲,misaki.kato@example.com,ST02
7796,高橋 拓海,takumi.takahashi@example.com,ST01
7797,渡辺 蓮,ren.watanabe@example.com,ST03
7798,佐藤 健太,kenta.sato@example.com,ST04
7799,中村 美咲,misaki.nakamura@example.com,ST01
7800,渡辺 翔,sho.watanabe@example.com,ST04
7801,渡辺 翔,sho.watanabe@example.com,ST02
7802,佐藤 美咲,misaki.sato@example.com,ST02
7803,小林 彩花,ayaka.kobayashi@example.com,ST03
7804,山本 健太,kenta.yamamoto@example.com,ST01
7805,伊藤 大輔,daisuke.ito@example.com,ST01
7806,佐藤 拓海,takumi.sato@example.com,ST03
7807,渡辺 大輔,daisuke.watanabe@example.com,ST04
7808,小林 結衣,yui.kobayashi@example.com,ST03
7809,田中 蓮,ren.tanaka@example.com,ST04
7810,加藤 美咲,misaki.kato@example.com,ST02
7811,高橋 悠斗,yuto.takahashi@example.com,ST03
7812,中村 太郎,taro.nakamura@example.com,ST03
7813,渡辺 大輔,daisuke.watanabe@example.com,ST02
7814,佐藤 大輔,daisuke.sato@example.com,ST04
7815,中村 大輔,daisuke.nakamura@example.com,ST02
7816,山田 彩花,ayaka.yamada@example.com,ST03
7817,佐藤 彩花,ayaka.sato@example.com,ST03
7818,中村 結衣,yui.nakamura@example.com,ST03
7819,田中 悠斗,yuto.tanaka@example.com,ST04
7820,田中 健太,kenta.tanaka@example.com,ST01
7821,佐藤 葵,aoi.sato@example.com,ST02
7822,伊藤 太郎,taro.ito@example.com,ST03
7823,中村 葵,aoi.nakamura@example.com,ST04
7824,田中 彩花,ayaka.tanaka@example.com,ST02
7825,山田 健太,kenta.yamada@example.com,ST01
7826,山本 葵,aoi.yamamoto@example.com,ST03
7827,伊藤 結衣,yui.ito@example.com,ST04
7828,田中 葵,aoi.tanaka@example.com,ST01
7829,小林 大輔,daisuke.kobayashi@example.com,ST01
7830,山田 彩花,ayaka.yamada@example.com,ST01
7831,吉田 美咲,misaki.yoshida@example.com,ST04
7832,伊藤 結衣,yui.ito@example.com,ST01
7833,鈴木 健太,kenta.suzuki@example.com,ST02
7834,山田 彩花,ayaka.yamada@example.com,ST04
7835,鈴木 彩花,ayaka.suzuki@example.com,ST01
7836,田中 結衣,yui.tanaka@example.com,ST04
7837,小林 美咲,misaki.kobayashi@example.com,ST02
7838,吉田 健太,kenta.yoshida@example.com,ST01
7839,高橋 拓海,takumi.takahashi@example.com,ST02
7840,佐藤 結衣,yui.sato@example.com,ST03
7841,山田 陽菜,hina.yamada@example.com,ST04
7842,鈴木 大輔,daisuke.suzuki@example.com,ST04
7843,山本 太郎,taro.yamamoto@example.com,ST03
7844,小林 蓮,ren.kobayashi@example.com,ST04
7845,小林 結衣,yui.kobayashi@example.com,ST04
7846,小林 陽菜,hina.kobayashi@example.com,ST02
7847,小林 陽菜,hina.kobayashi@example.com,ST02
7848,加藤 悠斗,yuto.kato@example.com,ST04
7849,吉田 悠斗,yuto.yoshida@example.com,ST02
7850,高橋 蓮,ren.takahashi@example.com,ST03
7851,渡辺 翔,sho.watanabe@example.com,ST01
7852,中村 蓮,ren.nakamura@example.com,ST01
7853,加藤 結衣,yui.kato@example.com,ST03
7854,渡辺 美咲,misaki.watanabe@example.com,ST01
7855,吉田 蓮,ren.yoshida@example.com,ST01
7856,山本 陽菜,hina.yamamoto@example.com,ST01
7857,佐藤 陽菜,hina.sato@example.com,ST02
7858,吉田 蓮,ren.yoshida@example.com,ST03
7859,佐藤 大輔,daisuke.sato@example.com,ST04
7860,渡辺 翔,sho.watanabe@example.com,ST01
7861,渡辺 蓮,ren.watanabe@example.com,ST03
7862,伊藤 太郎,taro.ito@example.com,ST03
7863,田中 葵,aoi.tanaka@example.com,ST02
7864,田中 健太,kenta.tanaka@example.com,ST01
7865,加藤 彩花,ayaka.kato@example.com,ST02
7866,鈴木 拓海,takumi.suzuki@example.com,ST03
7867,佐藤 葵,aoi.sato@example.com,ST04
7868,吉田 太郎,taro.yoshida@example.com,ST03
7869,小林 美咲,misaki.kobayashi@example.com,ST02
7870,中村 美咲,misaki.nakamura@example.com,ST04
7871,山本 健太,kenta.yamamoto@example.com,ST03
7872,吉田 葵,aoi.yoshida@example.com,ST02
7873,山本 葵,aoi.yamamoto@example.com,ST04
7874,小林 健太,kenta.kobayashi@example.com,ST03
7875,高橋 葵,aoi.takahashi@example.com,ST02
7876,加藤 陽菜,hina.kato@example.com,ST03
7877,山本 大輔,daisuke.yamamoto@example.com,ST03
7878,小林 健太,kenta.kobayashi@example.com,ST03
7879,伊藤 翔,sho.ito@example.com,ST01
7880,中村 結衣,yui.nakamura@example.com,ST03
7881,山田 美咲,misaki.yamada@example.com,ST02
7882,小林 美咲,misaki.kobayashi@example.com,ST01
7883,小林 陽菜,hina.kobayashi@example.com,ST02
7884,山田 太郎,taro.yamada@example.com,ST02
7885,高橋 悠斗,yuto.takahashi@example.com,ST02
7886,渡辺 葵,aoi.watanabe@example.com,ST01
7887,渡辺 健太,kenta.watanabe@example.com,ST03
7888,加藤 陽菜,hina.kato@example.com,ST03
7889,田中 健太,kenta.tanaka@example.com,ST02
7890,山本 大輔,daisuke.yamamoto@example.com,ST04
7891,加藤 葵,aoi.kato@example.com,ST03
7892,吉田 翔,sho.yoshida@example.com,ST03
7893,田中 陽菜,hina.tanaka@example.com,ST02
7894,佐藤 美咲,misaki.sato@example.com,ST02
7895,高橋 美咲,misaki.takahashi@example.com,ST03
7896,小林 美咲,misaki.kobayashi@example.com,ST01
7897,山田 翔,sho.yamada@example.com,ST04
7898,伊藤 翔,sho.ito@example.com,ST04
7899,鈴木 蓮,ren.suzuki@example.com,ST02
7900,加藤 美咲,misaki.kato@example.com,ST03
7901,鈴木 結衣,yui.suzuki@example.com,ST03
7902,中村 美咲,misaki.nakamura@example.com,ST02
7903,高橋 蓮,ren.takahashi@example.com,ST03
7904,佐藤 葵,aoi.sato@example.com,ST01
7905,伊藤 悠斗,yuto.ito@example.com,ST04
7906,田中 陽菜,hina.tanaka@example.com,ST01
7907,山田 葵,aoi.yamada@example.com,ST01
7908,山田 拓海,takumi.yamada@example.com,ST02
7909,鈴木 美咲,misaki.suzuki@example.com,ST04
7910,吉田 葵,aoi.yoshida@example.com,ST04
7911,中村 葵,aoi.nakamura@example.com,ST01
7912,中村 大輔,daisuke.nakamura@example.com,ST04
7913,小林 翔,sho.kobayashi@example.com,ST02
7914,鈴木 美咲,misaki.suzuki@example.com,ST04
7915,佐藤 葵,aoi.sato@example.com,ST01
7916,高橋 翔,sho.takahashi@example.com,ST03
7917,中村 太郎,taro.nakamura@example.com,ST04
7918,佐藤 結衣,yui.sato@example.com,ST03
7919,小林 大輔,daisuke.kobayashi@example.com,ST01
7920,小林 彩花,ayaka.kobayashi@example.com,ST02
7921,小林 蓮,ren.kobayashi@example.com,ST02
7922,佐藤 蓮,ren.sato@example.com,ST01
7923,渡辺 大輔,daisuke.watanabe@example.com,ST03
7924,高橋 翔,sho.takahashi@example.com,ST02
7925,山田 大輔,daisuke.yamada@example.com,ST03
7926,加藤 結衣,yui.kato@example.com,ST02
7927,伊藤 結衣,yui.ito@example.com,ST03
7928,小林 蓮,ren.kobayashi@example.com,ST02
7929,山本 蓮,ren.yamamoto@example.com,ST01
7930,佐藤 蓮,ren.sato@example.com,ST04
7931,山本 美咲,misaki.yamamoto@example.com,ST03
7932,田中 健太,kenta.tanaka@example.com,ST02
7933,田中 翔,sho.tanaka@example.com,ST02
7934,小林 結衣,yui.kobayashi@example.com,ST01
7935,佐藤 蓮,ren.sato@example.com,ST02
7936,山本 蓮,ren.yamamoto@example.com,ST02
7937,山本 陽菜,hina.yamamoto@example.com,ST01
7938,鈴木 美咲,misaki.suzuki@example.com,ST03
7939,渡辺 陽菜,hina.watanabe@example.com,ST03
7940,伊藤 美咲,misaki.ito@example.com,ST03
7941,山田 美咲,misaki.yamada@example.com,ST02
7942,高橋 陽菜,hina.takahashi@example.com,ST01
7943,吉田 翔,sho.yoshida@example.com,ST03
7944,吉田 翔,sho.yoshida@example.com,ST04
7945,渡辺 悠斗,yuto.watanabe@example.com,ST01
7946,伊藤 美咲,misaki.ito@example.com,ST03
7947,伊藤 大輔,daisuke.ito@example.com,ST04
7948,山田 蓮,ren.yamada@example.com,ST04
7949,中村 大輔,daisuke.nakamura@example.com,ST01
7950,山田 蓮,ren.yamada@example.com,ST01
7951,田中 葵,aoi.tanaka@example.com,ST01
7952,山田 蓮,ren.yamada@example.com,ST02
7953,伊藤 拓海,takumi.ito@example.com,ST02
7954,加藤 翔,sho.kato@example.com,ST02
7955,山田 悠斗,yuto.yamada@example.com,ST03
7956,田中 悠斗,yuto.tanaka@example.com,ST03
7957,吉田 彩花,ayaka.yoshida@example.com,ST04
7958,渡辺 結衣,yui.watanabe@example.com,ST03
7959,伊藤 悠斗,yuto.ito@example.com,ST01
7960,小林 太郎,taro.kobayashi@example.com,ST01
7961,小林 健太,kenta.kobayashi@example.com,ST04
7962,鈴木 蓮,ren.suzuki@example.com,ST04
7963,鈴木 悠斗,yuto.suzuki@example.com,ST02
7964,鈴木 翔,sho.suzuki@example.com,ST02
7965,田中 葵,aoi.tanaka@example.com,ST04
7966,中村 結衣,yui.nakamura@example.com,ST03
7967,吉田 拓海,takumi.yoshida@example.com,ST03
7968,山田 美咲,misaki.yamada@example.com,ST01
7969,山本 翔,sho.yamamoto@example.com,ST03
7970,田中 拓海,takumi.tanaka@example.com,ST01
7971,山本 健太,kenta.yamamoto@example.com,ST02
7972,山本 大輔,daisuke.yamamoto@example.com,ST01
7973,山田 結衣,yui.yamada@example.com,ST01
7974,吉田 陽菜,hina.yoshida@example.com,ST04
7975,渡辺 葵,aoi.watanabe@example.com,ST03
7976,加藤 彩花,ayaka.kato@example.com,ST01
7977,吉田 美咲,misaki.yoshida@example.com,ST03
7978,高橋 美咲,misaki.takahashi@example.com,ST03
7979,吉田 翔,sho.yoshida@example.com,ST02
7980,鈴木 大輔,daisuke.suzuki@example.com,ST01
7981,小林 悠斗,yuto.kobayashi@example.com,ST04
7982,山田 大輔,daisuke.yamada@example.com,ST01
7983,山田 悠斗,yuto.yamada@example.com,ST02
7984,小林 大輔,daisuke.kobayashi@example.com,ST01
7985,伊藤 太郎,taro.ito@example.com,ST03
7986,伊藤 彩花,ayaka.ito@example.com,ST03
7987,伊藤 結衣,yui.ito@example.com,ST01
7988,鈴木 陽菜,hina.suzuki@example.com,ST03
7989,高橋 陽菜,hina.takahashi@example.com,ST03
7990,吉田 美咲,misaki.yoshida@example.com,ST03
7991,吉田 翔,sho.yoshida@example.com,ST01
7992,田中 大輔,daisuke.tanaka@example.com,ST02
7993,佐藤 陽菜,hina.sato@example.com,ST02
7994,加藤 結衣,yui.kato@example.com,ST04
7995,中村 大輔,daisuke.nakamura@example.com,ST01
7996,伊藤 葵,aoi.ito@example.com,ST01
7997,高橋 拓海,takumi.takahashi@example.com,ST04
7998,佐藤 陽菜,hina.sato@example.com,ST01
7999,田中 結衣,yui.tanaka@example.com,ST03
8000,鈴木 葵,aoi.suzuki@example.com,ST04
8001,山田 拓海,takumi.yamada@example.com,ST02
8002,佐藤 悠斗,yuto.sato@example.com,ST02
8003,小林 彩花,ayaka.kobayashi@example.com,ST01
8004,加藤 大輔,daisuke.kato@example.com,ST02
8005,伊藤 結衣,yui.ito@example.com,ST03
8006,吉田 拓海,takumi.yoshida@example.com,ST03
8007,高橋 翔,sho.takahashi@example.com,ST03
8008,中村 大輔,daisuke.nakamura@example.com,ST02
8009,山田 翔,sho.yamada@example.com,ST01
8010,山田 彩花,ayaka.yamada@example.com,ST03
8011,中村 翔,sho.nakamura@example.com,ST02
8012,高橋 彩花,ayaka.takahashi@example.com,ST02
8013,中村 蓮,ren.nakamura@example.com,ST04
8014,渡辺 葵,aoi.watanabe@example.com,ST03
8015,田中 蓮,ren.tanaka@example.com,ST01
8016,吉田 拓海,takumi.yoshida@example.com,ST03
8017,加藤 拓海,takumi.kato@example.com,ST02
8018,佐藤 翔,sho.sato@example.com,ST02
8019,伊藤 結衣,yui.ito@example.com,ST01
8020,高橋 健太,kenta.takahashi@example.com,ST04
8021,佐藤 美咲,misaki.sato@example.com,ST02
8022,小林 悠斗,yuto.kobayashi@example.com,ST04
8023,山本 陽菜,hina.yamamoto@example.com,ST01
8024,高橋 翔,sho.takahashi@example.com,ST02
8025,佐藤 悠斗,yuto.sato@example.com,ST04
8026,伊藤 結衣,yui.ito@example.com,ST02
8027,山本 拓海,takumi.yamamoto@example.com,ST03
8028,田中 結衣,yui.tanaka@example.com,ST03
8029,加藤 拓海,takumi.kato@example.com,ST04
8030,渡辺 翔,sho.watanabe@example.com,ST01
8031,加藤 健太,kenta.kato@example.com,ST04
8032,渡辺 悠斗,yuto.watanabe@example.com,ST01
8033,山本 健太,kenta.yamamoto@example.com,ST02
8034,吉田 健太,kenta.yoshida@example.com,ST04
8035,田中 大輔,daisuke.tanaka@example.com,ST01
8036,田中 結衣,yui.tanaka@example.com,ST01
8037,佐藤 結衣,yui.sato@example.com,ST04
8038,山田 大輔,daisuke.yamada@example.com,ST01
8039,中村 拓海,takumi.nakamura@example.com,ST04
8040,高橋 拓海,takumi.takahashi@example.com,ST02
8041,小林 結衣,yui.kobayashi@example.com,ST02
8042,伊藤 拓海,takumi.ito@example.com,ST01
8043,加藤 蓮,ren.kato@example.com,ST04
8044,小林 葵,aoi.kobayashi@example.com,ST04
8045,吉田 悠斗,yuto.yoshida@example.com,ST01
8046,佐藤 彩花,ayaka.sato@example.com,ST03
8047,山田 結衣,yui.yamada@example.com,ST01
8048,中村 太郎,taro.nakamura@example.com,ST02
8049,吉田 美咲,misaki.yoshida@example.com,ST04
8050,渡辺 美咲,misaki.watanabe@example.com,ST04
8051,山本 彩花,ayaka.yamamoto@example.com,ST03
8052,佐藤 葵,aoi.sato@example.com,ST04
8053,鈴木 陽菜,hina.suzuki@example.com,ST04
8054,吉田 太郎,taro.yoshida@example.com,ST03
8055,加藤 陽菜,hina.kato@example.com,ST02
8056,渡辺 陽菜,hina.watanabe@example.com,ST02
8057,吉田 彩花,ayaka.yoshida@example.com,ST01
8058,加藤 翔,sho.kato@example.com,ST01
8059,中村 彩花,ayaka.nakamura@example.com,ST04
8060,加藤 美咲,misaki.kato@example.com,ST02
8061,中村 大輔,daisuke.nakamura@example.com,ST03
8062,田中 美咲,misaki.tanaka@example.com,ST04
8063,田中 結衣,yui.tanaka@example.com,ST04
8064,中村 翔,sho.nakamura@example.com,ST02
8065,加藤 蓮,ren.kato@example.com,ST02
8066,小林 翔,sho.kobayashi@example.com,ST04
8067,佐藤 悠斗,yuto.sato@example.com,ST02
8068,鈴木 結衣,yui.suzuki@example.com,ST02
8069,山本 美咲,misaki.yamamoto@example.com,ST01
8070,加藤 蓮,ren.kato@example.com,ST01
8071,山田 太郎,taro.yamada@example.com,ST03
8072,吉田 結衣,yui.yoshida@example.com,ST01
8073,高橋 翔,sho.takahashi@example.com,ST03
8074,佐藤 健太,kenta.sato@example.com,ST01
8075,佐藤 葵,aoi.sato@example.com,ST01
8076,鈴木 健太,kenta.suzuki@example.com,ST03
8077,山田 悠斗,yuto.yamada@example.com,ST02
8078,高橋 彩花,ayaka.takahashi@example.com,ST04
8079,渡辺 結衣,yui.watanabe@example.com,ST02
8080,加藤 陽菜,hina.kato@example.com,ST03
8081,伊藤 大輔,daisuke.ito@example.com,ST01
8082,中村 蓮,ren.nakamura@example.com,ST04
8083,佐藤 大輔,daisuke.sato@example.com,ST04
8084,高橋 拓海,takumi.takahashi@example.com,ST04
8085,吉田 翔,sho.yoshida@example.com,ST04
8086,中村 美咲,misaki.nakamura@example.com,ST04
8087,伊藤 翔,sho.ito@example.com,ST03
8088,田中 悠斗,yuto.tanaka@example.com,ST03
8089,田中 葵,aoi.tanaka@example.com,ST03
8090,佐藤 拓海,takumi.sato@example.com,ST01
8091,伊藤 健太,kenta.ito@example.com,ST01
8092,高橋 葵,aoi.takahashi@example.com,ST03
8093,加藤 結衣,yui.kato@example.com,ST02
8094,山田 彩花,ayaka.yamada@example.com,ST02
8095,小林 蓮,ren.kobayashi@example.com,ST01
8096,高橋 結衣,yui.takahashi@example.com,ST01
8097,中村 拓海,takumi.nakamura@example.com,ST01
8098,山田 翔,sho.yamada@example.com,ST02
8099,田中 美咲,misaki.tanaka@example.com,ST03
8100,伊藤 葵,aoi.ito@example.com,ST03
8101,渡辺 葵,aoi.watanabe@example.com,ST04
8102,鈴木 蓮,ren.suzuki@example.com,ST01
8103,渡辺 太郎,taro.watanabe@example.com,ST01
8104,高橋 大輔,daisuke.takahashi@example.com,ST01
8105,鈴木 太郎,taro.suzuki@example.com,ST03
8106,鈴木 結衣,yui.suzuki@example.com,ST03
8107,吉田 陽菜,hina.yoshida@example.com,ST01
8108,渡辺 悠斗,yuto.watanabe@example.com,ST04
8109,渡辺 蓮,ren.watanabe@example.com,ST03
8110,山田 太郎,taro.yamada@example.com,ST04
8111,加藤 蓮,ren.kato@example.com,ST04
8112,渡辺 拓海,takumi.watanabe@example.com,ST01
8113,鈴木 拓海,takumi.suzuki@example.com,ST01
8114,渡辺 翔,sho.watanabe@example.com,ST04
8115,渡辺 結衣,yui.watanabe@example.com,ST02
8116,伊藤 美咲,misaki.ito@example.com,ST01
8117,中村 美咲,misaki.nakamura@example.com,ST04
8118,山本 太郎,taro.yamamoto@example.com,ST04
8119,高橋 陽菜,hina.takahashi@example.com,ST01
8120,中村 拓海,takumi.nakamura@example.com,ST01
8121,渡辺 葵,aoi.watanabe@example.com,ST03
8122,渡辺 美咲,misaki.watanabe@example.com,ST04
8123,山本 蓮,ren.yamamoto@example.com,ST01
8124,吉田 結衣,yui.yoshida@example.com,ST01
8125,伊藤 彩花,ayaka.ito@example.com,ST01
8126,加藤 陽菜,hina.kato@example.com,ST04
8127,渡辺 美咲,misaki.watanabe@example.com,ST04
8128,中村 結衣,yui.nakamura@example.com,ST04
8129,中村 拓海,takumi.nakamura@example.com,ST03
8130,加藤 大輔,daisuke.kato@example.com,ST01
8131,伊藤 拓海,takumi.ito@example.com,ST01
8132,伊藤 拓海,takumi.ito@example.com,ST01
8133,加藤 結衣,yui.kato@example.com,ST01
8134,吉田 蓮,ren.yoshida@example.com,ST01
8135,吉田 美咲,misaki.yoshida@example.com,ST04
8136,中村 葵,aoi.nakamura@example.com,ST04
8137,中村 彩花,ayaka.nakamura@example.com,ST03
8138,渡辺 結衣,yui.watanabe@example.com,ST04
8139,鈴木 陽菜,hina.suzuki@example.com,ST01
8140,田中 大輔,daisuke.tanaka@example.com,ST04
8141,加藤 翔,sho.kato@example.com,ST04
8142,山本 葵,aoi.yamamoto@example.com,ST01
8143,小林 美咲,misaki.kobayashi@example.com,ST04
8144,山田 葵,aoi.yamada@example.com,ST03
8145,高橋 悠斗,yuto.takahashi@example.com,ST01
8146,中村 結衣,yui.nakamura@example.com,ST04
8147,加藤 蓮,ren.kato@example.com,ST04
8148,加藤 悠斗,yuto.kato@example.com,ST04
8149,鈴木 美咲,misaki.suzuki@example.com,ST01
8150,小林 悠斗,yuto.kobayashi@example.com,ST04
8151,田中 結衣,yui.tanaka@example.com,ST04
8152,鈴木 彩花,ayaka.suzuki@example.com,ST04
8153,山本 結衣,yui.yamamoto@example.com,ST04
8154,山本 葵,aoi.yamamoto@example.com,ST01
8155,吉田 悠斗,yuto.yoshida@example.com,ST04
8156,佐藤 大輔,daisuke.sato@example.com,ST04
8157,渡辺 美咲,misaki.watanabe@example.com,ST03
8158,吉田 彩花,ayaka.yoshida@example.com,ST01
8159,小林 陽菜,hina.kobayashi@example.com,ST02
8160,鈴木 陽菜,hina.suzuki@example.com,ST01
8161,田中 彩花,ayaka.tanaka@example.com,ST02
8162,高橋 翔,sho.takahashi@example.com,ST02
8163,吉田 大輔,daisuke.yoshida@example.com,ST02
8164,伊藤 美咲,misaki.ito@example.com,ST02
8165,小林 太郎,taro.kobayashi@example.com,ST03
8166,伊藤 美咲,misaki.ito@example.com,ST04
8167,吉田 蓮,ren.yoshida@example.com,ST04
8168,渡辺 大輔,daisuke.watanabe@example.com,ST02
8169,鈴木 葵,aoi.suzuki@example.com,ST02
8170,山本 結衣,yui.yamamoto@example.com,ST03
8171,山田 悠斗,yuto.yamada@example.com,ST04
8172,小林 翔,sho.kobayashi@example.com,ST02
8173,吉田 健太,kenta.yoshida@example.com,ST02
8174,加藤 太郎,taro.kato@example.com,ST02
8175,中村 悠斗,yuto.nakamura@example.com,ST04
8176,伊藤 大輔,daisuke.ito@example.com,ST01
8177,鈴木 葵,aoi.suzuki@example.com,ST02
8178,小林 太郎,taro.kobayashi@example.com,ST01
8179,鈴木 結衣,yui.suzuki@example.com,ST02
8180,山本 美咲,misaki.yamamoto@example.com,ST03
8181,田中 大輔,daisuke.tanaka@example.com,ST02
8182,田中 美咲,misaki.tanaka@example.com,ST02
8183,吉田 悠斗,yuto.yoshida@example.com,ST01
8184,小林 蓮,ren.kobayashi@example.com,ST01
8185,渡辺 翔,sho.watanabe@example.com,ST04
8186,高橋 彩花,ayaka.takahashi@example.com,ST04
8187,田中 彩花,ayaka.tanaka@example.com,ST03
8188,中村 結衣,yui.nakamura@example.com,ST04
8189,山本 美咲,misaki.yamamoto@example.com,ST04
8190,山本 太郎,taro.yamamoto@example.com,ST01
8191,田中 翔,sho.tanaka@example.com,ST03
8192,中村 太郎,taro.nakamura@example.com,ST03
8193,佐藤 翔,sho.sato@example.com,ST01
8194,小林 美咲,misaki.kobayashi@example.com,ST04
8195,加藤 太郎,taro.kato@example.com,ST02
8196,加藤 葵,aoi.kato@example.com,ST01
8197,田中 太郎,taro.tanaka@example.com,ST01
8198,吉田 悠斗,yuto.yoshida@example.com,ST04
8199,加藤 大輔,daisuke.kato@example.com,ST01
8200,田中 太郎,taro.tanaka@example.com,ST03
8201,高橋 彩花,ayaka.takahashi@example.com,ST04
8202,伊藤 結衣,yui.ito@example.com,ST03
8203,伊藤 拓海,takumi.ito@example.com,ST01
8204,田中 結衣,yui.tanaka@example.com,ST04
8205,渡辺 陽菜,hina.watanabe@example.com,ST01
8206,鈴木 悠斗,yuto.suzuki@example.com,ST04
8207,佐藤 翔,sho.sato@example.com,ST04
8208,山田 悠斗,yuto.yamada@example.com,ST02
8209,渡辺 美咲,misaki.watanabe@example.com,ST01
8210,渡辺 彩花,ayaka.watanabe@example.com,ST01
8211,小林 美咲,misaki.kobayashi@example.com,ST02
8212,吉田 太郎,taro.yoshida@example.com,ST02
8213,中村 結衣,yui.nakamura@example.com,ST04
8214,小林 陽菜,hina.kobayashi@example.com,ST03
8215,山本 美咲,misaki.yamamoto@example.com,ST04
8216,伊藤 陽菜,hina.ito@example.com,ST01
8217,田中 結衣,yui.tanaka@example.com,ST01
8218,高橋 結衣,yui.takahashi@example.com,ST03
8219,田中 蓮,ren.tanaka@example.com,ST01
8220,山田 葵,aoi.yamada@example.com,ST03
8221,加藤 陽菜,hina.kato@example.com,ST04
8222,加藤 彩花,ayaka.kato@example.com,ST04
8223,伊藤 太郎,taro.ito@example.com,ST04
8224,鈴木 健太,kenta.suzuki@example.com,ST02
8225,吉田 健太,kenta.yoshida@example.com,ST01
8226,田中 美咲,misaki.tanaka@example.com,ST01
8227,加藤 陽菜,hina.kato@example.com,ST04
8228,加藤 翔,sho.kato@example.com,ST02
8229,佐藤 葵,aoi.sato@example.com,ST01
8230,山本 美咲,misaki.yamamoto@example.com,ST03
8231,山本 大輔,daisuke.yamamoto@example.com,ST02
8232,中村 蓮,ren.nakamura@example.com,ST01
8233,中村 蓮,ren.nakamura@example.com,ST02
8234,佐藤 太郎,taro.sato@example.com,ST04
8235,渡辺 美咲,misaki.watanabe@example.com,ST03
8236,伊藤 翔,sho.ito@example.com,ST04
8237,山田 蓮,ren.yamada@example.com,ST03
8238,中村 美咲,misaki.nakamura@example.com,ST02
8239,鈴木 悠斗,yuto.suzuki@example.com,ST03
8240,吉田 陽菜,hina.yoshida@example.com,ST02
8241,加藤 葵,aoi.kato@example.com,ST02
8242,中村 葵,aoi.nakamura@example.com,ST02
8243,田中 陽菜,hina.tanaka@example.com,ST02
8244,加藤 結衣,yui.kato@example.com,ST02
8245,高橋 葵,aoi.takahashi@example.com,ST04
8246,山本 拓海,takumi.yamamoto@example.com,ST04
8247,小林 結衣,yui.kobayashi@example.com,ST04
8248,山本 結衣,yui.yamamoto@example.com,ST01
8249,中村 悠斗,yuto.nakamura@example.com,ST01
8250,高橋 大輔,daisuke.takahashi@example.com,ST03
8251,吉田 葵,aoi.yoshida@example.com,ST03
8252,中村 結衣,yui.nakamura@example.com,ST03
8253,吉田 太郎,taro.yoshida@example.com,ST04
8254,伊藤 結衣,yui.ito@example.com,ST04
8255,田中 拓海,takumi.tanaka@example.com,ST01
8256,中村 太郎,taro.nakamura@example.com,ST04
8257,山本 葵,aoi.yamamoto@example.com,ST04
8258,山田 彩花,ayaka.yamada@example.com,ST04
8259,山本 蓮,ren.yamamoto@example.com,ST04
8260,伊藤 大輔,daisuke.ito@example.com,ST02
8261,山田 彩花,ayaka.yamada@example.com,ST03
8262,山田 太郎,taro.yamada@example.com,ST01
8263,田中 葵,aoi.tanaka@example.com,ST04
8264,渡辺 蓮,ren.watanabe@example.com,ST01
8265,山田 大輔,daisuke.yamada@example.com,ST04
8266,高橋 蓮,ren.takahashi@example.com,ST03
8267,加藤 健太,kenta.kato@example.com,ST03
8268,中村 彩花,ayaka.nakamura@example.com,ST03
8269,山田 葵,aoi.yamada@example.com,ST04
8270,山本 悠斗,yuto.yamamoto@example.com,ST01
8271,小林 結衣,yui.kobayashi@example.com,ST02
8272,高橋 葵,aoi.takahashi@example.com,ST04
8273,田中 翔,sho.tanaka@example.com,ST03
8274,高橋 美咲,misaki.takahashi@example.com,ST02
8275,吉田 陽菜,hina.yoshida@example.com,ST04
8276,田中 太郎,taro.tanaka@example.com,ST01
8277,小林 大輔,daisuke.kobayashi@example.com,ST03
8278,中村 翔,sho.nakamura@example.com,ST04
8279,鈴木 美咲,misaki.suzuki@example.com,ST04
8280,加藤 彩花,ayaka.kato@example.com,ST04
8281,山田 陽菜,hina.yamada@example.com,ST01
8282,山本 葵,aoi.yamamoto@example.com,ST01
8283,小林 蓮,ren.kobayashi@example.com,ST01
8284,加藤 蓮,ren.kato@example.com,ST03
8285,伊藤 蓮,ren.ito@example.com,ST04
8286,鈴木 結衣,yui.suzuki@example.com,ST01
8287,田中 健太,kenta.tanaka@example.com,ST04
8288,佐藤 蓮,ren.sato@example.com,ST01
8289,佐藤 拓海,takumi.sato@example.com,ST03
8290,佐藤 結衣,yui.sato@example.com,ST02
8291,鈴木 蓮,ren.suzuki@example.com,ST02
8292,田中 結衣,yui.tanaka@example.com,ST01
8293,山本 結衣,yui.yamamoto@example.com,ST02
8294,山本 結衣,yui.yamamoto@example.com,ST03
8295,山本 大輔,daisuke.yamamoto@example.com,ST01
8296,山本 健太,kenta.yamamoto@example.com,ST02
8297,渡辺 翔,sho.watanabe@example.com,ST04
8298,山田 健太,kenta.yamada@example.com,ST03
8299,高橋 悠斗,yuto.takahashi@example.com,ST01
8300,伊藤 健太,kenta.ito@example.com,ST04
8301,山田 美咲,misaki.yamada@example.com,ST03
8302,佐藤 陽菜,hina.sato@example.com,ST04
8303,小林 翔,sho.kobayashi@example.com,ST02
8304,伊藤 拓海,takumi.ito@example.com,ST04
8305,伊藤 結衣,yui.ito@example.com,ST03
8306,伊藤 拓海,takumi.ito@example.com,ST01
8307,鈴木 美咲,misaki.suzuki@example.com,ST03
8308,佐藤 蓮,ren.sato@example.com,ST02
8309,吉田 悠斗,yuto.yoshida@example.com,ST02
8310,田中 結衣,yui.tanaka@example.com,ST01
8311,鈴木 健太,kenta.suzuki@example.com,ST03
8312,佐藤 彩花,ayaka.sato@example.com,ST01
8313,渡辺 拓海,takumi.watanabe@example.com,ST04
8314,鈴木 大輔,daisuke.suzuki@example.com,ST01
8315,吉田 拓海,takumi.yoshida@example.com,ST02
8316,小林 彩花,ayaka.kobayashi@example.com,ST02
8317,高橋 陽菜,hina.takahashi@example.com,ST04
8318,加藤 葵,aoi.kato@example.com,ST04
8319,高橋 太郎,taro.takahashi@example.com,ST03
8320,山本 悠斗,yuto.yamamoto@example.com,ST04
8321,中村 悠斗,yuto.nakamura@example.com,ST03
8322,山田 彩花,ayaka.yamada@example.com,ST04
8323,高橋 美咲,misaki.takahashi@example.com,ST02
8324,加藤 翔,sho.kato@example.com,ST04
8325,加藤 太郎,taro.kato@example.com,ST04
8326,加藤 悠斗,yuto.kato@example.com,ST02
8327,伊藤 彩花,ayaka.ito@example.com,ST03
8328,中村 大輔,daisuke.nakamura@example.com,ST01
8329,加藤 悠斗,yuto.kato@example.com,ST01
8330,山本 美咲,misaki.yamamoto@example.com,ST04
8331,中村 健太,kenta.nakamura@example.com,ST04
8332,田中 太郎,taro.tanaka@example.com,ST01
8333,佐藤 結衣,yui.sato@example.com,ST01
8334,伊藤 陽菜,hina.ito@example.com,ST03
8335,伊藤 陽菜,hina.ito@example.com,ST03
8336,加藤 結衣,yui.kato@example.com,ST01
8337,高橋 陽菜,hina.takahashi@example.com,ST02
8338,加藤 悠斗,yuto.kato@example.com,ST04
8339,佐藤 葵,aoi.sato@example.com,ST02
8340,小林 翔,sho.kobayashi@example.com,ST02
8341,渡辺 拓海,takumi.watanabe@example.com,ST01
8342,渡辺 陽菜,hina.watanabe@example.com,ST01
8343,山本 蓮,ren.yamamoto@example.com,ST01
8344,山田 拓海,takumi.yamada@example.com,ST04
8345,加藤 陽菜,hina.kato@example.com,ST02
8346,高橋 結衣,yui.takahashi@example.com,ST04
8347,加藤 蓮,ren.kato@example.com,ST01
8348,山本 彩花,ayaka.yamamoto@example.com,ST04
8349,高橋 陽菜,hina.takahashi@example.com,ST02
8350,伊藤 陽菜,hina.ito@example.com,ST03
8351,小林 葵,aoi.kobayashi@example.com,ST02
8352,鈴木 大輔,daisuke.suzuki@example.com,ST01
8353,山本 拓海,takumi.yamamoto@example.com,ST02
8354,田中 蓮,ren.tanaka@example.com,ST03
8355,中村 健太,kenta.nakamura@example.com,ST03
8356,佐藤 健太,kenta.sato@example.com,ST01
8357,吉田 翔,sho.yoshida@example.com,ST01
8358,吉田 陽菜,hina.yoshida@example.com,ST02
8359,小林 葵,aoi.kobayashi@example.com,ST02
8360,山田 蓮,ren.yamada@example.com,ST01
8361,吉田 大輔,daisuke.yoshida@example.com,ST03
8362,伊藤 翔,sho.ito@example.com,ST04
8363,小林 陽菜,hina.kobayashi@example.com,ST04
8364,伊藤 悠斗,yuto.ito@example.com,ST01
8365,高橋 翔,sho.takahashi@example.com,ST03
8366,佐藤 彩花,ayaka.sato@example.com,ST04
8367,渡辺 太郎,taro.watanabe@example.com,ST01
8368,山田 陽菜,hina.yamada@example.com,ST01
8369,高橋 翔,sho.takahashi@example.com,ST04
8370,吉田 翔,sho.yoshida@example.com,ST02
8371,山田 美咲,misaki.yamada@example.com,ST04
8372,中村 葵,aoi.nakamura@example.com,ST04
8373,中村 葵,aoi.nakamura@example.com,ST02
8374,中村 彩花,ayaka.nakamura@example.com,ST01
8375,田中 拓海,takumi.tanaka@example.com,ST04
8376,小林 健太,kenta.kobayashi@example.com,ST01
8377,高橋 大輔,daisuke.takahashi@example.com,ST02
8378,田中 結衣,yui.tanaka@example.com,ST02
8379,佐藤 結衣,yui.sato@example.com,ST04
8380,加藤 翔,sho.kato@example.com,ST03
8381,佐藤 美咲,misaki.sato@example.com,ST01
8382,山本 翔,sho.yamamoto@example.com,ST01
8383,吉田 翔,sho.yoshida@example.com,ST02
8384,渡辺 大輔,daisuke.watanabe@example.com,ST03
8385,小林 太郎,taro.kobayashi@example.com,ST01
8386,吉田 拓海,takumi.yoshida@example.com,ST02
8387,鈴木 蓮,ren.suzuki@example.com,ST04
8388,中村 太郎,taro.nakamura@example.com,ST04
8389,高橋 拓海,takumi.takahashi@example.com,ST03
8390,小林 悠斗,yuto.kobayashi@example.com,ST03
8391,吉田 葵,aoi.yoshida@example.com,ST03
8392,田中 彩花,ayaka.tanaka@example.com,ST02
8393,佐藤 彩花,ayaka.sato@example.com,ST02
8394,高橋 健太,kenta.takahashi@example.com,ST04
8395,吉田 彩花,ayaka.yoshida@example.com,ST02
8396,鈴木 悠斗,yuto.suzuki@example.com,ST04
8397,田中 結衣,yui.tanaka@example.com,ST03
8398,伊藤 結衣,yui.ito@example.com,ST02
8399,山本 翔,sho.yamamoto@example.com,ST01
8400,高橋 大輔,daisuke.takahashi@example.com,ST04
8401,加藤 結衣,yui.kato@example.com,ST02
8402,佐藤 太郎,taro.sato@example.com,ST01
8403,佐藤 健太,kenta.sato@example.com,ST02
8404,高橋 美咲,misaki.takahashi@example.com,ST03
8405,山田 大輔,daisuke.yamada@example.com,ST04
8406,渡辺 拓海,takumi.watanabe@example.com,ST03
8407,山本 美咲,misaki.yamamoto@example.com,ST02
8408,小林 彩花,ayaka.kobayashi@example.com,ST02
8409,高橋 拓海,takumi.takahashi@example.com,ST04
8410,鈴木 大輔,daisuke.suzuki@example.com,ST03
8411,高橋 葵,aoi.takahashi@example.com,ST02
8412,山本 健太,kenta.yamamoto@example.com,ST03
8413,伊藤 彩花,ayaka.ito@example.com,ST04
8414,鈴木 悠斗,yuto.suzuki@example.com,ST02
8415,田中 拓海,takumi.tanaka@example.com,ST03
8416,高橋 結衣,yui.takahashi@example.com,ST01
8417,渡辺 翔,sho.watanabe@example.com,ST01
8418,田中 健太,kenta.tanaka@example.com,ST02
8419,伊藤 葵,aoi.ito@example.com,ST04
8420,高橋 蓮,ren.takahashi@example.com,ST03
8421,鈴木 蓮,ren.suzuki@example.com,ST01
8422,佐藤 陽菜,hina.sato@example.com,ST01
8423,小林 大輔,daisuke.kobayashi@example.com,ST03
8424,田中 大輔,daisuke.tanaka@example.com,ST02
8425,田中 翔,sho.tanaka@example.com,ST04
8426,高橋 悠斗,yuto.takahashi@example.com,ST01
8427,渡辺 結衣,yui.watanabe@example.com,ST03
8428,山田 翔,sho.yamada@example.com,ST02
8429,鈴木 彩花,ayaka.suzuki@example.com,ST04
8430,中村 健太,kenta.nakamura@example.com,ST04
8431,渡辺 蓮,ren.watanabe@example.com,ST01
8432,伊藤 大輔,daisuke.ito@example.com,ST04
8433,田中 拓海,takumi.tanaka@example.com,ST01
8434,渡辺 結衣,yui.watanabe@example.com,ST03
8435,山本 葵,aoi.yamamoto@example.com,ST03
8436,吉田 葵,aoi.yoshida@example.com,ST02
8437,中村 葵,aoi.nakamura@example.com,ST01
8438,山本 拓海,takumi.yamamoto@example.com,ST03
8439,佐藤 太郎,taro.sato@example.com,ST01
8440,伊藤 拓海,takumi.ito@example.com,ST04
8441,山本 結衣,yui.yamamoto@example.com,ST03
8442,渡辺 拓海,takumi.watanabe@example.com,ST02
8443,吉田 拓海,takumi.yoshida@example.com,ST01
8444,山田 葵,aoi.yamada@example.com,ST01
8445,小林 翔,sho.kobayashi@example.com,ST01
8446,吉田 蓮,ren.yoshida@example.com,ST01
8447,山田 悠斗,yuto.yamada@example.com,ST04
8448,吉田 美咲,misaki.yoshida@example.com,ST02
8449,田中 結衣,yui.tanaka@example.com,ST03
8450,高橋 美咲,misaki.takahashi@example.com,ST03
8451,鈴木 拓海,takumi.suzuki@example.com,ST03
8452,吉田 蓮,ren.yoshida@example.com,ST01
8453,渡辺 結衣,yui.watanabe@example.com,ST02
8454,山田 葵,aoi.yamada@example.com,ST03
8455,山田 彩花,ayaka.yamada@example.com,ST02
8456,山田 太郎,taro.yamada@example.com,ST03
8457,高橋 拓海,takumi.takahashi@example.com,ST04
8458,加藤 拓海,takumi.kato@example.com,ST02
8459,佐藤 彩花,ayaka.sato@example.com,ST04
8460,佐藤 結衣,yui.sato@example.com,ST04
8461,吉田 大輔,daisuke.yoshida@example.com,ST02
8462,佐藤 健太,kenta.sato@example.com,ST03
8463,鈴木 陽菜,hina.suzuki@example.com,ST03
8464,伊藤 大輔,daisuke.ito@example.com,ST04
8465,加藤 悠斗,yuto.kato@example.com,ST03
8466,佐藤 健太,kenta.sato@example.com,ST03
8467,田中 葵,aoi.tanaka@example.com,ST01
8468,中村 葵,aoi.nakamura@example.com,ST01
8469,吉田 悠斗,yuto.yoshida@example.com,ST01
8470,山田 太郎,taro.yamada@example.com,ST04
8471,高橋 結衣,yui.takahashi@example.com,ST02
8472,鈴木 美咲,misaki.suzuki@example.com,ST01
8473,山田 大輔,daisuke.yamada@example.com,ST04
8474,佐藤 彩花,ayaka.sato@example.com,ST02
8475,小林 葵,aoi.kobayashi@example.com,ST03
8476,佐藤 拓海,takumi.sato@example.com,ST04
8477,中村 陽菜,hina.nakamura@example.com,ST04
8478,伊藤 結衣,yui.ito@example.com,ST02
8479,佐藤 彩花,ayaka.sato@example.com,ST04
8480,伊藤 翔,sho.ito@example.com,ST02
8481,渡辺 悠斗,yuto.watanabe@example.com,ST01
8482,高橋 大輔,daisuke.takahashi@example.com,ST01
8483,鈴木 健太,kenta.suzuki@example.com,ST01
8484,佐藤 太郎,taro.sato@example.com,ST03
8485,吉田 葵,aoi.yoshida@example.com,ST04
8486,山田 悠斗,yuto.yamada@example.com,ST02
8487,渡辺 拓海,takumi.watanabe@example.com,ST03
8488,吉田 大輔,daisuke.yoshida@example.com,ST04
8489,山田 悠斗,yuto.yamada@example.com,ST02
8490,山田 拓海,takumi.yamada@example.com,ST04
8491,山田 太郎,taro.yamada@example.com,ST02
8492,山田 悠斗,yuto.yamada@example.com,ST01
8493,加藤 美咲,misaki.kato@example.com,ST02
8494,山田 陽菜,hina.yamada@example.com,ST02
8495,佐藤 蓮,ren.sato@example.com,ST02
8496,佐藤 蓮,ren.sato@example.com,ST03
8497,渡辺 健太,kenta.watanabe@example.com,ST03
8498,中村 陽菜,hina.nakamura@example.com,ST01
8499,高橋 葵,aoi.takahashi@example.com,ST04
8500,中村 陽菜,hina.nakamura@example.com,ST03
8501,渡辺 陽菜,hina.watanabe@example.com,ST02
8502,小林 美咲,misaki.kobayashi@example.com,ST04
8503,加藤 拓海,takumi.kato@example.com,ST02
8504,鈴木 彩花,ayaka.suzuki@example.com,ST04
8505,伊藤 葵,aoi.ito@example.com,ST04
8506,小林 健太,kenta.kobayashi@example.com,ST04
8507,中村 結衣,yui.nakamura@example.com,ST03
8508,吉田 翔,sho.yoshida@example.com,ST04
8509,中村 彩花,ayaka.nakamura@example.com,ST02
8510,伊藤 蓮,ren.ito@example.com,ST01
8511,伊藤 悠斗,yuto.ito@example.com,ST03
8512,鈴木 陽菜,hina.suzuki@example.com,ST01
8513,加藤 葵,aoi.kato@example.com,ST02
8514,中村 健太,kenta.nakamura@example.com,ST03
8515,鈴木 美咲,misaki.suzuki@example.com,ST04
8516,佐藤 大輔,daisuke.sato@example.com,ST01
8517,高橋 悠斗,yuto.takahashi@example.com,ST02
8518,高橋 美咲,misaki.takahashi@example.com,ST02
8519,吉田 太郎,taro.yoshida@example.com,ST03
8520,小林 健太,kenta.kobayashi@example.com,ST02
8521,渡辺 悠斗,yuto.watanabe@example.com,ST03
8522,加藤 陽菜,hina.kato@example.com,ST03
8523,佐藤 結衣,yui.sato@example.com,ST03
8524,田中 翔,sho.tanaka@example.com,ST01
8525,渡辺 葵,aoi.watanabe@example.com,ST01
8526,吉田 陽菜,hina.yoshida@example.com,ST02
8527,渡辺 彩花,ayaka.watanabe@example.com,ST01
8528,渡辺 陽菜,hina.watanabe@example.com,ST02
8529,吉田 美咲,misaki.yoshida@example.com,ST02
8530,鈴木 健太,kenta.suzuki@example.com,ST01
8531,小林 葵,aoi.kobayashi@example.com,ST01
8532,佐藤 翔,sho.sato@example.com,ST04
8533,高橋 陽菜,hina.takahashi@example.com,ST04
8534,山本 悠斗,yuto.yamamoto@example.com,ST01
8535,伊藤 健太,kenta.ito@example.com,ST04
8536,吉田 拓海,takumi.yoshida@example.com,ST02
8537,加藤 彩花,ayaka.kato@example.com,ST01
8538,吉田 美咲,misaki.yoshida@example.com,ST02
8539,佐藤 葵,aoi.sato@example.com,ST02
8540,渡辺 悠斗,yuto.watanabe@example.com,ST01
8541,加藤 翔,sho.kato@example.com,ST04
8542,伊藤 太郎,taro.ito@example.com,ST03
8543,佐藤 大輔,daisuke.sato@example.com,ST02
8544,伊藤 美咲,misaki.ito@example.com,ST02
8545,小林 太郎,taro.kobayashi@example.com,ST04
8546,中村 蓮,ren.nakamura@example.com,ST04
8547,佐藤 太郎,taro.sato@example.com,ST01
8548,山田 美咲,misaki.yamada@example.com,ST01
8549,高橋 蓮,ren.takahashi@example.com,ST04
8550,田中 彩花,ayaka.tanaka@example.com,ST04
8551,加藤 翔,sho.kato@example.com,ST04
8552,渡辺 大輔,daisuke.watanabe@example.com,ST01
8553,山本 結衣,yui.yamamoto@example.com,ST01
8554,高橋 葵,aoi.takahashi@example.com,ST01
8555,高橋 翔,sho.takahashi@example.com,ST04
8556,小林 太郎,taro.kobayashi@example.com,ST03
8557,高橋 葵,aoi.takahashi@example.com,ST04
8558,小林 結衣,yui.kobayashi@example.com,ST01
8559,高橋 悠斗,yuto.takahashi@example.com,ST01
8560,加藤 健太,kenta.kato@example.com,ST03
8561,田中 結衣,yui.tanaka@example.com,ST02
8562,小林 美咲,misaki.kobayashi@example.com,ST02
8563,山本 拓海,takumi.yamamoto@example.com,ST01
8564,田中 悠斗,yuto.tanaka@example.com,ST02
8565,田中 結衣,yui.tanaka@example.com,ST01
8566,高橋 陽菜,hina.takahashi@example.com,ST02
8567,鈴木 大輔,daisuke.suzuki@example.com,ST03
8568,山田 健太,kenta.yamada@example.com,ST04
8569,高橋 蓮,ren.takahashi@example.com,ST01
8570,伊藤 彩花,ayaka.ito@example.com,ST01
8571,吉田 葵,aoi.yoshida@example.com,ST01
8572,山本 拓海,takumi.yamamoto@example.com,ST02
8573,小林 大輔,daisuke.kobayashi@example.com,ST04
8574,小林 大輔,daisuke.kobayashi@example.com,ST02
8575,山本 太郎,taro.yamamoto@example.com,ST03
8576,渡辺 悠斗,yuto.watanabe@example.com,ST01
8577,伊藤 太郎,taro.ito@example.com,ST01
8578,伊藤 太郎,taro.ito@example.com,ST04
8579,山田 美咲,misaki.yamada@example.com,ST01
8580,山田 拓海,takumi.yamada@example.com,ST03
8581,山田 彩花,ayaka.yamada@example.com,ST02
8582,高橋 健太,kenta.takahashi@example.com,ST04
8583,山田 美咲,misaki.yamada@example.com,ST01
8584,山田 結衣,yui.yamada@example.com,ST03
8585,吉田 葵,aoi.yoshida@example.com,ST03
8586,田中 悠斗,yuto.tanaka@example.com,ST02
8587,吉田 悠斗,yuto.yoshida@example.com,ST02
8588,高橋 美咲,misaki.takahashi@example.com,ST03
8589,佐藤 拓海,takumi.sato@example.com,ST03
8590,山田 悠斗,yuto.yamada@example.com,ST04
8591,小林 拓海,takumi.kobayashi@example.com,ST01
8592,山田 葵,aoi.yamada@example.com,ST04
8593,加藤 太郎,taro.kato@example.com,ST03
8594,中村 太郎,taro.nakamura@example.com,ST03
8595,佐藤 翔,sho.sato@example.com,ST02
8596,伊藤 悠斗,yuto.ito@example.com,ST01
8597,田中 彩花,ayaka.tanaka@example.com,ST04
8598,山本 彩花,ayaka.yamamoto@example.com,ST03
8599,田中 拓海,takumi.tanaka@example.com,ST01
8600,中村 蓮,ren.nakamura@example.com,ST03
8601,吉田 太郎,taro.yoshida@example.com,ST04
8602,田中 結衣,yui.tanaka@example.com,ST04
8603,高橋 彩花,ayaka.takahashi@example.com,ST03
8604,田中 葵,aoi.tanaka@example.com,ST01
8605,加藤 大輔,daisuke.kato@example.com,ST02
8606,山田 拓海,takumi.yamada@example.com,ST02
8607,鈴木 健太,kenta.suzuki@example.com,ST03
8608,渡辺 健太,kenta.watanabe@example.com,ST01
8609,吉田 美咲,misaki.yoshida@example.com,ST02
8610,田中 拓海,takumi.tanaka@example.com,ST04
8611,山本 拓海,takumi.yamamoto@example.com,ST04
8612,加藤 美咲,misaki.kato@example.com,ST03
8613,高橋 彩花,ayaka.takahashi@example.com,ST01
8614,田中 結衣,yui.tanaka@example.com,ST04
8615,吉田 拓海,takumi.yoshida@example.com,ST01
8616,佐藤 悠斗,yuto.sato@example.com,ST01
8617,中村 彩花,ayaka.nakamura@example.com,ST04
8618,小林 蓮,ren.kobayashi@example.com,ST03
8619,吉田 葵,aoi.yoshida@example.com,ST03
8620,小林 陽菜,hina.kobayashi@example.com,ST04
8621,山本 大輔,daisuke.yamamoto@example.com,ST02
8622,山田 翔,sho.yamada@example.com,ST03
8623,吉田 美咲,misaki.yoshida@example.com,ST03
8624,佐藤 拓海,takumi.sato@example.com,ST02
8625,渡辺 大輔,daisuke.watanabe@example.com,ST02
8626,田中 美咲,misaki.tanaka@example.com,ST02
8627,中村 悠斗,yuto.nakamura@example.com,ST01
8628,加藤 太郎,taro.kato@example.com,ST02
8629,山田 結衣,yui.yamada@example.com,ST02
8630,小林 拓海,takumi.kobayashi@example.com,ST01
8631,伊藤 悠斗,yuto.ito@example.com,ST01
8632,渡辺 大輔,daisuke.watanabe@example.com,ST03
8633,渡辺 大輔,daisuke.watanabe@example.com,ST02
8634,佐藤 葵,aoi.sato@example.com,ST03
8635,山田 陽菜,hina.yamada@example.com,ST01
8636,鈴木 悠斗,yuto.suzuki@example.com,ST02
8637,佐藤 太郎,taro.sato@example.com,ST03
8638,山田 彩花,ayaka.yamada@example.com,ST04
8639,高橋 太郎,taro.takahashi@example.com,ST02
8640,山田 美咲,misaki.yamada@example.com,ST04
8641,伊藤 蓮,ren.ito@example.com,ST04
8642,渡辺 悠斗,yuto.watanabe@example.com,ST04
8643,中村 健太,kenta.nakamura@example.com,ST03
8644,伊藤 彩花,ayaka.ito@example.com,ST02
8645,田中 大輔,daisuke.tanaka@example.com,ST02
8646,佐藤 彩花,ayaka.sato@example.com,ST04
8647,中村 太郎,taro.nakamura@example.com,ST02
8648,小林 健太,kenta.kobayashi@example.com,ST04
8649,佐藤 拓海,takumi.sato@example.com,ST03
8650,佐藤 結衣,yui.sato@example.com,ST01
8651,高橋 葵,aoi.takahashi@example.com,ST01
8652,吉田 葵,aoi.yoshida@example.com,ST03
8653,高橋 結衣,yui.takahashi@example.com,ST01
8654,渡辺 蓮,ren.watanabe@example.com,ST04
8655,山本 彩花,ayaka.yamamoto@example.com,ST04
8656,山本 拓海,takumi.yamamoto@example.com,ST01
8657,伊藤 翔,sho.ito@example.com,ST01
8658,佐藤 美咲,misaki.sato@example.com,ST03
8659,田中 大輔,daisuke.tanaka@example.com,ST02
8660,山田 美咲,misaki.yamada@example.com,ST04
8661,加藤 大輔,daisuke.kato@example.com,ST01
8662,高橋 健太,kenta.takahashi@example.com,ST01
8663,中村 大輔,daisuke.nakamura@example.com,ST03
8664,加藤 蓮,ren.kato@example.com,ST02
8665,山田 太郎,taro.yamada@example.com,ST01
8666,吉田 大輔,daisuke.yoshida@example.com,ST02
8667,渡辺 拓海,takumi.watanabe@example.com,ST04
8668,山田 大輔,daisuke.yamada@example.com,ST03
8669,鈴木 太郎,taro.suzuki@example.com,ST02
8670,鈴木 翔,sho.suzuki@example.com,ST01
8671,中村 悠斗,yuto.nakamura@example.com,ST01
8672,田中 蓮,ren.tanaka@example.com,ST01
8673,鈴木 悠斗,yuto.suzuki@example.com,ST04
8674,山本 蓮,ren.yamamoto@example.com,ST04
8675,小林 葵,aoi.kobayashi@example.com,ST03
8676,鈴木 陽菜,hina.suzuki@example.com,ST03
8677,中村 大輔,daisuke.nakamura@example.com,ST02
8678,佐藤 翔,sho.sato@example.com,ST02
8679,田中 健太,kenta.tanaka@example.com,ST03
8680,山本 翔,sho.yamamoto@example.com,ST04
8681,加藤 悠斗,yuto.kato@example.com,ST01
8682,中村 美咲,misaki.nakamura@example.com,ST03
8683,伊藤 葵,aoi.ito@example.com,ST03
8684,中村 拓海,takumi.nakamura@example.com,ST03
8685,吉田 翔,sho.yoshida@example.com,ST04
8686,伊藤 翔,sho.ito@example.com,ST03
8687,渡辺 太郎,taro.watanabe@example.com,ST03
8688,伊藤 結衣,yui.ito@example.com,ST02
8689,山田 彩花,ayaka.yamada@example.com,ST03
8690,中村 大輔,daisuke.nakamura@example.com,ST04
8691,山田 太郎,taro.yamada@example.com,ST01
8692,吉田 結衣,yui.yoshida@example.com,ST02
8693,中村 美咲,misaki.nakamura@example.com,ST04
8694,加藤 悠斗,yuto.kato@example.com,ST04
8695,吉田 葵,aoi.yoshida@example.com,ST03
8696,鈴木 翔,sho.suzuki@example.com,ST01
8697,伊藤 太郎,taro.ito@example.com,ST03
8698,中村 美咲,misaki.nakamura@example.com,ST04
8699,田中 拓海,takumi.tanaka@example.com,ST01
8700,吉田 美咲,misaki.yoshida@example.com,ST03
8701,鈴木 蓮,ren.suzuki@example.com,ST03
8702,山田 健太,kenta.yamada@example.com,ST03
8703,渡辺 蓮,ren.watanabe@example.com,ST03
8704,中村 結衣,yui.nakamura@example.com,ST02
8705,中村 拓海,takumi.nakamura@example.com,ST02
8706,吉田 太郎,taro.yoshida@example.com,ST03
8707,小林 悠斗,yuto.kobayashi@example.com,ST02
8708,小林 翔,sho.kobayashi@example.com,ST04
8709,伊藤 蓮,ren.ito@example.com,ST01
8710,伊藤 健太,kenta.ito@example.com,ST04
8711,吉田 拓海,takumi.yoshida@example.com,ST04
8712,小林 太郎,taro.kobayashi@example.com,ST01
8713,渡辺 陽菜,hina.watanabe@example.com,ST01
8714,伊藤 美咲,misaki.ito@example.com,ST02
8715,加藤 結衣,yui.kato@example.com,ST01
8716,加藤 太郎,taro.kato@example.com,ST03
8717,山田 彩花,ayaka.yamada@example.com,ST04
8718,高橋 太郎,taro.takahashi@example.com,ST03
8719,小林 太郎,taro.kobayashi@example.com,ST02
8720,田中 健太,kenta.tanaka@example.com,ST02
8721,田中 悠斗,yuto.tanaka@example.com,ST02
8722,中村 彩花,ayaka.nakamura@example.com,ST01
8723,中村 陽菜,hina.nakamura@example.com,ST02
8724,山本 蓮,ren.yamamoto@example.com,ST02
8725,伊藤 彩花,ayaka.ito@example.com,ST02
8726,渡辺 陽菜,hina.watanabe@example.com,ST02
8727,佐藤 大輔,daisuke.sato@example.com,ST04
8728,小林 大輔,daisuke.kobayashi@example.com,ST04
8729,佐藤 蓮,ren.sato@example.com,ST02
8730,伊藤 翔,sho.ito@example.com,ST04
8731,山田 太郎,taro.yamada@example.com,ST02
8732,高橋 蓮,ren.takahashi@example.com,ST04
8733,吉田 葵,aoi.yoshida@example.com,ST03
8734,伊藤 太郎,taro.ito@example.com,ST01
8735,鈴木 悠斗,yuto.suzuki@example.com,ST03
8736,高橋 蓮,ren.takahashi@example.com,ST04
8737,加藤 大輔,daisuke.kato@example.com,ST02
8738,鈴木 美咲,misaki.suzuki@example.com,ST04
8739,山本 大輔,daisuke.yamamoto@example.com,ST03
8740,高橋 悠斗,yuto.takahashi@example.com,ST04
8741,小林 美咲,misaki.kobayashi@example.com,ST01
8742,伊藤 太郎,taro.ito@example.com,ST02
8743,渡辺 健太,kenta.watanabe@example.com,ST04
8744,佐藤 健太,kenta.sato@example.com,ST01
8745,山田 悠斗,yuto.yamada@example.com,ST02
8746,渡辺 美咲,misaki.watanabe@example.com,ST03
8747,渡辺 悠斗,yuto.watanabe@example.com,ST02
8748,加藤 美咲,misaki.kato@example.com,ST01
8749,佐藤 太郎,taro.sato@example.com,ST02
8750,山田 拓海,takumi.yamada@example.com,ST02
8751,小林 結衣,yui.kobayashi@example.com,ST04
8752,山本 健太,kenta.yamamoto@example.com,ST03
8753,田中 陽菜,hina.tanaka@example.com,ST03
8754,鈴木 蓮,ren.suzuki@example.com,ST04
8755,田中 健太,kenta.tanaka@example.com,ST01
8756,山田 大輔,daisuke.yamada@example.com,ST04
8757,田中 彩花,ayaka.tanaka@example.com,ST03
8758,小林 健太,kenta.kobayashi@example.com,ST04
8759,伊藤 悠斗,yuto.ito@example.com,ST01
8760,小林 太郎,taro.kobayashi@example.com,ST04
8761,加藤 太郎,taro.kato@example.com,ST01
8762,中村 拓海,takumi.nakamura@example.com,ST03
8763,小林 大輔,daisuke.kobayashi@example.com,ST02
8764,佐藤 太郎,taro.sato@example.com,ST03
8765,高橋 結衣,yui.takahashi@example.com,ST02
8766,加藤 健太,kenta.kato@example.com,ST04
8767,小林 陽菜,hina.kobayashi@example.com,ST03
8768,鈴木 彩花,ayaka.suzuki@example.com,ST01
8769,高橋 悠斗,yuto.takahashi@example.com,ST02
8770,伊藤 葵,aoi.ito@example.com,ST03
8771,高橋 大輔,daisuke.takahashi@example.com,ST01
8772,渡辺 大輔,daisuke.watanabe@example.com,ST04
8773,加藤 悠斗,yuto.kato@example.com,ST01
8774,佐藤 翔,sho.sato@example.com,ST01
8775,小林 太郎,taro.kobayashi@example.com,ST03
8776,渡辺 彩花,ayaka.watanabe@example.com,ST04
8777,加藤 大輔,daisuke.kato@example.com,ST04
8778,吉田 翔,sho.yoshida@example.com,ST03
8779,吉田 結衣,yui.yoshida@example.com,ST01
8780,鈴木 悠斗,yuto.suzuki@example.com,ST03
8781,中村 結衣,yui.nakamura@example.com,ST03
8782,山本 葵,aoi.yamamoto@example.com,ST01
8783,吉田 悠斗,yuto.yoshida@example.com,ST01
8784,山田 拓海,takumi.yamada@example.com,ST03
8785,吉田 健太,kenta.yoshida@example.com,ST04
8786,渡辺 太郎,taro.watanabe@example.com,ST04
8787,山田 健太,kenta.yamada@example.com,ST03
8788,高橋 葵,aoi.takahashi@example.com,ST01
8789,佐藤 拓海,takumi.sato@example.com,ST04
8790,高橋 拓海,takumi.takahashi@example.com,ST03
8791,山本 彩花,ayaka.yamamoto@example.com,ST03
8792,小林 彩花,ayaka.kobayashi@example.com,ST03
8793,伊藤 葵,aoi.ito@example.com,ST04
8794,加藤 拓海,takumi.kato@example.com,ST02
8795,山田 陽菜,hina.yamada@example.com,ST04
8796,加藤 美咲,misaki.kato@example.com,ST03
8797,鈴木 蓮,ren.suzuki@example.com,ST02
8798,山田 健太,kenta.yamada@example.com,ST02
8799,田中 彩花,ayaka.tanaka@example.com,ST01
8800,佐藤 翔,sho.sato@example.com,ST03
8801,山本 大輔,daisuke.yamamoto@example.com,ST04
8802,高橋 翔,sho.takahashi@example.com,ST03
8803,山本 太郎,taro.yamamoto@example.com,ST01
8804,高橋 美咲,misaki.takahashi@example.com,ST04
8805,吉田 健太,kenta.yoshida@example.com,ST01
8806,吉田 葵,aoi.yoshida@example.com,ST04
8807,伊藤 結衣,yui.ito@example.com,ST03
8808,山本 翔,sho.yamamoto@example.com,ST04
8809,加藤 大輔,daisuke.kato@example.com,ST02
8810,中村 結衣,yui.nakamura@example.com,ST03
8811,伊藤 翔,sho.ito@example.com,ST03
8812,小林 健太,kenta.kobayashi@example.com,ST02
8813,渡辺 陽菜,hina.watanabe@example.com,ST03
8814,加藤 結衣,yui.kato@example.com,ST01
8815,鈴木 蓮,ren.suzuki@example.com,ST04
8816,吉田 大輔,daisuke.yoshida@example.com,ST03
8817,中村 拓海,takumi.nakamura@example.com,ST04
8818,中村 陽菜,hina.nakamura@example.com,ST03
8819,小林 葵,aoi.kobayashi@example.com,ST03
8820,渡辺 蓮,ren.watanabe@example.com,ST01
8821,高橋 彩花,ayaka.takahashi@example.com,ST04
8822,田中 大輔,daisuke.tanaka@example.com,ST01
8823,加藤 陽菜,hina.kato@example.com,ST03
8824,山本 大輔,daisuke.yamamoto@example.com,ST02
8825,吉田 大輔,daisuke.yoshida@example.com,ST03
8826,山田 葵,aoi.yamada@example.com,ST02
8827,山本 葵,aoi.yamamoto@example.com,ST03
8828,鈴木 美咲,misaki.suzuki@example.com,ST04
8829,鈴木 拓海,takumi.suzuki@example.com,ST01
8830,鈴木 蓮,ren.suzuki@example.com,ST03
8831,鈴木 葵,aoi.suzuki@example.com,ST04
8832,中村 美咲,misaki.nakamura@example.com,ST03
8833,中村 翔,sho.nakamura@example.com,ST01
8834,小林 翔,sho.kobayashi@example.com,ST03
8835,渡辺 葵,aoi.watanabe@example.com,ST03
8836,加藤 彩花,ayaka.kato@example.com,ST03
8837,小林 美咲,misaki.kobayashi@example.com,ST04
8838,高橋 蓮,ren.takahashi@example.com,ST02
8839,渡辺 翔,sho.watanabe@example.com,ST04
8840,佐藤 大輔,daisuke.sato@example.com,ST02
8841,田中 拓海,takumi.tanaka@example.com,ST02
8842,渡辺 葵,aoi.watanabe@example.com,ST02
8843,伊藤 彩花,ayaka.ito@example.com,ST03
8844,田中 翔,sho.tanaka@example.com,ST03
8845,渡辺 太郎,taro.watanabe@example.com,ST01
8846,鈴木 美咲,misaki.suzuki@example.com,ST02
8847,渡辺 陽菜,hina.watanabe@example.com,ST01
8848,加藤 健太,kenta.kato@example.com,ST03
8849,佐藤 拓海,takumi.sato@example.com,ST02
8850,佐藤 翔,sho.sato@example.com,ST03
8851,小林 美咲,misaki.kobayashi@example.com,ST04
8852,小林 拓海,takumi.kobayashi@example.com,ST02
8853,吉田 陽菜,hina.yoshida@example.com,ST04
8854,山本 蓮,ren.yamamoto@example.com,ST02
8855,小林 翔,sho.kobayashi@example.com,ST03
8856,田中 美咲,misaki.tanaka@example.com,ST03
8857,山本 太郎,taro.yamamoto@example.com,ST04
8858,伊藤 翔,sho.ito@example.com,ST04
8859,中村 大輔,daisuke.nakamura@example.com,ST02
8860,田中 健太,kenta.tanaka@example.com,ST03
8861,佐藤 彩花,ayaka.sato@example.com,ST01
8862,渡辺 翔,sho.watanabe@example.com,ST04
8863,高橋 陽菜,hina.takahashi@example.com,ST03
8864,山田 葵,aoi.yamada@example.com,ST02
8865,小林 葵,aoi.kobayashi@example.com,ST03
8866,高橋 太郎,taro.takahashi@example.com,ST03
8867,渡辺 拓海,takumi.watanabe@example.com,ST04
8868,加藤 蓮,ren.kato@example.com,ST04
8869,渡辺 太郎,taro.watanabe@example.com,ST01
8870,吉田 健太,kenta.yoshida@example.com,ST02
8871,中村 蓮,ren.nakamura@example.com,ST02
8872,中村 大輔,daisuke.nakamura@example.com,ST03
8873,高橋 陽菜,hina.takahashi@example.com,ST01
8874,伊藤 蓮,ren.ito@example.com,ST01
8875,伊藤 翔,sho.ito@example.com,ST03
8876,吉田 翔,sho.yoshida@example.com,ST02
8877,田中 大輔,daisuke.tanaka@example.com,ST02
8878,佐藤 太郎,taro.sato@example.com,ST01
8879,山本 健太,kenta.yamamoto@example.com,ST03
8880,加藤 悠斗,yuto.kato@example.com,ST02
8881,伊藤 陽菜,hina.ito@example.com,ST04
8882,吉田 蓮,ren.yoshida@example.com,ST04
8883,山田 悠斗,yuto.yamada@example.com,ST02
8884,中村 葵,aoi.nakamura@example.com,ST01
8885,高橋 大輔,daisuke.takahashi@example.com,ST04
8886,中村 彩花,ayaka.nakamura@example.com,ST04
8887,佐藤 葵,aoi.sato@example.com,ST01
8888,高橋 翔,sho.takahashi@example.com,ST01
8889,吉田 健太,kenta.yoshida@example.com,ST01
8890,山本 陽菜,hina.yamamoto@example.com,ST03
8891,吉田 蓮,ren.yoshida@example.com,ST01
8892,山本 健太,kenta.yamamoto@example.com,ST01
8893,山本 健太,kenta.yamamoto@example.com,ST03
8894,高橋 大輔,daisuke.takahashi@example.com,ST03
8895,加藤 健太,kenta.kato@example.com,ST04
8896,高橋 悠斗,yuto.takahashi@example.com,ST02
8897,小林 蓮,ren.kobayashi@example.com,ST01
8898,佐藤 健太,kenta.sato@example.com,ST01
8899,山本 美咲,misaki.yamamoto@example.com,ST03
8900,小林 翔,sho.kobayashi@example.com,ST04
8901,中村 陽菜,hina.nakamura@example.com,ST04
8902,加藤 彩花,ayaka.kato@example.com,ST04
8903,山本 太郎,taro.yamamoto@example.com,ST02
8904,渡辺 蓮,ren.watanabe@example.com,ST01
8905,鈴木 健太,kenta.suzuki@example.com,ST04
8906,伊藤 拓海,takumi.ito@example.com,ST01
8907,吉田 蓮,ren.yoshida@example.com,ST04
8908,佐藤 太郎,taro.sato@example.com,ST04
8909,佐藤 葵,aoi.sato@example.com,ST03
8910,山田 陽菜,hina.yamada@example.com,ST02
8911,佐藤 太郎,taro.sato@example.com,ST03
8912,山田 結衣,yui.yamada@example.com,ST01
8913,田中 健太,kenta.tanaka@example.com,ST01
8914,伊藤 陽菜,hina.ito@example.com,ST01
8915,山田 彩花,ayaka.yamada@example.com,ST01
8916,伊藤 美咲,misaki.ito@example.com,ST04
8917,吉田 結衣,yui.yoshida@example.com,ST02
8918,小林 彩花,ayaka.kobayashi@example.com,ST01
8919,田中 大輔,daisuke.tanaka@example.com,ST02
8920,中村 陽菜,hina.nakamura@example.com,ST01
8921,高橋 陽菜,hina.takahashi@example.com,ST02
8922,伊藤 健太,kenta.ito@example.com,ST01
8923,高橋 彩花,ayaka.takahashi@example.com,ST01
8924,田中 葵,aoi.tanaka@example.com,ST04
8925,渡辺 葵,aoi.watanabe@example.com,ST03
8926,加藤 太郎,taro.kato@example.com,ST04
8927,鈴木 彩花,ayaka.suzuki@example.com,ST02
8928,鈴木 太郎,taro.suzuki@example.com,ST04
8929,小林 葵,aoi.kobayashi@example.com,ST03
8930,中村 陽菜,hina.nakamura@example.com,ST03
8931,吉田 彩花,ayaka.yoshida@example.com,ST01
8932,田中 蓮,ren.tanaka@example.com,ST01
8933,田中 太郎,taro.tanaka@example.com,ST01
8934,山本 彩花,ayaka.yamamoto@example.com,ST04
8935,山田 拓海,takumi.yamada@example.com,ST01
8936,小林 拓海,takumi.kobayashi@example.com,ST02
8937,小林 翔,sho.kobayashi@example.com,ST04
8938,伊藤 葵,aoi.ito@example.com,ST04
8939,小林 拓海,takumi.kobayashi@example.com,ST04
8940,山田 悠斗,yuto.yamada@example.com,ST02
8941,山本 太郎,taro.yamamoto@example.com,ST01
8942,小林 彩花,ayaka.kobayashi@example.com,ST03
8943,吉田 健太,kenta.yoshida@example.com,ST04
8944,渡辺 翔,sho.watanabe@example.com,ST04
8945,渡辺 結衣,yui.watanabe@example.com,ST03
8946,山田 大輔,daisuke.yamada@example.com,ST04
8947,渡辺 蓮,ren.watanabe@example.com,ST01
8948,田中 拓海,takumi.tanaka@example.com,ST01
8949,田中 健太,kenta.tanaka@example.com,ST04
8950,伊藤 美咲,misaki.ito@example.com,ST03
8951,加藤 彩花,ayaka.kato@example.com,ST01
8952,小林 健太,kenta.kobayashi@example.com,ST02
8953,加藤 大輔,daisuke.kato@example.com,ST02
8954,鈴木 結衣,yui.suzuki@example.com,ST01
8955,吉田 蓮,ren.yoshida@example.com,ST02
8956,鈴木 結衣,yui.suzuki@example.com,ST04
8957,吉田 彩花,ayaka.yoshida@example.com,ST02
8958,小林 悠斗,yuto.kobayashi@example.com,ST01
8959,加藤 美咲,misaki.kato@example.com,ST01
8960,小林 蓮,ren.kobayashi@example.com,ST01
8961,小林 蓮,ren.kobayashi@example.com,ST01
8962,渡辺 悠斗,yuto.watanabe@example.com,ST02
8963,伊藤 葵,aoi.ito@example.com,ST02
8964,佐藤 葵,aoi.sato@example.com,ST02
8965,山田 太郎,taro.yamada@example.com,ST01
8966,山本 彩花,ayaka.yamamoto@example.com,ST04
8967,田中 蓮,ren.tanaka@example.com,ST04
8968,佐藤 彩花,ayaka.sato@example.com,ST04
8969,小林 健太,kenta.kobayashi@example.com,ST01
8970,加藤 悠斗,yuto.kato@example.com,ST04
8971,加藤 太郎,taro.kato@example.com,ST03
8972,鈴木 悠斗,yuto.suzuki@example.com,ST02
8973,小林 葵,aoi.kobayashi@example.com,ST01
8974,佐藤 結衣,yui.sato@example.com,ST04
8975,田中 葵,aoi.tanaka@example.com,ST03
8976,伊藤 太郎,taro.ito@example.com,ST01
8977,伊藤 大輔,daisuke.ito@example.com,ST01
8978,山本 結衣,yui.yamamoto@example.com,ST03
8979,山本 大輔,daisuke.yamamoto@example.com,ST02
8980,加藤 翔,sho.kato@example.com,ST04
8981,高橋 健太,kenta.takahashi@example.com,ST03
8982,佐藤 葵,aoi.sato@example.com,ST03
8983,伊藤 大輔,daisuke.ito@example.com,ST01
8984,山本 蓮,ren.yamamoto@example.com,ST04
8985,佐藤 葵,aoi.sato@example.com,ST04
8986,高橋 大輔,daisuke.takahashi@example.com,ST01
8987,佐藤 太郎,taro.sato@example.com,ST04
8988,伊藤 結衣,yui.ito@example.com,ST04
8989,加藤 葵,aoi.kato@example.com,ST04
8990,渡辺 健太,kenta.watanabe@example.com,ST04
8991,高橋 健太,kenta.takahashi@example.com,ST01
8992,鈴木 拓海,takumi.suzuki@example.com,ST01
8993,吉田 大輔,daisuke.yoshida@example.com,ST04
8994,佐藤 陽菜,hina.sato@example.com,ST03
8995,渡辺 葵,aoi.watanabe@example.com,ST01
8996,中村 健太,kenta.nakamura@example.com,ST01
8997,田中 翔,sho.tanaka@example.com,ST01
8998,高橋 翔,sho.takahashi@example.com,ST01
8999,吉田 美咲,misaki.yoshida@example.com,ST02
9000,佐藤 蓮,ren.sato@example.com,ST03
9001,中村 大輔,daisuke.nakamura@example.com,ST02
9002,高橋 蓮,ren.takahashi@example.com,ST04
9003,加藤 悠斗,yuto.kato@example.com,ST01
9004,田中 葵,aoi.tanaka@example.com,ST03
9005,佐藤 彩花,ayaka.sato@example.com,ST04
9006,中村 美咲,misaki.nakamura@example.com,ST02
9007,鈴木 美咲,misaki.suzuki@example.com,ST02
9008,加藤 太郎,taro.kato@example.com,ST02
9009,渡辺 悠斗,yuto.watanabe@example.com,ST02
9010,加藤 葵,aoi.kato@example.com,ST03
9011,伊藤 太郎,taro.ito@example.com,ST01
9012,中村 美咲,misaki.nakamura@example.com,ST02
9013,中村 結衣,yui.nakamura@example.com,ST04
9014,鈴木 大輔,daisuke.suzuki@example.com,ST04
9015,小林 美咲,misaki.kobayashi@example.com,ST02
9016,加藤 健太,kenta.kato@example.com,ST04
9017,田中 拓海,takumi.tanaka@example.com,ST03
9018,山田 蓮,ren.yamada@example.com,ST03
9019,吉田 彩花,ayaka.yoshida@example.com,ST04
9020,伊藤 彩花,ayaka.ito@example.com,ST02
9021,吉田 彩花,ayaka.yoshida@example.com,ST01
9022,加藤 結衣,yui.kato@example.com,ST01
9023,山田 健太,kenta.yamada@example.com,ST01
9024,佐藤 蓮,ren.sato@example.com,ST03
9025,吉田 結衣,yui.yoshida@example.com,ST01
9026,渡辺 健太,kenta.watanabe@example.com,ST02
9027,山本 結衣,yui.yamamoto@example.com,ST03
9028,吉田 蓮,ren.yoshida@example.com,ST04
9029,中村 拓海,takumi.nakamura@example.com,ST02
9030,田中 拓海,takumi.tanaka@example.com,ST02
9031,加藤 蓮,ren.kato@example.com,ST01
9032,小林 蓮,ren.kobayashi@example.com,ST01
9033,高橋 美咲,misaki.takahashi@example.com,ST04
9034,鈴木 陽菜,hina.suzuki@example.com,ST02
9035,田中 彩花,ayaka.tanaka@example.com,ST03
9036,佐藤 翔,sho.sato@example.com,ST04
9037,田中 彩花,ayaka.tanaka@example.com,ST01
9038,加藤 悠斗,yuto.kato@example.com,ST04
9039,佐藤 健太,kenta.sato@example.com,ST02
9040,田中 彩花,ayaka.tanaka@example.com,ST01
9041,山本 美咲,misaki.yamamoto@example.com,ST02
9042,山田 悠斗,yuto.yamada@example.com,ST02
9043,山本 葵,aoi.yamamoto@example.com,ST01
9044,高橋 蓮,ren.takahashi@example.com,ST03
9045,田中 美咲,misaki.tanaka@example.com,ST01
9046,佐藤 悠斗,yuto.sato@example.com,ST03
9047,加藤 彩花,ayaka.kato@example.com,ST04
9048,山田 結衣,yui.yamada@example.com,ST01
9049,中村 蓮,ren.nakamura@example.com,ST02
9050,吉田 葵,aoi.yoshida@example.com,ST04
9051,佐藤 美咲,misaki.sato@example.com,ST01
9052,中村 健太,kenta.nakamura@example.com,ST03
9053,加藤 結衣,yui.kato@example.com,ST01
9054,高橋 太郎,taro.takahashi@example.com,ST01
9055,小林 美咲,misaki.kobayashi@example.com,ST03
9056,山田 大輔,daisuke.yamada@example.com,ST03
9057,鈴木 大輔,daisuke.suzuki@example.com,ST04
9058,田中 陽菜,hina.tanaka@example.com,ST02
9059,田中 彩花,ayaka.tanaka@example.com,ST01
9060,渡辺 悠斗,yuto.watanabe@example.com,ST04
9061,田中 大輔,daisuke.tanaka@example.com,ST03
9062,渡辺 悠斗,yuto.watanabe@example.com,ST04
9063,中村 翔,sho.nakamura@example.com,ST03
9064,高橋 彩花,ayaka.takahashi@example.com,ST01
9065,佐藤 結衣,yui.sato@example.com,ST01
9066,鈴木 悠斗,yuto.suzuki@example.com,ST03
9067,伊藤 太郎,taro.ito@example.com,ST04
9068,中村 大輔,daisuke.nakamura@example.com,ST03
9069,渡辺 美咲,misaki.watanabe@example.com,ST04
9070,山本 悠斗,yuto.yamamoto@example.com,ST04
9071,鈴木 大輔,daisuke.suzuki@example.com,ST04
9072,小林 翔,sho.kobayashi@example.com,ST03
9073,佐藤 葵,aoi.sato@example.com,ST03
9074,高橋 美咲,misaki.takahashi@example.com,ST03
9075,中村 彩花,ayaka.nakamura@example.com,ST01
9076,吉田 陽菜,hina.yoshida@example.com,ST01
9077,渡辺 悠斗,yuto.watanabe@example.com,ST04
9078,田中 陽菜,hina.tanaka@example.com,ST02
9079,鈴木 美咲,misaki.suzuki@example.com,ST03
9080,加藤 翔,sho.kato@example.com,ST02
9081,高橋 美咲,misaki.takahashi@example.com,ST02
9082,渡辺 太郎,taro.watanabe@example.com,ST01
9083,吉田 翔,sho.yoshida@example.com,ST01
9084,田中 拓海,takumi.tanaka@example.com,ST02
9085,加藤 結衣,yui.kato@example.com,ST03
9086,小林 悠斗,yuto.kobayashi@example.com,ST01
9087,山田 大輔,daisuke.yamada@example.com,ST03
9088,佐藤 彩花,ayaka.sato@example.com,ST03
9089,吉田 大輔,daisuke.yoshida@example.com,ST03
9090,鈴木 陽菜,hina.suzuki@example.com,ST01
9091,田中 蓮,ren.tanaka@example.com,ST03
9092,田中 陽菜,hina.tanaka@example.com,ST02
9093,中村 彩花,ayaka.nakamura@example.com,ST03
9094,山本 拓海,takumi.yamamoto@example.com,ST02
9095,中村 悠斗,yuto.nakamura@example.com,ST03
9096,吉田 太郎,taro.yoshida@example.com,ST01
9097,佐藤 大輔,daisuke.sato@example.com,ST01
9098,伊藤 彩花,ayaka.ito@example.com,ST04
9099,山本 悠斗,yuto.yamamoto@example.com,ST04
9100,山本 翔,sho.yamamoto@example.com,ST03
9101,小林 葵,aoi.kobayashi@example.com,ST03
9102,吉田 陽菜,hina.yoshida@example.com,ST04
9103,伊藤 美咲,misaki.ito@example.com,ST03
9104,山本 拓海,takumi.yamamoto@example.com,ST01
9105,高橋 健太,kenta.takahashi@example.com,ST02
9106,渡辺 健太,kenta.watanabe@example.com,ST03
9107,山本 結衣,yui.yamamoto@example.com,ST03
9108,山本 大輔,daisuke.yamamoto@example.com,ST03
9109,田中 葵,aoi.tanaka@example.com,ST01
9110,佐藤 葵,aoi.sato@example.com,ST03
9111,高橋 悠斗,yuto.takahashi@example.com,ST01
9112,加藤 美咲,misaki.kato@example.com,ST02
9113,高橋 陽菜,hina.takahashi@example.com,ST02
9114,吉田 美咲,misaki.yoshida@example.com,ST01
9115,佐藤 葵,aoi.sato@example.com,ST03
9116,吉田 太郎,taro.yoshida@example.com,ST03
9117,加藤 拓海,takumi.kato@example.com,ST03
9118,小林 大輔,daisuke.kobayashi@example.com,ST01
9119,小林 大輔,daisuke.kobayashi@example.com,ST02
9120,山田 彩花,ayaka.yamada@example.com,ST02
9121,佐藤 大輔,daisuke.sato@example.com,ST04
9122,山田 太郎,taro.yamada@example.com,ST02
9123,小林 美咲,misaki.kobayashi@example.com,ST02
9124,伊藤 悠斗,yuto.ito@example.com,ST03
9125,高橋 大輔,daisuke.takahashi@example.com,ST02
9126,小林 蓮,ren.kobayashi@example.com,ST02
9127,山田 翔,sho.yamada@example.com,ST02
9128,田中 翔,sho.tanaka@example.com,ST04
9129,小林 拓海,takumi.kobayashi@example.com,ST02
9130,中村 拓海,takumi.nakamura@example.com,ST02
9131,伊藤 彩花,ayaka.ito@example.com,ST01
9132,伊藤 大輔,daisuke.ito@example.com,ST01
9133,伊藤 太郎,taro.ito@example.com,ST04
9134,加藤 陽菜,hina.kato@example.com,ST02
9135,鈴木 太郎,taro.suzuki@example.com,ST01
9136,佐藤 結衣,yui.sato@example.com,ST03
9137,田中 葵,aoi.tanaka@example.com,ST01
9138,小林 結衣,yui.kobayashi@example.com,ST04
9139,加藤 彩花,ayaka.kato@example.com,ST02
9140,佐藤 陽菜,hina.sato@example.com,ST04
9141,佐藤 健太,kenta.sato@example.com,ST02
9142,吉田 美咲,misaki.yoshida@example.com,ST03
9143,佐藤 大輔,daisuke.sato@example.com,ST03
9144,佐藤 結衣,yui.sato@example.com,ST04
9145,伊藤 悠斗,yuto.ito@example.com,ST04
9146,渡辺 陽菜,hina.watanabe@example.com,ST02
9147,中村 太郎,taro.nakamura@example.com,ST01
9148,中村 大輔,daisuke.nakamura@example.com,ST04
9149,伊藤 大輔,daisuke.ito@example.com,ST01
9150,山田 大輔,daisuke.yamada@example.com,ST04
9151,中村 蓮,ren.nakamura@example.com,ST03
9152,中村 美咲,misaki.nakamura@example.com,ST03
9153,佐藤 彩花,ayaka.sato@example.com,ST04
9154,高橋 蓮,ren.takahashi@example.com,ST04
9155,小林 悠斗,yuto.kobayashi@example.com,ST04
9156,小林 美咲,misaki.kobayashi@example.com,ST02
9157,中村 拓海,takumi.nakamura@example.com,ST01
9158,佐藤 大輔,daisuke.sato@example.com,ST04
9159,高橋 美咲,misaki.takahashi@example.com,ST03
9160,田中 彩花,ayaka.tanaka@example.com,ST02
9161,渡辺 葵,aoi.watanabe@example.com,ST03
9162,加藤 蓮,ren.kato@example.com,ST02
9163,吉田 美咲,misaki.yoshida@example.com,ST03
9164,小林 悠斗,yuto.kobayashi@example.com,ST03
9165,山本 健太,kenta.yamamoto@example.com,ST02
9166,山本 彩花,ayaka.yamamoto@example.com,ST01
9167,山本 健太,kenta.yamamoto@example.com,ST02
9168,吉田 悠斗,yuto.yoshida@example.com,ST03
9169,中村 美咲,misaki.nakamura@example.com,ST01
9170,田中 翔,sho.tanaka@example.com,ST01
9171,山田 彩花,ayaka.yamada@example.com,ST03
9172,田中 彩花,ayaka.tanaka@example.com,ST01
9173,山本 翔,sho.yamamoto@example.com,ST01
9174,山本 陽菜,hina.yamamoto@example.com,ST03
9175,高橋 陽菜,hina.takahashi@example.com,ST02
9176,小林 大輔,daisuke.kobayashi@example.com,ST01
9177,伊藤 彩花,ayaka.ito@example.com,ST01
9178,高橋 陽菜,hina.takahashi@example.com,ST03
9179,伊藤 陽菜,hina.ito@example.com,ST04
9180,田中 美咲,misaki.tanaka@example.com,ST01
9181,田中 拓海,takumi.tanaka@example.com,ST03
9182,中村 翔,sho.nakamura@example.com,ST02
9183,渡辺 悠斗,yuto.watanabe@example.com,ST01
9184,高橋 葵,aoi.takahashi@example.com,ST01
9185,高橋 美咲,misaki.takahashi@example.com,ST02
9186,田中 葵,aoi.tanaka@example.com,ST04
9187,渡辺 結衣,yui.watanabe@example.com,ST03
9188,山本 太郎,taro.yamamoto@example.com,ST04
9189,小林 美咲,misaki.kobayashi@example.com,ST03
9190,中村 彩花,ayaka.nakamura@example.com,ST01
9191,小林 葵,aoi.kobayashi@example.com,ST04
9192,鈴木 葵,aoi.suzuki@example.com,ST01
9193,田中 葵,aoi.tanaka@example.com,ST02
9194,高橋 陽菜,hina.takahashi@example.com,ST01
9195,田中 葵,aoi.tanaka@example.com,ST04
9196,中村 美咲,misaki.nakamura@example.com,ST04
9197,佐藤 健太,kenta.sato@example.com,ST03
9198,山本 蓮,ren.yamamoto@example.com,ST02
9199,吉田 健太,kenta.yoshida@example.com,ST01
9200,渡辺 翔,sho.watanabe@example.com,ST03
9201,鈴木 拓海,takumi.suzuki@example.com,ST02
9202,山田 蓮,ren.yamada@example.com,ST03
9203,田中 健太,kenta.tanaka@example.com,ST03
9204,中村 翔,sho.nakamura@example.com,ST02
9205,鈴木 悠斗,yuto.suzuki@example.com,ST01
9206,田中 健太,kenta.tanaka@example.com,ST01
9207,小林 大輔,daisuke.kobayashi@example.com,ST04
9208,小林 太郎,taro.kobayashi@example.com,ST01
9209,小林 陽菜,hina.kobayashi@example.com,ST04
9210,山本 悠斗,yuto.yamamoto@example.com,ST03
9211,高橋 結衣,yui.takahashi@example.com,ST03
9212,渡辺 葵,aoi.watanabe@example.com,ST04
9213,小林 大輔,daisuke.kobayashi@example.com,ST04
9214,高橋 彩花,ayaka.takahashi@example.com,ST02
9215,渡辺 葵,aoi.watanabe@example.com,ST02
9216,山本 悠斗,yuto.yamamoto@example.com,ST04
9217,伊藤 結衣,yui.ito@example.com,ST04
9218,山田 翔,sho.yamada@example.com,ST02
9219,佐藤 悠斗,yuto.sato@example.com,ST03
9220,佐藤 葵,aoi.sato@example.com,ST03
9221,吉田 美咲,misaki.yoshida@example.com,ST04
9222,鈴木 健太,kenta.suzuki@example.com,ST01
9223,高橋 大輔,daisuke.takahashi@example.com,ST02
9224,加藤 太郎,taro.kato@example.com,ST04
9225,渡辺 翔,sho.watanabe@example.com,ST04
9226,山本 悠斗,yuto.yamamoto@example.com,ST02
9227,吉田 美咲,misaki.yoshida@example.com,ST02
9228,山田 健太,kenta.yamada@example.com,ST02
9229,佐藤 大輔,daisuke.sato@example.com,ST02
9230,佐藤 健太,kenta.sato@example.com,ST02
9231,鈴木 健太,kenta.suzuki@example.com,ST02
9232,高橋 太郎,taro.takahashi@example.com,ST01
9233,鈴木 大輔,daisuke.suzuki@example.com,ST03
9234,伊藤 大輔,daisuke.ito@example.com,ST04
9235,鈴木 大輔,daisuke.suzuki@example.com,ST04
9236,鈴木 健太,kenta.suzuki@example.com,ST04
9237,高橋 蓮,ren.takahashi@example.com,ST03
9238,吉田 健太,kenta.yoshida@example.com,ST02
9239,高橋 健太,kenta.takahashi@example.com,ST04
9240,鈴木 結衣,yui.suzuki@example.com,ST03
9241,高橋 大輔,daisuke.takahashi@example.com,ST01
9242,吉田 悠斗,yuto.yoshida@example.com,ST03
9243,吉田 拓海,takumi.yoshida@example.com,ST01
9244,渡辺 健太,kenta.watanabe@example.com,ST02
9245,山田 葵,aoi.yamada@example.com,ST04
9246,佐藤 拓海,takumi.sato@example.com,ST04
9247,田中 美咲,misaki.tanaka@example.com,ST03
9248,小林 拓海,takumi.kobayashi@example.com,ST03
9249,加藤 美咲,misaki.kato@example.com,ST01
9250,渡辺 太郎,taro.watanabe@example.com,ST03
9251,吉田 太郎,taro.yoshida@example.com,ST01
9252,田中 太郎,taro.tanaka@example.com,ST04
9253,渡辺 結衣,yui.watanabe@example.com,ST04
9254,田中 彩花,ayaka.tanaka@example.com,ST04
9255,鈴木 蓮,ren.suzuki@example.com,ST01
9256,小林 拓海,takumi.kobayashi@example.com,ST04
9257,山田 翔,sho.yamada@example.com,ST03
9258,田中 結衣,yui.tanaka@example.com,ST02
9259,吉田 蓮,ren.yoshida@example.com,ST04
9260,佐藤 大輔,daisuke.sato@example.com,ST02
9261,佐藤 太郎,taro.sato@example.com,ST04
9262,鈴木 翔,sho.suzuki@example.com,ST04
9263,伊藤 結衣,yui.ito@example.com,ST04
9264,吉田 葵,aoi.yoshida@example.com,ST01
9265,佐藤 蓮,ren.sato@example.com,ST02
9266,小林 蓮,ren.kobayashi@example.com,ST01
9267,加藤 蓮,ren.kato@example.com,ST03
9268,伊藤 翔,sho.ito@example.com,ST02
9269,山本 拓海,takumi.yamamoto@example.com,ST01
9270,高橋 翔,sho.takahashi@example.com,ST01
9271,田中 拓海,takumi.tanaka@example.com,ST03
9272,山田 翔,sho.yamada@example.com,ST01
9273,山本 美咲,misaki.yamamoto@example.com,ST02
9274,渡辺 葵,aoi.watanabe@example.com,ST03
9275,鈴木 美咲,misaki.suzuki@example.com,ST02
9276,高橋 翔,sho.takahashi@example.com,ST02
9277,佐藤 蓮,ren.sato@example.com,ST02
9278,田中 拓海,takumi.tanaka@example.com,ST03
9279,田中 美咲,misaki.tanaka@example.com,ST02
9280,中村 陽菜,hina.nakamura@example.com,ST04
9281,高橋 美咲,misaki.takahashi@example.com,ST02
9282,加藤 葵,aoi.kato@example.com,ST04
9283,佐藤 翔,sho.sato@example.com,ST02
9284,佐藤 葵,aoi.sato@example.com,ST03
9285,小林 蓮,ren.kobayashi@example.com,ST02
9286,山本 翔,sho.yamamoto@example.com,ST02
9287,田中 美咲,misaki.tanaka@example.com,ST04
9288,田中 健太,kenta.tanaka@example.com,ST01
9289,渡辺 健太,kenta.watanabe@example.com,ST03
9290,田中 健太,kenta.tanaka@example.com,ST02
9291,中村 翔,sho.nakamura@example.com,ST04
9292,加藤 彩花,ayaka.kato@example.com,ST04
9293,鈴木 健太,kenta.suzuki@example.com,ST04
9294,佐藤 彩花,ayaka.sato@example.com,ST03
9295,佐藤 陽菜,hina.sato@example.com,ST04
9296,伊藤 美咲,misaki.ito@example.com,ST01
9297,田中 彩花,ayaka.tanaka@example.com,ST04
9298,中村 美咲,misaki.nakamura@example.com,ST04
9299,高橋 美咲,misaki.takahashi@example.com,ST01
9300,山本 美咲,misaki.yamamoto@example.com,ST03
9301,山本 健太,kenta.yamamoto@example.com,ST03
9302,佐藤 美咲,misaki.sato@example.com,ST03
9303,伊藤 太郎,taro.ito@example.com,ST03
9304,渡辺 美咲,misaki.watanabe@example.com,ST04
9305,吉田 拓海,takumi.yoshida@example.com,ST01
9306,山本 翔,sho.yamamoto@example.com,ST04
9307,山本 健太,kenta.yamamoto@example.com,ST03
9308,伊藤 太郎,taro.ito@example.com,ST03
9309,山田 悠斗,yuto.yamada@example.com,ST02
9310,渡辺 彩花,ayaka.watanabe@example.com,ST04
9311,小林 健太,kenta.kobayashi@example.com,ST03
9312,伊藤 彩花,ayaka.ito@example.com,ST02
9313,加藤 健太,kenta.kato@example.com,ST02
9314,山本 翔,sho.yamamoto@example.com,ST01
9315,山本 太郎,taro.yamamoto@example.com,ST04
9316,高橋 大輔,daisuke.takahashi@example.com,ST03
9317,渡辺 拓海,takumi.watanabe@example.com,ST02
9318,山田 蓮,ren.yamada@example.com,ST03
9319,中村 拓海,takumi.nakamura@example.com,ST03
9320,佐藤 翔,sho.sato@example.com,ST02
9321,山田 彩花,ayaka.yamada@example.com,ST04
9322,山田 美咲,misaki.yamada@example.com,ST03
9323,田中 太郎,taro.tanaka@example.com,ST02
9324,中村 健太,kenta.nakamura@example.com,ST04
9325,田中 健太,kenta.tanaka@example.com,ST02
9326,佐藤 結衣,yui.sato@example.com,ST02
9327,鈴木 彩花,ayaka.suzuki@example.com,ST02
9328,伊藤 陽菜,hina.ito@example.com,ST04
9329,山田 太郎,taro.yamada@example.com,ST01
9330,渡辺 美咲,misaki.watanabe@example.com,ST01
9331,山田 結衣,yui.yamada@example.com,ST04
9332,加藤 拓海,takumi.kato@example.com,ST03
9333,山田 葵,aoi.yamada@example.com,ST02
9334,中村 拓海,takumi.nakamura@example.com,ST04
9335,山本 陽菜,hina.yamamoto@example.com,ST01
9336,吉田 太郎,taro.yoshida@example.com,ST03
9337,中村 拓海,takumi.nakamura@example.com,ST01
9338,加藤 葵,aoi.kato@example.com,ST03
9339,渡辺 太郎,taro.watanabe@example.com,ST04
9340,山田 彩花,ayaka.yamada@example.com,ST03
9341,高橋 蓮,ren.takahashi@example.com,ST02
9342,山本 美咲,misaki.yamamoto@example.com,ST03
9343,伊藤 結衣,yui.ito@example.com,ST04
9344,田中 太郎,taro.tanaka@example.com,ST02
9345,渡辺 拓海,takumi.watanabe@example.com,ST01
9346,鈴木 陽菜,hina.suzuki@example.com,ST02
9347,山本 太郎,taro.yamamoto@example.com,ST01
9348,伊藤 悠斗,yuto.ito@example.com,ST02
9349,田中 美咲,misaki.tanaka@example.com,ST04
9350,小林 陽菜,hina.kobayashi@example.com,ST02
9351,小林 健太,kenta.kobayashi@example.com,ST01
9352,田中 美咲,misaki.tanaka@example.com,ST01
9353,田中 葵,aoi.tanaka@example.com,ST02
9354,高橋 蓮,ren.takahashi@example.com,ST01
9355,加藤 葵,aoi.kato@example.com,ST03
9356,伊藤 蓮,ren.ito@example.com,ST04
9357,高橋 葵,aoi.takahashi@example.com,ST02
9358,佐藤 蓮,ren.sato@example.com,ST02
9359,加藤 翔,sho.kato@example.com,ST04
9360,田中 健太,kenta.tanaka@example.com,ST01
9361,山田 結衣,yui.yamada@example.com,ST02
9362,高橋 美咲,misaki.takahashi@example.com,ST01
9363,伊藤 悠斗,yuto.ito@example.com,ST04
9364,高橋 美咲,misaki.takahashi@example.com,ST02
9365,佐藤 大輔,daisuke.sato@example.com,ST01
9366,佐藤 陽菜,hina.sato@example.com,ST04
9367,加藤 葵,aoi.kato@example.com,ST03
9368,渡辺 大輔,daisuke.watanabe@example.com,ST01
9369,加藤 美咲,misaki.kato@example.com,ST03
9370,田中 翔,sho.tanaka@example.com,ST04
9371,田中 拓海,takumi.tanaka@example.com,ST02
9372,山本 翔,sho.yamamoto@example.com,ST03
9373,小林 陽菜,hina.kobayashi@example.com,ST04
9374,田中 彩花,ayaka.tanaka@example.com,ST01
9375,加藤 陽菜,hina.kato@example.com,ST04
9376,渡辺 葵,aoi.watanabe@example.com,ST02
9377,鈴木 蓮,ren.suzuki@example.com,ST04
9378,田中 大輔,daisuke.tanaka@example.com,ST03
9379,佐藤 拓海,takumi.sato@example.com,ST04
9380,佐藤 蓮,ren.sato@example.com,ST01
9381,小林 彩花,ayaka.kobayashi@example.com,ST04
9382,中村 彩花,ayaka.nakamura@example.com,ST03
9383,中村 太郎,taro.nakamura@example.com,ST03
9384,鈴木 蓮,ren.suzuki@example.com,ST04
9385,加藤 翔,sho.kato@example.com,ST04
9386,田中 陽菜,hina.tanaka@example.com,ST04
9387,鈴木 太郎,taro.suzuki@example.com,ST04
9388,加藤 拓海,takumi.kato@example.com,ST01
9389,中村 健太,kenta.nakamura@example.com,ST04
9390,吉田 蓮,ren.yoshida@example.com,ST03
9391,渡辺 大輔,daisuke.watanabe@example.com,ST02
9392,高橋 美咲,misaki.takahashi@example.com,ST02
9393,高橋 健太,kenta.takahashi@example.com,ST01
9394,伊藤 彩花,ayaka.ito@example.com,ST01
9395,山田 拓海,takumi.yamada@example.com,ST01
9396,高橋 太郎,taro.takahashi@example.com,ST04
9397,伊藤 結衣,yui.ito@example.com,ST04
9398,山田 彩花,ayaka.yamada@example.com,ST01
9399,伊藤 葵,aoi.ito@example.com,ST02
9400,鈴木 太郎,taro.suzuki@example.com,ST02
9401,加藤 葵,aoi.kato@example.com,ST02
9402,加藤 葵,aoi.kato@example.com,ST01
9403,田中 蓮,ren.tanaka@example.com,ST01
9404,山本 結衣,yui.yamamoto@example.com,ST04
9405,高橋 蓮,ren.takahashi@example.com,ST02
9406,佐藤 陽菜,hina.sato@example.com,ST01
9407,田中 結衣,yui.tanaka@example.com,ST02
9408,山田 葵,aoi.yamada@example.com,ST01
9409,伊藤 結衣,yui.ito@example.com,ST04
9410,山本 結衣,yui.yamamoto@example.com,ST03
9411,伊藤 翔,sho.ito@example.com,ST04
9412,鈴木 翔,sho.suzuki@example.com,ST01
9413,田中 悠斗,yuto.tanaka@example.com,ST04
9414,鈴木 美咲,misaki.suzuki@example.com,ST03
9415,渡辺 葵,aoi.watanabe@example.com,ST02
9416,加藤 健太,kenta.kato@example.com,ST02
9417,吉田 結衣,yui.yoshida@example.com,ST02
9418,吉田 健太,kenta.yoshida@example.com,ST02
9419,山本 健太,kenta.yamamoto@example.com,ST03
9420,田中 太郎,taro.tanaka@example.com,ST01
9421,伊藤 健太,kenta.ito@example.com,ST03
9422,佐藤 陽菜,hina.sato@example.com,ST04
9423,渡辺 健太,kenta.watanabe@example.com,ST02
9424,吉田 葵,aoi.yoshida@example.com,ST01
9425,小林 美咲,misaki.kobayashi@example.com,ST01
9426,小林 美咲,misaki.kobayashi@example.com,ST03
9427,佐藤 結衣,yui.sato@example.com,ST04
9428,伊藤 美咲,misaki.ito@example.com,ST03
9429,加藤 美咲,misaki.kato@example.com,ST03
9430,伊藤 翔,sho.ito@example.com,ST03
9431,小林 大輔,daisuke.kobayashi@example.com,ST03
9432,小林 拓海,takumi.kobayashi@example.com,ST04
9433,山田 陽菜,hina.yamada@example.com,ST04
9434,高橋 大輔,daisuke.takahashi@example.com,ST04
9435,佐藤 彩花,ayaka.sato@example.com,ST04
9436,小林 陽菜,hina.kobayashi@example.com,ST03
9437,中村 葵,aoi.nakamura@example.com,ST02
9438,鈴木 悠斗,yuto.suzuki@example.com,ST01
9439,渡辺 太郎,taro.watanabe@example.com,ST01
9440,田中 結衣,yui.tanaka@example.com,ST01
9441,加藤 健太,kenta.kato@example.com,ST02
9442,吉田 陽菜,hina.yoshida@example.com,ST04
9443,渡辺 健太,kenta.watanabe@example.com,ST01
9444,佐藤 結衣,yui.sato@example.com,ST02
9445,鈴木 彩花,ayaka.suzuki@example.com,ST01
9446,山本 彩花,ayaka.yamamoto@example.com,ST01
9447,小林 翔,sho.kobayashi@example.com,ST02
9448,佐藤 大輔,daisuke.sato@example.com,ST01
9449,小林 悠斗,yuto.kobayashi@example.com,ST02
9450,中村 大輔,daisuke.nakamura@example.com,ST03
9451,伊藤 健太,kenta.ito@example.com,ST03
9452,山本 陽菜,hina.yamamoto@example.com,ST01
9453,渡辺 蓮,ren.watanabe@example.com,ST02
9454,渡辺 彩花,ayaka.watanabe@example.com,ST04
9455,田中 結衣,yui.tanaka@example.com,ST03
9456,高橋 結衣,yui.takahashi@example.com,ST03
9457,鈴木 葵,aoi.suzuki@example.com,ST03
9458,高橋 蓮,ren.takahashi@example.com,ST02
9459,山本 悠斗,yuto.yamamoto@example.com,ST03
9460,高橋 太郎,taro.takahashi@example.com,ST03
9461,小林 蓮,ren.kobayashi@example.com,ST03
9462,渡辺 結衣,yui.watanabe@example.com,ST03
9463,小林 太郎,taro.kobayashi@example.com,ST02
9464,鈴木 美咲,misaki.suzuki@example.com,ST04
9465,高橋 大輔,daisuke.takahashi@example.com,ST03
9466,佐藤 陽菜,hina.sato@example.com,ST02
9467,田中 蓮,ren.tanaka@example.com,ST01
9468,山本 健太,kenta.yamamoto@example.com,ST01
9469,吉田 健太,kenta.yoshida@example.com,ST03
9470,田中 葵,aoi.tanaka@example.com,ST03
9471,加藤 陽菜,hina.kato@example.com,ST04
9472,小林 葵,aoi.kobayashi@example.com,ST02
9473,佐藤 大輔,daisuke.sato@example.com,ST02
9474,伊藤 陽菜,hina.ito@example.com,ST02
9475,高橋 結衣,yui.takahashi@example.com,ST03
9476,高橋 葵,aoi.takahashi@example.com,ST01
9477,田中 翔,sho.tanaka@example.com,ST01
9478,山本 結衣,yui.yamamoto@example.com,ST01
9479,中村 健太,kenta.nakamura@example.com,ST02
9480,渡辺 結衣,yui.watanabe@example.com,ST03
9481,佐藤 悠斗,yuto.sato@example.com,ST03
9482,山本 翔,sho.yamamoto@example.com,ST03
9483,吉田 健太,kenta.yoshida@example.com,ST01
9484,山本 翔,sho.yamamoto@example.com,ST04
9485,佐藤 悠斗,yuto.sato@example.com,ST03
9486,田中 美咲,misaki.tanaka@example.com,ST01
9487,加藤 大輔,daisuke.kato@example.com,ST04
9488,小林 美咲,misaki.kobayashi@example.com,ST01
9489,加藤 美咲,misaki.kato@example.com,ST01
9490,山田 翔,sho.yamada@example.com,ST04
9491,小林 陽菜,hina.kobayashi@example.com,ST03
9492,伊藤 大輔,daisuke.ito@example.com,ST03
9493,渡辺 健太,kenta.watanabe@example.com,ST04
9494,鈴木 蓮,ren.suzuki@example.com,ST03
9495,中村 美咲,misaki.nakamura@example.com,ST02
9496,中村 葵,aoi.nakamura@example.com,ST02
9497,吉田 美咲,misaki.yoshida@example.com,ST02
9498,山田 大輔,daisuke.yamada@example.com,ST04
9499,伊藤 美咲,misaki.ito@example.com,ST02
9500,加藤 太郎,taro.kato@example.com,ST03
9501,佐藤 拓海,takumi.sato@example.com,ST01
9502,山田 葵,aoi.yamada@example.com,ST01
9503,加藤 大輔,daisuke.kato@example.com,ST01
9504,加藤 彩花,ayaka.kato@example.com,ST02
9505,山田 悠斗,yuto.yamada@example.com,ST01
9506,小林 翔,sho.kobayashi@example.com,ST01
9507,高橋 大輔,daisuke.takahashi@example.com,ST03
9508,山本 太郎,taro.yamamoto@example.com,ST01
9509,田中 結衣,yui.tanaka@example.com,ST03
9510,吉田 悠斗,yuto.yoshida@example.com,ST02
9511,吉田 拓海,takumi.yoshida@example.com,ST03
9512,加藤 悠斗,yuto.kato@example.com,ST03
9513,加藤 彩花,ayaka.kato@example.com,ST01
9514,伊藤 彩花,ayaka.ito@example.com,ST03
9515,田中 拓海,takumi.tanaka@example.com,ST02
9516,田中 美咲,misaki.tanaka@example.com,ST02
9517,山田 悠斗,yuto.yamada@example.com,ST04
9518,高橋 大輔,daisuke.takahashi@example.com,ST04
9519,佐藤 拓海,takumi.sato@example.com,ST04
9520,加藤 陽菜,hina.kato@example.com,ST03
9521,高橋 彩花,ayaka.takahashi@example.com,ST01
9522,加藤 悠斗,yuto.kato@example.com,ST02
9523,田中 陽菜,hina.tanaka@example.com,ST02
9524,中村 彩花,ayaka.nakamura@example.com,ST04
9525,伊藤 健太,kenta.ito@example.com,ST03
9526,高橋 彩花,ayaka.takahashi@example.com,ST04
9527,佐藤 陽菜,hina.sato@example.com,ST02
9528,山田 悠斗,yuto.yamada@example.com,ST01
9529,伊藤 健太,kenta.ito@example.com,ST04
9530,山本 美咲,misaki.yamamoto@example.com,ST02
9531,伊藤 拓海,takumi.ito@example.com,ST04
9532,鈴木 翔,sho.suzuki@example.com,ST02
9533,加藤 結衣,yui.kato@example.com,ST02
9534,小林 彩花,ayaka.kobayashi@example.com,ST02
9535,山本 翔,sho.yamamoto@example.com,ST01
9536,高橋 大輔,daisuke.takahashi@example.com,ST01
9537,伊藤 陽菜,hina.ito@example.com,ST02
9538,山本 葵,aoi.yamamoto@example.com,ST03
9539,山田 翔,sho.yamada@example.com,ST01
9540,田中 悠斗,yuto.tanaka@example.com,ST01
9541,加藤 拓海,takumi.kato@example.com,ST02
9542,田中 大輔,daisuke.tanaka@example.com,ST04
9543,山本 健太,kenta.yamamoto@example.com,ST01
9544,佐藤 悠斗,yuto.sato@example.com,ST02
9545,伊藤 陽菜,hina.ito@example.com,ST01
9546,加藤 太郎,taro.kato@example.com,ST04
9547,中村 翔,sho.nakamura@example.com,ST02
9548,田中 蓮,ren.tanaka@example.com,ST04
9549,佐藤 蓮,ren.sato@example.com,ST03
9550,高橋 拓海,takumi.takahashi@example.com,ST02
9551,加藤 健太,kenta.kato@example.com,ST01
9552,鈴木 陽菜,hina.suzuki@example.com,ST02
9553,佐藤 陽菜,hina.sato@example.com,ST04
9554,田中 葵,aoi.tanaka@example.com,ST03
9555,加藤 美咲,misaki.kato@example.com,ST02
9556,吉田 彩花,ayaka.yoshida@example.com,ST02
9557,渡辺 悠斗,yuto.watanabe@example.com,ST04
9558,鈴木 翔,sho.suzuki@example.com,ST03
9559,山本 翔,sho.yamamoto@example.com,ST02
9560,山田 彩花,ayaka.yamada@example.com,ST02
9561,吉田 結衣,yui.yoshida@example.com,ST04
9562,高橋 悠斗,yuto.takahashi@example.com,ST03
9563,山田 悠斗,yuto.yamada@example.com,ST01
9564,高橋 拓海,takumi.takahashi@example.com,ST04
9565,山田 翔,sho.yamada@example.com,ST03
9566,山本 翔,sho.yamamoto@example.com,ST01
9567,加藤 拓海,takumi.kato@example.com,ST04
9568,山本 蓮,ren.yamamoto@example.com,ST02
9569,山田 美咲,misaki.yamada@example.com,ST03
9570,田中 悠斗,yuto.tanaka@example.com,ST02
9571,渡辺 美咲,misaki.watanabe@example.com,ST03
9572,加藤 陽菜,hina.kato@example.com,ST03
9573,高橋 陽菜,hina.takahashi@example.com,ST04
9574,加藤 拓海,takumi.kato@example.com,ST04
9575,伊藤 蓮,ren.ito@example.com,ST02
9576,山本 蓮,ren.yamamoto@example.com,ST03
9577,渡辺 蓮,ren.watanabe@example.com,ST03
9578,小林 太郎,taro.kobayashi@example.com,ST03
9579,吉田 大輔,daisuke.yoshida@example.com,ST01
9580,高橋 拓海,takumi.takahashi@example.com,ST04
9581,伊藤 拓海,takumi.ito@example.com,ST02
9582,山本 美咲,misaki.yamamoto@example.com,ST02
9583,渡辺 悠斗,yuto.watanabe@example.com,ST04
9584,佐藤 悠斗,yuto.sato@example.com,ST04
9585,鈴木 翔,sho.suzuki@example.com,ST01
9586,渡辺 美咲,misaki.watanabe@example.com,ST03
9587,佐藤 結衣,yui.sato@example.com,ST04
9588,田中 悠斗,yuto.tanaka@example.com,ST01
9589,小林 健太,kenta.kobayashi@example.com,ST03
9590,鈴木 蓮,ren.suzuki@example.com,ST04
9591,中村 拓海,takumi.nakamura@example.com,ST02
9592,渡辺 悠斗,yuto.watanabe@example.com,ST01
9593,鈴木 蓮,ren.suzuki@example.com,ST03
9594,高橋 大輔,daisuke.takahashi@example.com,ST02
9595,加藤 結衣,yui.kato@example.com,ST01
9596,田中 太郎,taro.tanaka@example.com,ST03
9597,田中 太郎,taro.tanaka@example.com,ST04
9598,鈴木 蓮,ren.suzuki@example.com,ST01
9599,中村 結衣,yui.nakamura@example.com,ST01
9600,渡辺 陽菜,hina.watanabe@example.com,ST04
9601,加藤 陽菜,hina.kato@example.com,ST01
9602,山田 悠斗,yuto.yamada@example.com,ST01
9603,田中 彩花,ayaka.tanaka@example.com,ST03
9604,中村 結衣,yui.nakamura@example.com,ST04
9605,渡辺 大輔,daisuke.watanabe@example.com,ST02
9606,伊藤 翔,sho.ito@example.com,ST02
9607,小林 美咲,misaki.kobayashi@example.com,ST01
9608,中村 悠斗,yuto.nakamura@example.com,ST01
9609,鈴木 悠斗,yuto.suzuki@example.com,ST04
9610,鈴木 蓮,ren.suzuki@example.com,ST01
9611,小林 太郎,taro.kobayashi@example.com,ST04
9612,田中 蓮,ren.tanaka@example.com,ST02
9613,田中 拓海,takumi.tanaka@example.com,ST04
9614,小林 拓海,takumi.kobayashi@example.com,ST01
9615,伊藤 拓海,takumi.ito@example.com,ST03
9616,吉田 美咲,misaki.yoshida@example.com,ST03
9617,鈴木 太郎,taro.suzuki@example.com,ST04
9618,田中 彩花,ayaka.tanaka@example.com,ST02
9619,佐藤 美咲,misaki.sato@example.com,ST01
9620,渡辺 大輔,daisuke.watanabe@example.com,ST03
9621,佐藤 翔,sho.sato@example.com,ST02
9622,佐藤 葵,aoi.sato@example.com,ST02
9623,高橋 拓海,takumi.takahashi@example.com,ST03
9624,鈴木 太郎,taro.suzuki@example.com,ST01
9625,佐藤 太郎,taro.sato@example.com,ST04
9626,吉田 美咲,misaki.yoshida@example.com,ST02
9627,小林 彩花,ayaka.kobayashi@example.com,ST02
9628,佐藤 悠斗,yuto.sato@example.com,ST04
9629,鈴木 翔,sho.suzuki@example.com,ST01
9630,佐藤 大輔,daisuke.sato@example.com,ST04
9631,吉田 拓海,takumi.yoshida@example.com,ST02
9632,渡辺 葵,aoi.watanabe@example.com,ST04
9633,田中 蓮,ren.tanaka@example.com,ST02
9634,吉田 健太,kenta.yoshida@example.com,ST01
9635,高橋 蓮,ren.takahashi@example.com,ST04
9636,中村 翔,sho.nakamura@example.com,ST04
9637,山本 太郎,taro.yamamoto@example.com,ST02
9638,山本 陽菜,hina.yamamoto@example.com,ST02
9639,小林 蓮,ren.kobayashi@example.com,ST04
9640,山田 美咲,misaki.yamada@example.com,ST04
9641,伊藤 彩花,ayaka.ito@example.com,ST02
9642,高橋 美咲,misaki.takahashi@example.com,ST03
9643,田中 彩花,ayaka.tanaka@example.com,ST03
9644,高橋 結衣,yui.takahashi@example.com,ST01
9645,佐藤 蓮,ren.sato@example.com,ST04
9646,伊藤 蓮,ren.ito@example.com,ST04
9647,吉田 彩花,ayaka.yoshida@example.com,ST02
9648,山本 悠斗,yuto.yamamoto@example.com,ST03
9649,山田 蓮,ren.yamada@example.com,ST03
9650,加藤 悠斗,yuto.kato@example.com,ST04
9651,中村 陽菜,hina.nakamura@example.com,ST02
9652,渡辺 拓海,takumi.watanabe@example.com,ST01
9653,吉田 悠斗,yuto.yoshida@example.com,ST01
9654,鈴木 悠斗,yuto.suzuki@example.com,ST04
9655,吉田 結衣,yui.yoshida@example.com,ST02
9656,高橋 美咲,misaki.takahashi@example.com,ST02
9657,田中 大輔,daisuke.tanaka@example.com,ST03
9658,佐藤 健太,kenta.sato@example.com,ST03
9659,加藤 陽菜,hina.kato@example.com,ST02
9660,加藤 美咲,misaki.kato@example.com,ST01
9661,鈴木 拓海,takumi.suzuki@example.com,ST04
9662,山田 太郎,taro.yamada@example.com,ST03
9663,佐藤 蓮,ren.sato@example.com,ST02
9664,吉田 陽菜,hina.yoshida@example.com,ST01
9665,小林 蓮,ren.kobayashi@example.com,ST03
9666,山田 蓮,ren.yamada@example.com,ST03
9667,吉田 彩花,ayaka.yoshida@example.com,ST02
9668,渡辺 翔,sho.watanabe@example.com,ST04
9669,鈴木 蓮,ren.suzuki@example.com,ST04
9670,吉田 健太,kenta.yoshida@example.com,ST01
9671,佐藤 大輔,daisuke.sato@example.com,ST03
9672,田中 蓮,ren.tanaka@example.com,ST03
9673,鈴木 太郎,taro.suzuki@example.com,ST04
9674,山田 結衣,yui.yamada@example.com,ST04
9675,吉田 陽菜,hina.yoshida@example.com,ST01
9676,佐藤 葵,aoi.sato@example.com,ST04
9677,中村 彩花,ayaka.nakamura@example.com,ST03
9678,高橋 健太,kenta.takahashi@example.com,ST04
9679,山本 美咲,misaki.yamamoto@example.com,ST02
9680,高橋 葵,aoi.takahashi@example.com,ST02
9681,加藤 翔,sho.kato@example.com,ST03
9682,田中 悠斗,yuto.tanaka@example.com,ST01
9683,小林 葵,aoi.kobayashi@example.com,ST04
9684,鈴木 蓮,ren.suzuki@example.com,ST01
9685,中村 葵,aoi.nakamura@example.com,ST01
9686,加藤 彩花,ayaka.kato@example.com,ST04
9687,山本 彩花,ayaka.yamamoto@example.com,ST01
9688,田中 健太,kenta.tanaka@example.com,ST03
9689,山本 美咲,misaki.yamamoto@example.com,ST01
9690,加藤 陽菜,hina.kato@example.com,ST04
9691,鈴木 健太,kenta.suzuki@example.com,ST04
9692,小林 健太,kenta.kobayashi@example.com,ST01
9693,伊藤 葵,aoi.ito@example.com,ST03
9694,加藤 美咲,misaki.kato@example.com,ST03
9695,伊藤 美咲,misaki.ito@example.com,ST03
9696,伊藤 葵,aoi.ito@example.com,ST04
9697,伊藤 翔,sho.ito@example.com,ST02
9698,高橋 太郎,taro.takahashi@example.com,ST03
9699,佐藤 拓海,takumi.sato@example.com,ST03
9700,渡辺 大輔,daisuke.watanabe@example.com,ST04
9701,吉田 翔,sho.yoshida@example.com,ST02
9702,小林 太郎,taro.kobayashi@example.com,ST02
9703,小林 健太,kenta.kobayashi@example.com,ST02
9704,鈴木 翔,sho.suzuki@example.com,ST02
9705,佐藤 太郎,taro.sato@example.com,ST04
9706,高橋 大輔,daisuke.takahashi@example.com,ST03
9707,鈴木 健太,kenta.suzuki@example.com,ST02
9708,鈴木 拓海,takumi.suzuki@example.com,ST01
9709,高橋 健太,kenta.takahashi@example.com,ST04
9710,山田 拓海,takumi.yamada@example.com,ST01
9711,伊藤 健太,kenta.ito@example.com,ST03
9712,小林 美咲,misaki.kobayashi@example.com,ST04
9713,加藤 蓮,ren.kato@example.com,ST03
9714,鈴木 彩花,ayaka.suzuki@example.com,ST03
9715,山田 悠斗,yuto.yamada@example.com,ST03
9716,小林 拓海,takumi.kobayashi@example.com,ST03
9717,吉田 翔,sho.yoshida@example.com,ST02
9718,山田 悠斗,yuto.yamada@example.com,ST04
9719,渡辺 美咲,misaki.watanabe@example.com,ST02
9720,中村 大輔,daisuke.nakamura@example.com,ST02
9721,佐藤 蓮,ren.sato@example.com,ST04
9722,山田 結衣,yui.yamada@example.com,ST03
9723,佐藤 結衣,yui.sato@example.com,ST04
9724,佐藤 結衣,yui.sato@example.com,ST03
9725,鈴木 拓海,takumi.suzuki@example.com,ST04
9726,加藤 拓海,takumi.kato@example.com,ST02
9727,小林 結衣,yui.kobayashi@example.com,ST02
9728,小林 健太,kenta.kobayashi@example.com,ST02
9729,渡辺 翔,sho.watanabe@example.com,ST03
9730,渡辺 拓海,takumi.watanabe@example.com,ST01
9731,渡辺 彩花,ayaka.watanabe@example.com,ST01
9732,小林 葵,aoi.kobayashi@example.com,ST04
9733,山田 彩花,ayaka.yamada@example.com,ST02
9734,加藤 拓海,takumi.kato@example.com,ST02
9735,小林 健太,kenta.kobayashi@example.com,ST01
9736,鈴木 陽菜,hina.suzuki@example.com,ST03
9737,伊藤 悠斗,yuto.ito@example.com,ST03
9738,小林 大輔,daisuke.kobayashi@example.com,ST03
9739,加藤 健太,kenta.kato@example.com,ST01
9740,小林 陽菜,hina.kobayashi@example.com,ST04
9741,山田 健太,kenta.yamada@example.com,ST04
9742,渡辺 悠斗,yuto.watanabe@example.com,ST03
9743,山本 悠斗,yuto.yamamoto@example.com,ST04
9744,田中 拓海,takumi.tanaka@example.com,ST03
9745,小林 蓮,ren.kobayashi@example.com,ST03
9746,山田 葵,aoi.yamada@example.com,ST03
9747,伊藤 葵,aoi.ito@example.com,ST01
9748,中村 大輔,daisuke.nakamura@example.com,ST04
9749,吉田 悠斗,yuto.yoshida@example.com,ST03
9750,伊藤 美咲,misaki.ito@example.com,ST01
9751,佐藤 蓮,ren.sato@example.com,ST02
9752,加藤 健太,kenta.kato@example.com,ST01
9753,山本 彩花,ayaka.yamamoto@example.com,ST02
9754,鈴木 美咲,misaki.suzuki@example.com,ST02
9755,中村 健太,kenta.nakamura@example.com,ST04
9756,高橋 蓮,ren.takahashi@example.com,ST04
9757,中村 結衣,yui.nakamura@example.com,ST04
9758,鈴木 悠斗,yuto.suzuki@example.com,ST02
9759,中村 大輔,daisuke.nakamura@example.com,ST03
9760,渡辺 蓮,ren.watanabe@example.com,ST02
9761,伊藤 悠斗,yuto.ito@example.com,ST04
9762,吉田 葵,aoi.yoshida@example.com,ST01
9763,渡辺 翔,sho.watanabe@example.com,ST03
9764,伊藤 拓海,takumi.ito@example.com,ST02
9765,中村 悠斗,yuto.nakamura@example.com,ST02
9766,伊藤 悠斗,yuto.ito@example.com,ST02
9767,中村 美咲,misaki.nakamura@example.com,ST02
9768,渡辺 陽菜,hina.watanabe@example.com,ST04
9769,小林 葵,aoi.kobayashi@example.com,ST03
9770,山田 悠斗,yuto.yamada@example.com,ST04
9771,高橋 葵,aoi.takahashi@example.com,ST04
9772,小林 悠斗,yuto.kobayashi@example.com,ST01
9773,鈴木 彩花,ayaka.suzuki@example.com,ST03
9774,山田 蓮,ren.yamada@example.com,ST01
9775,伊藤 悠斗,yuto.ito@example.com,ST03
9776,加藤 悠斗,yuto.kato@example.com,ST03
9777,山田 太郎,taro.yamada@example.com,ST04
9778,田中 太郎,taro.tanaka@example.com,ST03
9779,佐藤 悠斗,yuto.sato@example.com,ST03
9780,田中 彩花,ayaka.tanaka@example.com,ST01
9781,佐藤 大輔,daisuke.sato@example.com,ST04
9782,伊藤 悠斗,yuto.ito@example.com,ST01
9783,加藤 翔,sho.kato@example.com,ST03
9784,中村 大輔,daisuke.nakamura@example.com,ST04
9785,加藤 蓮,ren.kato@example.com,ST04
9786,田中 蓮,ren.tanaka@example.com,ST03
9787,山田 彩花,ayaka.yamada@example.com,ST04
9788,小林 彩花,ayaka.kobayashi@example.com,ST03
9789,伊藤 陽菜,hina.ito@example.com,ST04
9790,高橋 大輔,daisuke.takahashi@example.com,ST02
9791,山本 健太,kenta.yamamoto@example.com,ST01
9792,中村 美咲,misaki.nakamura@example.com,ST03
9793,山本 美咲,misaki.yamamoto@example.com,ST03
9794,山田 彩花,ayaka.yamada@example.com,ST01
9795,山田 翔,sho.yamada@example.com,ST01
9796,高橋 悠斗,yuto.takahashi@example.com,ST03
9797,小林 健太,kenta.kobayashi@example.com,ST03
9798,小林 大輔,daisuke.kobayashi@example.com,ST01
9799,加藤 大輔,daisuke.kato@example.com,ST04
9800,小林 拓海,takumi.kobayashi@example.com,ST03
9801,渡辺 翔,sho.watanabe@example.com,ST03
9802,小林 蓮,ren.kobayashi@example.com,ST02
9803,鈴木 蓮,ren.suzuki@example.com,ST03
9804,高橋 太郎,taro.takahashi@example.com,ST03
9805,山田 大輔,daisuke.yamada@example.com,ST03
9806,山田 結衣,yui.yamada@example.com,ST02
9807,山田 大輔,daisuke.yamada@example.com,ST04
9808,小林 美咲,misaki.kobayashi@example.com,ST04
9809,鈴木 結衣,yui.suzuki@example.com,ST03
9810,小林 拓海,takumi.kobayashi@example.com,ST01
9811,伊藤 蓮,ren.ito@example.com,ST04
9812,鈴木 悠斗,yuto.suzuki@example.com,ST03
9813,山本 翔,sho.yamamoto@example.com,ST02
9814,鈴木 美咲,misaki.suzuki@example.com,ST04
9815,佐藤 葵,aoi.sato@example.com,ST04
9816,中村 大輔,daisuke.nakamura@example.com,ST04
9817,山本 健太,kenta.yamamoto@example.com,ST03
9818,吉田 悠斗,yuto.yoshida@example.com,ST04
9819,伊藤 美咲,misaki.ito@example.com,ST04
9820,鈴木 彩花,ayaka.suzuki@example.com,ST03
9821,佐藤 陽菜,hina.sato@example.com,ST04
9822,加藤 悠斗,yuto.kato@example.com,ST01
9823,中村 彩花,ayaka.nakamura@example.com,ST03
9824,佐藤 陽菜,hina.sato@example.com,ST03
9825,田中 結衣,yui.tanaka@example.com,ST01
9826,鈴木 拓海,takumi.suzuki@example.com,ST04
9827,加藤 陽菜,hina.kato@example.com,ST03
9828,渡辺 蓮,ren.watanabe@example.com,ST03
9829,加藤 悠斗,yuto.kato@example.com,ST04
9830,山田 翔,sho.yamada@example.com,ST02
9831,中村 陽菜,hina.nakamura@example.com,ST03
9832,田中 蓮,ren.tanaka@example.com,ST04
9833,中村 陽菜,hina.nakamura@example.com,ST03
9834,吉田 悠斗,yuto.yoshida@example.com,ST02
9835,山田 結衣,yui.yamada@example.com,ST02
9836,高橋 結衣,yui.takahashi@example.com,ST02
9837,加藤 蓮,ren.kato@example.com,ST02
9838,中村 彩花,ayaka.nakamura@example.com,ST04
9839,鈴木 拓海,takumi.suzuki@example.com,ST01
9840,鈴木 彩花,ayaka.suzuki@example.com,ST04
9841,伊藤 蓮,ren.ito@example.com,ST04
9842,鈴木 結衣,yui.suzuki@example.com,ST04
9843,鈴木 健太,kenta.suzuki@example.com,ST03
9844,中村 大輔,daisuke.nakamura@example.com,ST04
9845,渡辺 美咲,misaki.watanabe@example.com,ST04
9846,小林 彩花,ayaka.kobayashi@example.com,ST02
9847,小林 美咲,misaki.kobayashi@example.com,ST03
9848,鈴木 悠斗,yuto.suzuki@example.com,ST04
9849,高橋 陽菜,hina.takahashi@example.com,ST01
9850,中村 陽菜,hina.nakamura@example.com,ST04
9851,加藤 健太,kenta.kato@example.com,ST01
9852,鈴木 拓海,takumi.suzuki@example.com,ST01
9853,鈴木 太郎,taro.suzuki@example.com,ST03
9854,小林 拓海,takumi.kobayashi@example.com,ST02
9855,伊藤 大輔,daisuke.ito@example.com,ST01
9856,鈴木 悠斗,yuto.suzuki@example.com,ST03
9857,田中 太郎,taro.tanaka@example.com,ST02
9858,加藤 悠斗,yuto.kato@example.com,ST04
9859,山田 翔,sho.yamada@example.com,ST02
9860,佐藤 蓮,ren.sato@example.com,ST03
9861,鈴木 太郎,taro.suzuki@example.com,ST03
9862,中村 大輔,daisuke.nakamura@example.com,ST02
9863,渡辺 太郎,taro.watanabe@example.com,ST04
9864,山本 拓海,takumi.yamamoto@example.com,ST01
9865,山田 太郎,taro.yamada@example.com,ST03
9866,吉田 結衣,yui.yoshida@example.com,ST03
9867,渡辺 美咲,misaki.watanabe@example.com,ST04
9868,伊藤 翔,sho.ito@example.com,ST03
9869,佐藤 太郎,taro.sato@example.com,ST02
9870,吉田 陽菜,hina.yoshida@example.com,ST04
9871,小林 太郎,taro.kobayashi@example.com,ST02
9872,吉田 太郎,taro.yoshida@example.com,ST03
9873,小林 悠斗,yuto.kobayashi@example.com,ST02
9874,山本 葵,aoi.yamamoto@example.com,ST04
9875,加藤 悠斗,yuto.kato@example.com,ST02
9876,山本 彩花,ayaka.yamamoto@example.com,ST04
9877,鈴木 拓海,takumi.suzuki@example.com,ST02
9878,小林 陽菜,hina.kobayashi@example.com,ST01
9879,加藤 太郎,taro.kato@example.com,ST01
9880,高橋 陽菜,hina.takahashi@example.com,ST01
9881,山本 葵,aoi.yamamoto@example.com,ST04
9882,高橋 拓海,takumi.takahashi@example.com,ST03
9883,佐藤 蓮,ren.sato@example.com,ST02
9884,田中 翔,sho.tanaka@example.com,ST03
9885,渡辺 翔,sho.watanabe@example.com,ST01
9886,山田 蓮,ren.yamada@example.com,ST02
9887,伊藤 彩花,ayaka.ito@example.com,ST03
9888,小林 葵,aoi.kobayashi@example.com,ST04
9889,小林 大輔,daisuke.kobayashi@example.com,ST02
9890,佐藤 健太,kenta.sato@example.com,ST01
9891,伊藤 蓮,ren.ito@example.com,ST03
9892,伊藤 彩花,ayaka.ito@example.com,ST04
9893,吉田 葵,aoi.yoshida@example.com,ST04
9894,渡辺 蓮,ren.watanabe@example.com,ST01
9895,田中 蓮,ren.tanaka@example.com,ST01
9896,小林 彩花,ayaka.kobayashi@example.com,ST03
9897,伊藤 大輔,daisuke.ito@example.com,ST03
9898,吉田 健太,kenta.yoshida@example.com,ST04
9899,高橋 翔,sho.takahashi@example.com,ST01
9900,田中 陽菜,hina.tanaka@example.com,ST04
9901,鈴木 陽菜,hina.suzuki@example.com,ST03
9902,山本 太郎,taro.yamamoto@example.com,ST04
9903,山田 葵,aoi.yamada@example.com,ST04
9904,小林 結衣,yui.kobayashi@example.com,ST02
9905,佐藤 結衣,yui.sato@example.com,ST04
9906,鈴木 葵,aoi.suzuki@example.com,ST04
9907,佐藤 蓮,ren.sato@example.com,ST02
9908,中村 健太,kenta.nakamura@example.com,ST03
9909,田中 結衣,yui.tanaka@example.com,ST03
9910,中村 翔,sho.nakamura@example.com,ST01
9911,中村 美咲,misaki.nakamura@example.com,ST03
9912,小林 悠斗,yuto.kobayashi@example.com,ST03
9913,高橋 葵,aoi.takahashi@example.com,ST03
9914,渡辺 彩花,ayaka.watanabe@example.com,ST01
9915,中村 大輔,daisuke.nakamura@example.com,ST01
9916,伊藤 葵,aoi.ito@example.com,ST04
9917,高橋 悠斗,yuto.takahashi@example.com,ST02
9918,伊藤 翔,sho.ito@example.com,ST04
9919,田中 拓海,takumi.tanaka@example.com,ST03
9920,佐藤 彩花,ayaka.sato@example.com,ST03
9921,小林 大輔,daisuke.kobayashi@example.com,ST01
9922,中村 美咲,misaki.nakamura@example.com,ST02
9923,佐藤 陽菜,hina.sato@example.com,ST04
9924,高橋 彩花,ayaka.takahashi@example.com,ST03
9925,山田 結衣,yui.yamada@example.com,ST01
9926,中村 蓮,ren.nakamura@example.com,ST01
9927,伊藤 太郎,taro.ito@example.com,ST02
9928,加藤 太郎,taro.kato@example.com,ST03
9929,伊藤 拓海,takumi.ito@example.com,ST03
9930,伊藤 結衣,yui.ito@example.com,ST01
9931,山田 健太,kenta.yamada@example.com,ST04
9932,山田 健太,kenta.yamada@example.com,ST04
9933,吉田 結衣,yui.yoshida@example.com,ST04
9934,渡辺 拓海,takumi.watanabe@example.com,ST04
9935,中村 結衣,yui.nakamura@example.com,ST01
9936,鈴木 大輔,daisuke.suzuki@example.com,ST04
9937,渡辺 悠斗,yuto.watanabe@example.com,ST04
9938,山田 葵,aoi.yamada@example.com,ST02
9939,中村 蓮,ren.nakamura@example.com,ST03
9940,山田 太郎,taro.yamada@example.com,ST01
9941,佐藤 陽菜,hina.sato@example.com,ST04
9942,田中 翔,sho.tanaka@example.com,ST01
9943,中村 結衣,yui.nakamura@example.com,ST04
9944,山本 陽菜,hina.yamamoto@example.com,ST03
9945,加藤 蓮,ren.kato@example.com,ST03
9946,伊藤 健太,kenta.ito@example.com,ST02
9947,山田 蓮,ren.yamada@example.com,ST03
9948,高橋 健太,kenta.takahashi@example.com,ST01
9949,田中 拓海,takumi.tanaka@example.com,ST04
9950,山田 悠斗,yuto.yamada@example.com,ST02
9951,高橋 彩花,ayaka.takahashi@example.com,ST02
9952,小林 彩花,ayaka.kobayashi@example.com,ST02
9953,佐藤 美咲,misaki.sato@example.com,ST01
9954,高橋 蓮,ren.takahashi@example.com,ST01
9955,伊藤 美咲,misaki.ito@example.com,ST01
9956,渡辺 美咲,misaki.watanabe@example.com,ST02
9957,渡辺 悠斗,yuto.watanabe@example.com,ST04
9958,山田 結衣,yui.yamada@example.com,ST04
9959,渡辺 翔,sho.watanabe@example.com,ST01
9960,小林 美咲,misaki.kobayashi@example.com,ST03
9961,伊藤 悠斗,yuto.ito@example.com,ST04
9962,小林 陽菜,hina.kobayashi@example.com,ST03
9963,小林 大輔,daisuke.kobayashi@example.com,ST04
9964,山本 翔,sho.yamamoto@example.com,ST02
9965,伊藤 大輔,daisuke.ito@example.com,ST01
9966,佐藤 太郎,taro.sato@example.com,ST03
9967,中村 拓海,takumi.nakamura@example.com,ST01
9968,伊藤 健太,kenta.ito@example.com,ST02
9969,吉田 悠斗,yuto.yoshida@example.com,ST01
9970,吉田 悠斗,yuto.yoshida@example.com,ST04
9971,田中 結衣,yui.tanaka@example.com,ST03
9972,加藤 葵,aoi.kato@example.com,ST03
9973,鈴木 翔,sho.suzuki@example.com,ST03
9974,小林 蓮,ren.kobayashi@example.com,ST02
9975,山田 悠斗,yuto.yamada@example.com,ST03
9976,田中 悠斗,yuto.tanaka@example.com,ST03
9977,伊藤 拓海,takumi.ito@example.com,ST01
9978,高橋 悠斗,yuto.takahashi@example.com,ST03
9979,山田 大輔,daisuke.yamada@example.com,ST01
9980,吉田 結衣,yui.yoshida@example.com,ST01
9981,山本 悠斗,yuto.yamamoto@example.com,ST04
9982,伊藤 陽菜,hina.ito@example.com,ST01
9983,渡辺 陽菜,hina.watanabe@example.com,ST01
9984,山本 葵,aoi.yamamoto@example.com,ST03
9985,渡辺 蓮,ren.watanabe@example.com,ST02
9986,渡辺 結衣,yui.watanabe@example.com,ST01
9987,渡辺 大輔,daisuke.watanabe@example.com,ST01
9988,山本 翔,sho.yamamoto@example.com,ST01
9989,小林 翔,sho.kobayashi@example.com,ST01
9990,渡辺 蓮,ren.watanabe@example.com,ST03
9991,山田 葵,aoi.yamada@example.com,ST04
9992,田中 大輔,daisuke.tanaka@example.com,ST02
9993,伊藤 大輔,daisuke.ito@example.com,ST02
9994,渡辺 陽菜,hina.watanabe@example.com,ST03
9995,小林 蓮,ren.kobayashi@example.com,ST03
9996,吉田 美咲,misaki.yoshida@example.com,ST04
9997,山本 拓海,takumi.yamamoto@example.com,ST02
9998,加藤 太郎,taro.kato@example.com,ST01
9999,伊藤 蓮,ren.ito@example.com,ST01
10000,渡辺 健太,kenta.watanabe@example.com,ST01